id;name;disambiguatingDescription;description;longitude;latitude;streetAddress;postalCode;addressLocality;telephone;email;url;image;dateModified00b29e9d-7ddb-408a-a447-5a2a471e57e5;Feuerstelle Alter Schin;Die Feurstelle befindet sich auf dem Historischen Schluchtweg - Alter Schin. ;<p>Der Name der Schynschlucht stammt von einer rund 800 m hohen und über 20 m breiten praktisch senkrechten Felswand (Schyn oder Moir) auf der Nordseite der Schlucht. Durch die Wand verläuft rund 500 m über dem Talgrund der historische Verbindungsweg, der Alte Schyn. Früher ein wichtiger Verbindungsweg für den Warenverkehr zwischen dem Albulatal und dem Domleschg. Heute ist dieser Weg ein gut gesicherter Wanderweg zwischen dem kleinen Weiler Muldain-Vaz/Obervaz und dem Rastplatz Plan Funtauna. Er ist in den Felsen gehauen, relativ breit, mit Geländern gesichert und durch die Felswand verläuft ein rund 80 Meter langer Tunnel mit Beleuchtung. Auf der Wanderung bietet der Schynweg einen imposanten Tiefblick in die Schynschlucht. Nach wie vor besteht an einer Stelle Felsabbruchgefahr.<br>Die Feuerstelle ist zu Fuss oder mit dem Bike gut erreichbar und befindet sich zwischen Thusis und Muldain.</p><p><span style="font-weight: bold;">Ausstattung</span></p><ul><li>1 Feuerstelle</li><li>Rost vorhanden</li><li>1 grosser Tisch</li><li>3 kleine Tische inklusive Bänke (ca. 28 - 30 Sitzplätze)</li><li>Brennholz vorhanden</li><li>kleiner Brunnen vorhanden (kein Trinkwasser)</li><li>TOI TOI - Toilette <br></li><li>Abfallentsorgung vorhanden<br><br></li></ul><p>Bitte allfällige Weisungen z.B. bezüglich <a href="https://www.gr.ch/DE/institutionen/verwaltung/diem/awn/aktuelles/Waldbrandgefahr/Seiten/aktuelle_waldbrandgefahr.aspx" target="_blank">Waldbrandgefahr </a>beachten.</p>;9.485484;46.703157;Viamala Tourismus;7411;Sils i.D.;+41 81 650 90 30;info@viamala.ch;https://www.viamala.ch;[{'@type': 'ImageObject', 'contentUrl': 'https://viatpimtsoch.sos-ch-dk-2.exoscale-cdn.com/catalog/b/f/8/d/bf8dc8e03e0bd3a8affb82bd3e985ef50f76cea8_Feuerstelle_Alter_Schin_Scharans.jpg', 'caption': {'de': 'Feuerstelle Alter Schin Scharans', 'en': 'Alter Schin fireplace Scharans', 'it': 'Caminetto Alter Schin Scharans'}}];2026-03-11T12:43:13+01:00
033aa4f0-53f8-43be-8f00-f4550ebc9405;Beobachtungsbank Libi;Sitzbank beim Bergsee Libi mit Aussicht über das Schams.;<p>Die Sitzbank am Bergsee Libi bietet einen atemberaubenden Panoramablick 
über das Schams. Unter der Bank befindet sich eine Schublade mit einem 
Fernglas und weiteren Instrumenten zur Beobachtung der Landschaft, Natur
 und Fauna. Zusätzlich sind Informationsmaterialien vorhanden, die über 
ausgewählte Tier- und Pflanzenarten Auskunft geben.</p>;9.402993321418764;46.65196936991899;Viamala Tourismus;7430;Thusis;+41 81 650 90 30;info@viamala.ch;https://www.viamala.ch;[{'@type': 'ImageObject', 'contentUrl': 'https://viatpimtsoch.sos-ch-dk-2.exoscale-cdn.com/catalog/0/b/b/2/0bb28b68811a99e5f56a3ef5d603c9bb651258a4_beobachtungsbaenkli_mia_natira_beim_libi.jpg', 'caption': {'de': 'Beobachtungsbänkli mia natira beim Libi', 'en': 'Libi observation bench', 'it': 'Panchina di osservazione mia natira al Libi'}}];2025-10-27T21:38:17+01:00
037e8914-0f59-4475-b15c-56c2393ab5a9;Schloss Baldenstein;Eine "verwegen kühne" Burg am Steilufer der Albula: Das Schloss Baldenstein in Sils i.D. besitzt eine lange und wechselvolle Geschichte.;<p>Das Schloss Baldenstein, vom Mittelhochdeutschen übersetzt mit „verwegen kühne Burg“, macht seinem Namen alle Ehre. Die Anfänge der Burg lassen sich zwar nicht genau erhellen, doch lässt sich der Burgturm ins 12. Jahrhundert datieren. 1246 erscheint in den Urkunden mit Ebo de Baldenstein erstmals ein Herrschaftsinhaber.</p>
<p>In einer Fehde zwischen den Freiherren von Rhäzüns und denen von Löwenstein, die mit dem bekannten Oberländer Geschlecht derer von Castelberg/Überkastel stammverwandt waren, wurde Baldenstein durch einen Handstreich Beute des Rhäzünsers, musste aber im Frieden von 1289 wieder herausgegeben werden.</p>
<p>Um die Mitte des 16. Jahrhunderts erwarb der aus dem Veltlin stammende Adelige Jakob Ruinelli die Burg. Sein gleichnamiger Enkel gehörte in den Bündner Wirren zur Gesellschaft der „Gutherzigen“, die 1621 unter Führung von Georg Jenatsch auf Schloss Rietberg Pompejus von Planta umbrachten. Nachdem dieser letzte Baldensteiner Ruinelli 1627 als Beteiligter an einer Keilerei zwischen weinseligen Offizieren von Jörg Jenatsch erstochen worden war, gelangte der Sitz durch Heirat von Ruinellis Schwester Perpetua an Oberst Christoph Rosenroll von Thusis, von dessen Sohn er an einen Zweig der gleichnamigen Familie kam, der 1758 erlosch.</p>
<p>Die Schwester des letzten Rosenroll von Baldenstein brachte dann das Schloss 1716 durch Heirat an Vincenz von Salis, Hauptmann in spanischen Diensten, dessen Sohn es 1782 an Francesco Conrado aus Chiavenna veräusserte. Die Nachkommen dieses Conrado bewohnen und pflegen ihren Familienbesitz noch heute. In der Ahnentafel der Familie finden sich eine Reihe von bedeutender Persönlichkeiten, von denen hier lediglich der Ornithologe Thomas Conrad genannt sei, der als Begründer der alpinen und bündnerischen Vogelkunde europäisches Ansehen erlangte.</p>
<p>Der Familiensitz der Conrad hat sein heutiges Aussehen durch die Erneuerung nach dem Brand von 1877 erhalten, der grosse Teile des Schlosses zerstört hatte. Das Pyramidendach auf dem Bergfried wurde 1999 erstellt. Im Inneren beeindruckt auch heute der grosse Saal im Erdgeschoss durch sein festliches Gesicht, das er seiner sauberen Stukkatur und den Deckengemälden verdankt, in denen Sonne, Mond und Tierkreiszeichen neben antiken Gottheiten als Personifikationen der vier Elemente sowie weitere allegorische Figuren erscheinen.</p>
<p>&nbsp;</p>
<p><strong>Zugang</strong></p>
<p>Baldenstein befindet sich in Privatbesitz und ist nicht öffentlich zugänglich. Die Anlage liegt direkt am&nbsp;<a href="https://mybusiness.outdooractive.com/de/r/23419810/" data-type="tour" data-id="23419810">Burgenweg Domleschg</a>.</p>;9.460188746452333;46.706568780825904;Schloss Baldenstein;7411;Sils i.D.;+41 81 650 90 30;info@viamala.ch;https://www.viamala.ch;[{'@type': 'ImageObject', 'contentUrl': 'https://viatpimtsoch.sos-ch-dk-2.exoscale-cdn.com/catalog/1/1/1/9/111983d12402c83ac2335e84b5a002eb8420c9eb_schloss_baldenstein_sils_im_domleschg_sommer_luftaufnahme_viamala_tourismus.jpg', 'caption': {'de': 'Schloss Baldenstein Sils i.D.', 'en': 'Castle Baldenstein Sils i.D.', 'it': 'Castello Baldenstein Sils i.D. '}}];2025-10-27T21:38:17+01:00
04293439-bc4c-4834-8289-c4ffaa1f3985;Foto-Spot Obermutten;Der neue Foto-Spot der Grand Tour of Switzerland steht bei der Holzkirche in der Walsersiedlung Obermutten.;<p><span style="font-weight: bold;">Obermutten<br></span>Vor etwa 1000 Jahren erreichten die Alemannen auf ihrer Wanderung vom Berner Oberland her das Goms im Wallis und besiedelten nach und nach das obere Rhonetal. Um das 13. Jahrhundert bis 14. Jahrhundert begannen einzelne Gruppen von Wallisern oder eben Walsern, das Rhonetal zu verlassen; sie zogen in alle Himmelsrichtungen, vor allem aber nach Osten. In Graubünden zum Beispiel&nbsp; ins Rheinwald (Sufers, Splügen, Nufenen, Hinterrhein), ins Avers, nach Obersaxen, Vals, St. Martin, Safiental (Safien und Tenna), Valendas, Versam, Tschappina und auch nach Mutten, um einige zu nennen.</p><p><br>Die Walsersiedlung Obermutten bestand bis zum Dorfbrand vom 25. April 1946 aus teils uralten Walser Holzhäusern mit sonnengeschwärzten Fassaden. Der Dorfteil südlich des Dorfbrunnens ist vom Brand verschont geblieben.</p><p><br>Zu Obermutten gehört der tiefer gelegene Ortsteil Stafel (1750&nbsp;m). Im Sommer&nbsp;ist Obermutten heute ein beliebter Ort für&nbsp;erholsame Ferien mitten in der Natur und eignet sich bestens zum Wandern und Mountainbiken.&nbsp;Im Winter sind die beiden Ortsteile durch einen Skilift miteinander verbunden. Zudem ist Obermutten ein beliebter Ausgangspunkt für Schneeschuhwanderungen und Skitouren.</p><p><span style="font-weight: bold;">Holzkirche<br></span>Die <a href="https://viamala.ch/de/map/poi/holzkirche-obermutten-3222bdca-48b8-4e5d-a0ba-e0594f7f7fc9.html" target="_blank">Kirche von Obermutten</a> zählt zu den einmaligen Sakralbauten der Schweiz. Sie ist das einzige Gotteshaus, das ganz aus Holz gefertigt wurde.</p>;9.483749270439148;46.67175647153692;Obermutten;7431;Mutten;+41 81 650 90 30;info@viamala.ch;https://www.viamala.ch;[{'@type': 'ImageObject', 'contentUrl': 'https://viatpimtsoch.sos-ch-dk-2.exoscale-cdn.com/catalog/c/9/a/7/c9a7080159e83bbdb466bec898b0d5832452f855_fotospot_grand_tour_of_switzerland_obermutten_herbst.jpg', 'caption': {'de': 'Der Grand Tour of Switzerland Foto-Spot Obermutten im Herbst'}}];2025-10-27T21:38:17+01:00
048354ba-e31b-4033-8296-22db392dd2c4;Feuerstelle Allee Fürstenau;Die familienfreundliche Grillstelle liegt in einer Waldlichtung in der Nähe vom Hinterrhein. Der Spielplatz lädt Familien zum Verweilen ein.  ;<p>Die Feuerstelle ist ab Fürstenau in weniger als 10 Minuten zu Fuss erreichbar.</p><p><span style="font-weight: bold;">Ausstattung</span></p><ul><li>1 Feuerstelle</li><li>Rost vorhanden</li><li>Brennholz vorhanden</li><li>1 Tisch mit 6 Sitzplätze</li><li>Abfallentsorgung vorhanden</li><li>TOI TOI - Toilette</li><li>Spielplatz<br></li></ul><p><br>Bitte allfällige Weisungen z.B. bezüglich <a href="https://www.gr.ch/DE/institutionen/verwaltung/diem/awn/aktuelles/Waldbrandgefahr/Seiten/aktuelle_waldbrandgefahr.aspx" target="_blank">Waldbrandgefahr </a>beachten.</p>;9.445473;46.718293;Viamala Tourismus;7414;Fürstenau;+41 81 650 90 30;info@viamala.ch;https://www.viamala.ch;[{'@type': 'ImageObject', 'contentUrl': 'https://viatpimtsoch.sos-ch-dk-2.exoscale-cdn.com/catalog/8/c/4/c/8c4ca7b8838cb2dcb398941208e45c130a6dc519_Feuerstelle_und_Spielplatz_Allee_F__rstenau.jpg', 'caption': {'de': 'Feuerstelle und Spielplatz Allee Fürstenau', 'en': 'Fire pit and playground Allee Fürstenau', 'it': 'Fossa del fuoco e parco giochi Allee Fürstenau'}}];2026-03-11T12:43:13+01:00
04d39cdb-a9a5-4f04-90ac-64a87e7b8845;Feuerstelle Rongellen;Die Feuerstelle liegt oberhalb von Rongellen bei der Eggahöhi.;<p>Zu Fuss oder mit dem Auto kann die Feuerstelle Rongellen ab Rongellen Dorf&nbsp;erreicht werden. Der Platz befindet sich fast in der Mitte der Wanderung Thusis - Bofel - Besucherzentrum der Viamala-Schlucht und eignet sich für einen Mittagsrast.</p><p><span style="font-weight: bold;">Ausstattung</span></p><ul><li>1 Feuerstelle</li><li>Rost vorhanden</li><li>2 Tische mit Bänke (12 Sitzplätze)</li><li>Abfallentsorgung vorhanden<br><br></li></ul><p>Bitte allfällige Weisungen z.B. bezüglich <a href="https://www.gr.ch/DE/institutionen/verwaltung/diem/awn/aktuelles/Waldbrandgefahr/Seiten/aktuelle_waldbrandgefahr.aspx" target="_blank">Waldbrandgefahr </a>beachten.</p>;9.440353810787201;46.678784770139636;Viamala Tourismus;7430;Rongellen;+41 81 650 90 30;info@viamala.ch;https://www.viamala.ch;[{'@type': 'ImageObject', 'contentUrl': 'https://viatpimtsoch.sos-ch-dk-2.exoscale-cdn.com/catalog/b/e/5/d/be5d1b31ce12916ba7149478c68c616530845683_feuerstelle_rongellen.jpg', 'caption': {'de': 'Feuerstelle Rongellen', 'en': 'Rongellen fireplace', 'it': 'Caminetto Rongellen'}}];2026-03-11T12:43:13+01:00
050764cf-5f7b-45ce-8d5f-4d9542c24f4e;Öffentliche Toilette Wergenstein Dorfplatz;Die öffentliche Toilette befindet sich beim Dorfplatz in Wergenstein.;<p>Das Toilettenh&auml;uschen befindet sich gleich bei der Bushaltstelle "Wergenstein, Dorf".</p>;9.4080063;46.626922;Veia Cantunala 44;7433;Wergenstein;+41 81 650 90 30;info@viamala.ch;https://www.viamala.ch;[{'@type': 'ImageObject', 'contentUrl': 'https://viatpimtsoch.sos-ch-dk-2.exoscale-cdn.com/catalog/a/5/8/2/a582ab6045fde1074ae1bd20758cf0e94fe0c3f3_oeffentliche_toilette_wergenstein.jpg', 'caption': {'de': 'Öffentliche Toilette in Wergenstein'}}];2025-10-27T21:39:42+01:00
06ab979f-c538-4d25-935c-f0c73a27ef1c;Reformierte Kirche Splügen;Die denkmalgeschütze reformierte Kirche in Splügen erstaunt durch ihre für Graubünden grossen Ausmasse.;<p>Etwa 843 führt das&nbsp;Reichsgutsurbar&nbsp;eine&nbsp;ecclesia in Solonio&nbsp;auf, nördlich von Reischen gelegen. Reischen nahm die&nbsp;Reformation&nbsp;im Laufe der Jahre 1530 bis 1535 an. Die heutige Kirche stammt von 1709, während die Reischener bis dahin Kirchgenossen von&nbsp;St. Martin&nbsp;in&nbsp;Zillis&nbsp;waren. </p><p>Kirche und Turm präsentieren sich als gedrungener, kompakter Bau. Der Turm mit einstöckiger Glockenstube trägt einen am Sockel abgeflachten&nbsp;Spitzhelm, das&nbsp;Kirchenschiff&nbsp;ist von einem&nbsp;Walmdach&nbsp;bedeckt. </p><p>Der von&nbsp;einem rippenlosen&nbsp;Zellengewölbe&nbsp;überzogene barockisierende&nbsp;Chor. Linksseitig erhebt sich eine den Kirchenraum dominierende&nbsp;Kanzel&nbsp;ohne&nbsp;Schalldeckel. Zentral ist der dem Chor auffällig voranstehende, in der Form eines Doppeltrichters gearbeitete&nbsp;Taufstein, auf dem auch das&nbsp;Abendmahl&nbsp;gefeiert wird.</p>;9.324077367782593;46.55418661741601;Büelstrasse;7435;Splügen;+41 79 633 38 37;https://www.kirche-rheinwald.ch/kontakte;[{'@type': 'ImageObject', 'contentUrl': 'https://viatpimtsoch.sos-ch-dk-2.exoscale-cdn.com/catalog/4/3/b/d/43bd714a98cc2259482f820df918251ec426ce05_spluegen_dorf_refomierte_kirche_sommer_graubuenden_ferien.jpg', 'caption': {'de': 'Die reformierte Kirche Splügen im Sommer', 'en': 'The reformed church Splügen in summer', 'it': 'La chiesa riformata di Splügen in estate'}}];2025-10-27T21:38:17+01:00
06fcc374-967e-43c5-bca3-f05cf2386e03;Reformierte Kirche Lohn;Die Kirche mit zwei Türmen aus zwei verschiedenen Epochen ist ein denkmalgeschütztes evangelisch-reformiertes Gotteshaus.;Es existieren keine Aufzeichnungen über den Bau der Antoniuskirche. Jedoch wurde bereits 831 eine Kirche in Mathon erwähnt. Die sichtbare Kirchenruine St. Antonius befindet sich unterhalb des Ortes und wird auf Anfang des 13. Jahrhunderts datiert. 1956 konnte bei Grabungen eine halbrunde Apsis freigelegt werden. Sie stammt aus spätkarolingischer Zeit und erstreckt sich bis zum Chor des neueren Bauwerks. Die entdeckten Fragmente aus romanischer und vorromanischer Zeit wurden dem Rätischen Museum übergeben. Erhalten geblieben sind der Turm, der 1528 erhöht wurde und ein spätgotisches Glockengeschoss enthält. Ausserdem bestehen noch Mauern des gerade abgeschlossenen Chors mit Tonnenwölbung und des spätromanischen Schiffs. Einzelne Farbreste lassen vermuten, dass das Schiff einst komplett bemalt war.;9.426972270011902;46.6508502096111;Dorf;7433;Lohn;+41 79 636 37 72;burga.simonett@bluewin.ch;https://zillis-st-martin.ch/kirchgemeinde-zillis-schamserberg/;[{'@type': 'ImageObject', 'contentUrl': 'https://viatpimtsoch.sos-ch-dk-2.exoscale-cdn.com/catalog/3/2/1/2/321285598f491089c21dcc3ea7e6250fe74301a0_lohn_am_schamserberg_mit_reformierter_kirche_fruehling_demateo.jpg', 'caption': {'de': 'Lohn mit der reformierten Kirche am Schamserberg', 'en': 'Lohn with the reformed church on the Schamserberg', 'it': 'Lohn con la Chiesa riformata dello Schamserberg'}}];2025-10-27T21:38:17+01:00
0803ae21-54ab-4a54-bf91-9c1b1bc386ff;Bischöfliches Schloss;Die Stadtmauern von Fürstenau umrahmen das bischöfliche Schloss.;<p>Es gibt in der Schweiz wohl kaum eine zweite historische Stadt von so zierlichen Ausmassen wie Fürstenau im Domleschg. Sie blickt von einem felsigen Geländevorsprung auf die rechtsrheinischen Auen der Fürsten. So nannten sich die Churer Bischöfe als einstige Herren dieser Stadt und der sie umgebenden Güter. In seiner jüngeren Geschichte diente das Gemäuer unter anderem als Kosthaus für Kinder, die in der Spinnerei Albula beschäftigt waren. Der Münstertaler Kapuzinerpater Theodosius Florentini, einer der Grossen unter den Sozialreformern des 19. Jahrhunderts, war treibende Kraft hinter dem Projekt. Nach Florentinis Tod beherbergte der Bau von 1871 weg die neu gegründete Realschule, bis 1876 durch Kauf in Privatbesitz gelangte. Der Käufer war Peter von Planta aus der Zuozer Linie, ein gewiefter Kaufmann, der sich 1877 aus dem mit seinem Vetter zusammen gegründeten Baumwoll-Exportgeschäft zurückgezogen hatte. Er nahm am Schloss 1877 und 1896 verschiedene Umbauten und Erneuerungen vor und liess es vorerst als Spital einrichten. Doch dieses „zweite Landkrankenhaus Bündens“ musste, zum Teil wegen mangelnder Besetzung, 1896 aufgegeben werden.</p>
<p>&nbsp;</p>
<p><strong>Zugang</strong></p>
<p>Das Bischöfliche Schloss in Fürstenau befindet sich in Privatbesitz und ist nicht öffentlich zugänglich. Die Anlage liegt direkt am&nbsp;<a href="https://mybusiness.outdooractive.com/de/r/23419810/" data-type="tour" data-id="23419810">Burgenweg Domleschg</a>.</p>;9.44532;46.720846;Stadt Fürstenau;7414;Fürstenau;+41 81 651 14 88;stadt.fuerstenau@bluewin.ch;http://www.fuerstenau.ch;[{'@type': 'ImageObject', 'contentUrl': 'https://viatpimtsoch.sos-ch-dk-2.exoscale-cdn.com/catalog/8/6/a/f/86af4c96bc1c84e5cee783e6a6bdacbb98bdd853_bischoefliches_schloss_fuerstenau_sommer_viamala_tourismus.jpg', 'caption': {'de': 'Bischöfliches Schloss Fürstenau', 'en': 'Episcopal castle Fürstenau', 'it': 'Palazzo vescovile di Fürstenau'}}];2025-10-27T21:38:17+01:00
0831a82e-0cff-45f2-8a08-c3972759f149;Aussichtspunkt Thusisblick;Geniessen Sie die Aussicht auf den Heinzenberg, den Piz Beverin und das Domleschg.;Der Aussichtspunkt verfügt über eine feste Grillstelle mit Sitzmöglichkeiten.;9.431971907615662;46.78025166634052;Viamala Tourismus;7404;Feldis;+41 81 650 90 30;info@viamala.ch;https://www.viamala.ch;[{'@type': 'ImageObject', 'contentUrl': 'https://viatpimtsoch.sos-ch-dk-2.exoscale-cdn.com/catalog/f/c/d/4/fcd43b79b46ceffe1c4df081192c159dfb7ae804_aussichtspunkt_thusisblick_feldis_sommer.jpg', 'caption': {'de': 'Aussichtspunkt Thusisblick bei Feldis', 'en': 'Thusisblick viewpoint Feldis'}}];2025-10-27T21:38:17+01:00
0a461563-e908-45f5-884d-53e7c74919b5;Spielplatz Avers-Juppa;Der Spielplatz befindet sich beim Start und Ziel des Murmeltierlehrpfads. Er wurde liebevoll nach dem Thema «Murmeltier» gestaltet.;<p><strong>Ausstattung:</strong></p>
<ul>
<li>1 Feuerstelle</li>
<li>2 Tische&nbsp;mit ca. 18 Sitzpl&auml;tzen</li>
<li>Rost vorhanden</li>
<li>Feuerholz vorhanden</li>
<li>Brunnen mit Trinkwasser</li>
<li>Abfallentsorgung</li>
<li>Diverse Schaukeln</li>
<li>Kletterturm mit Tunnelrutschbahn</li>
<li>Kleine Rutschbahn</li>
<li>Drehkreisel</li>
</ul>;9.551513;46.448529;Juppa;7447;Avers;+41 81 650 90 30;info@viamala.ch;https://www.viamala.ch;[{'@type': 'ImageObject', 'contentUrl': 'https://viatpimtsoch.sos-ch-dk-2.exoscale-cdn.com/catalog/5/0/b/b/50bbf461abddd1e44bbc9d6b7f050cf300a490fe_Spielplatz_und_Feuerstelle_Avers_Juppa__2_.jpg', 'caption': {'de': 'Spielplatz Avers-Juppa', 'en': 'Avers-Juppa playground', 'it': 'Parco giochi Avers-Juppa'}}];2025-10-27T21:38:17+01:00
0e2d0918-2f49-4e64-9060-cf95df587d0b;Reformierte Kirche Sufers;Die reformierte Kirche in Sufers im Rheinwald ist ein evangelisch-reformiertes Gotteshaus, das unter dem Denkmalschutz des Kantons Graubünden steht.;Der Ursprung des Kirchenbaus geht auf das Jahr 841 zurück, als sie durch eine Stiftung von Lothar I. errichtet wurde. Die Kirche ist dem Patrozinium von Jesus als Heiland gewidmet (lateinisch: Salvator). Das heutige Gebäude wurde während der Anfangszeit der Bündner Wirren (1618–1625) als Neubau errichtet und verfügt über einen Turm, dessen im Vergleich zum Kirchenschiff auffällige Breite und dessen spitz zulaufender Zwiebelhelm das Ortsbild prägen. Im Inneren befindet sich hinter einem zweistufigen Aufgang zum Chor ein steinerner Taufstein, der gemäss der reformierten Konfession sowohl als Taufbecken als auch als Abendmahlstisch genutzt wird.;9.366469;46.569897;Kirchweg;7434;Sufers;+41 81 664 16 02;https://www.kirche-rheinwald.ch/kontakte;[{'@type': 'ImageObject', 'contentUrl': 'https://viatpimtsoch.sos-ch-dk-2.exoscale-cdn.com/catalog/b/d/1/9/bd198ba8d95cf6976d81dacfbdaaabecb60a252a_sufers_im_rheinwald.jpg', 'caption': {'de': 'Sufers mit der reformierten Kirche', 'en': 'Sufers with the reformed church', 'it': 'Sufers con la chiesa riformata'}}];2025-10-27T21:38:17+01:00
10fb75a5-6d25-4833-a731-b03bd3f52eae;Sinnesoase Bödeli;Spüre den Ort an dem du dich befindest. Geniesse deine Umgebung und lass den Dingen freien Lauf.;Fastetg, Ravetsch, Curnatsch: So poetisch klingen die rätoromanischen Ortsbezeichnungen in Rothenbrunnen. Etwas schlichter tönt "Bödeli", die Bezeichnung für diese Anhöhe. Der alte, rätoromanische Name "Plaun digl Bogn" bringt jedoch klangvoll zum Ausdruck, um was für einen Ort es sich hier handelt: um die Ebene über dem Bad. / Dieses Bad wird von zwei Quellen gespiesen: von der Aua Alva, dem weissen Wasser, und der Fontana rossa, der Quelle mit dem rötlichen (Brunnen-)Wasser. Dieser eisen- und jodhaltigen Quelle verdankt Rothenbrunnen seinen Namen und seine einstige Bedeutung als Kurort.  / Das alte Kurhaus von Rothenbrunnen lockt heute mit Blumen statt mit Badekuren. Die prachtvollen Gärten des Kurhauses stimmen zudem auf das Domleschg ein: Die Talschaft gilt als Obstgarten Graubündens.;9.426226615905762;46.77094781837669;Gemeinde Rothenbrunnen;7405;Rothenbrunnen;+41 81 655 17 16;gemeinde@rothenbrunnen.ch;http://rothenbrunnen.ch/;[{'@type': 'ImageObject', 'contentUrl': 'https://viatpimtsoch.sos-ch-dk-2.exoscale-cdn.com/catalog/0/3/2/6/03260b40f85208314a0e961707bdcfe72d0b9c40_DSC08464.jpg', 'caption': {'de': 'Sinnesoase Petrushügel'}}];2025-10-27T21:38:18+01:00
12cb2ff0-9102-483d-a1eb-7558b5d20ba9;Spielplatz Kindergarten / Scoleta Zillis;Der Spielplatz bei der Schule in Zillis bietet eine unterhaltsame Spielfläche für Kinder mit einer Vielzahl von Spielgeräten und Möglichkeiten, sich auszutoben.;<p>Der Spielplatz liegt unmittelbar neben der Schule/Kindergarten in Zillis und verf&uuml;gt &uuml;ber folgende Ausstattung:&nbsp;</p>
<ul>
<li>Tisch mit etwa 8 Sitzpl&auml;tzen</li>
<li>kleiner Brunnen mit Trinkwasser</li>
<li>vielf&auml;ltige Auswahl an Spielger&auml;ten</li>
</ul>;9.441422;46.633465;Pardi 5;7432;Zillis;+41 81 650 90 30;info@viamala.ch;https://www.viamala.ch;[{'@type': 'ImageObject', 'contentUrl': 'https://viatpimtsoch.sos-ch-dk-2.exoscale-cdn.com/catalog/1/8/e/b/18eb5f65550072333e96d3985ba4ec7500d26905_Spielplatz_Kindergarten__Scoleta_Zillis.jpg', 'caption': {'de': 'Spielplatz Kindergarten Scoleta Zillis', 'en': 'Kindergarten / Scoleta Zillis playground', 'it': "Parco giochi dell'asilo / Scoleta Zillis"}}];2025-10-27T21:38:18+01:00
13670a15-bb36-4dfd-8f91-7a99c3e61e37;Feuerstelle Tamboboden;Schöne Feuerstelle im Wald, in der Nähe von Splügen.;<p>Zu Fuss über den Themenweg&nbsp;Rheinquellweg Transit&nbsp;von Splügen Richtung Medels. Nach ca. 20 Minuten erreichen Sie die Feuerstelle welche sich direkt neben der Tambobrücke, am Hinterrhein befindet. Es gibt keinen Zugang zum Hinterrhein.</p><p><span style="font-weight: bold;">Ausstattung</span></p><ul><li>1 Feuerstelle</li><li>Rost vorhanden</li><li>Brennholz vorhanden</li><li>3 Bänke um die Feuerstelle (je 3-4 Sitzplätze)</li><li>1 Granittisch mit 8 Sitzplätzen<br><br></li></ul><p>Bitte allfällige Weisungen z.B. bezüglich <a href="https://www.gr.ch/DE/institutionen/verwaltung/diem/awn/aktuelles/Waldbrandgefahr/Seiten/aktuelle_waldbrandgefahr.aspx" target="_blank">Waldbrandgefahr </a>beachten.</p>;9.306439161300661;46.546583205071634;Viamala Tourismus;7435;Splügen;+41 81 650 90 30;info@viamala.ch;https://www.viamala.ch;[{'@type': 'ImageObject', 'contentUrl': 'https://viatpimtsoch.sos-ch-dk-2.exoscale-cdn.com/catalog/b/8/2/c/b82c2368ad4ccd25899bc5c0153fe060c473de0e_Feuerstelle_Tamboboden_Spl__gen.jpg', 'caption': {'de': 'Feuerstelle Tamboboden Splügen', 'en': 'Fireplace Tamboboden', 'it': 'Camino Tamboboden Splügen'}}];2026-03-11T12:43:13+01:00
143554e6-0fe3-497d-a0a6-272c91424fcd;Feuerstelle Abzweigung Valle di Lei;Die Feuerstelle befindet sich direkt nach der Abzweigung Valle di Lei auf dem Wanderweg zwischen Innerferrera und Campsut.;<p><span style="font-weight: bold;">Ausstattung</span></p><ul><li>1 Feuerstelle</li><li>alter Grillrost vorhanden</li><li>1 Tisch mit Bänke (8 Sitzplätze)</li><li>Brennholz vorhanden<br></li></ul><p><br>Bitte allfällige Weisungen z.B. bezüglich <a href="https://www.gr.ch/DE/institutionen/verwaltung/diem/awn/aktuelles/Waldbrandgefahr/Seiten/aktuelle_waldbrandgefahr.aspx" target="_blank">Waldbrandgefahr </a>beachten.</p>;9.472176999999988;46.49507;Viamala Tourismus;7447;Avers;+41 81 650 90 30;info@viamala.ch;https://www.viamala.ch;[{'@type': 'ImageObject', 'contentUrl': 'https://viatpimtsoch.sos-ch-dk-2.exoscale-cdn.com/catalog/e/2/c/b/e2cb5f95c8e52a12975ba96c33ca382670fae88f_Grillstelle_Abzweigung_Valle_di_Lei_Avers.jpg', 'caption': {'de': 'Feuerstelle Abzweigung Valle di Lei Avers', 'en': 'Fireplace at the Valle di Lei junction', 'it': 'Camino al bivio Valle di Lei Avers'}}];2026-03-11T12:43:13+01:00
14f06d61-c5cc-48ea-83c1-3602de6e9c4a;Stellplatz Seeblick Sufers;Das Hotel Restaurant Seeblick bietet Wohnmobildinner auf dem grossen Parkplatz mit Blick auf den See und die wunderschöne Bergwelt an.;<p>Die Speisekarte finden Sie auf der <a href="https://www.seeblick-sufers.ch/">Webseite</a>&nbsp;vom Hotel. Es gibt immer&nbsp;spezielle Tagesgerichte und feine hausgemachte Desserts. WomoDinner können Sie <a href="tel:+41816641186">telefonisch</a> oder per <a href="mailto:info@seeblick-sufers.ch">E-Mail</a> reservieren. Am Mittag und am Abend verwöhnt Sie das Restaurant&nbsp;gerne mit feinen Gerichten. Durchreisende dürfen ab 17 Uhr bis morgens 10 Uhr auf dem Parkplatz für CHF 25.- übernachten. Bei Konsumation ab CHF 50.- entfällt der Übernachtungspreis.&nbsp;WCs können zu Öffnungszeiten im Restaurant benützt werden.</p>;9.36873346567154;46.56993426125404;Poststrasse 4;7434;Sufers;+41 81 664 11 86;info@seeblick-sufers.ch;https://www.seeblick-sufers.ch;[{'@type': 'ImageObject', 'contentUrl': 'https://viatpimtsoch.sos-ch-dk-2.exoscale-cdn.com/catalog/3/3/7/b/337b3af231c919a1ffebcafecce7d5c21ce711eb_sufers_dorf_rheinwald_sommer.jpg', 'caption': {'de': 'Sufers im Sommer', 'en': 'Sufers in summer', 'it': 'Sufers in estate'}}];2025-10-27T21:38:18+01:00
188e19e3-e54e-4a79-9604-c377002e5524;Schaller's Taxi;z'Taxi vo do - Heimatverbunden und gastfreundlich. Dein persönlicher Chauffeur für sichere und angenehme Fahrten mit Platz für bis zu vier Passagieren.;<p>"Z'Taxi vo do", ein aufstrebendes Taxiunternehmen aus Rhäzüns, das Gastfreundschaft und Komfort vereint. Mit dem klaren Ziel, den Service stetig zu verbessern, bietet das Unternehmen Platz für bis zu vier Fahrgäste in einem modernen Fahrzeug. Der persönliche Touch des jungen und kommunikativen Fahrers verspricht eine angenehme Reise, während die Flexibilität, Fahrten ausserhalb der regulären Öffnungszeiten anzubieten, den Bedürfnissen der Kunden gerecht wird.</p><p>Das Unternehmen ist in Rhäzüns ansässig und bietet auch Fahrten in der Ferienregion Viamala an. Dabei konzentriert es sich auf längere Strecken und führt keine Kurzfahrten durch. Von Montag bis Samstag von 9 bis 21 Uhr steht "z'Taxi vo do" bereit, um Reisende sicher ans Ziel zu bringen. Die Buchung erfolgt telefonisch. Ein zuvorkommender Service ist garantiert.</p><p>Tauche ein in die Welt von "z'Taxi vo do" und erlebe eine freundliche und zuverlässige Fahrt durch die malerische Landschaft.</p>;9.440109729766847;46.69839809537952;Via Sogn Paul 1;7403;Rhäzüns;+41 78 211 56 44;[{'@type': 'ImageObject', 'contentUrl': 'https://viatpimtsoch.sos-ch-dk-2.exoscale-cdn.com/catalog/0/5/3/0/053097ae1e4c3127ab766fa0d21d521c00d68188_schaller_s_taxi_thusis.jpg', 'caption': {'de': "Schaller's Taxi in Thusis", 'en': "Schaller's Taxi in Thusis", 'it': 'Taxi Schaller a Thusis'}}];2025-10-27T21:38:18+01:00
18f13cac-170a-4c63-bbea-bd4f0b093d25;Aussichtspunkt Sardona;Aussichtspunkt oberhalb von Feldis mit herrlicher Aussicht auf das UNESCO Welterbe Sardona mit einer weltweit einzigartigen Sichtbarkeit der Gebirgsbildung.;Die Tektonikarena Sardona erlaubt einzigartige Einblicke in die Entstehungsgeschichte der alpinen Berge und Täler. Entlang der weit herum sichtbaren Linie, der Glarner Hauptüberschiebung, auch&nbsp;«magische Linie» genannt, schoben sich 250-300 Millionen Jahre alte auf viel jüngere, zum Teil «nur» 35-50 Millionen Jahre alte Gesteine. Dies geschah vor 10-20 Millionen Jahren weit unter der damaligen Erdoberfläche.;9.431902170181274;46.798289420753534;Sumas Artgas;7404;Feldis;+41 81 650 90 30;info@viamala.ch;https://www.viamala.ch;[{'@type': 'ImageObject', 'contentUrl': 'https://viatpimtsoch.sos-ch-dk-2.exoscale-cdn.com/catalog/3/9/2/0/3920a40c3a57514aacc37635573d5b1c0f048ab8_aussichtspunkt_sardona_feldis_sommer_viamala_tourismus.jpg', 'caption': {'de': 'Aussichtspunkt Sardona bei Feldis', 'en': 'Sardona viewpoint Feldis'}}];2025-10-27T21:38:18+01:00
19291d09-1010-4a3a-927e-e9483a1ce46a;Reformierte Kirche Medels;Die reformierte Kirche in Medels im Rheinwaldtal ist ein evangelisch-reformiertes Gotteshaus, das unter dem Denkmalschutz des Kantons Graubünden steht.;<p>Im Jahr 1530 schloss sich Medels zusammen mit den anderen Gemeinden des Rheinwalds der Reformation an und löste sich damit endgültig von der langjährigen Bindung an das Misox, das am alten Glauben festhielt. Die Kirche wurde im Jahr 1708 erbaut und diente von 1726 bis 1886 als Pfarrkirche einer eigenständigen Kirchgemeinde, bis Medels sich wieder mit Splügen vereinte. </p><p>Der Kirchturm ist mit einem Zeltdach versehen und befindet sich hangseitig, um den Eingangsbereich vor Lawinen oder Schneerutschungen zu schützen. Das schlichte Innere wird von einer Kanzel ohne Schalldeckel und einem Tauf- und Abendmahlstisch in der Mitte des Chores dominiert.</p>;9.293784;46.546277;Nü Hus;7436;Medels im Rheinwald;https://www.kirche-rheinwald.ch/kontakte;[{'@type': 'ImageObject', 'contentUrl': 'https://viatpimtsoch.sos-ch-dk-2.exoscale-cdn.com/catalog/4/1/0/2/41029de76ab2d953c4dcabdd8851d2f590d71414_medels_im_rheinwald.jpg', 'caption': {'de': 'Medels im Rheinwald mit der reformierten Kirche', 'en': 'Medels in the Rheinwald with the reformed church', 'it': 'Medels nel Rheinwald con la chiesa riformata'}}];2025-10-27T21:38:18+01:00
1a38035d-c0df-4a67-adf5-cf7ebadeb09a;Spielplatz Donat;Der Spielplatz befindet sich beim Schulhaus in Donat.;<p><strong>Ausstattung:</strong></p>
<ul>
<li>Rutschbahnen</li>
<li>Klettermöglichkeit</li>
<li>Pingpongtisch</li>
<li>Schaukeln</li>
</ul>;9.428737163543703;46.62823229407524;Surses 6A;7433;Donath;081 650 90 30;info@viamala.ch;http://viamala.ch;[{'@type': 'ImageObject', 'contentUrl': 'https://viatpimtsoch.sos-ch-dk-2.exoscale-cdn.com/catalog/f/a/7/d/fa7d6671862bd7996dc04229f24220b8d4631fc7_spielplatzfotos_folgen.png'}];2025-10-27T21:39:42+01:00
1b1a83f7-349b-46bf-972b-9ead66419ed8;Ausstellung Kirche St. Martin;Seit Sommer 1993 befindet sich an der Hauptstrasse in Zillis (5 Gehminuten von der Kirche entfernt) die permanente Ausstellung zur weltberühmten romanischen Bilderdecke der Kirche St. Martin. Es lohnt sich, erst die Ausstellung und dann die Kirche zu besuchen.;<p>Mit zeitgem&auml;ssen museologischen Mitteln tr&auml;gt die Ausstellung zum Verst&auml;ndnis von Kirchendecke und mittelalterlicher Bilderwelt bei. Die Besucherinnen und Besucher erhalten Auskunft &uuml;ber das geschichtliche und geographische Umfeld, in dem ein solches Kunstwerk entstehen konnte. Die Ausstellung gibt Einblick in die Malerwerkstatt eines mittelalterlichen K&uuml;nstlers. Sie zeigt die besondere Konstruktion der Decke und berichtet &uuml;ber Erhaltungszustand und &uuml;ber die Altersbestimmung der Bildtafeln. In einem Kurzfilm werden das Bildprogramm und die Bedeutung der Bilder erkl&auml;rt. Einzelne Themen der Bilderdecke werden vertieft dargestellt. Die Ausstellung l&auml;dt zur Auseinandersetzung mit dem Weltbild des Mittelalters ein.</p><p><strong> Die Themen der Ausstellung</strong></p><ul><li>Der Weg nach Zillis</li><li>Das mittelaterliche Weltbild</li><li>Kirche St. Martin</li><li>Deckenkonstruktion</li><li>Alterbestimmung</li><li>Bildprogramm</li><li>Zeichen und Gesten</li><li>Sonderausstelung zu Themen mit Bezug zur Region</li></ul><p><strong>&nbsp;</strong></p><p><strong>Gruppen&nbsp;</strong><br>Bei Gruppenbesuchen der Ausstellung ist eine vorg&auml;ngige Anmeldung via Tel.: <a href="tel:+41 81 661 22 55">+41 81 661 22 55</a> oder Mail an <a href="mailto:ausstellung@zillis-st-martin.ch">ausstellung@zillis-st-martin.ch</a>&nbsp;erforderlich. Auf Voranmeldung kann auch eine F&uuml;hrung vereinbart werden, siehe unten.</p><p><strong>F&uuml;hrungen Ausstellung/Kirche</strong><br>F&uuml;r Individualg&auml;ste: Im Juli und August, jeden Dienstag um 15.00 Uhr. Keine Anmeldung erforderlich. Kosten CHF 10.00 pro Erwachsener, CHF 6.00 pro Kind. Treffpunkt: Vor der Ausstellung, Hauptstrasse 28, Zillis.<br>F&uuml;r Gruppen: Jederzeit nach Voranmeldung. Preis CHF 120.00, zuz&uuml;glich Eintritte. Reservation Tel.: <a href="tel:+41 81 661 22 55">+41 81 661 22 55</a> oder Mail an <a href="mailto:ausstellung@zillis-st-martin.ch">ausstellung@zillis-st-martin.ch</a>.</p><p><strong>Hunde</strong><br>In der Austellung sind Hunde nicht erlaubt. Ausnahme sind kleine Hunde, die in einer Tasche mitgetragen werden k&ouml;nnen.</p><p><strong>Projekt &laquo;Tgea da Schons&raquo;</strong><br>Die Kirchendecke der Kirche St. Martin in Zillis, auch bekannt als "Sixtina der Alpen", besteht aus 153 einzigartigen quadratischen Bildtafeln, die im 12. Jahrhundert geschaffen wurden. J&auml;hrlich besuchen etwa 20.000 Menschen dieses Kunstwerk in der Berggemeinde s&uuml;dlich der Viamala-Schlucht. Um das Kulturerlebnis zu vertiefen und das Kulturgut zu sch&uuml;tzen, soll das historische Talmuseum &laquo;Tgea da Schons&raquo; erweitert werden. Eine permanente Ausstellung zur romanischen Bilderdecke der Kirche St. Martin wird das kulturelle Verst&auml;ndnis f&ouml;rdern und das Bewusstsein f&uuml;r den Erhalt der Decke sch&auml;rfen. Weitere Ausstellungen werden sich mit der Geschichte der Val Schons als S&auml;umerort sowie mit der Wohnkultur der Region befassen. Diese Ausstellungen sollen sich erg&auml;nzen und Synergien schaffen. Ein Kulturraum neben der Kirche soll als Ort der Begegnung und Inspiration dienen und Seminare, Kurse und kulturelle Veranstaltungen beherbergen. Ein Caf&eacute; ist als Treffpunkt f&uuml;r Besucher der Ausstellungen und Einheimische geplant, um den regionalen Austausch zu f&ouml;rdern und das Dorfleben zu beleben.</p><ul><li><a href="https://tgea-da-schons.ch/">Weitere Informationen zum Projekt</a></li></ul>;9.44474;46.634774;Hauptstrasse 28;7432;Zillis-Reischen;+41 81 661 22 55;ausstellung@zillis-st-martin.ch;https://zillis-st-martin.ch/;[{'@type': 'ImageObject', 'contentUrl': 'https://viatpimtsoch.sos-ch-dk-2.exoscale-cdn.com/catalog/4/5/6/8/4568476da4fcce8b331826652ce72f3b32090618_ausstellung_kirche_st_martin_zillis_reischen_schams.jpg', 'caption': {'de': 'Ausstellung Kirche St. Martin in Zillis', 'en': 'Exhibition Church of St. Martin in Zillis', 'it': 'Mostra sulla chiesa di San Martino a Zillis'}}];2026-08-11T15:51:05+02:00
1b36bb10-b0b0-4460-b342-977eaa6eaf16;Naturpark Beverin;Rund um den Piz Beverin erstreckt sich das Gebiet vom Naturpark Beverin - bekannt für tiefe Schluchten, intakte Dorfbilder, landschaftsprägende Kirchen, glasklare Bergseen und majestätische Steinböcke.;<p>Stolz leben die Könige der Alpen in den Felswänden rund um den Piz Beverin (2998 m ü. M.) und wachen über die wilde, einzigartige Landschaft des 413 Quadratkilometer grossen Naturparks. Das Fundament des Naturpark Beverin bilden die rund 3000 Einwohnerinnen und Einwohner der elf politischen Gemeinden.</p>
<p>Gemeinsam mit den Parkgemeinden und der Bevölkerung arbeitet der Naturpark an der Zukunft der Region. Innovative, kreative Lösungen sollen der Region eine nachhaltige Entwicklung ermöglichen.</p>
<p>Die <a href="https://viamala.ch/de/erleben/ausflugsziele/viamala-schlucht.html">Viamala</a>- und <a href="https://www.rofflaschlucht.ch">Rofflaschlucht</a>, die alpine Gebirgslandschaft rund um den Piz Beverin, die Ruhe und Abgeschiedenheit des Safientals, die glasklaren Bergseen und die artenreichen Trockenwiesen gehören zu den eindrücklichen Naturwerten im Parkgebiet.</p>
<p><strong>Wanderbusse</strong><br>Der Naturpark Beverin betreibt im Schams und Rheinwald mittlerweile sechs Wanderbusangebote. In der Rheinschlucht/Ruinaulta verkehrt das gleichnamige Cabrio-PostAuto mit erweitertem Angebot. Weitere Informationen finden Sie <a href="https://www.naturpark-beverin.ch/de/angebote-aktuelles/veranstaltungen-angebote/wanderbus-angebote">hier</a>.</p>
<p><strong>Naturpark-Menu</strong><br>Ausgewählte Gastrobetriebe bieten ein Naturpark-Menu an. Es erwarten Sie Köstlichkeiten aus regionalen Produkten. Weitere Informationen finden Sie <a href="https://www.naturpark-beverin.ch/de/produkte-partner/naturpark-menus">hier</a>.</p>
<p><strong>Capricorn Ausstellung, Wergenstein</strong><br>Capricorns wird der König der Alpen - der Steinbock - auf vielseitige Art thematisiert. Erfahren Sie wieso der Steinbock erst seit sechzig Jahren wieder im Naturpark Beverin anzutreffen ist und wie man einen Steinbock von einer Steingeiss unterscheiden kann. Mit interaktiven Elementen, wie einem Steinbocksuchspiel, ist die Ausstellung auch für Kinder attraktiv. Weitere Informationen finden Sie <a href="https://www.naturpark-beverin.ch/de/capricorn-ausstellung">hier</a>.</p>
<p><strong>Capricorn Pirsch, Wergenstein </strong><br>Die digitale Schatzsuche ist ein halbtägiges Wandererlebnis für die ganze Familie. Mit der <a href="https://de.actionbound.com/download/">Actionbound APP</a> begebt ihr euch auf die Steinbock Pirsch. Auch wenn ihr keine echten Steinböcke antreffen werdet, erfahrt ihr viel Spannendes über die Könige der Alpen. Es erwarten euch vielseitige Rätsel zum Steinbock, die ihr lösen müsst, um am Schluss den Schatz zu finden. Unterwegs lädt eine Feuerstelle zur Mittagsrast ein. Weitere Informationen finden Sie <a href="https://mybusiness.outdooractive.com/de/r/23419968/" data-type="tour" data-id="23419968">hier</a>.</p>
<p><strong>48-Stunden-Programm<br></strong>Unterwegs in Naturlandschaften, wo wildes Gewässer lockt und Steinböcke heimisch sind. Entdecke jetzt, was alles in 48 Stunden im Naturpark Beverin erlebt werden kann:&nbsp;<a href="https://www.viamala.ch/de/48-stunden-naturpark-beverin">Programm</a>.</p>;9.379505;46.612393;Center da Capricorns;7433;Casti-Wergenstein;+41 81 650 70 10;info@naturpark-beverin.ch;https://www.naturpark-beverin.ch;[{'@type': 'ImageObject', 'contentUrl': 'https://viatpimtsoch.sos-ch-dk-2.exoscale-cdn.com/catalog/e/0/a/a/e0aa35730482257aa099733d0d07b270eb32fa01_steinwild_steinboecke_naturpark_beverin_rheinwald_rheinquellregion_zapporthuette_sac_sommer_dem.jpg', 'caption': {'de': 'Steinwild im Naturpark Beverin'}}];2025-10-27T21:38:18+01:00
1f162294-5315-4728-80ae-aab4209d9ae4;Reitstall Thusis;Im Reitstall in der Landwirtschafts-Zone von Thusis begegnen Gross und Klein allem, was eines Pferdefreundes Herz höher schlagen lässt.;Laura Korell ist ausgebildete Bereiterin mit eidg. Fähigkeitsausweis und verfügt über langjährige Erfahrung in den Bereichen Reitschule, Ausbildung von Pferden und reiten. Erleben Sie unvergessene Ausritte in der Region Heinzenberg/Domleschg zu jeder Jahreszeit oder nehmen Sie an einer der lehrreichen Reitstunden teil - ob Anfänger oder Profi, man lernt nie aus... Die kleinen Gäste erwartet ein imposantes Ponyreiten. Das Angebot ist vielfältig: Reitstunden auf dem Reitplatz (20 x 40 m), Longenstunden, geführte Ausritte und Ponyreiten. Bitte um telefonische Voranmeldung. Versicherung ist Sache der Reitschüler.;9.435705;46.7122593;Bachweg 2;7430;Thusis;+41 79 475 85 13;info@reitstall.gr;https://www.reitstall.gr;[{'@type': 'ImageObject', 'contentUrl': 'https://viatpimtsoch.sos-ch-dk-2.exoscale-cdn.com/catalog/1/c/5/e/1c5efc9580302d2afb975671ed20ac5408c1482e_24147715.jpg', 'caption': {'de': 'Reitstatt Thusis'}}];2025-10-27T21:38:18+01:00
1fbebd58-467b-4769-8923-4a1da4ba50bb;Öffentliche Toilette Spielplatz Andeer;Am Spielplatz in Andeer gibt es eine öffentliche Toilette, die je nach Wetterlage etwa von April bis Oktober geöffnet ist.;Das Toilettenhäuschen ist mit zwei separaten Bereichen ausgestattet: eine Tür führt zur Toilette, die andere zum Waschbecken. Zusätzlich ist das Häuschen mit einer Wickelunterlage ausgestattet.;9.422396421432497;46.60281486644623;7440;Andeer;+41 81 650 90 30;info@viamala.ch;https://viamala.ch;[{'@type': 'ImageObject', 'contentUrl': 'https://viatpimtsoch.sos-ch-dk-2.exoscale-cdn.com/catalog/d/f/4/a/df4ae0ee3ffedc5fc1bd5c8823c2d2b8a944eac4_toilette_beim_spielplatz_andeer.jpg', 'caption': {'de': 'Toilette beim Spielplatz Andeer'}}];2025-10-27T21:39:42+01:00
2093a8b8-d67e-4b2c-8666-e5efcbea5899;Spital Thusis;Das Spital Thusis ist ein regionales Krankenhaus im Kanton Graubünden, Schweiz. Es bietet eine breite Palette von medizinischen Dienstleistungen, darunter Notfallversorgung, chirurgische Eingriffe, Innere Medizin, Geburtshilfe und Geriatrie.;Das Spital Thusis ist bekannt für seine hohe Qualität in der medizinischen Versorgung und seinen patientenorientierten Ansatz. Es arbeitet eng mit anderen Gesundheitseinrichtungen in der Region zusammen, um eine umfassende Betreuung sicherzustellen. Das Krankenhaus spielt eine wichtige Rolle in der Gesundheitsversorgung der lokalen Bevölkerung und bietet auch spezialisierte Dienstleistungen in Zusammenarbeit mit grösseren Zentren an.;9.43701;46.697204;Alte Strasse 31;7430;Thusis;+41 81 632 11 11;administration@spitalthusis.ch;https://www.spitalthusis.ch;[{'@type': 'ImageObject', 'contentUrl': 'https://viatpimtsoch.sos-ch-dk-2.exoscale-cdn.com/catalog/e/7/1/3/e713e9a0d6a1fa166cc6a1bdc2ace0c69acddf03_spital_thusis_im_sommer_demateo.jpg', 'caption': {'de': 'Spital Thusis im Sommer', 'en': 'Thusis Hospital in summer', 'it': 'Ospedale Thusis in estate'}}];2025-10-27T21:38:20+01:00
22259ad6-bd33-46d3-b4ab-6424e5485c10;Ruine Hasensprung;Im 13. Jahrhundert erbaut - während der Schamser Fehde 1451 zerstört: Eine unscheinbare Ruine am Rand von Pratval.;<p>Es ist davon auszugehen, dass die Burg ursprünglich dem Geschlecht der Vazer gehörte. Dass sie dann in der Schamserfehde gebrochen worden ist, ist ebenfalls nur Mutmassung. Urkundlich ist die Burg nicht bezeugt.</p>
<p>Im Urbar des Domkapitels um 1370 wird jedoch der Hügel Hasensprung erwähnt.</p>
<p>Auf der Burgstelle liegen heute beträchtliche Schuttmassen. Dadurch ist der Grundriss nicht mehr erkennbar. Vermutlich handelte es sich um einen Turm mit westlich anschliessendem Bering. Vom Turm steht noch ein Mauerwinkel, welcher aus einem ausgezeichneten Verband aus lagerhaft geschichteten Blöcken besteht.</p>
<p>Drei Scharten sind ganz erhalten, wovon die oberen eine gerade, die untersten eine schräge Bank aufweisen. An den Abbruchpartien sind Spuren weiterer Scharten sowie Teile eines Kamins mit schrägem Rauchkanal ersichtlich.</p>
<p>Am südlichen Plateaurand befinden sich künstlich ausgeschottete Felspartien. Der Zugang erfolgte möglicherweise von Süden her (unsichere Spuren einer Rampe).</p>
<p>&nbsp;</p>
<p><strong>Zugang</strong></p>
<p>Hasensprung ist nur über Privatgrund erreichbar. Die Anlage ist vom&nbsp;<a href="https://mybusiness.outdooractive.com/de/r/23419810/" data-type="tour" data-id="23419810">Burgenweg Domleschg</a>&nbsp;aus sichtbar.</p>;9.443959;46.731471;Gemeinde Domleschg;7415;Pratval;+41 81 650 90 30;info@viamala.ch;https://www.viamala.ch;[{'@type': 'ImageObject', 'contentUrl': 'https://viatpimtsoch.sos-ch-dk-2.exoscale-cdn.com/catalog/e/2/f/8/e2f8b8a22eb6bcba8e58666e1c68dafb6ca206b6_ruine_hasensprung_rodels_domleschg_sommer.jpg', 'caption': {'de': 'Die zugewachsene Ruine Hasensprung in Rodels'}}];2026-05-20T16:09:53+02:00
22fe22b8-36c1-4f5f-b6a1-c0f5fb7fbe55;Museum Rheinwald;Erlebe Geschichte im Museum Rheinwald! Unsere interaktive Ausstellung lässt dich mit historischen Objekten, Filmaufnahmen, Erlebnisstationen und Erzählungen in die Geschichte und Kultur des Rheinwalds eintauchen.;<p>Das Konzept des Museums zeichnet sich durch seine innovativen Vermittlungsmethoden aus. Die Ausstellung ist dreisprachig gestaltet (DE, IT, EN) und spricht eine breite Zielgruppe an &ndash; von kulturinteressierten Erwachsenen bis hin zu Familien mit Kindern. Die Ausstellung im unbetreuten Museum ist intuitiv zug&auml;nglich und kann selbstst&auml;ndig erlebt werden.</p>
<ul>
<li><a href="https://www.museum-rheinwald.ch/" target="_blank" rel="noopener noreferrer">Aktuelle Ausstellung</a><br><br></li>
</ul>
<h3><strong>Kinder</strong></h3>
<p><span class="cf0">F&uuml;r die kleinen </span><span class="cf0">Besucher:innen</span><span class="cf0"> gibt es einen spannenden Kinder-Museumsf&uuml;hrer, welcher sie durch das Museum begleitet und mit R&auml;tseln zu einer Entdeckungstour einl&auml;dt. Diese Brosch&uuml;re ist in drei Sprachen (DE, EN und IT) im Museumseingang erh&auml;ltlich.<br><br></span></p>
<h3><strong>F&uuml;hrungen</strong></h3>
<p><span class="cf0">Gruppenf&uuml;hrungen </span>(DE/EN) auf Anfrage via <a href="mailto:info@museum-rheinwald.ch?subject=Anfrage%20Gruppenf%C3%BChrung%20%E2%80%93%20DE&amp;body=Liebes%20Museums-Team%0A%0AIch%20interessiere%20mich%20f%C3%BCr%20eine%20Gruppenf%C3%BChrung%20im%20Museum%20Rheinwald.%20Wir%20w%C3%A4ren%20ca.%E2%80%AF%5BAnzahl%5D%20Personen%20und%20w%C3%BCrden%20gerne%20im%20Zeitraum%20von%20%5BDatum%2FZeitspanne%5D%20kommen.%20K%C3%B6nntet%20ihr%20mir%20bitte%20weitere%20Informationen%20zu%20m%C3%B6glichen%20Terminen%20und%20Kosten%20zukommen%20lassen%3F%E2%80%A8%0A%0AFreundliche%20Gr%C3%BCsse%E2%80%A8%0A%5BDein%20Name%5D%0A">Mail</a>.<br><br></p>
<h3><strong>Eintritt</strong></h3>
<ul>
<li><strong>Erwachsene:</strong> 5 CHF / &euro;</li>
<li><strong>Familien:</strong> 10 CHF / &euro;</li>
</ul>
<p>Zahlung: Bar oder Twint</p>;9.32218;46.553864;Oberdorf 40;7435;Splügen;https://www.museum-rheinwald.ch/;[{'@type': 'ImageObject', 'contentUrl': 'https://viatpimtsoch.sos-ch-dk-2.exoscale-cdn.com/catalog/2/5/4/a/254adeca43ff820d87d0e0135b19501978e44422__W9A7619.jpg', 'caption': {'de': 'Museum Rheinwald', 'en': 'Museum Rheinwald', 'it': 'Museo di Rheinwald'}}];2026-06-15T11:06:11+02:00
25fd56a9-772a-4737-8991-eb708c5904ef;Feuerstelle Bruchalp;Die Feuerstelle befindet sich auf einer Anhöhe am Waldrand in der Nähe der Bruchalp.;<p>Vom Glaspass aus erreicht man die Feuerstelle zu Fuss in ca. 5 Minuten. Es geht der kleinen Strasse entlang Talwärts bis zur Feuerstelle.</p><p><span style="font-weight: bold;">Ausstattung</span></p><ul><li>2 Feuerstellen</li><li>Rost vorhanden</li><li>Brennholz vorhanden</li><li>2 Tische mit je 6 Sitzplätzen</li><li>2 Bänke</li><li>Abfallentsorgung vorhanden<br></li></ul><p><br>Bitte allfällige Weisungen z.B. bezüglich <a href="https://www.gr.ch/DE/institutionen/verwaltung/diem/awn/aktuelles/Waldbrandgefahr/Seiten/aktuelle_waldbrandgefahr.aspx" target="_blank">Waldbrandgefahr </a>beachten.</p><p><span style="font-weight: bold;">Tipp des Autors</span><br>Je nach Saison wird auf der Bruchalp Alpkäse verkauft.&nbsp;</p>;9.35134767548334;46.67899087515079;Viamala Tourismus;7428;Tschappina;+41 81 650 90 30;info@viamala.ch;https://www.viamala.ch;[{'@type': 'ImageObject', 'contentUrl': 'https://viatpimtsoch.sos-ch-dk-2.exoscale-cdn.com/catalog/c/9/0/4/c904f5477844c7fcf0a4e8ecda8da09ba76dc9a4_Feuerstelle_Bruchalp_Tschappina_Glaspass.jpg', 'caption': {'de': 'Feuerstelle Bruchalp Tschappina', 'en': 'Fireplace Bruchalp', 'it': 'Camino Bruchalp'}}];2026-03-11T12:43:13+01:00
2778281a-391b-4ac1-8457-9587bfcf3548;Burg Haselstein;Haselstein dient seit 1983 als Kulturburg für die Region Schams und als Basis der Burgenerhaltung in Graubünden.;Um 1273 wurde die Burg von Heinrich von Reischen erbaut. Ca. mitte 14. Jahrhundert wurde sie vermutlich aufgegeben und ist ist dann über die Jahre verfallen. Ab 1970 wurde sie mit den originalen Mauerresten rekonstruiert. Seit 2016 befindet sich die burg im Besitz von der Institution Pro Castellis. Die Burg ist nur auf Anfrage zugänglich.;9.455403685569763;46.64213703464904;Burg Haselstein 1;7432;Zillis-Reischen;pro-castellis@bluewin.ch;https://pro-castellis.ch;[{'@type': 'ImageObject', 'contentUrl': 'https://viatpimtsoch.sos-ch-dk-2.exoscale-cdn.com/catalog/d/b/c/b/dbcb96d0700f514c6076d50643996ba2073ecb3f_die_burg_haselstein_bei_zillis_im_sommer_demateo.com.jpg', 'caption': {'de': 'Die Burg Haselstein bei Zillis-Reischen im Sommer', 'en': 'Haselstein Castle near Zillis-Reischen in summer', 'it': 'Il castello Haselstein vicino a Zillis-Reischen in estate'}}];2025-10-27T21:38:21+01:00
2a344377-c68f-487b-b482-342b69a6e0c0;Bündner Arena Cazis;Die Bündner Arena ist ein Ort der Begegnung und macht jede Veranstaltung zum Erlebnis. Mit der Bündner Arena in Cazis verfügt die graubündenVIEH AG über eine schweizerisch einmalige Infrastruktur. Sie bietet reichlich Platz für sämtliche Veranstaltungen an Präsentationen, Auktionen, Ausstellungen, Seminaren, Fest- oder Konzertanlässen.;<p><strong>Eventhalle</strong><br>Funktionalität und Wohlbefinden: Der im Dezember 2015 eröffnete Neubau bringt viel Tageslicht in die Halle und kann beheizt werden. Somit werden Werte wie Funktionalität, aber auch Wohlbefinden, mit zweckmässigen Materialien und einer unkomplizierten Bauweise umgesetzt. Nebst der Tiervermarktungseinrichtung, welche sich optisch abgrenzen lässt, stehen total 910&nbsp;m²&nbsp;Nutzungsfläche für verschiedene Anlässe zur Verfügung. Die neue, fix installierte Vorrichtung für individuelle Licht- und Sound-Anlagen bringen gute Voraussetzungen für perfekt inszenierte Momente.</p>
<p>Die Anlage ist ideal für: Konzerte, Firmenanlässe, Workshops, Bankett-Veranstaltungen, Ausstellungen, Messen, Hochzeits- und Geburtstagsfeiern.</p>
<p><strong>Arena</strong><br>Die Bündner Arena gilt als Herzstück auf dem Gelände. Mit ihren einzigartigen Zuschauerterrassen und der perfekten Akustik, macht sie jede Tagung oder Konzertveranstaltung zum Erlebnis. Die Nutzungsfläche des Arenarings misst 15 x 12 m und kann sowohl befahren oder mit einem Teppich ausgestattet werden. Das Volumen umfasst 500 Sitzplätze. Trotz der Grösse eignet sich die Arena auch für kleinere Anlässe. Durch das Holz und die Wärme, die die Arena ausstrahlt, fühlt man sich nie Verloren. Angrenzend zur Arena steht das ehemalige Restaurant als weiterer Raum zur Verfügung. Für einen Empfang und Apéro-Raum, klassisch als Restaurant oder für kleinere Feiern, kann der Raum individuell genutzt und eingerichtet werden.</p>
<p><strong>Virtueller Besuch in der Bündner Arena</strong><br>Die Bündner Arena hat neben den verschiedenen Räumlichkeiten einen grossen Aussenplatz, welcher als Parkplatz oder für Anlässe im Freien benutzbar ist.</p>
<ul>
<li><a href="https://360.3dswissmedia.com/f3d5c9">360° Tour</a></li>
</ul>
<p><strong><br></strong></p><p><strong>Preise</strong></p>
<p><strong>DV, GV, Weihnachtsfeier, Firmenfest, Konzert,…</strong></p>
<p>Infrastruktur:</p>
<ul>
<li>Raum</li>
<li>Bestuhlung</li>
<li>Eventtechnik</li>
<li>Bühnentechnik</li>
</ul>
<p>ab 200 Personen – 85.00 Franken pro Person*</p>
<p>ab 500 Pesonen – 77.00 Franken pro Person*</p>
<p>ab 800 Personen – 75.00 Franken pro Person*</p>
<p><strong>Vorträge / Infoveranstaltung</strong></p>
<p>Infrastruktur:</p>
<ul>
<li>Raum</li>
<li>Beschallung/Beamer/Leinwand</li>
<li>Rednerpult</li>
</ul>
<p>bis 200 Personen ab 600.00 Franken pro Tag*</p>
<p><strong>Familienfest / Geburtstagsfeier<br></strong>Infrastruktur:</p>
<ul>
<li>Raum</li>
<li>Bestuhlung</li>
<li>Catering</li>
</ul>
<p>bis 140 Personen ab 70.00 Franken pro Person*</p>
<p><strong>Firmenanlässe<br></strong>Infrastruktur:</p>
<ul>
<li>Raum</li>
<li>Bestuhlung</li>
<li>Beschallung/Beamer/Leinwand</li>
<li>Catering</li>
</ul>
<p>bis 80 Personen ab 85.00 Franken pro Person*</p>
<p><strong>Konzert / Theater<br></strong>Infrastruktur:</p>
<ul>
<li>Raum</li>
<li>Bestuhlung</li>
<li>Beschallung/Beamer/Leinwand</li>
</ul>
<p>bis 200 Personen ab 600.00 Franken pro Tag*<br><br>*dies sind Richtpreise und gelten nicht als verbindliche Offerte</p>
<ul>
<li><a href="https://graubuendenvieh.ch/kalender/">Belegungsplan</a></li>
</ul>;9.42404329776764;46.75325169503738;Italienische Strasse 128;7408;Cazis;+41 81 254 20 10;info@graubuendenvieh.ch;https://www.buendnerarena.ch;[{'@type': 'ImageObject', 'contentUrl': 'https://viatpimtsoch.sos-ch-dk-2.exoscale-cdn.com/catalog/a/6/6/4/a6642d1c22f6cc501d92a623f9a608735178e6c9_die_arena_der_buendner_arena_cazis.jpg', 'caption': {'de': 'Die Bündner Arena Cazis', 'en': 'The Bündner Arena Cazis', 'it': "L'Arena Bündner Cazis"}}];2025-10-27T21:38:21+01:00
2c90f585-f990-40a9-b5ee-50be91847117;Spielplatz Paspels Schulhaus;Der Spielplatz befindet sich beim Primarschulhaus Paspels.;<p><strong>Ausstattung:</strong></p>
<ul>
<li>Abfallentsorgung</li>
<li>Spielturm mit Rutsche und Kletternetz</li>
<li>Nestschaukel</li>
<li>Schaukel und Korbschaukel</li>
<li>Rutsche</li>
<li>Röhre</li>
<li>Spielturm mit Wasserspiel</li>
<li>Holz Auto</li>
<li>Sitzgruppe/Bank</li>
</ul>;9.447088837623598;46.74948810177506;Punis 94E;7417;Domleschg;+41 81 650 90 30;info@viamala.ch;https://www.viamala.ch;[{'@type': 'ImageObject', 'contentUrl': 'https://viatpimtsoch.sos-ch-dk-2.exoscale-cdn.com/catalog/3/a/5/b/3a5b1b0b5fb18cd27eff0e45967da8afd2f04019_Spielplatz_Paspels_Schulhaus.jpg', 'caption': {'de': 'Spielplatz Paspels Schulhaus', 'en': 'Paspels school playground', 'it': 'Parco giochi della scuola Paspels'}}];2025-10-27T21:38:21+01:00
2cb49e59-c066-450e-b83e-9f987b6fefd4;Feuerstelle Cagliatscha Davains;Von der Feuerstelle Cagliatscha Davains hat man eine schöne Aussicht Richtung Andeer und die umliegende Bergwelt. ;<p>Die Feuerstelle liegt direkt an der wenig befahrenen Bergstrasse. Die Stromleitung führt direkt über die Feuerstelle, trotzdem lädt die Feuerstelle mit der grossartigen Aussicht für einen gemütlichen Rast ein. </p><p><span style="font-weight: bold;">Ausstattung</span></p><ul><li>1 Feuerstelle</li><li>Grillrost vorhanden (verstellbarer Glutrost 45x70cm)</li><li>Brennholz vorhanden</li><li>1 Tisch mit 8 Sitzplätzen</li><li>Brunnen mit Trinkwasser</li><li>Abfallentsorgung vorhanden<br><br></li></ul><p>Bitte allfällige Weisungen bezüglich <a href="https://www.gr.ch/DE/institutionen/verwaltung/diem/awn/aktuelles/Waldbrandgefahr/Seiten/aktuelle_waldbrandgefahr.aspx" target="_blank">Waldbrandgefahr </a>beachten. <br></p>;9.419625699520111;46.60978415468624;Schmelza;7440;Andeer;+41 81 650 90 30;info@viamala.ch;https://www.viamala.ch;[{'@type': 'ImageObject', 'contentUrl': 'https://viatpimtsoch.sos-ch-dk-2.exoscale-cdn.com/catalog/6/d/f/5/6df513bde6302e36a24b411b26d7006ab64528d3_Feuerstelle_Cagliatscha_Davains.jpg', 'caption': {'de': 'Feuerstelle Cagliatscha Davains', 'en': 'Fire pit Cagliatscha Davains', 'it': 'Camino Cagliatscha Davains'}}];2026-03-11T12:43:13+01:00
2dc19c93-a2e6-41e7-9c0b-99ff03eaf848;Schloss Rietberg;Herrschaftliches Gemäuer mit wechselvoller Geschichte: Im Februar 1621 wurde auf Schloss Rietberg Pompejus Planta von Jörg Jenatsch ermordet.;<p>Durch Conrad Ferdinand Meyers Roman „Jürg Jenatsch“ ist Schloss Rietberg, wie kaum ein anderes Schloss im Kanton Graubünden, weit über die Landesgrenzen hinaus bekannt geworden.</p>
<p>Die Geschichte der Festung, deren Namen von den ehemals sumpfigen Wiesen der Umgebung abgeleitet wird, beginnt mit dem Bau des imposanten, fünfgeschossigen Burgturms, der als Kern der Anlage wohl in der zweiten Hälfte des 12. Jahrhunderts von den Herren von Rietberg ausgeführt wurde. Diese erscheinen in den Urkunden erstmals 1268 mit Ulrich und Simon von Rietberg als Inhaber einer kleinen Herrschaft, zu der die Familie bis zum 14. Jahrhundert noch weitere Rechte in der Umgebung und die Burg Oberjuvalta erwerben konnte.</p>
<p><strong>Das Schicksal von Pompejus Planta<br></strong>Johannes, der letzte männliche Spross derer von Rietberg, vermachte seinen Besitz seinem Vetter Hermann von Landenberg. Vom Ende des 14. Jahrhunderts weg verpfändete der Bischof die Burg der Reihe nach verschiedenen Familien. Um die Mitte des 16. Jahrhunderts gelangte der Sitz in einen Zweig der Familie von Salis und wurde 1617 zwischen Herkules von Salis und Pompejus von Planta, dessen Gattin Catherina ein Salis-Rietberg war, geteilt.</p>
<p>Pompejus von Planta war zusammen mit seinem auf Wildenberg bei Zernez wohnenden Bruder Rudolf in den Bündner Wirren der führende Kopf der spanisch-österreichischen Partei. Er wurde 1618 vom fragwürdigen Thusner Strafgericht auf Antrag der venezianisch gesinnten Gegenpartei unter Führung der Prädikanten in Abwesenheit auf ewig verbannt, sein Vermögen konfisziert. Nach dem grausamen Veltlinermord und der Besetzung des Veltlins durch Spanien wagte der Herr von Rietberg wieder zurückzukehren. Doch die Gegenpartei blieb nicht müssig. Am 25. Februar 1621 drang eine Gruppe, die sich selbst als „die Gutherzigen“ bezeichnete, unter Führung von Georg Jenatsch in Rietberg ein, erschlug in Gegenwart der Tochter den verhassten Schlossherrn und riss ihm Herz und Eingeweide aus dem Leib. Die Überlieferung weiss im Schloss noch die Stelle zu zeigen, wo die Mörder ihr Opfer niederstreckten.</p>
<p>1664 veräusserte Anton von Salis seinen Anteil an Rietberg dem Obersten Christoph von Rosenroll aus Thusis, dessen Söhne ihn 1670 an Ulrich Buol von Dusch verkauften. 1758 erwarben die Buol-Schauenstein auch den Anteil der Planta, aber schon 1798 verkaufte Johann von Buol-Schauenstein Rietberg an seinen Bruder, den Churer Bischof Karl Rudolf von Buol. Zu Beginn des 19. Jahrhunderts kam Rietberg an Gräfin Emilie von Travers, wechselte hierauf mehrmals den Besitzer, bis es 1822 Pfarrer Christian Casparis erwarb. Von dessen Nachfahren gelangte das Schloss 1917 durch die Heirat an die Familie Rudolf Planta-Casparis, die es noch heute mit viel Geschmack betreuen.</p>
<p><strong>Gestalt aus dem 17. Jahrhundert<br></strong>Die ganze Anlage hat ihre Gestalt in den westlichen Zügen im 17. Jahrhundert erhalten. Dies gilt einmal für den aus dem 12. Jahrhundert stammenden Bergfried, welcher, wie der Chronist Sererhard bemerkt, eines recht extraordinär dicken Gemäuers ist. Sein Innenausbau und sein Dachgeschoss mit den typischen „Ochsenaugen“ gehen auf das 17. Jahrhundert zurück. Aber auch der Turm mit Schlüssellochscharten, der im Hof über der in Fels gehauenen Zisterne errichtet wurde, sowie die Wohngebäude am Rande des Tobels sind unter Einbezug älterer Teile in der gleichen Zeit entstanden.</p>
<p><strong>Im Schloss übernachten<br></strong>Sie wollten schon immer einmal in einem Schloss übernachten? In einer sehr exklusiven, aufwändig sanierten Schlossresidenz&nbsp;im Schloss Rietberg ist dies möglich. Weitere Informationen finden Sie&nbsp;<a href="http://www.airbnb.ch/rooms/34354671?source_impression_id=p3_1595921811_VOA4SH0Ic%2FfBQuLr">hier.</a></p>
<p><strong>Zugang<br></strong>Das Schloss Rietberg befindet sich in Privatbesitz und ist nur auf Anfrage zugänglich. Die Anlage liegt direkt am&nbsp;<a href="https://mybusiness.outdooractive.com/de/r/23419810/" data-type="tour" data-id="23419810">Burgenweg Domleschg</a>.</p>;9.448086;46.735789;Gemeinde Domleschg;7415;Pratval;+41 81 650 13 13;kanzlei@domleschg.ch;http://www.domleschg.ch;[{'@type': 'ImageObject', 'contentUrl': 'https://viatpimtsoch.sos-ch-dk-2.exoscale-cdn.com/catalog/5/b/3/5/5b35505e0977fc28062549bdd50308afb453cca8_schloss_rietberg_pratval_rodels_domleschg_sommer_viamala_tourismus__4_.jpg', 'caption': {'de': 'Das Schloss Rietberg im Herbst', 'en': 'Rietberg Castle in the fall', 'it': 'Il castello di Rietberg in autunno'}}];2025-10-27T21:38:21+01:00
2e08fb0c-4900-46d1-b124-b039cb5f6d49;Feuerstelle Summaprada;Die Feuerstelle Summaprada liegt auf einer Rasenfläche, auf der ein kleines Bächlein hindurch fliesst (Baden erlaubt). Sie bietet Kindern die Möglichkeit, sich auf der Wiese auszutoben und Spiele zu spielen. ;<p>Die Feuerstelle liegt praktisch gelegen, an mehreren Wanderrouten an&nbsp;der Weggabelung Mathon-Dros und Lohn-Dros. Die Zufahrt ist auch mit dem PW möglich.&nbsp;Ab Lohn fährt man Richtung Ustreia Orta und folgt dieser Strasse bis zur nächsten Weggabelung. Dort befindet sich die Feuerstelle.</p><p><span style="font-weight: bold;">Ausstattung</span></p><ul><li>1 Feuerstelle</li><li>Grillrost vorhanden</li><li>2 Sitzbänke<br><br></li></ul><p>Es ist kein Brennholz vorhanden.<br>Bitte allfällige Weisungen z.B. bezüglich <a href="https://www.gr.ch/DE/institutionen/verwaltung/diem/awn/aktuelles/Waldbrandgefahr/Seiten/aktuelle_waldbrandgefahr.aspx" target="_blank">Waldbrandgefahr </a>beachten.</p>;9.417732;46.646645;Feuerstelle Summaprada;7430;Thusis;+41 650 90 30;info@viamala.ch;https://www.viamala.ch;[{'@type': 'ImageObject', 'contentUrl': 'https://viatpimtsoch.sos-ch-dk-2.exoscale-cdn.com/catalog/7/2/7/f/727f13eb92078f26c3f9d4789356a92b82d8c22e_Feuerstelle_Summaprada_Schamserberg.jpg', 'caption': {'de': 'Feuerstelle Summaprada am Schamserberg', 'en': 'Summaprada fireplace on the Schamserberg', 'it': 'Camino Summaprada sullo Schamserberg'}}];2026-03-11T12:43:14+01:00
2e128bff-d193-4577-8452-87fbc355ec86;Reformierte Kirche Wergenstein;Die reformierte Kirche in Wergenstein ist ein denkmalgeschütztes evangelisch-reformiertes Gotteshaus.;<p>In spätmittelalterlicher Zeit ist die Kirche unter dem Patrozinium von Calixt bezeugt. Wergenstein nahm die Reformation vor 1538 an. In diesem Jahr wurde die Kirche erweitert und bereits als reformierte Predigtkirche konzipiert. </p><p>Der zur Talseite hin angebrachte Turm ist von einem&nbsp;Zeltdach&nbsp;bedeckt und hat eine einstöckige Glockenstube. Vor dem von einem&nbsp;Rippengewölbe&nbsp;gezierten&nbsp;Chor&nbsp;korrespondieren linksseitig die erhöhte,&nbsp;schalldeckellose&nbsp;Kanzel&nbsp;und rechtsseitig die&nbsp;Orgel, während inmitten des Chors ein&nbsp;Tauftisch&nbsp;steht, auf dem auch das&nbsp;Abendmahl&nbsp;gefeiert wird.</p>;9.408196806907654;46.62657798683154;Dorf;7433;Wergenstein;+41 79 636 37 72;burga.simonett@bluewin.ch;https://zillis-st-martin.ch/kirchgemeinde-zillis-schamserberg/;[{'@type': 'ImageObject', 'contentUrl': 'https://viatpimtsoch.sos-ch-dk-2.exoscale-cdn.com/catalog/7/d/7/f/7d7fc2724d8785f1399a47d30fee2416d8fe93f7_kirche_wergenstein_im_sommer.jpg', 'caption': {'de': 'Reformierte Kirche Wergenstein', 'en': 'Wergenstein Reformed Church', 'it': 'Chiesa riformata di Wergenstein'}}];2025-10-27T21:38:21+01:00
2e9a6002-49c7-49a3-bf96-0fc12af18ec8;Feuerstelle Zipfa;Nahe des Dorf Splügen liegt diese Feuerstelle am Hinterrhein.;<p>Zu Fuss erreicht man die Feuerstelle über einen kurzen Spaziergang von ca. 1.2 km ab dem Dorf Splügen. Beim Volg im Dorf wird der Weg ausgeschildert und führt Sie auf einer einfachen Wanderung zur Feuerstelle. Der Weg ist für Kinder sehr geeignet, jedoch nicht Kinderwagentauglich. Die Feuerstelle Zipfa liegt unweit der A13 und einer Hochspannungsleitung. Sie ist dennoch verhältnismässig ruhig und bietet für Familien eine gute Rastmöglichkeit. Nebst einem Feuerherd, Holz und zwei Bänken hat die Feuerstelle einen schönen Steintisch. Die Feuerstelle liegt in der Nähe des Hinterrheins, dieser ist zum Baden aufgrund der Strömung nicht geeignet.</p><p><span style="font-weight: bold;">Ausstattung</span></p><ul><li>Brennholz vorhanden</li><li>Rost vorhanden</li><li>1 Tisch mit ca. 8 Sitzplätzen</li><li>1 Feuerstelle mit ca. 6&nbsp;Sitzplätzen</li><li>kleiner Kletterpark für Kinder<br></li></ul><p><br>Auf Holz- und Steinbänken kann man sich niederlassen.</p><p>Bitte allfällige Weisungen z.B. bezüglich <a href="https://www.gr.ch/DE/institutionen/verwaltung/diem/awn/aktuelles/Waldbrandgefahr/Seiten/aktuelle_waldbrandgefahr.aspx" target="_blank">Waldbrandgefahr </a>beachten.</p>;9.334146;46.554393;Zipfen;7435;Splügen;+41 81 650 90 30;info@viamala.ch;https://www.viamala.ch;[{'@type': 'ImageObject', 'contentUrl': 'https://viatpimtsoch.sos-ch-dk-2.exoscale-cdn.com/catalog/9/b/4/1/9b41d8e9bc21653fd7b196c172fedae852f6d93b_Feuerstelle_Zipfa_Spl__gen.jpg', 'caption': {'de': 'Feuerstelle Zipfa Splügen', 'en': 'Zipfa Splügen fire pit', 'it': 'Buca di fuoco Zipfa Splügen'}}];2026-03-11T12:43:14+01:00
3222bdca-48b8-4e5d-a0ba-e0594f7f7fc9;Holzkirche Obermutten;Die denkmalgeschütze Kirche in Obermutten ist der einzige Sakralbau der Schweiz, der gänzlich aus Holz besteht. Die umliegenden Lärchenwälder boten dazu den Baustoff. Zudem ist sie die höchstgelegene Holzkirche in Europa.;<p>Der&nbsp;Dachreiter&nbsp;wurde 1830 anlässlich einer Restauration aufgesetzt.&nbsp;Im schlichten Inneren steht eine&nbsp;Toggenburger&nbsp;Hausorgel&nbsp;von 1807. Sie wurde von Heinrich Amman erbaut und gemäss Inschrift von Friedrich und Anthoni Michel gestiftet. 1975 wurde sie restauriert. Im Zentrum steht ein holzgefertigter, mobiler&nbsp;Tauf- und&nbsp;Abendmahlstisch. Alle Holzbestandteile, auch die Holzpfeifen, sind ursprünglich. Die zwei Glocken im Dachreiter hingen zuvor unter dem Dachvorsprung an der Front. </p><p>In den Sommermonaten Juli und August finden regelmässig Gottesdienste in der Holzkirche statt.&nbsp;</p>;9.483566880226135;46.672017817671765;Obermutten;7431;Mutten;+41 81 651 12 84;https://www.kirche-sils.ch/gemeinden/kirche-obermutten/;[{'@type': 'ImageObject', 'contentUrl': 'https://viatpimtsoch.sos-ch-dk-2.exoscale-cdn.com/catalog/0/a/0/e/0a0ec8c0ee6018e6d155cfca14ab0aaee5557c9b_obermutten_im_herbst.jpg', 'caption': {'de': 'Die Holzkirche in Obermutten', 'en': 'The wooden church in Obermutten', 'it': 'La chiesa di legno di Obermutten'}}];2025-10-27T21:38:21+01:00
367c5f2c-0c68-45d3-9c9e-fdeb77f5f350;Wohnmobil-Stellplatz +plus+ Heinzenberg-Lescha;Die Stellplätze bei Sarn bieten auf verschiedenen Ebenen viel Platz und eine fantastische, unverbaubare Aussicht ins Tal und die gegenüberliegenden Bergketten. Die herrliche Lage am Heinzenberg auf 1300 Meter über Meer und die himmlische Ruhe nach ereignisreichem Tag werden euch begeistern.;<h4>Sanit&auml;ranlagen</h4><p>WC, Dusche, Waschgelegenheit und Abwaschbecken erf&uuml;llen alle Erwartungen, sind zweckm&auml;ssig und sauber.</p><h4>Kafi St&uuml;bali</h4><p>Euer Camper Treff mit Sonnenterrasse ist t&auml;glich ge&ouml;ffnet und l&auml;dt bei Fr&uuml;hst&uuml;ckskaffee oder Ap&eacute;ro zum gem&uuml;tlichen Verweilen bei interessanten Gespr&auml;chen mit Gleichgesinnten ein (<a title="weitere Informationen" href="https://viamala.ch/de/map/poi/kafi-stubali-763e7893-aac1-455a-a274-cbe576580925.html" target="_blank" rel="noopener">weitere Informationen</a>).</p><h4>Hofl&auml;dali</h4><p>Eine exklusive Auswahl regionaler Spezialit&auml;ten von einheimischen Produzenten wartet darauf, von euch entdeckt zu werden.</p><h4>Ver-/Entsorgung</h4><p>Auf dem Stellplatz +plus+ findet ihr alle notwendigen Einrichtungen f&uuml;r die Ver- und Entsorgung:</p><ul><li>Frischwasser</li><li>Stromanschluss</li><li>Grauwasser und WC Abfluss</li><li>Glas, Alu, PET, Kehricht</li><li>Robidog</li></ul><h4>Preise</h4><p>Die Preise variieren.</p><ul><li><a href="https://www.stellplatzplus-heinzenberg.ch/angebot">Preisinformationen</a></li></ul>;9.404415;46.724098;Parkplatz Skilift Sarn-Lescha;7423;Sarn;+41 79 290 47 86;info@stellplatzplus-heinzenberg.ch;https://www.stellplatzplus-heinzenberg.ch/;[{'@type': 'ImageObject', 'contentUrl': 'https://viatpimtsoch.sos-ch-dk-2.exoscale-cdn.com/catalog/6/c/b/7/6cb7c734053cb5c1030992b02a6e9a429223a751_aussicht_vom_stellplatz_plus_heinzenberg_lescha.jpg', 'caption': {'de': 'Die Aussicht vom Stellplatz Heinzenberg-Lescha', 'en': 'The view from the Heinzenberg-Lescha pitch', 'it': 'La vista dalla piazzola di Heinzenberg-Lescha'}}];2026-04-29T16:30:14+02:00
38413887-e426-4b10-a71f-2ffd689baf8a;Burgruine Heinzenberg;Ruine einer einst ausgedehnten Burganlage auf einem felsigen Hügel unterhalb von Präz.;Von der vermutlich durch die Freiherren von Vaz um 1200 gegründeten Anlage sind noch ein Mauerzahn des fünfeckigen Wohnturms, die westseitige Ringmauer und Spuren weiterer Bauten zu sehen. Bei der Ruine befindet sich ein gut eingerichteter Rastplatz mit Feuerstelle, Sitzgelegenheiten und einem Brunnen.;9.408642053604126;46.74001132775683;7424;Präz;+41 81 650 90 30;info@viamala.ch;https://www.viamala.ch;[{'@type': 'ImageObject', 'contentUrl': 'https://viatpimtsoch.sos-ch-dk-2.exoscale-cdn.com/catalog/2/f/8/2/2f82ddb41a456e02521c883804e31c56ab6cde35_burgruine_heinzenberg_praez_im_sommer.jpg', 'caption': {'de': 'Burgruine Heinzenberg bei Präz'}}];2025-10-27T21:38:21+01:00
393721c1-28d4-450d-8f2f-67804ee0d99a;Festungsmuseum Crestawald;60 Jahre streng geheim - heute eindrücklicher Zeitzeuge schweizerischer Militärgeschichte: Das Festungsmuseum Crestawald erlaubt Einblicke in die Welt des Kalten Krieges. Ein kleines Dorf unter Tage.;<p>Im September 1939 wurde mit dem Bau der Festungsanlage in Crestawald begonnen. 1940 waren die gewaltigen Artillerie-Geschütze feuerbereit. Ziel dieses Bollwerks war die Sperrung der Nord-Süd-Transitachse durch Graubünden. Lange Zeit waren die in den Fels gehauenen Bunkeranlagen strengster Geheimhaltung unterstellt. Mit der Umstrukturierung der Schweizer Armee und deren Anpassung an neue Bedrohungsformen, gab es für die Artilleriefestungen nahe der Landesgrenzen keine Verwendung mehr. 1995 wurde die Anlage aufgelassen und im Jahr 2000 wurde die Geheimhaltung aufgehoben.</p>
<p>Im selben Jahr wurde die Festungsanlage vom Verein Festungsmuseum Crestawald zum öffentlich zugänglichen Museum umgewandelt. Bei der Festung Crestawald handelt es sich im Vergleich zu anderen Artilleriewerken um eine kleine, überschaubare Anlage. Dank der Kompaktheit der Festung ist es möglich, in vernünftiger Zeit die Besucher sämtliche Bereiche einer Festungsanlage hautnah erleben zu lassen. Auch ältere Besucher und Besucherinnen, die nicht mehr so gut zu Fuss sind, sind in der Anlage herzlich willkommen und können mit wenigen Ausnahmen die gesamte Festung besichtigen.</p>
<p>Heute ist die Anlage für Individualbesucher oder für geführte Besichtigungen offen. Die Festung verfügt über einen Seminarraum, Übernachtungsmöglichkeiten (nur für Gruppen) sowie über ein Gastronomieangebot im "Festungsbeizli".</p>
<p><strong>Audioguide</strong><br>Auf Wunsch können Sie am Festungseingang für CHF 5.- einen elektronischen Audioguide mieten, der Sie in deutscher, italienischer, englischer, französischer oder rätoromanischer Sprache durch das Festungsmuseum führt.</p>
<p><strong>Festungsbus<br></strong>Der Festungsbus Crestawald fährt vom 5. Juli bis 10. August 2025 jeweils Mittwoch, Freitag, Samstag und Sonntag von Andeer, Rofflaschlucht aber auch von Sufers, Postautohaltestelle bis zum Festungsmuseum Crestawald (Reservation erforderlich).</p>
<ul>
<li><a href="https://www.naturpark-beverin.ch/de/festungsbus-crestawald">Fahrplan und weitere Informationen zum&nbsp;Festungsbus</a></li>
</ul>;9.389819;46.569464;Crestawald;7434;Sufers;+41 81 650 90 30;info@viamala.ch;https://www.crestawald.ch;[{'@type': 'ImageObject', 'contentUrl': 'https://viatpimtsoch.sos-ch-dk-2.exoscale-cdn.com/catalog/1/7/5/f/175f8086b410d687f97619c3b5968a9f337757e5_festungsmuseum_crestawald_sufers_von_aussen_viamala_tourismus.jpg', 'caption': {'de': 'Das Festungsmuseum Crestawald von Aussen', 'en': 'The Crestawald Fortress Museum from the outside', 'it': 'The Crestawald Fortress Museum from the outside'}}];2025-10-27T21:38:21+01:00
3b5c48e2-c7fc-4b54-a8f2-e1030ab33814;Stellplatz Valle di Lei;Der Stellplatz befindet sich am Stausee Lago di Lei und der Staumauer.;<p>Die Zufahrt erfolgt über ein Tunnelportal in welchem auch grössere Fahrzeuge zulässig sind. Eine öffentliche Toilette befindet sich hinter dem Inforama der KHR. Auf der gegenüberliegenden Seite der Staumauer befindet sich das italienische Restaurant&nbsp;<a href="https://www.maps.viamala.ch/de/gastro/provinz-sondrio-valtellina/restaurant-baita-del-capriolo/60979016/">Baita del Capriolo</a>.</p>
<p><strong>Zahlung</strong><br>Direkt über die App <a href="https://www.parknsleep.app/ps/19409448">Parkn'Sleep</a>.</p>;9.457533359527588;46.480856345564554;Staumauer Valle di Lei;7445;Innerferrera;+41 667 11 62;gemeinde@viamala.ch;https://gemeindeavers.ch/;[{'@type': 'ImageObject', 'contentUrl': 'https://viatpimtsoch.sos-ch-dk-2.exoscale-cdn.com/catalog/a/b/6/b/ab6b9583d2e4ffb407fdfb665889fdf8ce523fca_stausee_stauamuer_valle_die_lei_viamala_tourismus.jpg', 'caption': {'de': 'Staumauer Valle di Lei', 'en': 'Valle di Lei dam', 'it': 'Diga della Valle di Lei'}}];2025-10-27T21:38:22+01:00
3e167eec-b642-4a96-a24f-0c83c17728fe;Feuerstelle Plaun da Glenna;Die Feuerstelle der Schweizer Familie liegt in eine Weide eingebettet. Die Aussicht auf den Heinzenberg und den Piz Beverin sind von hier aus herrlich. ;<p>Vom Dorfkern in Almens liegt die Feuerstelle ca. 600 Meter entfernt. Dieser Weg kann zu Fuss oder mit dem Bike zurückgelegt werden. Zu dieser Feuerstelle dürfen Hunde mitgebracht werden.</p><p><span style="font-weight: bold;">Ausstattung</span></p><ul><li>1 Feuerstelle mit 3 Bänke um die Feuerstelle (9 Sitzplätze)</li><li>Grillrost vorhanden</li><li>Brennholz vorhanden</li><li>Brunnen mit Trinkwasser</li><li>Abfallentsorgung vorhanden</li><li>2 weitere Bänke mit 8 Sitzplätzen</li><li>Die Holzbänke umrahmen die Feuerstelle<br></li></ul><p><br>Bitte allfällige Weisungen z.B. bezüglich <a href="https://www.gr.ch/DE/institutionen/verwaltung/diem/awn/aktuelles/Waldbrandgefahr/Seiten/aktuelle_waldbrandgefahr.aspx" target="_blank">Waldbrandgefahr </a>beachten.</p>;9.459684491157532;46.74019514189892;Plaun da Glenna;7416;Almens;+41 81 650 90 30;info@viamala.ch;https://www.viamala.ch;[{'@type': 'ImageObject', 'contentUrl': 'https://viatpimtsoch.sos-ch-dk-2.exoscale-cdn.com/catalog/5/7/c/8/57c8a31fafd2494b4c13733dcd8ec841ec17cb28_Feuerstelle_Plaun_da_Glenna_Almens.jpg', 'caption': {'de': 'Feuerstelle Plaun da Glenna Almens', 'en': 'Plaun da Glenna Almens fire site', 'it': 'Sito antincendio Plaun da Glenna'}}];2026-03-11T12:43:14+01:00
3e26e84a-2a8b-448d-86b5-96af7e700ab2;Bergbau-Museum Innerferrera;Der Bergbau hat die Regionen Ferrera und Schams über Jahrhunderte geprägt. Das Bergbau-Museum Innerferrera widmet sich dieser Geschichte und macht sie für Besucherinnen und Besucher zugänglich.;<p data-start="68" data-end="387">Tr&auml;ger des Museums ist der Verein Erzminen Hinterrhein, der sich f&uuml;r den Erhalt, die Erforschung und die Vermittlung des bergbaulichen Erbes der Region engagiert. Das Museum versteht sich als Ort der Erinnerung, der Auseinandersetzung mit der Vergangenheit und der Begegnung mit einer pr&auml;genden Epoche des Schamsertals.</p><p data-start="389" data-end="556">Gef&uuml;hrte Besichtigungen und thematische Angebote erg&auml;nzen das Museumsangebot. F&uuml;r F&uuml;hrungen ist eine Anmeldung erforderlich, Gruppenf&uuml;hrungen sind auf Anfrage m&ouml;glich.</p><p data-start="558" data-end="588"><strong data-start="558" data-end="588">Neu gestaltete Ausstellung<br></strong>Das Bergbau-Museum Innerferrera pr&auml;sentiert sich mit einer neu gestalteten Ausstellung. Sie l&auml;dt dazu ein, die Geschichte des Bergbaus in Ferrera und im Schams auf einem historischen Rundgang neu zu entdecken.</p><p data-start="801" data-end="895" data-is-last-node="" data-is-only-node="">Die Ausstellung ist t&auml;glich vom 1. April bis 31. Oktober 2026 von 8.30 bis 18.00 Uhr ge&ouml;ffnet.</p>;9.442812;46.521113;Dorfstrasse;7445;Innerferrera;+41 81 650 90 30;info@viamala.ch;https://www.erzminen-hinterrhein.ch;[{'@type': 'ImageObject', 'contentUrl': 'https://viatpimtsoch.sos-ch-dk-2.exoscale-cdn.com/catalog/b/d/9/1/bd91a4300199c753b90f8a1adf600aaad187ed97_bergbaumuseum_innerferrera_herbst.jpg', 'caption': {'de': 'Bergbau-Museum Innerferrera', 'en': 'Innerferrera Mining Museum', 'it': 'Museo delle Miniere di Innerferrera'}}];2026-04-13T13:44:38+02:00
3f6615e1-075b-47b1-8780-37d80e1847c3;Beobachtungsbank Summapunt;Sitzbank in der Nähe des Maiensäss Summapunt mit herrlichem Ausblick über das Schams.;Diese Sitzbank in der Nähe des Maiensäss Summapunt bietet einen atemberaubenden Blick über das Schams. Unter der Bank befindet sich eine Schublade, die ein Fernglas und weitere Instrumente zur Beobachtung der Landschaft, Natur und Fauna enthält. Zusätzlich informieren bereitgestellte Materialien über ausgewählte Tier- und Pflanzenarten.;9.421741962432863;46.66169783544232;Viamala Tourismus;7430;Thusis;+41 81 650 90 30;info@viamala.ch;https://www.viamala.ch;[{'@type': 'ImageObject', 'contentUrl': 'https://viatpimtsoch.sos-ch-dk-2.exoscale-cdn.com/catalog/f/b/e/8/fbe8608f6a578d393deaaf20442a04b0e03ecb92_beobachtungsbank_mit_aussicht_in_die_val_schons_bei_summapunt.jpg', 'caption': {'de': 'Beobachtungsbank Summapunt mit Aussicht ins Val Schons', 'en': 'Summapunt observation bench with a view of Val Schons'}}];2025-10-27T21:38:22+01:00
411ccf1b-1c52-47a4-90f3-52e73ed18a47;Feuerstelle Patrutgsee;Der Patrutgsee am Heinzenberg ist ein kleines Paradies für die ganze Familie mit herrlichem Blick zum majestätischen Piz Beverin (2998 m ü.M.). Rund um den See stehen fünf Feuerstellen zur Verfügung.;<p>Der See liegt auf 1590 m ü.M., unmittelbar am Waldrand, mit Spiel- und Liegewiese, Feuerstellen mit Sitzgruppen, Spielplatz, Kinderbadesee, Boots- und Badesteg sowie rollstuhlgängiger WC-Anlage. Ein Ruderboot und ein kleines Floss warten darauf, mit Klein und Gross ein paar Runden zu drehen. Rund um das Gelände führt ein kinderwagentauglicher Spazierweg. Auch am See liegt die Hütte des Eisstockclubs Patrutg. Sind Mitglieder des Eisstockklubs vor Ort, gibt es manchmal u.a. Glacé und Getränke zu kaufen! Die Hütte kann für Firmen-, Vereins- und Familienfeste gemietet werden. Der See ist erreichbar mit dem Privatwagen via Urmein und Oberurmein in Richtung Lüsch (ca. 20 Fahrminuten ab Thusis) oder zu Fuss bzw. Bike.</p><p>Es wird kein Eintritt zum See erhoben.<br></p>;9.384334;46.702003;Oberurmein;7427;Urmein;+41 81 650 90 30;info@viamala.ch;https://www.viamala.ch;[{'@type': 'ImageObject', 'contentUrl': 'https://viatpimtsoch.sos-ch-dk-2.exoscale-cdn.com/catalog/5/6/0/8/5608ffc533640ad4359f056dcda35fb00086b131_Feuerstelle_Patrutgsee_Oberurmein.jpg', 'caption': {'de': 'Feuerstelle Patrutgsee Oberurmein', 'en': 'Fire pit Patrutgsee', 'it': 'Camino Patrutgsee Oberurmein'}}];2026-03-11T12:43:14+01:00
41b1b91c-d63c-4b16-8b00-e3ab4582bf4e;Feuerstelle Crusch;Die Feuerstelle Crusch befindet sich oberhalb vom Dorf Präz. Eine schöne Aussicht hat man auf das Domleschg und die umliegenden Berge. ;<p>Zu Fuss ist die Feuerstelle Crusch in 25 Gehminuten ab Präz erreichbar.</p><p><span style="font-weight: bold;">Ausstattung</span></p><ul><li>1 Feuerstelle</li><li>Rost vorhanden</li><li>Brennholz vorhanden</li><li>2 Tische und 4 Bänke</li><li>Bunnen vorhanden<br><br></li></ul><p>Bitte allfällige Weisungen z.B. bezüglich <a href="https://www.gr.ch/DE/institutionen/verwaltung/diem/awn/aktuelles/Waldbrandgefahr/Seiten/aktuelle_waldbrandgefahr.aspx" target="_blank">Waldbrandgefahr </a>beachten.</p>;9.402988;46.74761;7424;Präz;+41 81 650 90 30;info@viamala.ch;https://www.viamala.ch;[{'@type': 'ImageObject', 'contentUrl': 'https://viatpimtsoch.sos-ch-dk-2.exoscale-cdn.com/catalog/d/7/b/2/d7b209858b872904472ac3786a8b667c42e94eb6_Feuerstelle_Crusch_Pr__z__2_.jpg', 'caption': {'de': 'Feuerstelle Crusch Präz', 'it': 'Camino Crusch Präz'}}];2026-03-11T12:43:14+01:00
41fe71ad-e37e-44c8-a135-2ecac73c801e;Feuerstelle Pardisla;Die gut ausgerüstete Feuerstelle befindet sich in der Nähe vom Forstgarten Rodels und lädt zum Verweilen ein. ;<p>Vom Dorf Rodels erreicht man die Feuerstelle auf halbem Weg Richtung Bahnhof Rodels (Abzweigung&nbsp; Forstgarten).</p><p><span style="font-weight: bold;">Ausstattung</span></p><ul><li>1 Feuerstelle</li><li>Grillrost vorhanden</li><li>Brennholz vorhanden</li><li>3 Tische mit Bänke</li><li>Brunnen mit Trinkwasser</li><li>Abfallentsorgung vorhanden</li><li>TOI TOI - Toilette (von Mai bis Oktober)<br><br></li></ul><p>Bitte allfällige Weisungen z.B. bezüglich <a href="https://www.gr.ch/DE/institutionen/verwaltung/diem/awn/aktuelles/Waldbrandgefahr/Seiten/aktuelle_waldbrandgefahr.aspx" target="_blank">Waldbrandgefahr </a>beachten.</p>;9.436311847712545;46.73915474559034;Viamala Tourismus;7415;Rodels;+41 81 650 90 30;info@viamala.ch;https://www.viamala.ch;[{'@type': 'ImageObject', 'contentUrl': 'https://viatpimtsoch.sos-ch-dk-2.exoscale-cdn.com/catalog/e/9/3/f/e93fca197126e6a4874234d712421139c9e8d9f7_feuerstelle_pardisla_rodels.jpg', 'caption': {'de': 'Die Feuerstelle Pardisla in Rodels', 'en': 'The Pardisla fireplace in Rodels', 'it': 'Il caminetto Pardisla a Rodels'}}];2026-03-11T12:43:14+01:00
42291e4e-49da-4d36-b372-fad2e7da581d;Kloster der Dominikanerinnen;Ein Kloster mit 1'300-jähriger Geschichte im Wandel der Zeit: Als lebendiger Ort des Glaubens und der Kontemplation prägt das Dominikanerinnen-Kloster das Dorf Cazis schon seit Jahrhunderten. Heute führt das Kloster auch ein Gästehaus.;<p><strong> Frühmittel- und Hochmittelalter<br></strong>Das Stift wird um 700 durch den Churer Bischof Viktor II. gegründet. Cazis ist das erste Frauenstift in Churrätien. Wegen der Abhängigkeit vom Bischofssitz Chur sind die «moniales», wie sie in den Quellen genannt werden, eher Kanonissen oder gemeinschaftlich nach der Aachener Regel von 816 lebende Chorfrauen ohne Gelübde, aber mit einer rechtlichen Bindung an das Stift und die Klausur. Diese Lebensweise ist von 1045 bis 1156 eindeutig bezeugt. 1156 erfolgte die Einführung der Augustinerregel. Allerdings waren laut Urkunde nur wenige Kanonissen bereit, Augustinerinnen zu werden und sich auf jene strengere Lebensweise zu verpflichten.</p>
<p><strong> Reformation: das vorläufige Ende<br></strong>Der zweite Ilanzerbrief von 1526 unterstellt die Verwaltung der Klöster der weltlichen Obrigkeit und verbietet die Aufnahme von Novizen. Damit erlischt das Klosterleben und 1570, nach dem Tod der letzten Augustinerin, wird das Kloster aufgehoben. In den Klosterräumen wohnen anfangs die Schauenstein, später die Planta, schliesslich wird es baufällig und steht leer. Ein Kapuzinerpater schildert: «Das Kloster machte nicht mehr den Eindruck eines Ordenshauses, vielmehr eines Waldes für wilde Tiere. Das morsche Dach fiel zusammen infolge des Alters. Die Klosterhöfe waren voll von Steinen und Trümmer, so dass einem die Tränen kamen beim Anblick.»</p>
<p><strong> 17. Jahrhundert: Neugründung <br></strong>1647 beruft Bischof Johann VI. die Chorfrau Johanna Gauwin aus dem Dominikanerinnenkloster in Bludenz zur Neugründung und Leitung des Frauenklosters Cazis. Johann VI. hat dabei vor allem schulische Absichten. Die kleine Schar von Dominikanerinnen - zu Beginn sind es sechs Schwestern - hat lange Zeit einen Existenzkampf zu führen. Um den Weiterbestand der Gemeinschaft zu sichern, sind die Churer Bischöfe immer wieder genötigt, sich für das materielle Wohl der Schwestern einzusetzen. Dazu führt 1768 ein Brand das Kloster beinahe in den Ruin.</p>
<p><strong>Ein Ort für die Mädchenbildung</strong><br>Bis 1919 gehören die Dominikanerinnen zum sogenannten zweiten Orden, dann aber, mit der Übernahme neuer Konstitutionen, treten sie in den dritten Orden über. Dadurch ist es der Gemeinschaft möglich, ihren Wirkungskreis ausserhalb der Klausur zu entfalten. Die Schule St. Catharina, die 1866 eine kurze Blütezeit erlebt hat, wird neu ins Leben gerufen. So kann die Gründungsabsicht des Bischofs Johann VI. verwirklicht werden, der 1647 mehrfach in seinen Urkunden betont hat, er wolle mit den Dominikanerinnen in Cazis einen Ort für Mädchenbildung in Graubünden schaffen. Diesem Anliegen entspricht auch die Lehrtätigkeit der Schwestern in den verschiedenen Gemeinden. 2002 sind mehrere Schwestern aus dem Kloster Cazis nach Bludenz entsendet worden. Wie das dortige Dominikanerinnenkloster um 1647 den Fortbestand des Cazner Konvents gesichert hat, so sollen sich heute die Schwestern aus Cazis um den Fortbestand des inzwischen fast leer stehenden Bludenzer Klosters kümmern.</p>
<p>Heute leben&nbsp;45 Schwestern im Kloster. Sie sind nicht nur innerhalb der Klostermauern sehr engagiert. Das Kloster Cazis bietet eine breite Auswahl an Kursen an. Ein detailliertes Programm kann auf der klostereigenen <a href="https://kloster-cazis.ch/">Homepage</a> bezogen werden. Im Kloster werden verschiedene Produkte aus hauseigener Produktion verkauft, vom Bienenhonig bis hin zu Kunstgegenständen.</p>;9.42962;46.72094;Oberdorf 6;7408;Cazis;+41 81 632 30 60;info@kloster-cazis.ch;https://www.kloster-cazis.ch;[{'@type': 'ImageObject', 'contentUrl': 'https://viatpimtsoch.sos-ch-dk-2.exoscale-cdn.com/catalog/c/1/6/3/c1637681cc43b2a176717d0d38811f9dfae6483f_dominikanerinnenkloster_cazis_im_fruehling_sommer_demateo.jpg', 'caption': {'de': 'Das Dominikanerinnenkloster im Frühling', 'en': 'The Dominican convent in spring', 'it': 'Il convento domenicano in primavera'}}];2025-10-27T21:38:22+01:00
437559bf-45f9-47c2-bf0e-a8325b70c460;Kirche St. Martin;Die romanische Bilderdecke ist weltberühmt. Sie hat die Kirche St. Martin zur "Sixtina der Alpen" gemacht.;<p>In der romanischen Epoche - anfangs des 12. Jahrhunderts - wurde dieses heute weltweit einzige noch erhaltene Werk geschaffen. Die Kirchendecke besteht aus 153 quadratischen Bildtafeln (neun Reihen à 17 Tafeln) von je rund 90 Zentimetern Seitenlänge.</p><p>Die Randfelder stellen seltsame Fabelwesen als Sinnbild des Bösen sowie Szenen aus der Jonas-Geschichte dar. Ferner sind Engel als Personifikation der vier Winde und Verkünder des Jüngsten Gerichts angeordnet. Die inneren Bilder sind Themen aus dem Leben Christi gewidmet. Die letzte Bilderreihe berichtet aus dem Leben des heiligen Martin.</p><p>Es lohnt sich auf jeden Fall, erst die Ausstellung zur Kirche zu besuchen und dann die Kirche. Die Ausstellung befindet sich an der Hauptstrasse, nur knapp 5 Gehminuten von der Kirche entfernt. Mit zeitgemässen museologischen Mitteln trägt die Ausstellung zum Verständnis der Kirchendecke und der mittelalterlichen Bilderwelt bei.</p><p></p><p><strong>Führungen Ausstellung/Kirche</strong></p><p>Jederzeit auf Voranmeldung möglich. Preis CHF 120.00, zuzüglich Eintritte. Reservation Tel.: <a href="tel:+41 81 661 22 55" rel="noopener noreferrer" target="_blank">+41 81 661 22 55</a> oder Mail <a href="mailto:ausstellung@zillis-st-martin.ch" rel="noopener noreferrer" target="_blank">ausstellung@zillis-st-martin.ch</a> an.</p>;9.441649317741394;46.63430650107123;Veia da Baselgia 11;7432;Zillis-Reischen;+41 81 661 22 55;ausstellung@zillis-st-martin.ch;https://zillis-st-martin.ch/;[{'@type': 'ImageObject', 'contentUrl': 'https://viatpimtsoch.sos-ch-dk-2.exoscale-cdn.com/catalog/0/4/a/0/04a07be6f2d58beeb00fbb66fc2dbaae488ed148_kirche_st__2_.jpg', 'caption': {'de': 'Die Kirche St. Martin in Zillis-Reischen', 'en': 'The church of St. Martin in Zillis-Reischen', 'it': 'La chiesa di San Martino a Zillis-Reischen'}}];2026-08-11T15:49:41+02:00
4479982f-4910-4d31-a431-2b82d6b16c79;Talmuseum Tgea da Schons, Zillis;Das Schamser Talmuseum befindet sich in einem typischen Bauernhaus mit Scheunendurchfahrt. Die einstige Lebensweise der Einheimischen lässt sich hier an Alltagsgegenständen längst vergangener Zeiten erahnen und nachvollziehen.;<p>Wie lebte man im Schams, als es noch keinen Strom aus der Steckdose gab? Wie wurde früher das Heu zu Tal gebracht? Wie wurde gebaut, als Handwerkzeuge noch Handwerkzeuge waren? Wie wurde gekocht? Was brachte eine Braut als Aussteuer in die Ehe mit? Auf all diese Fragen weiss die Ausstellung im Talmuseum Schams Antworten.</p>
<p><strong>Projekt «Tgea da Schons»</strong><br>Die Kirchendecke der Kirche St. Martin in Zillis, auch bekannt als "Sixtina der Alpen", besteht aus 153 einzigartigen quadratischen Bildtafeln, die im 12. Jahrhundert geschaffen wurden. Jährlich besuchen etwa 20.000 Menschen dieses Kunstwerk in der Berggemeinde südlich der Viamala-Schlucht. Um das Kulturerlebnis zu vertiefen und das Kulturgut zu schützen, soll das historische Talmuseum «Tgea da Schons» erweitert werden. Eine permanente Ausstellung zur romanischen Bilderdecke der Kirche St. Martin wird das kulturelle Verständnis fördern und das Bewusstsein für den Erhalt der Decke schärfen. Weitere Ausstellungen werden sich mit der Geschichte der Val Schons als Säumerort sowie mit der Wohnkultur der Region befassen. Diese Ausstellungen sollen sich ergänzen und Synergien schaffen. Ein Kulturraum neben der Kirche soll als Ort der Begegnung und Inspiration dienen und Seminare, Kurse und kulturelle Veranstaltungen beherbergen. Ein Café ist als Treffpunkt für Besucher der Ausstellungen und Einheimische geplant, um den regionalen Austausch zu fördern und das Dorfleben zu beleben.</p>
<ul>
<li><a href="https://tgea-da-schons.ch/">Weitere Informationen zum Projekt</a></li>
</ul>;9.442834854125977;46.63423283121691;Veia da Baselgia 18;7432;Zillis-Reischen;+41 79 406 71 10;info@tgea-da-schons.ch;https://tgea-da-schons.ch;[{'@type': 'ImageObject', 'contentUrl': 'https://viatpimtsoch.sos-ch-dk-2.exoscale-cdn.com/catalog/0/1/5/9/01599447d3a9a86ab55e193d0cf69a7772d17131_talmuseum_tgea_da_schons.jpg', 'caption': {'de': 'Talmuseum Tgea da Schons', 'it': 'Museo della Valle di Schons'}}];2025-10-27T21:38:24+01:00
461552ef-ef54-4d7c-ae9a-379e3e522ba1;Feuerstelle Trailcenter Thusis;Die Feuerstelle befindet sich beim Trailcenter und ist nur wenige Meter von der Badi Thusis entfernt.;<p><span style="font-weight: bold;">Ausstattung</span></p><ul><li>1 Feuerstelle</li><li>2 Tische mit Bänke (20 Sitzplätze)</li><li>4 Steine um die Feuerstelle, die als Sitzmöglichkeiten dienen</li><li>Abfallentsorgung vorhanden</li><li>Brennholz vorhanden</li></ul><p><br>Bitte allfällige Weisungen z.B. bezüglich <a href="https://www.gr.ch/DE/institutionen/verwaltung/diem/awn/aktuelles/Waldbrandgefahr/Seiten/aktuelle_waldbrandgefahr.aspx" target="_blank">Waldbrandgefahr </a>beachten.</p><p><span style="font-weight: bold;">Trailcenter<br></span><a href="https://mybusiness.outdooractive.com/de/r/52496421/" target="_blank">Das Trailcenter</a> ist das ideale Übungsgelände für Mountainbiker – egal ob Einsteiger, Geübte, Kinder oder Erwachsene. Zwei Rundkurse, sechs Linien mit verschiedenen Hindernissen und ein Platz mit Übungselementen bieten den perfekten Zugang zum Mountainbiken.</p><p><br></p>;9.447083473205566;46.70370310822184;Feuerstelle Train Center;7430;Thusis;+41 81 650 90 30;info@viamala.ch;https://www.viamala.ch;[{'@type': 'ImageObject', 'contentUrl': 'https://viatpimtsoch.sos-ch-dk-2.exoscale-cdn.com/catalog/7/b/9/5/7b95d2150fb7b7541f409f3351c780fee26f474d_Feuerstelle_Trailcenter_Thusis__3_.jpg', 'caption': {'de': 'Feuerstelle Trailcenter Thusis', 'en': 'Trailcenter Thusis fire pit', 'it': 'Posto di fuoco Trail Centre Thusis'}}];2026-03-11T12:43:14+01:00
472a525e-4bd3-4c7f-b36c-f96c34ed44f2;Aussichtspunkt Burgruine Obertagstein;Der Aussichtspunkt bei der Burg Obertagstein bietet ein atemberaubendes Panorama für alle, die schwindelfrei sind.;<p>Der Felsen, auf dem die Burg thront, fällt auf allen Seiten steil ab und eröffnet eine spektakuläre Rundumsicht auf die umliegende Landschaft. Die exponierte Lage der Ruine zeugt von der strategischen Bedeutung, die dieser Ort einst hatte.</p><p>1322 erstmals als „Taxstein“ erwähnt, bietet der Ort nicht nur beeindruckende Aussichten, sondern auch faszinierende Einblicke in die Baukunst vergangener Jahrhunderte. Die mächtige Schildmauer und die in mehreren Phasen errichtete Anlage weisen auf eine lange Nutzung hin. Besonders interessant ist das teilweise erhaltene Mauerwerk im Stil des <strong>Opus spicatum</strong>, einer speziellen Technik, bei der Steine in einem schräg versetzten Muster angeordnet wurden, das einem Ährenmuster ähnelt.</p>
<p>Ob für Geschichtsinteressierte oder Naturfreundinnen und -freunde – der Aussichtspunkt Burg Obertagstein lädt dazu ein, die Schönheit der Region aus luftiger Höhe zu geniessen.</p>;9.427701;46.685074;7430;Thusis;[{'@type': 'ImageObject', 'contentUrl': 'https://viatpimtsoch.sos-ch-dk-2.exoscale-cdn.com/catalog/5/7/7/e/577e91427b3031cd315a981b0d21e9f25f4bd110_aussicht_obertagstein_daniela_gredig_viamala_tourismus.jpeg', 'caption': {'de': 'Aussicht von der Burgruine Obertagstein', 'en': 'View from the Obertagstein castle ruins'}}];2026-04-28T08:22:14+02:00
484b47a3-fba2-445d-81ef-029543c965f5;Die Dreizehn;Zwischen Feldis und dem Dreibündenstein ragen sie plötzlich vor einem auf: dreizehn hohe, schlanke Frauengestalten aus Feldiser Lärchenholz.;<p>Eindrücklich und stolz stehen sie in der weiten Landschaft, als stünden sie da schon immer. Dass ihre nackten Körper verwittern, stört die Frauen nicht. Sie sind Teil der Natur geworden und werden es für immer bleiben. Kraftvoll. Berührend.</p>
<p>In Gruppen zu dritt und zu viert reden diese Frauen gelegentlich miteinander. Sie erzählen, wie Feuer, Erde, Luft und Wasser über Feldis gebieten, wie die Elemente das Leben am Berg erleichtern und erschweren zugleich. Die Gespräche wurden belauscht und sind auf Tafeln festgehalten.</p>
<p>Der Plastiker Stefan Hübscher erschuf mit seiner Motorsäge die archaisch anmutenden Frauen. Er wohnt in Basel, sein Atelier steht im Elsass. Christine Wullschleger, die den Frauen zugehört und ihre Gespräche aufgeschrieben hat, lebt in Zürich. Beide sind als Feriengäste seit Jahren mit Feldis eng verbunden.</p>;9.458391666412354;46.80061761719459;Mutta / Bergstation SSF;7404;Feldis;+41 81 650 90 30;info@viamala.ch;https://www.viamala.ch;[{'@type': 'ImageObject', 'contentUrl': 'https://viatpimtsoch.sos-ch-dk-2.exoscale-cdn.com/catalog/a/7/3/c/a73c761fe0316d9f5bafd9a309ae894d1f324cad_dreizehn_feldis_domleschg_kunstinstallation_herbst_demateo.jpg', 'caption': {'de': 'Die Kunstinstallation "Die Dreizehn" auf dem Feldiser Hochland', 'en': 'The art installation “The Thirteen” on the Feldiser Hochland', 'it': "L'installazione artistica “The Thirteen” sul Feldiser Hochland"}}];2025-10-27T21:38:25+01:00
48fd0f82-2067-4206-8f94-80f16abca0e3;Spielplatz Schulhaus Tartar;Der Spielplatz beim Schulhaus Tartar bietet verschiedene Spielmöglichkeiten, darunter ein Kletternetz und einen Sandkasten. Es gibt zudem einen Holztisch und Holzbänke als Sitzgelegenheiten für Pausen.;<p><strong>Ausstattung:</strong></p>
<ul>
<li>Rutschbahn</li>
<li>Kletternetz</li>
<li>Sandkasten</li>
<li>Tisch und Bank</li>
</ul>;9.41869;46.717339;Innerdorf 1;7422;Tartar;+41 81 650 90 30;info@viamala.ch;https://www.viamala.ch;[{'@type': 'ImageObject', 'contentUrl': 'https://viatpimtsoch.sos-ch-dk-2.exoscale-cdn.com/catalog/f/8/d/c/f8dced149e5d41ad3895507555fb2e4a8c95a72b_Spielplatz_Schulhaus_Tartar.jpg', 'caption': {'de': 'Spielplatz Schulhaus Tartar', 'en': 'Tartar school playground', 'it': 'Parco giochi della scuola di Tartar'}}];2025-10-27T21:38:25+01:00
4b24a31a-d174-4010-a945-972ad5c22c25;Muttner Höhi;Die Muttner Höhi, ein atemberaubender Aussichtspunkt auf 2003 m ü. M., ist ein verstecktes Juwel in den Schweizer Alpen. Hoch über Thusis gelegen, bietet er eine unvergleichliche Aussicht auf das Domleschg, das Schams, das Albulatal und den Heinzenberg. ;<p>Die Muttner Höhi thront majestätisch auf einem Bergsporn über dem Zusammenfluss von Hinterrhein und Albula und ist bekannt für ihre spektakulären Aussichten und botanische Vielfalt. Dieser besondere Aussichtspunkt über das Domleschg und den Heinzenberg gilt als einer der schönsten der Schweiz und lädt mit gleich drei idyllischen Bänken zum Verweilen ein – zwei mit Blick in eine Richtung und eine in die andere. Von Obermutten aus führt ein einfacher Wanderweg in 25 Minuten zum Gipfel, ideal für Familien und Gelegenheitswanderer, da nur 140 Höhenmeter zu überwinden sind. Am Gipfel geniesst man eine 360-Grad-Rundumsicht, und die Bänke sowie eine Grillstelle laden zur Pause ein.</p><p>Für diejenigen, die eine <a href="https://www.maps.viamala.ch/s/GZhWT" target="_blank">kleine Rundwanderung</a> bevorzugen, bietet sich eine Route an, die in etwa 50 Minuten von Obermutten zum Aussichtspunkt und wieder zurück führt. Obermutten selbst ist ein charmantes Bergdörfli mit einer einzigartigen Holzkirche und dem Berggasthaus Post mit einer aussichtsreichen Sonnenterrasse.&nbsp;</p><p>Die Muttner Höhi bietet Ruhe, Natur, Flora und eine unvergessliche Aussicht für alle Besucher.</p>;9.480428695678713;46.67953131306017;Viamala Tourismus;7431;Obermutten;+41 81 650 90 30;info@viamala.ch;https://www.viamala.ch/;[{'@type': 'ImageObject', 'contentUrl': 'https://viatpimtsoch.sos-ch-dk-2.exoscale-cdn.com/catalog/d/a/f/2/daf2a0d95b00aa7e2844e48a922eec62a2ac89db_aussicht_von_der_muttner_hoehi_richtung_heinzenberg_domleschg.jpg', 'caption': {'de': 'Muttner Höhi Sommer', 'en': 'View from the Muttner Höhi direction Heinzenberg and Domleschg', 'it': 'Vista dal Muttner Höhi in direzione di Heinzenberg e Domleschg'}}];2025-10-27T21:38:25+01:00
4bdd5136-db46-4ed2-a666-61c5689d0168;Öffentliche Toilette Splügen;Kostenlose Toilette beim Parkplatz Splügen Dorf, gleich bei der Postautohaltestelle.;<p>Die Toilette ist ganzjährig durchgehend geöffnet und barrierefrei zugänglich.<br></p>;9.319469332695009;46.552083504588815;Viamala Tourismus;7435;Splügen;+41 81 650 90 30;info@viamala.ch;https://www.viamala.ch;[{'@type': 'ImageObject', 'contentUrl': 'https://viatpimtsoch.sos-ch-dk-2.exoscale-cdn.com/catalog/2/1/5/b/215b6cce5d0a171a04dcad8095eed8b32eba62c8_steinplattendaecher_spluegen.jpg', 'caption': {'de': 'Splügen Dorf'}}];2025-10-27T21:39:42+01:00
4cda672f-1006-4140-a52d-92c78ff1a5b5;Walserama;Die historische Suste, erbaut um 1680, zur Zeit der „Port“ im Freistaat der Drei Bünde beherbergt eine Sammlung von Artefakte aus dem Kulturerbe der Walser im Rheinwald.;<p>Die einzigartigen, kulturhistorischen Exponate geben dem Besucher einen Einblick in den historischen Alltag der alten Walser. Sie umfassen unter anderem den Personentransport &uuml;ber die Rheinwalder P&auml;sse zur Zeit der Postkutschen und Schlitten, das h&auml;usliche Leben, die traditionelle Sennerei, das Holzhandwerk, die Buuchi und vieles mehr.</p>;9.247541806065442;46.54056375644541;Nufenen 32;7437;Nufenen;+41 81 664 14 14;stiftung-walserkultur@bluewin.ch;https://stiftung-walserkultur.jimdofree.com/;[{'@type': 'ImageObject', 'contentUrl': 'https://viatpimtsoch.sos-ch-dk-2.exoscale-cdn.com/catalog/b/e/e/d/beeda05876e8dcfbaff1f7df253a1981595ee929_walserama_museum_nufenen_sommer_markus_mueller.jpg', 'caption': {'de': 'Das Walserama in Nunfenen', 'en': 'The Walserama in Nunfenen', 'it': 'Il Walserama di Nunfenen'}}];2026-08-31T16:30:12+02:00
4d9d9a4a-afe7-4b81-bd3b-3a9edb5d7ab9;Schloss Schauenstein;Ein Ort der Historie und des guten Essens: Das Schloss Schauenstein ist heute dank 19-Gault-Millau-Punkte-Koch Andreas Caminada eine Kulinarik-Hochburg.;<p>Das Obere oder Schauensteinsche Schloss geht wie das Untere auf ein Wehrelement der bisch&ouml;flichen Burgenstadt des Mittelalters zur&uuml;ck. Die Freiherren von Schauenstein, die am Heinzenberg wie auch im Domleschg reiche G&uuml;ter besassen, machten den ehemaligen Festungsturm zum Eckpfeiler des von ihnen zwischen 1667 und 1676 erbauten Schlosses.</p><p>Am Portal des Westfl&uuml;gels erinnern neben der Jahreszahl 1667 die Initialen und Allianzwappen des Freiherren Johann Rudolf und seiner Gattin Emilie, geborene Molina an die Erbauer der Anlage. Der Letzte aus dem Stamm Schauenstein verkaufte Schloss und G&uuml;ter 1732 an Carl Ulysses von Stampa. Nach dem Grossbrand von 1742, der auch dieses Schloss zur Ruine gemacht hatte, wurde nur der &ouml;stliche Teil in herrschaftlichem Gepr&auml;ge wieder hergestellt, w&auml;hrend der westliche wesentlich einfacher gestaltet wurde.</p><p><strong>Vom Herrensitz zum Internat...</strong></p><p>1769 erwarb Barbara von Planta Schloss Schauenstein f&uuml;r ihren abenteuerlichen Sohn, Major Friedrich von Planta. Er brachte, vermutlich aus Frankreich, jene k&ouml;stlichen, auf Leinwand gemalten Sch&auml;ferszenen vor feinen Landschaften mit, die heute noch die W&auml;nde des Saales im Osttrakt schm&uuml;cken und dessen wohnliche Atmosph&auml;re pr&auml;gen.</p><p>Bald ging der Herrensitz des unruhigen &bdquo;Ziska&ldquo;, wie Friedrich von Planta mit seinem &Uuml;bernamen allgemein genannt wurde, an den Gesandten Peter Conradin von Planta. Dessen Witwe liess sich nach seinem Tod aus dem Westfl&uuml;gel ein Internat machen, in dem sich romanische und italienischsprachige Sch&uuml;ler auf den Eintritt in die Kantonsschule vorbereiten konnten. Aber 1840 wurde die Schule wieder geschlossen, und Schauenstein blieb seinem Schicksal &uuml;berlassen, bis es 1865 Peter von Planta kaufte, der dann 1876 auch das bisch&ouml;fliche Schloss erwarb.</p><p>... zum K&uuml;nstler- und Gourmethaus</p><p>Peters ber&uuml;hmtester Sohn, Robert, folgte dem Vater als Besitzer auf Schauenstein. Er liess das Schloss 1910-1912 ganz erneuern und machte es zu einem gern besuchten Treffpunkt f&uuml;r K&uuml;nstler und Wissenschaftler von Rang und Namen. Zentrum des geistvollen Kreises war stets der gelehrte und gastfreundliche Hausherr. Wenige Jahre nach dem Tod Roberts im Jahr 1937 verkaufte Gaudenz von Planta 1941 den Sitz an Rudolf Schoeller, der ihn 1961 an die Emser Werke ver&auml;usserte. Heute wird das Schloss als Restaurant und Hotel mit 19 Gault-Millau-Punkten von Starkoch Andreas Caminada als international beachtetes Gourmethaus gef&uuml;hrt.</p><p><strong>Zugang</strong></p><p>Das Schloss Schauenstein wird als Restaurant und Hotel genutzt. Die Anlage liegt direkt am&nbsp;<a href="https://mybusiness.outdooractive.com/de/r/23419810/" data-type="tour" data-id="23419810">Burgenweg Domleschg</a>.</p>;9.44607;46.721337;Obergass 15;7414;Fürstenau;+41 81 632 10 80;kontakt@schauenstein.ch;https://www.schauenstein.ch;[{'@type': 'ImageObject', 'contentUrl': 'https://viatpimtsoch.sos-ch-dk-2.exoscale-cdn.com/catalog/0/b/b/2/0bb2e2b007270dc3ec2968a9ff484668ca3f3a48_schloss_schauenstein_fuerstenau_domleschg_sommer_grf_tolisart.com.jpg', 'caption': {'de': 'Schloss Schauenstein Fürstenau', 'en': 'Castle Schauenstein Fürstenau'}}];2026-07-28T16:30:11+02:00
4e6e523e-1df8-4af4-b204-15071dd5a7b0;Kraftwerke Zervreila AG;Valserwasser wird in Rothenbrunnen zu Strom verarbeitet: Die Kraftwerke Zervreila machen es möglich!;<p>Die Kraftwerke Zervreila AG nutzt die Wasserkräfte eines 200 km2 grossen Einzugsgebietes im oberen Valsertal und des Safientals. Kern der Anlagen ist der Speichersee Zervreila mit seiner 151 m hohen Bogenstaumauer von 504 m Kronenlänge und 100 Mio. m3 Fassungsvermögen. Dieser Stausee erlaubt die Sommerzuflüsse des Valserrheins oberhalb der Sperrstelle sowie der rechtsufrigen Seitenbäche bis zum Peilerbach zu speichern. Erstmals genutzt wird das Speicherwasser in der am Fusse der Staumauer gelegenen Zentrale Zervreila. Durch den Überleitstollen mit einer Schluckfähigkeit von 20 m3/s gelangt es zur weiteren Nutzung ins Ausgleichsbecken Wanna im hinteren Safiental. Durch einen weiteren Druckstollen wird das Nutzwasser aus dem Ausgleichsbecken Safien Platz talauswärts und schliesslich durch den Heinzenberg ins Domleschg geleitet, wo es in der Zentrale Rothenbrunnen mit rund 673 m Gefälle verarbeitet wird. Drei horizontale Maschinensätze mit Zwillings-Peltonturbinen erbringen je 44 MW Leistung. Die Energie aller Werkstufen wird nach der Transformation auf 220 kV in der Freiluftschaltanlage Rothenbrunnen dem schweizerischen Hochspannungsnetz übergeben.</p>
<h4>Geführte Besichtigungen</h4><p>Montag - Freitag. Anmeldung online unter:&nbsp;<a href="http://www.kwz.ch/besichtigung/anfrage-besichtigung/">www.kwz.ch</a></p>;9.41824;46.76596;7405;Rothenbrunnen;+41 81 650 11 33;info@kwz.ch;https://www.kwz.ch;[{'@type': 'ImageObject', 'contentUrl': 'https://viatpimtsoch.sos-ch-dk-2.exoscale-cdn.com/catalog/0/a/3/6/0a3694df36abe882ebfd533a1ea517b30dcc1c95_stauanlage_zervreila.jpg', 'caption': {'de': 'Die Staumauer Zervreila', 'en': 'The Zervreila dam', 'it': 'La diga di Zervreila'}}];2025-10-27T21:38:25+01:00
4ebed2c8-059a-4a96-bce0-f05275280bc3;Feuerstelle Im Ried Masein;Die idyllische Feuerstelle liegt direkt am renaturierten Dorfbach zwischen Cresta und Masein. ;<p>Zu Fuss ist die Feuerstelle ab der Postauto-Haltestelle Cresta in ca. 10 Minuten erreichbar.&nbsp;Von der Bushaltestelle Cresta gehen Sie nach einigen Metern rechts Richtung Schloss Untertagstein. Kurz darauf biegen Sie links ab und folgen der Strasse. Sie unterqueren die Hauptstrasse und kommen bereits zum Dorfbach. Auf der rechten Seite befindet sich die Feuerstelle.</p><p><span style="font-weight: bold;">Ausstattung</span></p><ul><li>Brennholz vorhanden</li><li>Rost vorhanden</li><li>2 Tische mit je 8 Sitzplätze</li><li>Brunnen mit Trinkwasser</li><li>Sandkasten</li><li>Weidentipi<br><br></li></ul><p>Bitte allfällige Weisungen z.B. bezüglich <a href="https://www.gr.ch/DE/institutionen/verwaltung/diem/awn/aktuelles/Waldbrandgefahr/Seiten/aktuelle_waldbrandgefahr.aspx" target="_blank">Waldbrandgefahr </a>beachten.</p>;9.431055;46.702136;Viamala Tourismus;7425;Masein;+41 81 650 90 30;info@viamala.ch;https://www.viamala.ch;[{'@type': 'ImageObject', 'contentUrl': 'https://viatpimtsoch.sos-ch-dk-2.exoscale-cdn.com/catalog/c/e/8/0/ce80d06ab85bd4b69fa2fc582b8e5ec6cf54e1c3_Feuerstelle_Im_Ried_Masein.jpg', 'caption': {'de': 'Feuerstelle Im Ried Masein', 'en': 'Fire pit Im Ried Masein'}}];2026-03-11T12:43:14+01:00
4ef96999-eb8e-43c4-9cc5-70a82f0ede0c;Pschuuri;Immer am Aschermittwoch ist in Splügen ein alter Fasnachtsbrauch heute noch lebendig. «Pschuuri, Bschuri, Bschürälä, Bschuurrimittwucha» sind Ausdrücke, die man in vielen Walsergebieten Graubündens heute noch antrifft. Gemeint ist damit das Schwärzen von nicht verheirateten Frauen und Jugendlichen. In Splügen, dem Hauptort des Rheinwaldes, ist dieser Brauchtum noch in der alten Form lebendig und wird von der Jungmannschaft organisiert und zelebriert.;<p>Am Aschermittwoch gleicht Splügen einem Ameisenhaufen. An allen Winkeln und Ecken erscheinen Schulkinder und ledige Mädchen, die im Nu wieder im Dunkeln untertauchen. Schuld an diesem Treiben sind die «Pschuurirolli», die ledigen Burschen, die in Felle gehüllt, den Aschensack gefüllt, den Jugendlichen nachstellen.</p>
<p>Die Saumrolle, ein Ledergurt mit kugelförmigen Schellen besetzt, die die «Maschgärä» (Masken) um die Hüfte gebunden haben, verrät sie und gibt den Opfern einen kleinen Vorsprung, der meistens nicht genügt. Im ganzen Dorf laufen dann die Mädchen und Kinder mit russschwarzen Gesichtern herum, als wären sie Schornsteinfeger von Beruf.</p>
<p>Bis zum Sonnenuntergang müssen sie alle «pschuuret» (geschwärzt) sein. Die Rezeptur, nach der die schwarze Aschenmasse angemacht wird, ist ein gut gehütetes Geheimnis, das nur eine kleine Gruppe Eingeweihter kennt. Am Abend wandelt sich das Bild. Die Gefürchteten, nun als «Mannli und Wibli» verkleidet, ziehen von Haus zu Haus, wo sie Eier heischen. «Mannli und Wibli» bleiben bei den Besuchen in den Häusern der Dorfbewohner solange maskiert und verstellen die Stimme, bis der Hausherr die Jugendlichen erkennt.</p>
<p>Oft kommt es vor, dass das Bettelpaar unerkannt in der Dunkelheit mit der gemachten Beute wieder verschwindet. Aus den gesammelten Eiern wird Eiersalat und «Resimäda», ein Trunk aus Wein, Eiern und weiteren Zutaten, hergestellt.&nbsp;Diese Köstlichkeiten werden&nbsp;ab Mitternacht beim «Eierschmaus» serviert. Zu diesem Fest sind alle eingeladen.&nbsp;Der Überlieferung nach sollen diese Eierspeisen und Getränke die heiratsfähige Jugend stärken und die Fruchtbarkeit dieser Generation und die der Felder fördern.</p>
<p><strong>Ablauf</strong></p>
<ul>
<li><strong>Vormittags</strong> kostümieren sich die Vorschulkinder und Erst- und Zweit-Klässler und&nbsp;ziehen gruppenweise von Haus zu Haus und betteln mit dem Spruch «Pschuuri, Pschuuri Mittwuchä, äs Eischi oder äs Meitschi». Sie erhalten Süssigkeiten, Mandarinen, Nüsse oder eine Wurst. Um die Mittagszeit kehren sie heim.</li>
<li><strong>Um 13 Uhr</strong> tauchen die «Pschuurirolli», auch «Maschggerä» (Masken) genannt, in den Gassen auf und versuchen bis zum Sonnenuntergang möglichst alle ledigen Mädchen und Kinder zu schwärzen.</li>
<li><strong>Ab 19 Uhr</strong>&nbsp;ziehen die Burschen zusammen mit den später angereisten Mitgliedern der Jungmannschaft und sammeln Eier, aus denen Eiersalat und das traditionelle Getränk «Resimäda» zubereitet wird. Die Mädchen, Einheimischen und Gäste sind zum Fest in einem alten Stall eingeladen.</li>
<li><strong>Um Mitternacht </strong>legen die «Maschggerä» ihre Larven ab, der Eierschmaus beginnt und es wird bis in die frühen Morgenstunden gefeiert.</li>
</ul>;9.3234097;46.553071;Viamala Tourismus;7435;Splügen;+41 81 650 90 30;info@viamala.ch;https://www.viamala.ch;[{'@type': 'ImageObject', 'contentUrl': 'https://viatpimtsoch.sos-ch-dk-2.exoscale-cdn.com/catalog/6/b/f/c/6bfca68fa49fa33ec831f509a2af2fdb0f39a4e5_pschuuri_spluegen_sobald_die_kirchenglocke_laeutet_laufen_die_maschgaerae_los_und_verteilen_sic.jpg', 'caption': {'de': 'Die "Maschggerä" unterwegs in Splügen', 'en': 'The “Maschggerä” on the road in Splügen', 'it': 'La “Maschggerä” sulla strada di Splügen'}}];2025-10-27T21:38:25+01:00
4f4b9d8c-3ace-457c-9c99-6d47e6f30ba1;Burgruine Splügen;Die östlich von Splügen gelegene Burgruine ist die einzige Burganlage im Tal.;Die Burgruine liegt unweit östlich des Dorfes auf einer Geländeterrasse über dem Hinterrhein. Der wehrhafte Palas mit zwingerartigem Vorhof steht am alten Talweg und an einer Letzi, die hier einst den Durchgang versperrte. Über die Bauherrschaft besteht keine Klarheit. Die ältere Literatur weist die Burg dem späten 13. Jhdt. und den Freiherren von Vaz zu. Gemäss neueren Forschungsergebnissen ist es aber wahrscheinlicher, dass sie erst um 1340 durch die Grafen von Werdenberg-Sargans errichtet wurde.;9.334301948547363;46.55725757306483;Grüeniweg;7435;Splügen;+41 81 650 90 30;info@viamala.ch;https://www.viamala.ch;[{'@type': 'ImageObject', 'contentUrl': 'https://viatpimtsoch.sos-ch-dk-2.exoscale-cdn.com/catalog/8/f/9/c/8f9ca44a530dddb34ecb00a391326a26cf60f79b_burgruine_spluegen_rheinwald_sommer_demateo.com.jpg', 'caption': {'de': 'Burgruine Splügen'}}];2025-10-27T21:38:25+01:00
50f4eded-7dcf-4148-9cc0-c709026124bd;Feuerstelle Libi;Schöne Feuerstelle direkt am Libi-See auf 2001 m ü. M. am Fusse des Piz Beverin.;<p>Die Feuerstelle ist zu Fuss&nbsp;ab Mathon oder Lohn in ca. 1.5 Stunden erreichbar. Der Aufstieg über die Wanderwege erfordert gutes Schuhwerk.&nbsp;Es sind ein Tisch und diverse Sitzgelegenheiten um die Feuerstelle vorhanden. Die Blumenpracht auf den Bergwiesen um den See ist gerade im Frühling ein echtes Naturschauspiel. Zudem kann man sich im Bergsee die Füsse kühlen, beispielsweise nach einer Wanderung auf den angrenzenden Piz Beverin (2998 m ü. M.).&nbsp;Dieser ist einer der berühmtesten Aussichtsberge Graubündens.</p><p><span style="font-weight: bold;">Ausstattung</span></p><ul><li>Rost vorhanden</li><li>1 Tisch mit 6 Sitzplätzen</li><li>1 Feuerstelle</li><li>2 Bänke um die Feuerstelle<br></li></ul><p><br>Bitte allfällige Weisungen z.B. bezüglich <a href="https://www.gr.ch/DE/institutionen/verwaltung/diem/awn/aktuelles/Waldbrandgefahr/Seiten/aktuelle_waldbrandgefahr.aspx" target="_blank">Waldbrandgefahr </a>beachten.</p>;9.402889;46.652032;Viamala Tourismus;7433;Lohn;+41 81 650 90 30;info@viamala.ch;https://www.viamala.ch;[{'@type': 'ImageObject', 'contentUrl': 'https://viatpimtsoch.sos-ch-dk-2.exoscale-cdn.com/catalog/3/d/7/1/3d717bbb198f9bb5898c2095b36e49d1f179aac8_Libi_See_Lohn_Schamserberg.jpg', 'caption': {'de': 'Libi-See', 'en': 'Libi Lake', 'it': 'Lago Libi'}}];2026-03-11T12:43:14+01:00
5161a78a-267f-4dce-a48a-9b757a66aa9a;Feuerstelle Dürrabüel;Von der Feuerstelle Dürrabüel hat man eine sehr schöne Aussicht Richtung Rheinwald. Lassen Sie sich von der umliegenden Bergwelt verzaubern. ;<p>Die Feuerstelle liegt auf dem Walserweg Nr. 35 auf der Etappe 1 San Bernardino - Hinterrhein. Vom San Bernardinopass sowie von Hinterrhein ist die Feuerstelle in ca. 1h Fussmarsch erreichbar.</p><p><span style="font-weight: bold;">Ausstattung</span></p><ul><li>1 Feuerstelle</li><li>Grillrost vorhanden</li><li>Brennholz vorhanden</li><li>1 Tisch mit ca. 14 - 16 Sitzplätzen (gedeckt)<br></li></ul><p><br>Bitte allfällige Weisungen bezüglich <a href="https://www.gr.ch/DE/institutionen/verwaltung/diem/awn/aktuelles/Waldbrandgefahr/Seiten/aktuelle_waldbrandgefahr.aspx" target="_blank">Waldbrandgefahr </a>beachten.&nbsp;</p>;9.186286926269533;46.51777926504069;Dürrabüel;7438;Hinterrhein;+41 81 650 90 30;info@viamala.ch;https://www.viamala.ch;[{'@type': 'ImageObject', 'contentUrl': 'https://viatpimtsoch.sos-ch-dk-2.exoscale-cdn.com/catalog/f/6/5/b/f65b920966ec6576aa851616490ae69c7a474050_Feuerstelle_D__rrab__el_Unterstand.jpg', 'caption': {'de': 'Feuerstelle Dürrabüel', 'en': 'Dürrabüel fire pit', 'it': 'Fucina Dürrabüel'}}];2026-03-11T12:43:14+01:00
55366ba6-f56c-46ad-8c3d-a07c4f2c2dcf;Feuerstelle Casealas;Die Feuerstelle befindet sich wenige Minuten vom Parkplatz der Sesselbahn Feldis-Mutta oder der Bushaltestelle Scheid, Plazza entfernt.;<p>Der Platz befindet&nbsp;sich direkt am Rundweg <a href="https://mybusiness.outdooractive.com/de/r/51480426/" target="_blank">Naturerlebnis Feldis - Element Erde</a>. Rund um die Feuerstelle hat es viel Platz für Kinder zum Spielen und Toben.</p><p><span style="font-weight: bold;">Ausstattung</span></p><ul><li>1 Feuerstelle</li><li>Rost vorhanden</li><li>Brennholz vorhanden</li><li>Ca. 10 Sitzplätze<br><br></li></ul><p>Bitte allfällige Weisungen z.B. bezüglich <a href="https://www.gr.ch/DE/institutionen/verwaltung/diem/awn/aktuelles/Waldbrandgefahr/Seiten/aktuelle_waldbrandgefahr.aspx" target="_blank">Waldbrandgefahr </a>beachten.</p>;9.440211653709412;46.78641184796132;Casealas;7404;Feldis;+41 81 650 90 30;info@viamala.ch;https://www.viamala.ch;[{'@type': 'ImageObject', 'contentUrl': 'https://viatpimtsoch.sos-ch-dk-2.exoscale-cdn.com/catalog/3/e/d/8/3ed8da61c1537eb02e28d6f08b7c0f225923cc28_Feuerstelle_Casealas_Feldis.jpg', 'caption': {'de': 'Feuerstelle Casealas Feldis', 'en': 'Casealas Feldis fireplace', 'it': 'Caminetto Casealas Feldis'}}];2026-03-11T12:43:14+01:00
575af3fc-27d1-44ee-b672-5df142fc6e48;Stellplatz Avers-Juppa;Der Parkplatz in Avers-Juppa beim Ponylift darf von Campern genutzt werden.;<p><strong>Sanit&auml;ranlage<br></strong>&Ouml;ffentliche Toilette in unmittelbarer N&auml;he</p><p><strong>Kosten<br></strong>25.00 CHF pro Fahrzeug und Nacht inkl. G&auml;steabgabe</p><p><strong>Zahlung<br></strong>Direkt &uuml;ber die App&nbsp;<a href="https://www.parknsleep.app/ps/20029919" target="_blank" rel="noopener">Parkn'Sleep</a>.</p><p><strong>Maximaler Aufenthalt</strong><br>3 N&auml;chte</p><p><strong>Abfall</strong><br>Keine M&ouml;glichkeit f&uuml;r Abfallentsorgung</p>;9.551180005073547;46.4492715409318;Loretsch Hus;7447;Avers;+41 81 667 11 62;gemeinde@avers.ch;https://gemeindeavers.ch/;[{'@type': 'ImageObject', 'contentUrl': 'https://viatpimtsoch.sos-ch-dk-2.exoscale-cdn.com/catalog/a/3/d/3/a3d365e44554a2ebd2b81b09b5a5b2aaeca1dc0e_avers_juf_und_juppa_sommer_herbst_demateo.jpg', 'caption': {'de': 'Avers Juf und Juppa', 'en': 'Avers Juf and Juppa', 'it': 'Avers Juf e Juppa'}}];2025-10-27T21:38:25+01:00
5a17ca8e-bcd9-4aae-8b33-5a649b6cf1da;Reformierte Kirche Feldis;Die reformierte Kirche in Feldis/Veulden im Ausserdomleschg ist ein evangelisch-reformiertes Gotteshaus unter dem Denkmalschutz des Kantons Graubünden.;<p>Die Kirche ist ersturkundlich in einem Dokument ungefähr aus dem Jahr 1400 erwähnt und stand unter dem&nbsp;Patrozinium&nbsp;von&nbsp;Hippolyt. Möglicherweise geht der&nbsp;rätoromanische&nbsp;Dorfname&nbsp;Veulden&nbsp;etymologisch&nbsp;auf den Namen dieses Heiligen zurück. Die Annahme der&nbsp;Reformation&nbsp;erfolgte relativ spät 1583. </p><p>Das von aussen unverputzte Kirchenschiff trägt ein&nbsp;Walmdach. Dem&nbsp;Kirchturm&nbsp;eingebaut ist eine eingeschossige Glockenstube. Im Inneren stehen im Mittelpunkt eine holzschnittverzierte&nbsp;polygonale&nbsp;Kanzel&nbsp;ohne&nbsp;Schalldeckel, ein symmetrisch im Zentrum des durch zwei Stufen erhöhten&nbsp;Chores&nbsp;stehender&nbsp;Tauf-&nbsp;und&nbsp;Abendmahlstisch&nbsp;und eine&nbsp;dreiprospektige&nbsp;Orgel&nbsp;an der abschliessenden Chorwand. </p><p>Die&nbsp;Evangelisch-reformierte Landeskirche Graubünden&nbsp;führt&nbsp;Feldis/Veulden&nbsp;als&nbsp;Predigtstätte&nbsp;der <a href="https://www.ekga.ch/">Kirchgemeinde Ausserdomleschg.</a></p>;9.431931674480438;46.79355560032749;Platz 12;7404;Feldis;info@ekga.ch;https://www.ekga.ch/Unsere-Kirchen/Feldis-Veulden/;[{'@type': 'ImageObject', 'contentUrl': 'https://viatpimtsoch.sos-ch-dk-2.exoscale-cdn.com/catalog/1/a/2/a/1a2aa335add4a115c17bbedf6148b2dd2d89c6a6_feldis_dorf_mit_reformierter_kirche_sommer_demateo.jpg', 'caption': {'de': 'Feldis mit der reformierten Kirche im Frühling', 'en': 'Feldis with the reformed church in spring', 'it': 'Feldis con la chiesa riformata in primavera'}}];2025-10-27T21:38:25+01:00
5c09c6b0-b1fb-4ffb-b103-1c9823014f28;Feuerstelle Sumas Artgas;Die aussichtsreiche Feuerstelle befindet sich ca. 15 Minuten zu Fuss ab der Bergstation Luftseilbahn Rhäzüns-Feldis.;<p>Von der&nbsp;Feuerstelle hat man eine herrliche&nbsp;Aussicht auf das UNESCO Welterbe Sardona mit einer weltweit einzigartigen&nbsp;Sichtbarkeit der Gebirgsbildung. Etwas unterhalb der Stelle befindet sich zudem eine Panoramatafel mit Informationen zum UNESCO Welterbe Sardona.</p><p><span style="font-weight: bold;">Ausstattung</span></p><ul><li>1 Feuerstelle</li><li>Grillrost vorhanden</li><li>1 Tisch&nbsp;mit Bänke (8 Sitzplätze)</li><li>Brennholz vorhanden</li></ul><p><br>Bitte allfällige Weisungen z.B. bezüglich <a href="https://www.gr.ch/DE/institutionen/verwaltung/diem/awn/aktuelles/Waldbrandgefahr/Seiten/aktuelle_waldbrandgefahr.aspx" target="_blank">Waldbrandgefahr </a>beachten.</p>;9.434224963188171;46.79953064842845;Sumas Artgas;7404;Feldis;+41 81 650 90 30;info@viamala.ch;https://www.viamala.ch;[{'@type': 'ImageObject', 'contentUrl': 'https://viatpimtsoch.sos-ch-dk-2.exoscale-cdn.com/catalog/9/1/8/a/918a870e22ea144f1d7207e837c93822e5fd2f38_Feuerstelle_Sumas_Artgas_Feldis.jpg', 'caption': {'de': 'Feuerstelle Sumas Artgas Feldis', 'en': 'Sumas Artgas Feldis fireplace', 'it': 'Caminetto Sumas Artgas Feldis'}}];2026-03-11T12:43:14+01:00
5e1c1a53-b962-49e7-9107-950d99d4e107;Spielplatz Nufenen;Der Spielplatz befindet sich direkt neben dem Kindergarten - gegenüber der Kirche, den Weg hoch. Er bietet verschiedene Spielmöglichkeiten wie Rutschbahn, Spielturm, Schaukeln und Sandkasten.;<p><strong>Ausstattung:</strong></p>
<ul>
<li>Abfallentsorgung</li>
<li>Sitzbank</li>
<li>Sandkasten</li>
<li>Schaukel</li>
<li>Rutschbahn</li>
<li>Spielturm</li>
<li>Fussballtore</li>
</ul>;9.244344;46.53967;Dorfstrasse 11;7437;Nufenen;+41 81 650 90 30;info@viamala.ch;https://www.viamala.ch;[{'@type': 'ImageObject', 'contentUrl': 'https://viatpimtsoch.sos-ch-dk-2.exoscale-cdn.com/catalog/8/0/1/b/801bd6cb54dbe3dd6df20164df919d6b31d7d4b8_Spielplatz_Nufenen.jpg', 'caption': {'de': 'Spielplatz Nufenen', 'en': 'Nufenen playground', 'it': 'Parco giochi Nufenen'}}];2025-10-27T21:38:25+01:00
5e954e6a-97ee-4b86-b8bc-763d51e2325e;Burg Innerjuvalt;Die Burg Innerjuvalt (häufig auch als Oberjuvalt bezeichnet) erhebt sich majestätisch hoch über dem südlichen Dorfende Rothenbrunnens auf einem Felsvorsprung.;Die Burganlage wurde vermutlich um 1250 durch die Herren von Juvalt errichtet. Sie befand sich bis 1515 in ihrem Besitze und wurde 1550 als Ruine erwähnt. Die Burg wurde seit 1979 schrittweise renoviert und in einen möglichst ursprünglichen Zustand versetzt. An der höchsten Stelle des Felsens steht ein dreigeschossiger Turm. <br>Der vorgesetzte Innenhof, welcher gegen das Tal von einer Brüstungsmauer umgeben ist, entstand später. Die faszinierende Burganlage, die sich im Besitze des Burgenvereins Domleschg befindet und oft auch als Oberjuvalt bezeichnet wird, ist dank dieser umfassenden Renovationsarbeiten wieder zugänglich.;9.43164;46.768315;Burgschenke Burg Oberjuvalt;7405;Rothenbrunnen;+41 81 650 90 30;info@viamala.ch;https://www.viamala.ch;[{'@type': 'ImageObject', 'contentUrl': 'https://viatpimtsoch.sos-ch-dk-2.exoscale-cdn.com/catalog/4/e/9/5/4e950f3e8834542c788665baae23c8d25c0bfa0f_burg_oberjuvalt_rothenbrunnen_sommer.jpg', 'caption': {'de': 'Burg Oberjuvalt', 'it': 'Castello di Oberjuvalt'}}];2025-10-27T21:38:26+01:00
601168e7-e3f3-4199-9b99-25353494799b;Aussichtspunkt Känzeli Thusis;Schöner Aussichtspunkt oberhalb von Thusis.;Das Känzeli&nbsp;ist von Thusis oder Rongellen erreichbar und bietet eine herrliche Aussicht ins Tal.<br>Zu Fuss führt ein steiler Weg von Übernolla durch das Übernollawäldli hoch zum Aussichtspunkt. Es sind Trittsicherheit und Schwindelfreiheit erforderlich. Mit dem Bike führt ein Weg von Übernolla entlang dem Saissabach oder über Rongellen hoch zum Känzeli.;9.439038187265396;46.68971857407498;Känzeli;7430;Thusis;+41 81 650 90 30;info@viamala.ch;https://www.viamala.ch;[{'@type': 'ImageObject', 'contentUrl': 'https://viatpimtsoch.sos-ch-dk-2.exoscale-cdn.com/catalog/a/b/1/c/ab1c01752a34ce5ed7c6fc976a16d0dba72d5a0b_aussichtspunkt_kaenzeli_thusis.jpg', 'caption': {'de': 'Aussichtspunkt Känzeli Thusis', 'en': 'Viewpoint Känzeli Thusis'}}];2025-10-27T21:38:26+01:00
61b25c76-94ca-4051-8157-ff725fda32fc;Öffentliche Toilette Mineralbad Andeer;Die öffentliche Toilette befindet sich auf dem grossen Parkplatz beim Mineralbad Andeer.;Die Toilette ist ganzjährig durchgehend geöffnet und barrierefrei zugänglich.;9.426848888397219;46.60552688840546;Veia Granda 2/1;7440;Andeer;+41 81 650 90 30;info@viamala.ch;http://www.viamala.ch;[{'@type': 'ImageObject', 'contentUrl': 'https://viatpimtsoch.sos-ch-dk-2.exoscale-cdn.com/catalog/3/e/7/9/3e797d9c563787c1d2382be6d084e865fe6dc4dd_toilette_parkplatz_mineralbad.jpg', 'caption': {'de': 'Öffentliche Toilette beim Mineralbad Andeer'}}];2025-10-27T21:39:42+01:00
64ee3009-f39b-44e0-a552-eef4ce08197b;Stellplatz Camping Thusis;Stellplatz ca. 30-40 m2 für einen Wohnwagen oder ein Motorhome, auf einem flachen Gelände mit Naturboden in der Waldzone, teilweise mit Schatten unter Föhren. Der Stellplatz liegt vor einem Campingplatz.;<p><strong>Infrastruktur</strong><br>Direkter Stromanschluss (16 A, Eurostecker), Ausguss für Chemietoiletten. Keine Schneeräumung. Im Preis inbegriffen: Stellplatz, Strom. Max. 2 Haustiere.</p>
<p><strong>Parkn'Sleep</strong><br>Die Stellplätze&nbsp;können direkt über die <a href="https://www.parknsleep.app/ps/35493963">Parkn'Sleep</a>&nbsp;App gebucht und bezahlt werden.</p>;9.445538520812988;46.69979427996883;Pantunweg 3;7430;Thusis;+41 81 651 24 72;camping.thusis@tcs.ch;http://www.tcs-camping.ch/thusis;[{'@type': 'ImageObject', 'contentUrl': 'https://viatpimtsoch.sos-ch-dk-2.exoscale-cdn.com/catalog/0/3/d/6/03d6211ff2eccd6ab77f1d635a98a01f24d4e4dc_tcs_camping_thusis_viamala__2_.jpg', 'caption': {'de': 'TCS Camping Thusis', 'en': 'TCS Camping Thusis', 'it': 'TCS Campeggio Thusis'}}];2025-10-27T21:38:26+01:00
655f8be6-d7d8-44db-97c6-dbfc2b4020ff;Feuerstelle Avers-Juppa;Die Feuerstelle befindet sich wenige Meter zu Fuss vom Parkplatz Juppa, beim Start und Ziel des Murmeltier Erlebnis- und Lehrpfades.;<p>Die Feuerstelle liegt direkt beim Spielplatz, welcher sehr liebevoll nach dem Thema "Murmeltier" gestaltet wurde.</p><p><span style="font-weight: bold;">Ausstattung</span></p><ul><li>1 Feuerstelle</li><li>2 Tische&nbsp;mit ca. 18 Sitzplätzen</li><li>Rost vorhanden</li><li>Feuerholz vorhanden</li><li>Brunnen mit Trinkwasser<br></li><li>Spielplatz</li><li>Abfallentsorgung vorhanden<br></li></ul><p><br>Bitte allfällige Weisungen z.B. bezüglich <a href="https://www.gr.ch/DE/institutionen/verwaltung/diem/awn/aktuelles/Waldbrandgefahr/Seiten/aktuelle_waldbrandgefahr.aspx" target="_blank">Waldbrandgefahr </a>beachten.</p>;9.551520645618439;46.44848848918815;Juppa;7447;Avers;+41 81 650 90 30;info@viamala.ch;https://www.viamala.ch;[{'@type': 'ImageObject', 'contentUrl': 'https://viatpimtsoch.sos-ch-dk-2.exoscale-cdn.com/catalog/c/9/d/1/c9d1f43cc732d31e0eca9279a3a102632e1ab43d_Feuerstelle_Avers_Juppa.jpg', 'caption': {'de': 'Feuerstelle Avers-Juppa', 'en': 'Fire pit Avers-Juppa', 'it': 'Fossa antincendio Avers-Juppa'}}];2026-03-11T12:43:14+01:00
666ce74d-6b02-48c0-95de-34c27a0fd74a;Reformierte Kirche Nufenen;Die reformierte Kirche in Nufenen ist ein geschütztes Denkmal des Kantons Graubünden. Seit der Einführung der Reformation um das Jahr 1530, was durch ein Glasfenster im Chorraum mit einem Vers aus einem Lied von Martin Luther ("Ein feste Burg ist unser Gott") verdeutlicht wird, dient sie als Predigtkirche.;<p>Von etwa 1300 bis 1696 waren Nufenen und Hinterrhein in kirchlicher Hinsicht eine Einheit, ehe sich Nufenen bis 1874 selbstständig machte. Danach fanden beide Gemeinden wieder zusammen. Die Nufener Kirche wurde 1643 gegründet, als die Unruhen in Graubünden nachliessen und sich die politische und kirchliche Lage stabilisierte. </p><p>Der schlicht verputzte Kirchturm ist mit einer markanten Zwiebelhaube gekrönt. Im Inneren der Kirche fallen eine Kanzel ohne Schalldeckel auf der linken Seite und ein Taufstein im Chorraum auf, auf dem auch das Abendmahl zelebriert wird. Der Chor ist durch einen Segmentbogen vom Kirchenschiff</p>;9.244510978460312;46.539565638543515;Kirchgasse;7437;Nufenen;+41 81 664 11 25;https://www.kirche-rheinwald.ch/kontakte;[{'@type': 'ImageObject', 'contentUrl': 'https://viatpimtsoch.sos-ch-dk-2.exoscale-cdn.com/catalog/a/8/d/c/a8dc44638a7d540644818e8a14ca9933b69e7f5a_nufenen_im_rheinwald.jpg', 'caption': {'de': 'Nufenen im Herbst', 'en': 'Nufenen in the fall', 'it': 'Nufenen in autunno'}}];2025-10-27T21:38:28+01:00
66e50ccf-23bc-4d60-9f41-1e5824ecf97c;Kapelle St. Lorenz;Die Kapelle St. Lorenz steht nördlich von Paspels im Domleschg auf einer Höhe von 840 m ü. M. am Rand einer gegen Westen und Norden senkrecht abstürzenden flachen Hügelkuppe.;<p>Der Zeitpunkt der Erbauung ist unbekannt. Ausgrabungen zeigten, dass es bereits vor dem Bau eine Begräbnisstätte auf dem Hügel gab. Eine erste Kapelle stand wohl schon im 7. Jahrhundert.&nbsp;Blendarkaden&nbsp;im Innern an der südlichen Turmseite deuten auf eine Entstehungszeit im 11. Jahrhundert. 1237 wird die Kapelle als Pfarrkirche von Paspels erstmals urkundlich genannt als ein&nbsp;Leutpriester&nbsp;bestellt wurde. Vermutlich war St. Lorenz zugleich die Hauptkirche der gesamten rechten Talseite. </p><p>Grabungen von&nbsp;Walo Burkart&nbsp;am Südrand der obersten Kuppe aus dem Jahr 1933 brachten Reste einer 1 Meter starken Ringmauer zum Vorschein. St. Lorenz war offenbar bewehrt, entwickelte sich im Gegensatz zu&nbsp;Hohen Rätien&nbsp; oder Jörgenberg aber nicht zur Feudalburg weiter. </p><p>Die Kapelle gehörte im 13. Jahrhundert zu den Besitzungen der&nbsp;Freiherren von Vaz. Aus einer päpstlichen&nbsp;Bulle&nbsp;vom 21. April 1464 geht hervor, dass die Patronatrechte von den Vazern an das&nbsp;Prämonstratenserstift&nbsp;Churwalden&nbsp;übergingen;&nbsp;S. Laurentius probe Baschuals&nbsp;wird dort als dessen Besitz aufgeführt.&nbsp;Hier wird die Kirche letztmals als&nbsp;ecclesia parochialis&nbsp;aufgeführt. Bereits 1486 wird die Kirche in&nbsp;Tumegl/Tomils&nbsp;als solche genannt. Nach 1513 wird St. Lorenz nur noch als Kapelle erwähnt.</p>;9.436948746442795;46.756776533580606;Quadrella;7417;Paspels;+41 81 650 90 30;info@viamala.ch;https://www.viamala.ch;[{'@type': 'ImageObject', 'contentUrl': 'https://viatpimtsoch.sos-ch-dk-2.exoscale-cdn.com/catalog/0/1/6/3/016332ea6d7d09cabcda02713fe90ef66b4208bf_kapelle_sankt_lorenz_paspels_domleschg_fruehling_demateo_1.jpg', 'caption': {'de': 'Die Kapelle Sankt Lorenz in Paspels im Domleschg', 'en': 'The chapel of St. Lorenz in Paspels in Domleschg', 'it': 'La cappella di San Lorenz a Paspels a Domleschg'}}];2025-10-27T21:38:28+01:00
6837410b-72cc-43ac-bd14-d584a1544252;Ruine Hochjuvalt;Burgstätte mit Fernsicht: Nur noch die Westecke des einst fünfstöckigen Turms ragt heute auf einem Felsen mitten in der Talenge bei Rothenbrunnen in den Himmel.;<!-- ####### HEY, I AM THE SOURCE EDITOR! #########-->
<p>Die Burg Hochjuvalt war Sitz einer Herrschaft, zu der auch Scheid und Feldis gehörten. Die Bedeutung ihrer Situation lag darin, dass der Vogelsang die Strasse von Chur bei ihrem Eintritt ins Domleschg zu sperren vermochte. Sie wurde in der Schamserfehde zerstört, danach aber wieder aufgebaut. 1462 wurde Hoch-Juvalta von Barbara von Juvalta an Junker Pedrut von Wannis verkauft, und anfangs des 16. Jahrhunderts aufgegeben. Die Anlage besteht aus zwei Teilen, der eigentlichen Burg auf dem Felskopf und den Bauten auf der Strasse, in denen wir den Hof Juvalta zu sehen haben. Von der Burg sind nur noch ein Mauerzahn des viergeschossigen Wohnturmes sowie geringe Reste eines Anbaus und des Berings vorhanden. Der „Hof“ war von einem geschlossenen, nachträglich erweiterten Mauerring umgeben, der die Strasse in zwei Toren durchliess. Teile dieser Mauer und eines Eckgebäudes stehen noch aufrecht.</p>
<p>&nbsp;</p>
<p><strong>Zugang</strong></p>
<p>Der Felskopf ist nicht zugänglich.</p>;9.420982;46.778145;Gemeinde Rothenbrunnen;7405;Rothenbrunnen;+41 81 650 90 30;info@viamala.ch;https://www.viamala.ch;[{'@type': 'ImageObject', 'contentUrl': 'https://viatpimtsoch.sos-ch-dk-2.exoscale-cdn.com/catalog/4/8/1/f/481f4ab3b7c81c446a17c6a7d85cafc714e6f901_ruine_hochjuvalt_rothenbrunnen_domleschg_sommer_rheinauen_rhaezuen_viamala_tourismus.jpg', 'caption': {'de': 'Die Ruine Hochjuvalt mit den Rheinauen und Rhäzüns im Hintergrund'}}];2025-10-27T21:38:28+01:00
683ff9f1-327e-486e-b65b-7ea93ad16f2d;Feuerstelle Kapellbach;Die Feuerstelle der Schweizer Familie liegt direkt beim Zusammenfluss von Kapellbach und Hinterrhein. Der Kapellbach stürzt in einem imposanten Wasserfall in die Tiefe, bevor er sich in den Hinterrhein schlängelt. Von der Hängebrücke (Baujahr 2021) hat man einen guten Blick auf den Wasserfall. ;<p>Das Rauschen der beiden tosenden Gewässer ist somit ein steter Begleiter und verleiht dem Cervelat oder dem Quorn-Schnitzel eine ganz besondere Geschmacksnote. Nebst einem kleinen Tisch und Holzlager besticht diese Feuerstelle ganz besonders durch die beiden Flüsse.&nbsp;Ab Hinterrhein sind es ca. 1.2 km und ab Nufenen 3.5km zu Fuss bis zur Feuerstelle.</p><p><span style="font-weight: bold;">Austattung</span></p><ul><li>1 Feuerstellen</li><li>Rost vorhanden</li><li>Brennholz vorhanden</li><li>1 Tisch&nbsp;und ca. 12 Sitzplätzen</li><li>Wasserfall</li><li>Schöne Hängebrücke (Baujahr 2021)<br></li></ul><p><br>Bitte allfällige Weisungen z.B. bezüglich <a href="https://www.gr.ch/DE/institutionen/verwaltung/diem/awn/aktuelles/Waldbrandgefahr/Seiten/aktuelle_waldbrandgefahr.aspx" target="_blank">Waldbrandgefahr </a>beachten.</p>;9.212148785591125;46.531052034603235;Viamala Tourismus;7435;Splügen;+41 81 650 90 30;info@viamala.ch;https://www.viamala.ch;[{'@type': 'ImageObject', 'contentUrl': 'https://viatpimtsoch.sos-ch-dk-2.exoscale-cdn.com/catalog/1/3/2/3/1323dff6d5cb917be94851adf2425f73e87693bc_Feuerstelle_Kapellbach.jpg', 'caption': {'de': 'Feuerstelle Kapellbach', 'en': 'Fireplace Kapellbach', 'it': 'Camino Kapellbach'}}];2026-03-11T12:43:14+01:00
68d13951-25a9-443e-8fb6-52be77355cd7;Spielplatz Sils i. D.;Der Spielplatz in Sils i.D. befindet sich im Palazzogarten, Ausserdorf 9.;<p><strong>Ausstattung:</strong></p>
<ul>
<li>Schaukeln</li>
<li>Klettertürme</li>
<li>Trampolin</li>
<li>Slackline</li>
<li>Sandkasten</li>
<li>Rundlauf</li>
</ul>;9.451423287391664;46.70048034440798;Ausserdorf 9;7411;Sils im Domleschg;+41 81 650 90 30;info@viamala.ch;https://www.viamala.ch;[{'@type': 'ImageObject', 'contentUrl': 'https://viatpimtsoch.sos-ch-dk-2.exoscale-cdn.com/catalog/0/7/c/2/07c22c33a755dfe203312dac9bf47453cc13f868_spielplatzfotos_folgen.png', 'caption': {'de': 'Spielplatz'}}];2025-10-27T21:39:42+01:00
6b72099f-c344-4154-9d2c-ee303da51dea;Feuerstelle Schiessstand Tartar;Die Feuerstelle Schiessstand Tartar liegt an einem kleinen Teich und einem Bächlein. Sie ist gut geschützt und hat einen Unterstand. ;<p>Die Feuerstelle ist in 15 Gehminuten ab Tartar erreichbar.</p><p><span style="font-weight: bold;">Ausstattung</span></p><ul><li>1 Feuerstelle</li><li>Rost vorhanden</li><li>2 Tische und 5 Bänke</li><li>Brunnen</li><li>Unterstand</li><li>kleiner See und Bächlein</li><li>Eingezäunt auf der Wiese mit Bäumen<br></li></ul><p><br>Bitte allfällige Weisungen z.B. bezüglich <a href="https://www.gr.ch/DE/institutionen/verwaltung/diem/awn/aktuelles/Waldbrandgefahr/Seiten/aktuelle_waldbrandgefahr.aspx" target="_blank">Waldbrandgefahr </a>beachten.</p>;9.416412;46.726809;Viamala Tourismus;7422;Tartar;+41 81 650 90 30;info@viamala.ch;https://www.viamala.ch;[{'@type': 'ImageObject', 'contentUrl': 'https://viatpimtsoch.sos-ch-dk-2.exoscale-cdn.com/catalog/e/c/1/6/ec16b4657511ece37be2ff0729a3f6920b944d38_Feuerstelle_alter_Schiessstand_Tartar.jpg', 'caption': {'de': 'Feuerstelle Schiessstand Tartar', 'en': 'Tartar shooting range fireplace', 'it': 'Fossa di tiro del Tartar'}}];2026-03-11T12:43:14+01:00
6d4bbf5b-1d92-48e3-847b-a412b9be287f;Feuerstelle Thusisblick;Die Feuerstelle befindet sich unterhalb von Feldis beim Aussichtspunkt «Thusisblick». Die Aussicht auf Thusis und den Piz Beverin sowie Rhäzüns und den Flimserstein ist atemberaubend.;<p><span style="font-weight: bold;">Ausstattung</span></p><ul><li>1 Feuerstelle</li><li>Grillrost vorhanden</li><li>Brennholz vorhanden</li><li>1&nbsp;Tisch mit Bänke (8 Sitzplätze)</li><li>1 Sitzbank (4 Sitzplätze)</li><li>Diverse weitere Sitzmöglichkeiten (Baumstamm-Hocker)</li><li>1 Holz-Liegestuhl</li><li>Wasser vorhanden (kein Trinkwasser, Wasserfass zum löschen)</li></ul><p><br>Bitte allfällige Weisungen z.B. bezüglich <a href="https://www.gr.ch/DE/institutionen/verwaltung/diem/awn/aktuelles/Waldbrandgefahr/Seiten/aktuelle_waldbrandgefahr.aspx" target="_blank">Waldbrandgefahr </a>beachten.</p>;9.43199872970581;46.78017452185156;Thusisblick;7404;Feldis;https://www.viamala.ch;[{'@type': 'ImageObject', 'contentUrl': 'https://viatpimtsoch.sos-ch-dk-2.exoscale-cdn.com/catalog/0/f/3/2/0f3294d0f4a88675660c1b3000cb106964393215_Feuerstelle_Thusisblick_Feldis.jpg', 'caption': {'de': 'Feuerstelle Thusisblick Feldis', 'en': 'Fireplace Thusisblick Feldis', 'it': 'Camino Thusisblick Feldis'}}];2026-03-11T12:43:14+01:00
6e2cb6cc-52da-425a-8e20-f7d762168140;Feuerstelle Dumagns;Zu Fuss über den Bergweg Wergenstein-Dumagns. Geschützt an der Waldgrenze.<br><br>Bitte allfällige Weisungen z.B. bezüglich <a href="https://www.gr.ch/DE/institutionen/verwaltung/diem/awn/aktuelles/Waldbrandgefahr/Seiten/aktuelle_waldbrandgefahr.aspx" target="_blank">Waldbrandgefahr </a>beachten.;9.39457654953003;46.628979912114545;Viamala Tourismus;7433;Casti-Wergenstein;+41 81 650 90 30;info@viamala.ch;https://www.viamala.ch;[{'@type': 'ImageObject', 'contentUrl': 'https://viatpimtsoch.sos-ch-dk-2.exoscale-cdn.com/catalog/5/e/6/c/5e6c8e7fdad3f5e2141e05bc49ac775ff2bc92a8_Feuerstelle_Dumagns_Wergenstein.jpg', 'caption': {'de': 'Feuerstelle Dumagns Wergenstein', 'en': 'Dumagns Wergenstein fireplace', 'it': 'Caminetto Dumagns'}}];2026-03-11T12:43:14+01:00
6e453f69-3a05-4a4a-b3b6-1929eb206926;Burgruine La Tur;Die Burgruine Tur über Reischen liegt nur einen Büchsenschussvon von der Burg Haselstein entfernt. Im Turminnern befindet sich ein Rastplatz mit Feuerstelle, Sitzgelegenheiten und einem Brunnen.;<!-- ####### HEY, I AM THE SOURCE EDITOR! #########-->
<p>Tur als ältere der beiden Burgen wird schon 1273 von Heinrich von Reischen aufgelassen, über siebenhundert Jahre wird der Turm zur Ruine. Als sich im Winter 2001 die Bresche auf der Schluchtseite weiter vergrösserte, musste jederzeit mit dem Einsturz der ganzen Nordhälfte gerechnet werden.</p>
<p>Mit der Erhaltung von der Burg Tur hat sich die Instution&nbsp;<a href="https://www.pro-castellis.ch">Pro Castellis</a>&nbsp;nebem dem Unterhalt der Burg Haselstein&nbsp;eine weitere Aufgabe angenommen.</p>
<p>2009 wurde die dauerhaft gesicherte Ruine der Gemeinde übergeben. Mit zur Sicherung gehörte die Erschliessung für das Publikum: Man kann im gepflästerten Turminnern gemütlich um das Feuer in der mächtigen Eisenplastik „Torre in torre“ sitzen, Reischener Quellwasser fliesst am Brunnen, eine Informationstafel erzählt die Geschichte der Burg und der Herren von Reischen. Die Ruine liegt am Kultur- und Weitwanderweg&nbsp;<a href="https://www.viamala.ch/de/viaspluga">viaSpluga</a>.</p>;9.456192255020142;46.64006717311742;7432;Zillis-Reischen;+41 81 650 90 30;info@viamala.ch;https://www.viamala.ch;[{'@type': 'ImageObject', 'contentUrl': 'https://viatpimtsoch.sos-ch-dk-2.exoscale-cdn.com/catalog/5/e/b/2/5eb2fffc4df2db2d14a8bf8e95a13778f82b1ffb_burgruine_la_tur_zillis.jpg', 'caption': {'de': 'Burgruine La Tur'}}];2025-10-27T21:38:28+01:00
6e45a8b1-4e07-47d5-834a-9da9db3b18c9;Feuerstelle Querverbindung;Die Feuerstelle befindet sich am Hinterrhein in der Nähe von 
Thusis.;<p>Die Feuerstelle ist ab Thusis in ca. 30 Gehminunten erreichbar.</p><p><span style="font-weight: bold;">Ausstattung</span></p><ul><li>1 Feuerstelle</li><li>Grillrost vorhanden</li><li>2 Tische mit Bänke (16 Sitzplätze)</li><li>Abfallentsorgung vorhanden</li><li>Brennholz vorhanden<br><br></li></ul><p>Bitte allfällige Weisungen z.B. bezüglich <a href="https://www.gr.ch/DE/institutionen/verwaltung/diem/awn/aktuelles/Waldbrandgefahr/Seiten/aktuelle_waldbrandgefahr.aspx" target="_blank">Waldbrandgefahr </a>beachten.</p>;9.446466565132141;46.71449920086307;Feuerstelle Querverbindung;7430;Thusis;+41 81 650 90 30;info@viamala.ch;https://www.viamala.ch;[{'@type': 'ImageObject', 'contentUrl': 'https://viatpimtsoch.sos-ch-dk-2.exoscale-cdn.com/catalog/4/2/7/6/4276b51eaf667996dc6106933dac00a1028340b0_Feuerstelle_Querverbindung_Thusis.jpg', 'caption': {'de': 'Feuerstelle Querverbindung Thusis', 'en': 'Fireplace cross-connection Thusis', 'it': 'Connessione trasversale del camino Thusis'}}];2026-03-11T12:43:14+01:00
6f44517c-aef8-4474-bbb3-b89357945cff;Spielplatz Sufers;Der Spielplatz befindet sich neben dem Werkhof und öffentlichen Parkplatz von Sufers und bietet verschiedene Spielmöglichkeiten.;<p><strong>Ausstattung:</strong></p>
<ul>
<li>Schaukeln</li>
<li>Nestschaukel</li>
<li>Sitzgruppe / Sitzbank</li>
<li>Feuerstelle</li>
<li>Öffentliche Toilette</li>
<li>Sandkasten</li>
<li>Fussballplatz</li>
<li>Spielturm zum Klettern mit Rutschbahn</li>
<li>Kletterstein</li>
<li>Federwipptiere</li>
</ul>;9.364546537399294;46.569290514763736;Am See 93A;7434;Sufers;+41 650 90 30;info@viamala.ch;http://viamala.ch;[{'@type': 'ImageObject', 'contentUrl': 'https://viatpimtsoch.sos-ch-dk-2.exoscale-cdn.com/catalog/0/7/9/f/079fb573a0eec2d01b05764ac8e9190ea48d9496_spielplatz_sufers.jpg', 'caption': {'de': 'Spielplatz Sufers'}}];2025-10-27T21:39:42+01:00
7236646c-2fb5-407f-a6ea-fbdcbc34d2c3;Stellplatz Avers-Juf;Der Parkplatz vor dem Dorf Juf darf von Campern genutzt werden.;<h4>Sanitäranlage</h4><p>Öffentliche Toilette im Dorf</p>
<h4><br>Kosten</h4><p>25.00 CHF pro Fahrzeug und Nacht inkl. Gästeabgabe</p>
<h4><br>Zahlung</h4><p>Direkt über die App&nbsp;<a href="https://www.parknsleep.app/ps/86753612">Parkn'Sleep</a>.</p>
<h4><br>Maximaler Aufenthalt</h4><p>3 Nächte</p>
<h4><br>Abfall</h4><p>Keine Möglichkeit für Abfallentsorgung</p>;9.577438831329346;46.446322000850145;Ober Juf;7448;Juf;+41 81 667 11 62;gemeinde@avers.ch;https://gemeindeavers.ch/;[{'@type': 'ImageObject', 'contentUrl': 'https://viatpimtsoch.sos-ch-dk-2.exoscale-cdn.com/catalog/6/9/f/b/69fb0d21ae4a032e42dc4d246e10e7d3a9fdebda_avers_juf_im_sommer_demateo.jpg', 'caption': {'de': 'Avers-Juf im Sommer', 'en': 'Avers-Juf in summer', 'it': 'Avers-Juf in estate'}}];2025-10-27T21:38:29+01:00
72d99f82-9a9c-40fe-82fd-cba71934cd96;Schloss Ortenstein;Die grösste Schlossanlage im Tal der Burgen und Schlösser: Das herrschaftliche Schloss Ortenstein unterhalb von Tomils thront majestätisch über dem Domleschg.;<p>Rund hundertzwanzig Meter &uuml;ber der Domleschger Talsohle erhebt sich rechtsrheinisch auf einem steil abfallenden Felsvorsprung, im Mittelhochdeutschen &bdquo;ort&ldquo; genannt, Schloss Ortenstein. Die Entwicklung des Schlosses begann im fr&uuml;hen 15. Jahrhundert mit dem Bau des markanten Bergfrieds.</p><p>Die Burg wurde sehr wahrscheinlich von den Herren von Vaz erbaut. Sie galt vorerst als bisch&ouml;fliches Lehen, bald aber schon als Eigentum des m&auml;chtigen Geschlechts, das im beginnenden 14. Jahrhundert im Besitz der urkundlich erstmals 1309 erw&auml;hnten Burg &bdquo;Ortenstain&ldquo; erscheint.</p><p><strong>Zerst&ouml;rt - bis auf den Turm<br></strong>Da Donat von Vaz, der auf Ortenstein seinen Wohnsitz gehabt und mit seinen Anbauten an den Turm sp&auml;teren baulichen Entwicklung die Richtung gegeben hat, 1337 als letzter seines Stammes gestorben war, kam Ortenstein 1338 an seinen Tochtermann Rudolf von Werdenberg-Sargans. 1451 w&auml;hrend der &bdquo;Schamser Fehde&ldquo; wurde das werdenbergische Ortenstein bis auf den Turm zerst&ouml;rt. Ein Schiedsspruch von 1452 erlaubte den Wiederaufbau, und es entstand der Osttrakt mit dem in den Fels gehauenen Kellern.</p><p>In den darauffolgenden Jahrhunderten wechselten verschiedene Besitzeigent&uuml;mer das Schloss. 1933 ging das Schloss Ortenstein an Dr. Johann Friedrich von Tscharner. Dieser hat das Schloss mit viel Liebe und Kunstsinn gepflegt und bereichert. Die &auml;ussere Form, in der sich Ortenstein heute dem Wanderer zeigt, hat es im Wesentlichen in der ersten H&auml;lfte des 18. Jahrhunderts durch die Traverse erhalten. Sie haben den Westfl&uuml;gel und die beiden Eckbauten des Osttraktes neu aufgef&uuml;hrt, dem Uhrturm den Aufbau mit Zwiebelhaube aufgesetzt und damit dem Schloss jene kompakte Gestalt gegeben, die es allein aus dem m&auml;chtigen Felsen organisch herausgewachsenes Gebilde erscheinen l&auml;sst.</p><p>Das Schloss Ortenstein ist gr&ouml;sste Schlossanlage im Tal der Burgen und Schl&ouml;sser.</p><p><strong>Zugang<br></strong>Das Schloss Ortenstein befindet sich in Privatbesitz und ist nicht &ouml;ffentlich zug&auml;nglich. Die Anlage ist vom&nbsp;<a href="https://mybusiness.outdooractive.com/de/r/23419810/" data-type="tour" data-id="23419810">Burgenweg Domleschg</a>&nbsp;aus sichtbar.</p>;9.435715;46.759602;Gemeinde Domleschg;7418;Tomils;+41 81 650 13 13;kanzlei@domleschg.ch;http://www.domleschg.ch;[{'@type': 'ImageObject', 'contentUrl': 'https://viatpimtsoch.sos-ch-dk-2.exoscale-cdn.com/catalog/9/7/b/6/97b6c8395c86ba3b7bbd79b5c50c63b24a0a2ac8_schloss_ortenstein_tomils_sommer_luftaufnahme_viamala_tourismus.jpg', 'caption': {'de': 'Das Schloss Ortenstein mit Tomils im Hintergrund', 'en': 'Ortenstein Castle with Tomils in the background', 'it': 'Castel Ortenstein con Tomils sullo sfondo'}}];2026-06-09T10:19:05+02:00
74093175-bf30-4c5f-9317-4fceee289aa7;Feuerstelle Plaun Graund;Die wunderschöne Feuerstelle liegt direkt an einem kleinen See. Weit weg vom Lärm der Autos kann man das Quaken der Frösche hören.;<p>In der Mitte des Dorfes Feldis geht der Weg hoch Richtung Dreibündenstein. Nach ca. 1 Kilometer und 100 Höhenmetern erreichen Sie die Feuerstelle.</p><p>Auf den vielen Sitz- und sogar Liegemöglichkeiten kann man die Sonnenstrahlen geniessen. Wird es zu warm, gibt es auch einige schattenspendende Lärchen. Im See darf zwar nicht gebadet werden, aber vom Steg aus kann man die Tiere gut beobachten.&nbsp;Bei der Feuerstelle befindet sich eine kleine, leere Hütte. Zudem gibt es eine gemütliche, geschwungene Holzliege.</p><p><span style="font-weight: bold;">Ausstattung</span></p><ul><li>Brennholz vorhanden</li><li>Rost vorhanden</li><li>2 Tische mit 20 Sitzplätzen</li><li>1 Feuerstelle mit 12 Sitzplätzen</li><li>6 sonstige Sitzplätze</li><li>Abfallentsorgung vorhanden</li><li>Brunnen (kein Trinkwasser)<br><br></li></ul><p>Bitte allfällige Weisungen z.B. bezüglich <a href="https://www.gr.ch/DE/institutionen/verwaltung/diem/awn/aktuelles/Waldbrandgefahr/Seiten/aktuelle_waldbrandgefahr.aspx" target="_blank">Waldbrandgefahr </a>beachten.</p>;9.440099000930786;46.80100319205483;Viamala Tourismus;7404;Feldis;+41 81 650 90 30;info@viamala.ch;https://www.viamala.ch;[{'@type': 'ImageObject', 'contentUrl': 'https://viatpimtsoch.sos-ch-dk-2.exoscale-cdn.com/catalog/4/b/d/7/4bd70ebc645bc48754f95ee9469828899898788b_Feuerstelle_Plaun_Graund_Feldis.jpg', 'caption': {'de': 'Feuerstelle Plaun Graund Feldis', 'en': 'Plaun Graund Feldis fireplace', 'it': 'Caminetto Plaun Graund Feldis'}}];2026-03-11T12:43:14+01:00
74d222bd-37bf-4a75-be07-672fb61b5112;Spielplatz Gemeindehaus Urmein;Der Spielplatz befindet sich beim Gemeindehaus Urmein.;<p><strong>Ausstattung:</strong></p>
<ul>
<li>Brunnen</li>
<li>Spielhäusschen mit Rutsche</li>
<li>Schaukel</li>
<li>Kletter- und Seilgerüst</li>
<li>Grosse Rutschbahn</li>
<li>Tisch mit Bank</li>
</ul>;9.4011318;46.6923916;Baltermeins 10;7427;Urmein;+41 81 650 90 30;info@viamala.ch;http://viamala.ch;[{'@type': 'ImageObject', 'contentUrl': 'https://viatpimtsoch.sos-ch-dk-2.exoscale-cdn.com/catalog/6/f/8/a/6f8a03dccfb7cdfcb5ac706bb6bd9f4ca697b112_spielplatz_gemeindehaus_urmein.jpg', 'caption': {'de': 'Spielplatz beim Gemeindehaus Urmein'}}];2025-10-27T21:39:42+01:00
7535f1df-fb3e-4560-bd1b-478602ae5f30;Feuerstelle Muttner Höhi;Die Feuerstelle Muttner Höhi liegt auf einer herrlichen Alpweide. ;<p>Zu Fuss kann die Feuerstelle in ca. 25 Minuten ab Obermutten erreicht werden. In der Mitte des Dorfes Obermutten finden Sie den Wegweiser, welcher Sie zur Feuerstelle führt. Verlassen Sie das Dorf nach Osten und wandern Sie ca. 1 Kilometer über herrliche Bergwiesen bis zur Feuerstelle. Die einfache Wanderung ist auch für Kinder geeignet. Ca. 130 Höhenmeter müssen überwindet werden, bevor Sie das Ziel erreichen. Die Feuerstelle liegt an sonniger Lage und hat&nbsp;angrenzend zwar einige Bäume, selbst aber keinen Schatten. Die&nbsp;Wiese um die Feuerstelle bietet genügend Platz zum Spielen und Verweilen.</p><p><span style="font-weight: bold;">Ausstattung</span></p><ul><li>Brennholz vorhanden</li><li>Rost vorhanden</li><li>1 Tisch mit 6 Sitzplätzen</li><li>1 Feuerstelle mit 4 Sitzplätzen</li><li>3 sonstige Sitzplätze Holzsitze<br><br></li></ul><p>Im Sommer herrscht in diesem Gebiet oft <a href="https://www.gr.ch/DE/institutionen/verwaltung/diem/awn/aktuelles/Waldbrandgefahr/Seiten/aktuelle_waldbrandgefahr.aspx" target="_blank">Waldbrandgefahr</a>, bitte allfällige Weisungen beachten.</p>;9.479634761810303;46.67854922007933;Muttner Höhi;7431;Obermutten;+41 81 650 90 30;info@viamala.ch;https://www.viamala.ch;[{'@type': 'ImageObject', 'contentUrl': 'https://viatpimtsoch.sos-ch-dk-2.exoscale-cdn.com/catalog/6/0/6/2/606214df739f4fe32a86f7b702950f0fb95a5983_IMG_5505.jpeg', 'caption': {'de': 'Feuerstelle Muttner Höhi', 'en': 'Muttner Höhi fireplace', 'it': 'Caminetto Muttner Höhi'}}];2026-03-11T12:43:14+01:00
787e8d9c-0560-4d58-b798-adc37a350c2c;Feuerstelle Plauns;Die Feuerstelle der Schweizer Familie befindet sich oberhalb von Trans. Von hier geniesst man einen grossartigen Blick auf das Domleschg, den Heinzenberg und den Piz Beverin.;<p>Feuerholz muss selbst mitgebracht oder im Wald etwas oberhalb&nbsp;gesammelt werden.<br>Bitte den Abfall wieder mitnehmen, es gibt keine Entsorgungsmöglichkeit.</p><p><span style="font-weight: bold;">Ausstattung</span></p><ul><li>Rost vorhanden</li><li>1 Tisch mit 6 Sitzplätzen</li><li>1 Feuerstelle mit 2 Sitzbänken (10 Sitzplätzen)</li><li>Spielwiese<br></li></ul><p><br>Bitte allfällige Weisungen z.B. bezüglich <a href="https://www.gr.ch/DE/institutionen/verwaltung/diem/awn/aktuelles/Waldbrandgefahr/Seiten/aktuelle_waldbrandgefahr.aspx" target="_blank">Waldbrandgefahr </a>beachten.</p>;9.460660815238953;46.768335206454076;Plaun Vurtgias;7407;Trans;+41 81 650 90 30;info@viamala.ch;https://www.viamala.ch;[{'@type': 'ImageObject', 'contentUrl': 'https://viatpimtsoch.sos-ch-dk-2.exoscale-cdn.com/catalog/a/1/3/7/a137c7441e85b924181edba3f206b57c73cf550f_Feuerstelle_Plauns_Trans.jpg', 'caption': {'de': 'Feuerstelle Plauns Trans', 'en': 'Fireplace Plauns Trans', 'it': 'Camino Plauns Trans'}}];2026-03-11T12:43:14+01:00
79422cbf-4740-4c79-8766-e4ed4692ffa5;Pùnts da tgavorgia;Pùnts da tgavorgia oder auf Deutsch: Schluchtenbrücken. So heissen die neuen Brücken des renommierten Brückenbauers Jürg Conzett in der Viamala-Schlucht.;Sie wurden im Jahre 2017 erbaut und sind Teil der Treppenanlage beim Besucherzentrum. Die Zwillingsbrücken gewähren neue, spektakuläre Einblicke ins Naturmonument der Viamala-Schlucht. Conzett hat mit dem Traversinersteg und der Pùnt da Suransuns bereits zwei Aufsehen erregende Brücken in der Viamala realisiert. Sein neuestes Werk beeindruckt als zweiteilige Geländerbrücke aus Edelstahl mit einem Gehbelag aus robustem einheimischen Lärchenholz.;9.447973000000047;46.662576;Viamala Tourismus;7430;Thusis;+41 81 650 90 30;info@viamala.ch;https://www.viamala.ch;[{'@type': 'ImageObject', 'contentUrl': 'https://viatpimtsoch.sos-ch-dk-2.exoscale-cdn.com/catalog/9/3/d/b/93db417c115a37eb710826c631c4034ff91d0555_viamala_schlucht_zillis_thusis_schams_sommer_familie_demateo.com__2_.jpg', 'caption': {'de': 'Die Pùnts da tgavorgia in der Viamala-Schlucht', 'en': 'The Pùnts da tgavorgia in the Viamala Gorge', 'it': 'I Pùnts da tgavorgia nella Gola della Viamala'}}];2025-10-27T21:38:29+01:00
7ae30d38-a65c-4b6c-8c00-8d5c72eb128e;Lawinengalerie Splügenpass;Die Splügengalerie, eine 312 Meter lange Schutzgalerie am Splügenpass im Kanton Graubünden, zeugt von der Ingenieurskunst des 19. Jahrhunderts und steht unter Bundesschutz als historisches Verkehrsdenkmal.;<p>Die Spl&uuml;gengalerie liegt auf der Nordseite des Spl&uuml;genpasses, knapp unterhalb der Passh&ouml;he im Kanton Graub&uuml;nden, Schweiz. Sie wurde 1843 von den Ingenieuren Carlo Donegani und Richard La Nicca entworfen und erbaut, um die Passstra&szlig;e vor Lawinen zu sch&uuml;tzen. Finanziert wurde der Bau durch &Ouml;sterreich, einschliesslich eines Gasthauses auf der Schweizer Seite. Die Galerie ist ein einzigartiges Beispiel f&uuml;r die Ingenieurskunst und den Passverkehr des 19. Jahrhunderts und wird im Inventar historischer Verkehrswege der Schweiz als Objekt von nationaler Bedeutung gef&uuml;hrt, wodurch sie unter Bundesschutz steht.</p>
<p>Bis in die 1950er Jahre nutzte der Strassenverkehr die Galerie, bevor der Spl&uuml;genpass im Winter geschlossen und die Galerie durch eine neue Strasse umfahren wurde. Im Laufe der Zeit wurde das Mauerwerk durch eindringendes Wasser und Frost erheblich besch&auml;digt. Um den drohenden Zerfall zu verhindern, wurde die Galerie von 2007 bis 2011 mit Unterst&uuml;tzung des Bundes, des Kantons Graub&uuml;nden und des B&uuml;ndner Heimatschutzes saniert. Teile des Mauerwerks, die bereits eingest&uuml;rzt waren, wurden wiederhergestellt.</p>
<p>Heute kann die Galerie auf ihrer gesamten L&auml;nge zu Fuss begangen werden. Ihr unterer Teil dient als Ausstellungsraum, wo Tafeln und Fotografien &uuml;ber die Geschichte und die Sanierung des Bauwerks informieren. Die Restaurierung der Galerie wurde 2011 feierlich abgeschlossen, und gleichzeitig das 10-j&auml;hrige Jubil&auml;um der Via Spluga mit G&auml;sten aus Italien und der Schweiz gefeiert.</p>;9.327285289764406;46.509484929418306;Splügenpass;7435;Splügen;+41 81 650 90 30;info@viamala.ch;https://www.viamala.ch/;[{'@type': 'ImageObject', 'contentUrl': 'https://viatpimtsoch.sos-ch-dk-2.exoscale-cdn.com/catalog/a/8/d/8/a8d83fd5a35ab3356be8797348ddde56fbc8fcc7_felsengalerie.jpg', 'caption': {'de': 'Die Lawinengalerie am Splügenpass'}}];2025-10-27T21:38:29+01:00
7b11b6a4-bec1-434b-af57-60bc2506418a;Foto-Spot Viamala-Schlucht;Der Foto-Spot der Grand Tour of Switzerland steht im Herzen der Viamala-Schlucht und ist gut erreichbar.;<p><strong>Viamala-Schlucht</strong><br>Wo einst einer der vielen Wege nach Rom führte, an der historischen Transitroute viaSpluga, liegt die <a href="https://viamala-schlucht.ch" target="_blank">Viamala-Schlucht</a>. Mit ihren schroffen Felswänden, dem Farbenspiel des Wassers und den über Jahrtausende ins Gestein geschliffenen Strudeltöpfen bietet die Schlucht ein unvergessliches Naturerlebnis. Schon der Philosoph Friedrich Nietzsche war davon fasziniert: «Ich schreibe nichts von der ungeheuren Grossartigkeit der Viamala. Mir ist, als hätte ich die Schweiz noch gar nicht gekannt!»</p>
<p>Im Zentrum<span style="font-weight: bold;"> </span>der Schlucht steht ein Besucherzentrum mit einem Shop zur Verfügung. Die Treppenanlage hinunter in die Schlucht ist von April bis Oktober geöffnet.</p>;9.44800615310669;46.66290124413077;Viamala-Schlucht;7432;Zillis-Reischen;+41 81 650 90 30;info@viamala.ch;https://www.viamala.ch;[{'@type': 'ImageObject', 'contentUrl': 'https://viatpimtsoch.sos-ch-dk-2.exoscale-cdn.com/catalog/f/a/a/6/faa66beeb765e07e8170bf6c18b003d92356b75f_foto_spot_grand_tour_of_switzerland_in_der_viamala_schlucht.jpg', 'caption': {'de': 'Der Grand Tour of Switzerland Foto-Spot in der Viamala-Schlucht'}}];2025-10-27T21:38:29+01:00
7fa0c58f-e34c-47a9-ab03-50451f17e02c;Burgruine Neu Sins / Canova;Eine Seltenheit im Tal der Burgen und Schlösser: die Burgruine Neu Sins ist der einzige Rundturm weit und breit.;<!-- ####### HEY, I AM THE SOURCE EDITOR! #########-->
<p>In mittelalterlichen Urkunden kommt nur der Name Neu-Sins vor. „Canova“ = Neues Haus, scheint eine spätere Romanisierung zu sein. Die von den Herren von Vaz vermutlich in der zweiten Hälfte des 13. Jahrhunderts errichtete und von Ministerialen bewohnte Burg teilte bis zu ihrem Verfall die Schicksale von Alt-Sins. 1574 erwarb Andreas von Salis zu Rietberg das Gut Canova und nannte sich hernach auch „zu Neusins“.</p>
<p>Heute besteht noch die Hälfte des viergeschossigen Wohnturmes, der mit einem Zeltdach gedeckt und von einem Zinnenkranz bekrönt war. Aborterker befinden sich in den beiden Wohnstöcken, ebenso Reste einer Kamin- und Ofenanlage. Westlich des Turmes ist eine viereckige Zisterne in Felsgrund gebaut.</p>
<p><strong>Zugang<br></strong>Die Ruine&nbsp;befindet sich auf Privatgrund&nbsp;und ist nicht öffentlich zugänglich. Die Anlage ist vom&nbsp;<a href="https://mybusiness.outdooractive.com/de/r/23419810/" data-type="tour" data-id="23419810">Burgenweg Domleschg</a>&nbsp;aus sichtbar.</p>
<p><strong>&nbsp;</strong></p>;9.447751;46.744163;7417;Paspels;+41 81 650 90 30;info@viamala.ch;https://www.viamala.ch;[{'@type': 'ImageObject', 'contentUrl': 'https://viatpimtsoch.sos-ch-dk-2.exoscale-cdn.com/catalog/6/3/5/b/635b41356576d98f862a22a982ea7b626703ad95_ruine_canova_neu_sins_suens_canova_paspels_sommer_viamala_tourismus.jpg', 'caption': {'de': 'Die Burgruine Neu Sins / Canova'}}];2025-10-27T21:38:29+01:00
7fb651c1-c570-462a-8d27-d2350f04e0a6;Kulturarchiv Cazis;Fotografien & Postkarten aus den Fraktionen Cazis, Tartar, Sarn, Portein und Präz sowie eine Bibliothek mit einem Bestand von gegen 3'000 Fachbüchern.;<p><strong>Kulturarchiv<br></strong>Unter vielem anderen zeigen wir unseren Besuchern: Gegenstände und Schriften aus Privatbesitz, Einbürgerungen, Anschauungsmaterial der Ausgrabungen vom Petrushügel und des Spaltendorfes Cresta. Uniformen und Waffen aus napoleonischer Zeit, die heute noch an der Fronleichnamsprozession von Cazis getragen werden. Schul-, Vereins- und Gemeindefahnen, Protokolle der Hexenprozesse der Gerichtsgemeinde Heinzenberg. Handlungsbuchhaltungen aus dem 19. Jh. Broschüren über Geschichte und Schicksale aus Cazis und der Region. Studien der Flurnamen von Cazis. Geschichte der internierten polnischen Soldaten während des zweiten Weltkriegs usw.</p>
<p><strong>6'000 Fotografien</strong> von Cazis und der Region können als Höhepunkt des Kulturarchivs bezeichnet werden.</p>
<p><strong>Fachbibliothek </strong>der Ornithologie, Geschichte, Religion &amp; Kunst<strong>.</strong></p>
<p><strong>Ausstellungen:</strong> mindestens einmal jährlich zeigen wir eine Sonderausstellung über ein bestimmtes Thema.</p>
<p><strong>Power-Point Präsentationen &amp; Vorträge:</strong> für Gruppen von 8 bis 25 Personen.</p>;9.418630599975586;46.71753716668951;Tartarerstrasse 11;7422;Tartar;+41 81 651 43 35 oder +41 79 419 31 65;kultur.cazis@bluewin.ch;https://www.cazis.ch;[{'@type': 'ImageObject', 'contentUrl': 'https://viatpimtsoch.sos-ch-dk-2.exoscale-cdn.com/catalog/0/5/c/c/05cc186cb81b6c03fc239d4a02e55f8604be37c6_kulturarchiv_cazis_in_tartar_ausstellung_viamala_tourismus.jpg', 'caption': {'de': 'Das Kulturarchiv Cazis in Tartar', 'en': 'The Cazis Cultural Archive in Tartar', 'it': "L'Archivio Culturale Cazis in Tartar"}}];2025-10-27T21:38:29+01:00
80b4579a-ff06-422e-a2bf-cd1dfb274720;Öffentliche Toilette Sennerei Urmein;Die öffentliche Toilette befindet sich im Souterrain des Hauses.;Die Toilette befindet sich zwei Gehminuten von der Bushaltestelle "Urmein, Dorf" entfernt.;9.400944113731386;46.69151385297293;Oberdorf 2;7427;Urmein;+41 81 650 90 30;info@viamala.ch;https://viamala.ch;[{'@type': 'ImageObject', 'contentUrl': 'https://viatpimtsoch.sos-ch-dk-2.exoscale-cdn.com/catalog/9/b/3/4/9b34df53b3e0df2c7c91d68eeb7459ddb6e2372e_zugang_toilette_urmein.jpg', 'caption': {'de': 'Öffentliche Toilette Sennerei Urmein'}}];2026-03-11T12:49:22+01:00
80def928-8084-4240-868b-1ef3cac8ffc1;Öffentliche Toilette Mathon ;Die öffentliche Toilette befindet sich auf dem Parkplatz in Mathon gleich gegenüber des Restaurants Muntsulej.;Die Toilette befindet sich im Gebäude der Feuerwehr (Pumpiers, Clavo da Vaschegns).;9.4161223;46.6388936;Laresch 18;7433;Mathon;+41 81 650 90 30;info@viamala.ch;https://www.viamala.ch;[{'@type': 'ImageObject', 'contentUrl': 'https://viatpimtsoch.sos-ch-dk-2.exoscale-cdn.com/catalog/0/d/7/e/0d7e98d57544185df5699aa0850e65d1b8f60806_toilette_mathon.jpg', 'caption': {'de': 'Öffentliche Toilette in Mathon'}}];2025-10-27T21:39:42+01:00
8437ddd1-afda-47b1-896b-ed2726794d2e;Schloss Untertagstein;Das Schloss Tagstein das in der heutigen Form auf den Wiederaufbau nach einem Brand von 1899 beruht, stammt vermutlich aus dem 12-13 Jahrhundert und geht auf die Herren von Masein/Rialt zurück.;Das Kulturgut hat viele Besitzerwechselt hinter sich und war immer wieder Drehscheibe der politischen und wirtschaftlichen Entwicklung von Masein. Die Burg ist Heute in Privatbesitz und nicht öffentlich zugänglich.;9.432320594787598;46.7045860043631;7425;Masein;+41 81 650 90 30;info@viamala.ch;https://www.viamala.ch;[{'@type': 'ImageObject', 'contentUrl': 'https://viatpimtsoch.sos-ch-dk-2.exoscale-cdn.com/catalog/b/f/8/2/bf82082787dbe85711e986d42ea8ca4056ea84ba_schloss_untertagstein_masein_im_sommer_demateo.com.jpg', 'caption': {'de': 'Schloss Untertagstein Masein', 'en': 'Untertagstein Castle Masein', 'it': 'Castello Untertagstein Masein'}}];2025-10-27T21:38:29+01:00
85c45407-789d-47d0-ae6e-fc2a28951b49;CasaStorica Andeer – Bühne für Geschichten und Kultur;Die CasaStorica in Andeer ist weit mehr als ein Haus voller Geschichte. Sie ist ein lebendiger Kulturort, an dem Theater, szenische Rundgänge und künstlerische Intermezzi das historische Ambiente zum Leben erwecken. Mitten im Dorf bietet das ehemalige Wohnhaus heute Raum für eindrucksvolle Erzählungen und Bühnenmomente zwischen Dachboden und Keller.;<p data-start="965" data-end="1336">Erwin Dirnberger verwandelt die CasaStorica mit viel Leidenschaft in eine Kulturb&uuml;hne: Er schl&uuml;pft in zeitgen&ouml;ssische Rollen, l&auml;sst Figuren auferstehen und macht das Haus selbst zur Kulisse f&uuml;r ein vielschichtiges Programm. Ob auf der Kleinb&uuml;hne, in der heimeligen Stube oder im Dachgeschoss &ndash; jede Ecke des Hauses wird bespielt und tr&auml;gt zur besonderen Atmosph&auml;re bei.</p><p data-start="1338" data-end="1667"><strong data-start="1338" data-end="1383">Ein Haus f&uuml;r Theaterliebhaber und Gruppen</strong><br data-start="1383" data-end="1386">Die CasaStorica ist f&uuml;r Individualbesucher jeweils im Rahmen von <em>Geschichten &amp; Geb&auml;ck</em> ge&ouml;ffnet. Besucher:innen k&ouml;nnen dabei nicht nur in die Szenen eintauchen, sondern auch das authentische Hausambiente mit traditionellem Geb&auml;ck geniessen. Die aktuellen Daten sind im&nbsp;<a href="https://viamala.ch/informieren/aktuelles/events.html?view=card&amp;page=1&amp;sorting=date&amp;search=Geb%C3%A4ck" target="_blank" rel="noopener">Veranstaltungskalender</a> ersichtlich.</p><p data-start="1669" data-end="1770">F&uuml;r Gruppen bietet die CasaStorica von Mai bis Oktober ein vielf&auml;ltiges Programm nach Vereinbarung:</p><ul data-start="1771" data-end="2056"><li data-start="1771" data-end="1852"><p data-start="1773" data-end="1852"><strong data-start="1773" data-end="1808">Szenische Rundg&auml;nge durchs Haus</strong> (viaSpluga-Geschichten, Haus-Geschichten)</p></li><li data-start="1853" data-end="1937"><p data-start="1855" data-end="1937"><strong data-start="1855" data-end="1869">Intermezzi</strong> &ndash; kurze, lebendige B&uuml;hnenst&uuml;cke aus dem Alltag vergangener Zeiten</p></li><li data-start="1938" data-end="2056"><p data-start="1940" data-end="2056"><strong>Auf Wunsch mit Verpflegung </strong>wie der traditionellen &laquo;Marenda pintga&raquo; oder Kaffee und Kuchen in der gem&uuml;tlichen Stube</p></li></ul><p data-start="2058" data-end="2137">Externe Theaterprogramme und spezielle Inszenierungen sind ebenfalls m&ouml;glich.</p><p data-start="2357" data-end="2445">Weitere Informationen und Buchungen findest du direkt auf der <a href="https://viamala.ch/erleben/ausflugsziele/museen-ausstellungen/casastorica.html" target="_blank" rel="noopener">Website der CasaStorica</a>.</p>;9.427887;46.600678;Veia Granda 120;7440;Andeer;+41 81 661 10 61;viamala-storica@bluewin.ch;http://www.casa-storica.ch;[{'@type': 'ImageObject', 'contentUrl': 'https://viatpimtsoch.sos-ch-dk-2.exoscale-cdn.com/catalog/6/2/b/2/62b2ff61a7bff1c2ff5f3c0786d64c1ba6d0f039_casastorica_andeer_schams_sommer_viamala_tourismus.jpg', 'caption': {'de': 'Die CasaStorica in Andeer', 'en': 'The CasaStorica in Andeer', 'it': 'La CasaStorica di Andeer'}}];2026-02-17T16:24:21+01:00
85ddd631-aa2e-4320-ad92-554fdbff4b66;Burgruine Campell;Sehenswerte Ruine auf Felssporn hoch über der Albula am Eingang zur Schin-Schlucht.;<!-- ####### HEY, I AM THE SOURCE EDITOR! #########-->
<p>Der Name von Hof und Schloss stammt von einer rätoromanischen Flurbezeichnung. Sie bedeutet schönes Feld; Campi ist Dialektabwandlung. Die erste Besitzerin von Campell war die Familie, welche sich nach dem Hof von Campell nannte.</p>
<p>Im Jahre 1289 erscheint Egeno de Campello in einem bischöflichen Einkünfteverzeichnis. Er bezahlte eine kirchliche Abgabe von 15 Schilling an die Pfarrei Hoch Rialt für Güter in Portein und Dalin. Im späten 14. Jahrhundert waren die Herren von Campell bereits weggezogen oder ausgestorben.</p>
<p>Zwischen dem 14. Jahrhundert und dem 18. Jahrhundert wechselte die Ruine Campell von bischöflichem Besitz zu diversen anderen Besitzern. 1710 übernimmt Commissari Silvester Rosenroll von Thusis von den Erben der Margaretha von Schauenstein „alle im Hof Campell habenden Güter, Gebäude was namens solche seyen“ für 1050 Rheinische Gulden.</p>
<p><strong>Baudenkmal von nationaler Bedeutung</strong></p>
<p>Das Schloss blieb unbewohnt und der Zerfall begann. Von den Rosenroll gelangte Campell als Erbe an die Familie von Salis Sils tauschte 1796 „Schloss und Güter im Hof Campell Silser territorio gelegen“ mit Schreiber Thomas Heinz aus Sils um Güter in Flerden. Im Jahre 1928 verkaufte die Familie Heinz die Ruine an Dr. Rudolf Campell in Pontresina. Dessen Sohn Dr. Chasper Campell hat 1987 die Ruine in die Stiftung Ruine Campell/Campi eingebracht. In den Jahren 1993, 1996 und 1998 ist die Anlage nach einer vorgängig durch den Archäologischen Dienst und die Kantonale Denkmalpflege durchgeführten Bauuntersuchung und Dokumentation nach den neuesten Erkenntnissen konserviert worden. Die Ruine Campell ist als Baudenkmal von nationaler Bedeutung.</p>
<p>&nbsp;</p>
<p><strong>Zugang</strong></p>
<p>Campi liegt am Eingang zur Schinschlucht und ist öffentlich zugänglich. Erreichbar zu Fuss in ca. 30 min ab&nbsp;<a href="https://mybusiness.outdooractive.com/de/r/23419810/" data-type="tour" data-id="23419810">Burgenweg Domleschg</a>.</p>
<p><strong>&nbsp;</strong></p>;9.471332;46.700719;Dr. Chasper Campell;7411;Sils i.D.;+41 81 650 90 30;info@viamala.ch;https://www.viamala.ch;[{'@type': 'ImageObject', 'contentUrl': 'https://viatpimtsoch.sos-ch-dk-2.exoscale-cdn.com/catalog/d/d/d/1/ddd1f4a5762817c9f4d00f5bbec489e24fe4ef9b_ruine_campi_campell_sils_im_domleschg_sommer_viamala_tourismus.jpg', 'caption': {'de': 'Burgruine Campell'}}];2025-10-27T21:38:29+01:00
85f00ada-b799-45b4-b043-79e27b992b38;Feuerstelle Andeer;Die Feuerstelle "Andeer" liegt direkt am Hinterrhein unweit des Dorfes entfernt. Es hat einen Spielplatz auf dem Gelände. Für Familien besonders geeignet.;<p>In der Mitte des Dorfes Andeer läuft man ca. 5 Gehminuten auf dem Weg "viaSpluga" Richtung Thusis. Direkt nach der Holzbrücke befindet sich die Feuerstelle am Hinterrhein. Der Rhein ist aufgrund der Strömung nicht zum Baden geeignet.</p><p><span style="font-weight: bold;">Ausstattung</span></p><ul><li>1 Feuerstelle</li><li>Rost vorhanden (verstellbarer Glutrost 45x70cm)</li><li>Brennholz vorhanden</li><li>1 Tisch mit Sitzgelegenheiten direkt neben der Feuerstelle (ca. 8 Sitzplätze)</li><li>2 weitere Holztische mit Bänke, einer davon ist gedeckt (Total ca. 20 Sitzplätze)</li><li>grosszügiger Spielplatz</li><li>Brunnen mit Trinkwasser</li><li>Abfallentsorgung vorhanden<br><br></li></ul><p>Bitte allfällige Weisungen z.B. bezüglich <a href="https://www.gr.ch/DE/institutionen/verwaltung/diem/awn/aktuelles/Waldbrandgefahr/Seiten/aktuelle_waldbrandgefahr.aspx" target="_blank">Waldbrandgefahr </a>beachten.</p>;9.421925;46.602923;Viamala Tourismus;7440;Andeer;+41 81 650 90 30;info@viamala.ch;https://www.viamala.ch;[{'@type': 'ImageObject', 'contentUrl': 'https://viatpimtsoch.sos-ch-dk-2.exoscale-cdn.com/catalog/2/a/3/9/2a399f9cc5b8e9152ee0076be394320ef175ce3b_Feuerstelle_und_Spielplatz_Andeer.jpg', 'caption': {'de': 'Feuerstelle und Spielplatz Andeer', 'en': 'Fire pit and playground Andeer', 'fr': 'Fossa antincendio e parco giochi Andeer', 'it': 'Fossa antincendio e parco giochi Andeer'}}];2026-03-11T12:43:14+01:00
8b68d74a-f910-45cb-a5a2-0c8ea49b91d6;Feuerstelle Trieg;Die Feuerstelle liegt in einer Waldlichtung mit schöner Aussicht ins Tal und ins Domleschg.  ;<p>Die Feuerstelle ist ab dem Bahnhof Rothenbrunnen in ca. 1:10h Wanderzeit erreichbar. Als Alternative kann man direkt zur Feuerstelle mit dem Auto fahren. Hierfür wird eine Bewilligung benötigt.</p><p><span style="font-weight: bold;">Ausstattung</span></p><ul><li>1 Feuerstelle</li><li>Rost vorhanden</li><li>Brennholz vorhanden</li><li>2 Tische und 4 Bänke</li><li>Brunnen<br></li></ul><p><br>Bitte allfällige Weisungen z.B. bezüglich <a href="https://www.gr.ch/DE/institutionen/verwaltung/diem/awn/aktuelles/Waldbrandgefahr/Seiten/aktuelle_waldbrandgefahr.aspx" target="_blank">Waldbrandgefahr </a>beachten.</p>;9.409393069968019;46.76320004718704;Viamala Tourismus;7424;Präz;+41 81 650 90 30;info@viamala.ch;https://www.viamala.ch;[{'@type': 'ImageObject', 'contentUrl': 'https://viatpimtsoch.sos-ch-dk-2.exoscale-cdn.com/catalog/e/4/5/9/e459895ff95404e621dbbce9409feb4d8b6acd05_Feuerstelle_Trieg_Pr__z.jpg', 'caption': {'de': 'Feuerstelle Trieg Präz', 'en': 'Fireplace Trieg Präz', 'it': 'Camino Trieg Präz'}}];2026-03-11T12:43:14+01:00
8d0a3ae5-51f8-48f0-a4ff-0911eeaf5190;Herbie Taxi Reisen;Ihr flexibler Partner für sichere und individuelle Transportlösungen zu fairen Preisen.;Herbie Taxi Reisen ist eine verlässliche und erfahrene Wahl für alle Transportbedürfnisse. Ob Sie regelmässige Schülerfahrten, gelegentliche Transfers oder eine grosse Gruppenreise planen, hier finden Sie massgeschneiderte Lösungen. Mit über 20 Jahren Erfahrung gewährleistet Herbert Michael höchste Zuverlässigkeit und Komfort. Das Unternehmen bietet flexible Dienstleistungen zu fairen Preisen an, sei es für den Personentransport, kleinere Transporte oder als privater Chauffeur für Geschäftsausflüge. Herbert Michaels Taxi ist Ihr vertrauenswürdiger Partner für eine sichere und angenehme Reiseerfahrung.;9.429622;46.629065;Turvasch 48;7433;Donat;+41 79 242 13 90;info@herbie.gr;https://www.herbie.gr;[{'@type': 'ImageObject', 'contentUrl': 'https://viatpimtsoch.sos-ch-dk-2.exoscale-cdn.com/catalog/0/7/5/e/075ec3560a1e3d0da93cd050b910462e700fa5c6_herbert_michael_personentransport_herbie_donat_schamserberg_sommer_viamala_tourismus.jpg', 'caption': {'de': 'Herbie Taxi am Schamserberg', 'en': 'Herbie Taxi at Schamserberg', 'it': 'Herbie Taxi am Schamserberg'}}];2025-10-27T21:38:32+01:00
8d5ce6eb-2efd-4b1d-8f47-fb379ca1e649;Avalanche Training Center Avers-Juf;Das ATC Avalanche Training Center ist eine stationäre Anlage zur Übung der Lawinenverschütteten-Suche mit LVS-Geräten und Lawinensonden. Sie ermöglicht die Handhabung der Notfallausrüstung unter nahezu realistischen Bedingungen zu trainieren.;<p>Es ist absolut wichtig, durch umsichtiges Verhalten einen Lawinenabgang zu vermeiden, sollte es dennoch geschehen, geht es bei der Rettung um Minuten!</p>
<p>Das&nbsp;ATC Avalanche Training Center&nbsp;ist eine stationäre Anlage zur Übung der Lawinenverschütteten-Suche&nbsp;mit LVS-Geräten und Lawinensonden. Sie ermöglicht die Handhabung der Notfallausrüstung unter nahezu realistischen Bedingungen zu trainieren.</p>
<p>Die Anlage ist während der Wintersaison in Betrieb.</p>
<p><strong>Die Anlage befindet sich direkt beim Parkplatz (Ortseinfahrt Avers-Juf) auf der linken Seite.</strong></p>;9.576516151428223;46.44665466373725;Oberjuf;7448;Juf;+41 81 650 90 30;info@viamala.ch;https://www.viamala.ch;[{'@type': 'ImageObject', 'contentUrl': 'https://viatpimtsoch.sos-ch-dk-2.exoscale-cdn.com/catalog/9/f/6/7/9f674118c9ba76f1d20de7950c40f883bc646576_avalanche_training_center_atc_avers_juf_viamala_tourismus.jpg', 'caption': {'de': 'Das Avalanche Training Center ATC in Avers-Juf'}}];2026-03-11T14:32:30+01:00
8ed2b40e-3961-4889-82e3-1ed66996dc1e;Bus alpin Beverin;Die Haltestelle Tguma auf über 2‘300 Meter über Meer im Gebiet der grössten Alp des Kantons Graubünden, ist der ideale Ausgangspunkt für zahlreiche Touren im Naturpark Beverin.;<p>Die Moorlandschaft von nationaler Bedeutung rund um den Lai Grand lädt zum Verweilen ein. Eine Wanderung führt von der Tguma über die Alp Tumpriv zum Piz Beverin mit atemberaubender Aussicht. Möglich sind auch Überquerungen ins Safiental, nach Sufers oder an den Heinzenberg. Von der Tguma erreicht man ebenfalls die einzige und einzigartige Cufercalhütte (SAC) des Naturparks.</p>
<p>Gruppen ab 6 Personen und Fahrräder mit obligatorischer Anmeldung; weitere Fahrten zu Spezialtarif. Tel. Herbert Michael Transporte:&nbsp;<a href="tel:+41792421390">+41 79 242 13 90</a>.</p>;9.407971501350405;46.62657806156046;7433;Muntogna da Schons;+41 79 242 13 90;info@herbie.gr;https://busalpin.ch/regionen/beverin/sommer;[{'@type': 'ImageObject', 'contentUrl': 'https://viatpimtsoch.sos-ch-dk-2.exoscale-cdn.com/catalog/e/7/9/a/e79afbb4c90eac06205b29edf288b6666999af5e_bus_alpin_beverin__1_.jpg', 'caption': {'de': 'Der Bus alpin Beverin', 'en': 'The Bus alpin Beverin', 'it': 'Il Bus alpin Beverin'}}];2025-10-27T21:38:32+01:00
8f2099db-4bd7-4bbe-ae75-4eb6baec9496;Gilli's Museum;In diesem Kleinstmuseum wird Geschichte greifbar: Viele, teils auch ganz kleine, Haushalts- und Bauernhof-Gegenstände aus einigen Jahrhunderten haben Geheimnisse und Geschichten preiszugeben, die Regula Gilli kennt und gerne erzählt.;<p>Einige Gegenst&auml;nde befl&uuml;geln die Fantasie und erinnern an das Leben in fr&uuml;heren Zeiten. Wie z.B. der Rollstuhl der Urgrossmutter, welcher an die Heidi-Verfilmung erinnert. Die Alpszenen der neuesten Verfilmung entstanden im Sommer 2014 oberhalb von Sufers.</p>;9.36807632446289;46.57089125492068;Stückliweg 12;7434;Sufers;+41 79 782 56 91;sgillis@bluewin.ch;[{'@type': 'ImageObject', 'contentUrl': 'https://viatpimtsoch.sos-ch-dk-2.exoscale-cdn.com/catalog/c/9/6/5/c96575a190baf831ce7a6d520fd82d4c1c67b9b2_gilli_s_museum_ausstellung_demateo.jpg', 'caption': {'de': "Gilli's Museum in Sufers", 'en': "Gilli's Museum in Sufers", 'it': 'Museo di Gilli a Sufers'}}];2025-10-27T21:38:32+01:00
8fe8af26-2f0d-4d06-b520-ec17eec25591;St. Antoniuskirche Mathon;Die St. Antoniuskirche wurde um 1200 erbaut und ist vermutlich ein Nachfolgebau der bereits im Jahre 831 erwähnten «ecclesia in Mentaune», die dem heiligen Martin geweiht war.;Die heute sichtbaren Ruinen der Kirchenruine St. Antonius stammen aus dem Beginn des 13. Jahrhunderts. Anlässlich einer Grabung im Jahr 1956 wurde eine halbrunde&nbsp;Apsis&nbsp;aus spätkarolingischer Zeit freigelegt, die bis zum Chor des Nachfolgerbaus reichte. Die zahlreich gefundenen Fragmente vorromanischer und romanischer Zeit werden heute im Depot des&nbsp;Rätischen Museums&nbsp;aufbewahrt. <br>Die Kirche&nbsp;wurde in den 80er-Jahren des letzten Jahrhunderts vor dem totalen Verfall bewahrt. Seither können hier im Sommer wieder wunderbare Hochzeiten gefeiert werden.;9.417115;46.635981;Sutgea;7433;Mathon;+41 81 650 90 30;info@viamala.ch;https://www.viamala.ch;[{'@type': 'ImageObject', 'contentUrl': 'https://viatpimtsoch.sos-ch-dk-2.exoscale-cdn.com/catalog/0/0/c/6/00c69c932ab0ebe3444811f5741d87514b1022f1_mathon_schamserberg_kirchen_st_antoniuskirche_fruehling_sommer_demateo.com.jpg', 'caption': {'de': 'Mathon mit der alten St. Antoniuskirche'}}];2025-10-27T21:38:32+01:00
903bcc4e-9ed0-4dd3-8ae0-0c410f3b8451;Schmelzi Ausserferrera;Eine historische Verhüttungsanlage bei Ausserferrera.;<!-- ####### HEY, I AM THE SOURCE EDITOR! #########-->
<p>Über Jahrhunderte verhalfen Rohstoffe wie Eisen und Erz dem Ferrera- und Schamsertal zu einem gewissen Wohlstand. Heute sind die Minen stillgelegt.&nbsp;Die&nbsp;Zeitzeugen&nbsp;sind aber heute noch sichtbar.</p>
<p>Der&nbsp;<a href="https://www.erzminen-hinterrhein.ch">Verein Erzminen</a>&nbsp;Hinterrhein sorgt dafür, dass diese Zeitzeugen im&nbsp;<a href="https://www.viamala.ch/de/ausflugsziele/bergbaumuseum-innerferrera">Bergbaumuseum</a>&nbsp;in Innerferrera und auf&nbsp;<a href="https://www.erzminen-hinterrhein.ch/f%C3%BChrungen/">geführten Exkursionen</a>&nbsp;wieder entdeckt werden können.</p>
<p><strong>&nbsp;</strong></p>;9.439052939414978;46.570150001184906;7444;Ausserferrera;+41 81 650 90 30;info@viamala.ch;https://www.viamala.ch;[{'@type': 'ImageObject', 'contentUrl': 'https://viatpimtsoch.sos-ch-dk-2.exoscale-cdn.com/catalog/e/2/0/b/e20bdcc64944f33f2f204dec161e5979ba747eaf_schmelzi_ausserferrera.jpg', 'caption': {'de': 'Schmelzi Ausserferrera'}}];2025-10-27T21:38:32+01:00
909d9961-e5ab-4ca0-9417-0cae7a590293;Feuerstelle Burgruine Cagliatscha;Die Ruine der Burg Cagliatscha liegt auf 1182 m ü. M. zwischen Andeer und Clugin auf einem Felsvorsprung hoch über dem Tal. Vor der Ruine liegt ein Picknickplatz mit Feuerstelle und einem Brunnen und bietet eine herrliche Aussicht ins Tal. ;<p>Die Feuerstelle ist von Clugin aus über einen Wanderweg in gut 30 Minuten problemlos erreichbar.&nbsp; Folgen Sie der Wanderweg Signalisation&nbsp;Richtung "Ruina Cagliatscha".</p><p><span style="font-weight: bold;">Ausstattung</span></p><ul><li>1 Feuerstelle</li><li>Rost vorhanden (verstellbaren Glutrost 45x70cm)</li><li>2 Tische mit Bänke (18 Sitzplätze)</li><li>Brennholz vorhanden</li><li>Brunnen mit Trinkwasser vorhanden</li><li>Abfallentsorgung vorhanden<br><br></li></ul><p>Bitte allfällige Weisungen z.B. bezüglich <a href="https://www.gr.ch/DE/institutionen/verwaltung/diem/awn/aktuelles/Waldbrandgefahr/Seiten/aktuelle_waldbrandgefahr.aspx" target="_blank">Waldbrandgefahr </a>beachten.</p>;9.422066;46.613691;Viamala Tourismus;7442;Clugin;+41 81 650 90 30;info@viamala.ch;https://www.viamala.ch;[{'@type': 'ImageObject', 'contentUrl': 'https://viatpimtsoch.sos-ch-dk-2.exoscale-cdn.com/catalog/6/b/f/b/6bfb7202abaa5a06203037fb496dbbc7ee81a80f_Feuerstelle_Burgruine_Cagliatscha_Clugin.jpg', 'caption': {'de': 'Feuerstelle Burgruine Cagliatscha Clugin', 'en': 'Fireplace Cagliatscha castle ruins Clugin', 'it': 'Camino delle rovine del castello di Cagliatscha Clugin'}}];2026-03-11T12:43:14+01:00
94d22d5b-9b7a-4f9e-a658-86fcccdb5de4;Spielplatz Paspels Cureia;Der Spielplatz befindet sich im Zentrum von Paspels, unterhalb vom Restaurant Triangel.;<p><strong>Ausstattung:</strong></p>
<ul>
<li>Abfallentsorgung</li>
<li>Spielturm mit Rutsche und Kletternetz</li>
<li>Nestschaukel</li>
<li>Schaukel und Korbschaukel</li>
<li>Rutsche</li>
<li>R&ouml;hre</li>
<li>Spielturm mit Wasserspiel</li>
<li>Holz Auto</li>
<li>Sitzgruppe/Bank</li>
</ul>;9.44252;46.749895;Paspels;7417;Domleschg;+41 81 650 90 30;info@viamala.ch;https://www.viamala.ch;[{'@type': 'ImageObject', 'contentUrl': 'https://viatpimtsoch.sos-ch-dk-2.exoscale-cdn.com/catalog/c/6/3/b/c63b4f697547d6a0312d63bec6d54dd45bb6b39d_spielplatz_paspels_cureia.jpg', 'caption': {'de': 'Spielplatz Paspels Cureia', 'en': 'Playground Paspels Cureia', 'it': 'Parco giochi Paspels Cureia'}}];2025-10-27T21:38:32+01:00
964ce5f5-0a39-4253-bf89-cc11eed2f6c5;Feuerstelle Tgometta;Von der Feuerstelle Tgometta hat man eine schöne Aussicht Richtung Domleschg. ;<p>Die Feuerstelle ist ab Lescha in weniger als 15 Minuten zu Fuss erreichbar.</p><p><span style="font-weight: bold;">Ausstattung</span></p><ul><li>1 Feuerstelle</li><li>Grillrost vorhanden</li><li>Brennholz vorhanden</li><li>1 Tisch und 3 Bänke</li><li>der Platz ist eingezäunt<br><br></li></ul><p>Bitte allfällige Weisungen z.B. bezüglich <a href="https://www.gr.ch/DE/institutionen/verwaltung/diem/awn/aktuelles/Waldbrandgefahr/Seiten/aktuelle_waldbrandgefahr.aspx" target="_blank">Waldbrandgefahr </a>beachten.</p>;9.402966505500672;46.72950714675161;Viamala Tourismus;7423;Sarn;+41 81 650 90 30;info@viamala.ch;https://www.viamala.ch;[{'@type': 'ImageObject', 'contentUrl': 'https://viatpimtsoch.sos-ch-dk-2.exoscale-cdn.com/catalog/6/8/3/a/683a90b49815bc38d411846623ae60affaf5183e_Feuerstelle_Beispielbild.jpg', 'caption': {'de': 'Feuerstelle ', 'en': 'Fireplace', 'it': 'caminetto'}}];2026-03-11T12:43:14+01:00
971bb02e-351e-419d-9398-aa660495adec;Stellplatz Oberurmein;Der obere Parkplatz beim Skilift Oberurmein darf als Stellplatz für max. 5 Nächte genutzt werden.;<p>Die Kosten betragen CHF 19.00&nbsp; (inkl. Kurtaxen) pro Nacht. Die Bezahlung erfolgt einfach und bequem über einen QR-Code oder über <a href="https://tschappina.payrexx.com/de/?tid=6f694719" target="_blank">tschappina.payrexx.com</a>. Akzeptiert werden Twint, Mastercard, Visa und Amex. </p><p><span style="font-weight: bold;">Im Preis inbegriffen:</span><span style="font-weight: 700;"><br></span>Benützung Aussen-WC Restaurant Skihütte<br>17-Liter Abfallsack</p><p>Der Abfallsack inkl. Marke kann im <a href="https://www.hofladen-girs.ch/" target="_blank">Hofladen girs+ Oberurmein</a> bezogen werden und im Molok bei der Einfahrt Aclas entsorgt werden. (Entsorgung ohne Marke ist strikt untersagt.)</p><p><span style="font-weight: bold;">Verpflegung:</span><span style="font-weight: 700;"><br></span>Das Restaurant Skihütte bewirtet Sie gerne mit einheimischen Spezialitäten und regionalen Produkten.</p><p>Frische Gipfeli, Brötchen und weitere Lebensmittel können im <a href="https://www.hofladen-girs.ch/" target="_blank">Hofladen girs+ Oberurmein</a> bezogen werden.</p>;9.385247826576233;46.69715451116192;Oberurmein;7427;Urmein;+41 81 651 11 16;betriebsleiter@skilifte-tschappina.ch;https://www.skilifte-tschappina.ch/;[{'@type': 'ImageObject', 'contentUrl': 'https://viatpimtsoch.sos-ch-dk-2.exoscale-cdn.com/catalog/6/8/6/4/6864a585d1cbcb4d3ca4af8eac1bff0d11e7c7ba_stellplatz_oberurmein.jpg', 'caption': {'de': 'Stellplatz Oberurmein'}}];2025-10-27T21:38:33+01:00
9736e021-7190-44cc-a509-b1756eabae69;Kapelle St. Maria Magdalena;Die Kapelle St. Maria Magdalena steht auf einer Hügelkuppe oberhalb des Weilers Dusch in Paspels mit Wandmalereien des Waltenburger Meisters.;Ursprünglich war St. Maria Magdalena eine Filiale der Pfarrkirche St. Lorenz in Paspels.&nbsp;Wann die Kapelle, eine einfache geostete Saalkirche mit eingezogener&nbsp;Apsis, erbaut worden ist, ist unklar; fest steht jedoch, dass sie&nbsp;romanischen&nbsp;Ursprungs ist. Die Kapelle und der Hof Dusch gehörten im 13. Jahrhundert zu den Besitzungen der&nbsp;Freiherren von Vaz&nbsp;und wurden dem&nbsp;Prämonstratenserstift&nbsp;Churwalden&nbsp;gestiftet. Im Churwaldner&nbsp;Urbar&nbsp;von 1508 wird die Kapelle erstmals urkundlich erwähnt:&nbsp;«Sequitur unsers gotzhus zins von den gutern, die gehorend den zwayen capellen Sant Lorentzen und Sant Maria Magdalena in Tumilser kirchspel gelegen welche mirsamt iren zehenden, zinsen und gutern unseres gotzhus aygen sind». In den päpstlichen Bestätigungen des Klosterbesitzes von 1208 sind sie nicht aufgeführt; wann die Übergabe an das Kloster Churwalden stattfand, ist unsicher. Nach der Reformation im 16. Jahrhundert stand die Kapelle zunächst unbenutzt, bis sie 1786 vom Kloster Churwalden der katholischen Kirchgemeinde von Paspels übergeben wurde.;9.450012445449829;46.75651533918456;Dusch;7417;Paspels;+41 81 650 90 30;info@viamala.ch;https://www.viamala.ch;[{'@type': 'ImageObject', 'contentUrl': 'https://viatpimtsoch.sos-ch-dk-2.exoscale-cdn.com/catalog/8/9/5/9/8959d8fda21f539ab1f4f2ed4fa2a9ee4f02340e_kapelle_st_maria_magdalena_dusch_paspels_domleschg_fruehling_demateo_1.jpg', 'caption': {'de': 'Die Kapelle St. Maria Magdalena in Paspels', 'en': 'The Chapel of St. Maria Magdalena in Paspels', 'it': 'La cappella di Santa Maria Maddalena a Paspels'}}];2025-10-27T21:38:33+01:00
974c8f2a-4d23-4abb-ba27-2d9aae24bfd6;Stegfeuerstelle Lüschersee;Die Stegfeuerstelle Lüschersee liegt am wieder gefüllten Lüschersee und auf dem Erlebnisweg - ein Berg im Fluss. ;<p>Die Feuerstelle befindet sich direkt beim Steg des wieder aufgefüllten Lüschersees und auf dem&nbsp;<a href="https://mybusiness.outdooractive.com/de/r/23420097/" target="_blank">Erlebnisweg - ein Berg im Fluss</a>. Informationen zum Wiedererwachen des Lüschersees finden Sie <a href="https://www.viamala.ch/de/ausflugsziele/wiedererwachen-des-lueschersees" target="_blank">hier</a>.</p><p><span style="font-weight: bold;">Ausstattung</span></p><ul><li>1 Grillrost</li><li>Brennholz vorhanden<br></li></ul><p><br>Es gibt keine Bänke direkt an der Feuerstelle.<br>Bitte allfällige Weisungen z.B. bezüglich <a href="https://www.gr.ch/DE/institutionen/verwaltung/diem/awn/aktuelles/Waldbrandgefahr/Seiten/aktuelle_waldbrandgefahr.aspx" target="_blank">Waldbrandgefahr </a>beachten.</p>;9.351318;46.693214;Lüschsee;7428;Tschappina;+41 81 650 90 30;info@viamala.ch;https://www.viamala.ch;[{'@type': 'ImageObject', 'contentUrl': 'https://viatpimtsoch.sos-ch-dk-2.exoscale-cdn.com/catalog/3/6/5/0/36503e20fcc41023c17be0fdd2e4fc09a6c7db02_Stegfeuerstelle_L__schersee.jpg', 'caption': {'de': 'Stegfeuerstelle Lüschersee', 'en': 'Lüschersee jetty', 'it': 'Molo del Lüschersee'}}];2026-03-11T12:43:14+01:00
99ab5d13-fe9e-4d1f-875d-4f509c9c529c;Spielplatz Splügen;Der Spielplatz befindet sich beim Schulhaus. Die Bushaltestelle Splügen Dorf befindet sich direkt neben dem Spielplatz.;<p><strong>Ausstattung:</strong></p>
<ul>
<li>Abfallentsorgung</li>
<li>Tischtennis</li>
<li>Basketballkorb</li>
<li>Schaukeln</li>
<li>Nestschaukel</li>
<li>Sitzmöglichkeiten</li>
<li>Sandkasten</li>
<li>Federwippen</li>
<li>Wippe</li>
<li>Spielturm mit Rutschbahn</li>
<li>Unihockeytore</li>
<li>Reckstangen</li>
<li>Brunnen</li>
<li>Seilbahn</li>
<li>Öffentliche Toilette (auf der anderen Strassenseite beim Parkplatz)</li>
</ul>;9.3188031;46.5523967;Nü Strass 1;7435;Splügen;+41 81 650 90 30;info@viamala.ch;http://viamala.ch;[{'@type': 'ImageObject', 'contentUrl': 'https://viatpimtsoch.sos-ch-dk-2.exoscale-cdn.com/catalog/3/a/f/f/3aff8c151b4b783ce1dcb254d8f4ec2bdc4d8d1e_spielplatz_spluegen.jpg', 'caption': {'de': 'Spielplatz beim Schulhaus Splügen'}}];2025-10-27T21:39:42+01:00
99faf7dc-466e-4c46-92f7-314555dbd579;Feuerstelle Schwarzwald Nufenen;Die Feuerstelle Schwarzwald hat einen grossen Umschwung und lädt zum Spielen auf der Wiese ein.;<p>Zu Fuss erreicht man die Feuerstelle über den Wanderweg von Nufenen Richtung Medels nach ca. 30 Gehminuten. Die Wanderung ist auch für Kinder geeignet, da es nur eine Steigung von ca. 50 Höhenmeter gibt.</p><p><span style="font-weight: bold;">Ausstattung</span></p><ul><li>1 Feuerstelle</li><li>Grillrost vorhanden</li><li>Brennholz vorhanden</li><li>1 Tisch mit 10 Sitzplätzen</li><li>weitere Sitzgelegenheiten um die Feuerstelle</li><li>Abfallentsorgung vorhanden</li><li>grosser Umschwung<br></li></ul><p><br>Bitte allfällige Weisungen bezüglich <a href="https://www.gr.ch/DE/institutionen/verwaltung/diem/awn/aktuelles/Waldbrandgefahr/Seiten/aktuelle_waldbrandgefahr.aspx" target="_blank">Waldbrandgefahr </a>beachten.<br>Im Juli findet dort jeweils das Opernair Rheinwald statt.</p>;9.261914491653442;46.53912996516608;Viamala Tourismus;7437;Nufenen;+41 81 650 90 30;info@viamala.ch;https://www.viamala.ch;[{'@type': 'ImageObject', 'contentUrl': 'https://viatpimtsoch.sos-ch-dk-2.exoscale-cdn.com/catalog/3/9/c/9/39c9e598b9e6c8a6ff292b2f634d9ee9f98ca671_Feuerstelle_Schwarzwald_Nufenen.jpg', 'caption': {'de': 'Feuerstelle Schwarzwald Nufenen', 'en': 'Fire pit Black Forest Nufenen', 'it': 'Camino Foresta Nera Nufenen'}}];2026-03-11T12:43:14+01:00
9af3246a-2493-4b07-b171-8757991bf882;Spielplatz Rodels;Der grosszügig ausgestattete Spielplatz befindet sich bei der Primarschule Rodels.;<p><strong>Ausstattung:</strong></p>
<ul>
<li>Abfallentsorgung</li>
<li>Fussballtore</li>
<li>Spielturm mit Rutsche</li>
<li>Sandkasten</li>
<li>Schaukel</li>
<li>Korbschaukel</li>
<li>Doppelwippe</li>
<li>Sitzgruppe/Bank</li>
</ul>;9.44365;46.73413;Rodels;7415;Domleschg;+41 81 650 90 30;info@viamala.ch;https://www.viamala.ch;[{'@type': 'ImageObject', 'contentUrl': 'https://viatpimtsoch.sos-ch-dk-2.exoscale-cdn.com/catalog/f/3/5/2/f352ea2395f1b1d707f6c80c70df492b940074f1_Spielplatz_Rodels.jpg', 'caption': {'de': 'Spielplatz Rodels', 'en': 'Rodels playground', 'it': 'Parco giochi Rodels'}}];2025-10-27T21:38:33+01:00
9c0ad6a6-0b85-4acd-9f30-4a2b9572ef73;Reformierte Kirche Thusis;Die reformierte Kirche in Thusis ist denkmalgeschützt.;<p>Die Kirche wurde von Andreas Bühler aus Gmünd/Österreich in vorreformatorischer Zeit 1491-1506 erbaut. Sie ist im spätgotischem Stil gehalten und war ursprünglich eine Marienkirche. 1792, 1814, 1905, 1956 und 2008 wurde sie einer Renovation unterzogen. Sie ist einschiffig. Der Chor hat ein Sternrippengewölbe mit vergoldeten Streifen. Die gotischen Spitzbogenfenster sind schmucklos verglast, das Maßwerk ist jeweils unterschiedlich geformt. Über dem westlichen Eingangsportal befindet sich ein gotisches Fischblasenfenster mit einfarbig hellem Glas. Neben der Tür ist das alte Chorgestühl erhalten geblieben. Es fungiert inzwischen als Ablage für Informationsschriften.</p><p> Der Turm schliesst nördlich an die Kirche an und stammt erst aus dem Jahr 1727. Das letzte Feuer, das im Turm 2002 ausbrach, beschädigte die Zwiebelhaube schwer. Sie wurde originalgetreu rekonstruiert. Die Kirche brauchte nach dem Brand ein komplett neues Geläut. Zwei der zerborstenen Glocken sind noch erhalten: Eine steht draussen zwischen Kirche und Leichenhalle, eine weitere vor der Migros.</p>;9.438723;46.694299;Altdorfstrasse 1;7430;Thusis;+41 81 651 44 23;kathihuber@sunrise.ch;https://thusis-masein-reformiert.ch;[{'@type': 'ImageObject', 'contentUrl': 'https://viatpimtsoch.sos-ch-dk-2.exoscale-cdn.com/catalog/b/2/4/5/b24534e1a6f59899d1239979ddcf775aa4abb917_thusis_altdorf_kirche_sommer_demateo.jpg', 'caption': {'de': 'Die Reformierte Kirche im Altdorf von Thusis', 'en': 'The Reformed Church in the old village of Thusis', 'it': "La chiesa riformata nell'antico villaggio di Thusis"}}];2025-10-27T21:38:33+01:00
9d561c62-b69d-48d1-83d9-e77428cc4258;Spielplatz Tomils;Der Spielplatz ist beim Primarschulhaus Tomils zu finden.;<p><strong>Ausstattung:</strong></p>
<ul>
<li>Abfallentsorgung</li>
<li>Fussballtore</li>
<li>Spielturm mit R&ouml;hrenrutschbahn</li>
<li>Spielturm mit Kiesspiel</li>
<li>Rampe mit Seil</li>
<li>Nestschaukel</li>
</ul>;9.439845;46.762833;Tomils;7418;Domleschg;+41 81 650 90 30;info@viamala.ch;https://www.viamala.ch;[{'@type': 'ImageObject', 'contentUrl': 'https://viatpimtsoch.sos-ch-dk-2.exoscale-cdn.com/catalog/d/8/8/6/d88664062eee1f83b0435915592a8f939f8c904d_Spielplatz_Tomils.jpg', 'caption': {'de': 'Spielplatz Tomils', 'en': 'Tomils playground', 'it': 'Parco giochi di Tomils'}}];2025-10-27T21:38:33+01:00
9db30bcd-0177-4ead-b498-7648dce5f29b;Capricorn Ausstellung;Die Ausstellung Capricorn im Center da Capricorns in Wergenstein vermittelt Spannendes und Wissenswertes über den König der Alpen. Seit 60 Jahren ist der Steinbock im Gebiet des Naturparks wieder heimisch und die Kolonie zählt über 300 Tiere.;<p>Die modern gestaltete Ausstellung startet mit dem interaktiven Relief zum Naturpark Beverin. Auf diesem Relief kann das Reich des Capricorns in 3D und multimedial entdeckt werden. Danach geht es zur&uuml;ck in der Zeit. Wandzeichnungen zeugen von H&ouml;hlenmalereien und in einer imitierten Felswand kann man spannende Informationen zur Ausrottung, Wiederansiedlung und heutigen Verbreitung des Capricorns entdecken.</p>
<p>Auf Tablets wird vertieft &uuml;ber den Capricorn informiert, beim Artenquiz kann man die Unterschiede zwischen dem Alpensteinbock und seinen Verwandten, welche in Eurasien und Afrika verbreitet sind entdecken. Die Kr&ouml;nung der Capricorn Ausstellung bilden drei Steinbockpr&auml;parate, so dass man den K&ouml;nig der Alpen in echter Gr&ouml;sse bewundern kann.</p>;9.40731;46.62637;Center da Capricorns;7433;Casti-Wergenstein;+41 81 650 70 10;info@naturpark-beverin.ch;https://www.naturpark-beverin.ch;[{'@type': 'ImageObject', 'contentUrl': 'https://viatpimtsoch.sos-ch-dk-2.exoscale-cdn.com/catalog/7/0/2/5/7025cb6104908bb08c1076826d43c1b05c8c71b5_capricorn_ausstellung_wergenstein.jpg', 'caption': {'de': 'Capricorn Ausstellung in Wergenstein', 'en': 'Capricorn exhibition in Wergenstein', 'it': 'Mostra sul Capricorno a Wergenstein'}}];2025-10-27T21:38:33+01:00
a0673c88-9dbb-4596-9bbb-4fb2568973c2;Steinkirche Cazis;Eine der eigenwilligsten Kirchenbauten der Schweiz steht in Cazis: Die Steinkirche mit ihren drei an gletschergeformte Felsen erinnernden Elementen lässt den Betrachter aufmerken - und über Themen wie Geborgenheit, Raum und Wärme nachdenken. Doch nach wie vor ist das Bauwerk von Architekt Werner Schmidt aus Trun unvollendet.;<p>Die Steinkirche von Cazis hat eine bewegte Geschichte hinter sich. 1994 wurden Studienaufträge für einen Kirchenneubau in Auftrag gegeben. Im März 1995 obsiegte aus sieben eingegangenen Arbeiten das Projekt von Architekt Werner Schmidt aus Trun. Dieses sah drei steinförmige Einzelvolumen, welche durch versenkbare Wände getrennt werden können, einen Verbindungstrakt als Erschliessung zwischen bestehendem Pfarrhaus und den Sakralräumen, sowie einen freistehenden Turm vor.</p><p>Im April 1996 wurde mit dem spektakulären Rohbau, unter Mitwirkung des Spezialisten für Schalenbau Heinz Isler aus Burgdorf, begonnen. Auf Grund einer Modellvorlage wurden 108 verschiedene Holzbinderelemente hergestellt. Diese wurden wie Schnitze einer Orange auf die Fundamente gestellt, mit einem feinmaschigen Gitter überzogen und anschliessend mit Spritzbeton in dünnen Schichten bespritzt, bis zur Erreichung der Wanddicke von ca. 15 cm. Im November 1996 wurde das Richtfest gefeiert und im Frühjahr 1997 war der Rohbau vollendet. Aus Kostengründen musste der Weiterbau in der Folge vorerst eingestellt werden. Auf einem provisorischen Holzboden mit Notheizung und Nottüren wurde die Baustelle als Kirche in Gebrauch genommen.</p><p> </p><p><span style="font-weight: bold;">Geborgenheit und Freiheit</span><span style="font-weight: 700;"><br></span>Es entstand eine lebendige Kulturwerkstatt mit Festgottesdiensten, Theater, Konzerten, Bilderausstellungen und meditativen Veranstaltungen. Nachdem dank verschiedenen Anstrengungen die finanzielle Situation unter Kontrolle gebracht werden konnte, ging es mit dem neuen Architekten, Diederik Peper aus Chur, weiter. Der Innenausbau und der Verbindungstrakt wurden erstellt. Im Juli 2002 wurde die Kirche eingeweiht und ihrer Bestimmung übergeben. Innen vermittelt die Architektur das Gefühl von Geborgenheit einerseits und Freiheit andererseits.</p><p>Die Anlage der Räume kennt auch kein Vorne und Hinten. Erst recht ist kein Oben und Unten vorgegeben. Freiheit schafft sich ihren Raum durch die demokratische Struktur. Jede Besucherin, jeder Besucher muss sich selbst seinen Standpunkt verschaffen, einen eigenen Blickwinkel auf Gott und die Menschen einnehmen. Dies wird noch durch die Lage und Form der Fenster verstärkt. Im östlichen Stein geht der Blick zum Himmel, im mittleren Stein eröffnet sich dem Betrachter der Horizont und im westlichen Stein fällt unser Blick auf die Strasse, auf die Häuser, auf die Menschen.</p><p><span style="font-weight: bold;">Der Glockenturm fehlt</span><span style="font-weight: 700;"><br></span>So ist diese Kirche nicht nur eine offene Kirche für die Menschen, die sich in der Kirche befinden, sondern auch für die Menschen draussen. Viele halten unverhofft an - und sie fühlen sich wohl. In diesen Räumen wird niemand vereinnahmt. Die Kirche ist noch immer unvollendet. Für den Bau des Glockenturms und eines Vordaches beim Eingang fehlen noch etwa eine halbe Million Franken.</p>;9.427594;46.725511;Pitgongastrasse 1/3;7408;Cazis;+41 81 651 25 88;pfarramt@heinzenberg-reformiert.ch;https://heinzenberg-reformiert.ch/unsere-kirchen/steinkirche-cazis;[{'@type': 'ImageObject', 'contentUrl': 'https://viatpimtsoch.sos-ch-dk-2.exoscale-cdn.com/catalog/9/1/8/7/9187fd1595c5697641cee6a018b099b32976dc28_steinkirche_cazis_im_herbst__1_.jpg', 'caption': {'de': 'Die Steinkirche Cazis im Herbst', 'en': 'The stone church in Cazis in the fall', 'it': 'La chiesa di pietra di Cazis in autunno'}}];2025-10-27T21:38:33+01:00
a183e0fa-7f2c-46f4-9a4f-20f288a34d2e;Aussichtspunkt Bergstation Sesselbahn Feldis-Mutta;Feldis ist das sonnige Ausflugsziel mit phantastischer Aussicht. Die Sesselbahn bringt Sie bequem auf den Hausberg Mutta, der einen einzigartigen Panorama Ausblick auf Beverin, Tödi und die Calanda-Gruppe bietet.;Eine wetterfeste, ästhetisch schöne und übersichtliche Panoramaplatte ist in einen zwei Tonnen schweren Granitblock aus Andeer eingelassen und informiert über viele Dörfer und Berge in der Gegend. Bei guten Sichtverhältnissen ist gar das Finsteraarhorn im Berner Oberland zu sehen, 4273 Meter hoch und in 106 Kilometer Entfernung. Die prächtige Panoramatafel befindet sich unmittelbar bei der Bergstation der Sesselbahn.;9.4557523727417;46.796680923362445;Viamala Tourismus;7404;Feldis;+41 81 650 90 30;info@viamala.ch;https://www.viamala.graubuenden.ch;[{'@type': 'ImageObject', 'contentUrl': 'https://viatpimtsoch.sos-ch-dk-2.exoscale-cdn.com/catalog/9/4/0/d/940d9b9ce8e66b18d24ddc63784cfdca305e3a8e_aussichtspunkt_bergstation_mutta_feldis_bergbahnen.jpg', 'caption': {'de': 'Aussichtspunkt Bergstation Sesselbahn Feldis-Mutta'}}];2025-10-27T21:38:33+01:00
a3bde7c2-4dd0-46d3-8013-ed8db3e57bb5;Feuerstelle Pavillon / Panell Splügen;Die Feuerstelle Pavillon/Panell liegt ca. 160 Meter über dem Talboden. Eine gute Aussicht hat man auf das Dorf Splügen und das Rheinwald.;<p>Die Feuerstelle Pavillon/Panell liegt auf dem <a href="https://mybusiness.outdooractive.com/de/r/23419906/" target="_blank">Wanderweg Sufers-Panell-Splügen</a>&nbsp;und ist mit einem gedeckten Holzpavillon ausgestattet.</p><p><span style="font-weight: bold;">Ausstattung</span></p><ul><li>1 Feuerstelle</li><li>Grillrost vorhanden</li><li>2 Holzsitzbänke (je für 3 - 4 Personen)</li><li>1 Pavillon mit Holztisch und Bänken (gedeckt) für 10-12 Personen<br><br></li></ul><p>Es ist kein Brennholz vorhanden, dies kann jedoch im nahe gelegenen Wald gesammelt werden.<br> Bitte allfällige Weisungen bezüglich <a href="https://www.gr.ch/DE/institutionen/verwaltung/diem/awn/aktuelles/Waldbrandgefahr/Seiten/aktuelle_waldbrandgefahr.aspx" target="_blank">Waldbrandgefahr </a>beachten.</p>;9.339039;46.554415;Bodenplatz;7435;Splügen;+41 81 650 90 30;info@viamala.ch;https://www.viamala.ch;[{'@type': 'ImageObject', 'contentUrl': 'https://viatpimtsoch.sos-ch-dk-2.exoscale-cdn.com/catalog/4/1/c/2/41c224361cfdbcec9b94600102dae8a57fc1e239_Feuerstelle_Pavillon_Panell_Spl__gen.jpg', 'caption': {'de': 'Feuerstelle Pavillon Panell Splügen', 'en': 'Fireplace Pavilion / Panell Splügen', 'it': 'Padiglione camino / Pannello Splügen'}}];2026-03-11T12:43:14+01:00
a3c1fedf-aab1-4128-8dc7-9c068bb58618;Turmuhren-Museum Tartar;Es sind über 50 mechanisch einwandfreie und betriebsbereite Turmuhren ausgestellt.;Bei einem Besuch zu den vollen Stunden kann ein Uhrschlag – Konzert erlebt werden.;9.418301;46.718585;Kirchgasse 11;7422;Tartar;gemeinde@cazis.ch;https://cazis.ch/dorfleben-gesellschaft/kulturarchiv/;[{'@type': 'ImageObject', 'contentUrl': 'https://viatpimtsoch.sos-ch-dk-2.exoscale-cdn.com/catalog/1/c/f/2/1cf2fcbb71956f96f02dcd087df91939f51e989c_turumuhren_museum_tartar_ausstellung_viamala_tourismus_4.jpg', 'caption': {'de': 'Turmuhren-Museum Tartar', 'en': 'Tartar Tower Clock Museum', 'it': "Museo dell'orologio della Torre dei Tartar"}}];2025-10-27T21:38:33+01:00
a440c2b8-7dae-44ad-be55-16fac6be07af;Kapelle St. Albin;Die Kapelle St. Albin befindet sich auf dem Wanderweg der Veia Traversina zwischen Sils i. D. und dem Besucherzentrum der Viamala-Schlucht.;<p>Der anspruchsvollste Abschnitt durch die Viamala-Schlucht wurde einst von zwei Sakralbauten markiert: im Norden durch die noch als Ruine erhaltene Kapelle St.Albin (Ersterwähnung im 12. Jahrhundert), im Süden durch die gänzlich abgegangene Kapelle St. Ambriesch (erstmals erwähnt um 1209). Die einzige bildliche Darstellung von Sankt Ambriesch stammt vom niederländischen Maler Jan Hackaert, sie zeigt die Kapelle allerdings bereits im Jahre 1655 nur noch als Ruine. Die Kapelle St. Albin weist dagegen noch Reste eines Stichkappen-Kreuzgewölbes über dem Chor auf, was auf eine frühe, vielleicht gar spätrömisch-frühmittelalterliche Bauzeit schliessen lässt. Einst dürfte hier, am Ende des Maiensässes Carschenna, auch eine Raststätte bestanden haben.</p>
<h4>Zugänglichkeit</h4>
<p>Die Kapelle ist frei zugänglich. Bitte die Wiese bei der Kapelle schonen!</p>;9.451127;46.684528;Via Spluga;7411;Sils i.D.;+41 81 650 90 30;info@viamala.ch;https://www.viamala.ch;[{'@type': 'ImageObject', 'contentUrl': 'https://viatpimtsoch.sos-ch-dk-2.exoscale-cdn.com/catalog/7/2/6/7/7267f6e43d67351cddf8f44745ec65e079e29cf9_kappelle_st_albin_sils_id_sommer.jpg', 'caption': {'de': 'Die Kapelle St. Albin in Sils im Domleschg', 'en': 'The St. Albin chapel in Sils im Domleschg', 'it': "La cappella di Sant'Albino a Sils im Domleschg"}}];2025-10-27T21:38:33+01:00
a5d71629-0721-47e1-8f25-d27a26106f5d;Spielplatz Scheid;Der Spielplatz befindet sich beim alten Schulhaus Scheid und verfügt über eine wunderbare Aussicht ins Domleschg und auf den Heinzenberg.;<p><strong>Ausstattung:</strong></p>
<ul>
<li>Abfallentsorgung</li>
<li>Spielturm mit Rutsche</li>
<li>Nestschaukel</li>
</ul>;9.445246;46.776475;Plattealas 32;7419;Scheid;+41 81 650 90 30;info@viamala.ch;https://www.viamala.ch;[{'@type': 'ImageObject', 'contentUrl': 'https://viatpimtsoch.sos-ch-dk-2.exoscale-cdn.com/catalog/7/1/a/9/71a91d0f015daef7483b21bb28178f2809152850_Spielplatz_Scheid.jpg', 'caption': {'de': 'Spielplatz Scheid', 'en': 'Scheid playground', 'it': 'Parco giochi Scheid'}}];2025-10-27T21:38:33+01:00
a63322d0-55e7-4097-b4e0-81d41ed99960;Feuerstelle Stutz Tschappina;<p>Zu Fuss am Wanderweg Obertschappina-Glaspass.</p><p>Bitte allfällige Weisungen z.B. bezüglich <a href="https://www.gr.ch/DE/institutionen/verwaltung/diem/awn/aktuelles/Waldbrandgefahr/Seiten/aktuelle_waldbrandgefahr.aspx" target="_blank">Waldbrandgefahr </a>beachten.</p>;9.36475411583524;46.68475856575435;Viamala Tourismus;7428;Tschappina;+41 81 650 90 30;info@viamala.ch;https://www.viamala.ch;[{'@type': 'ImageObject', 'contentUrl': 'https://viatpimtsoch.sos-ch-dk-2.exoscale-cdn.com/catalog/3/4/6/2/346259d24b98f3786a76a1fbb7d9791ccbe9c3cc_Feuerstelle_Beispielbild.jpg', 'caption': {'de': 'Feuerstelle', 'en': 'Fireplace', 'it': 'Caminetto'}}];2026-03-11T12:43:14+01:00
aab65aa2-38de-4ffb-9ce2-5a01ecbba445;Sinnesoase Petrushügel;Spüre den Ort an dem du dich befindest. Geniesse deine Umgebung und lass den Dingenfreien Lauf.;Der auffallende abgeplattete Hügel am Fuss des Heinzenbergs liegt im Norden des Dorfes Cazis westlich von Realta rund 80 Meter über dem Talgrund auf einer Höhe von 740 Metern. Er ist von der am Fuss des Hügels entlang führenden kleinen Strasse aus in einer Viertelstunde zu Fuss gut zu erreichen.;9.422203302383425;46.73377790179004;Petrushügel;7408;Cazis;+41 81 650 04 80;gemeinde@cazis.ch;https://www.cazis.ch;[{'@type': 'ImageObject', 'contentUrl': 'https://viatpimtsoch.sos-ch-dk-2.exoscale-cdn.com/catalog/9/2/7/f/927f8d379f10e006ac0453394d14a2eed9ebcffe_dsc08479.jpg', 'caption': {'de': 'Sinnesoase Petrushügel'}}];2025-10-27T21:38:33+01:00
adc75f94-78ae-413a-890a-d086a3f3e858;Burganlage Hohen Rätien;Weder eine Festung noch ein edles Schloss. Was ist es dann? Der Hohe Rätien ist seit Jahrhunderten ein Rätsel. Auf einem imposanten Felsen über dem Eingang zur Viamala-Schlucht gelegen, ist es eine der ältesten noch genutzten Siedlungen der Schweiz - ein aussergewöhnliches Kulturgut in Graubünden mit einer bewegten Geschichte von über 4000 Jahren.;<p>Auf hohen Rätien, mitten im Verkehrsstrom über die Alpenpässe gelegen, kamen Pilger, Händler und Säumer vorbei, wo sie einen gesicherten Warenumschlagplatz und eine Säumerherberge vorfanden. An der Stelle eines uralten Kultplatzes errichteten in der Spätantike die ersten Christen ihre Taufkirche, mit einem Taufbecken (5. Jahrhundert), das im Baptisterium erhalten geblieben ist und besichtigt werden kann. In der Folge entstand daraus die Pfarrkirche St. Johann &amp; Viktor, dem einstmaligen Zentrum der Grosspfarrei «Hoch Rialt».</p>
<p>Weitläufige Wiesen, die mächtigen alten Bäume auf dem Gelände und der plätschernde Brunnen beim Hoch Rialt Turm laden die Besucher zum Verweilen ein. Die Aussicht über das Domleschger Tal und in die Viamala ist unvergleichlich.</p>
<p>Eine Familienstiftung - seit 1472 Besitzerin der Anlage - sorgt noch heute für den Erhalt dieser faszinierenden Zeugen längst vergangener Zeiten.</p>
<p>Mit ihrem Smartphone oder Tablet haben Sie Zugang zu einem audiovisuellen Guide mit wichtigen Informationen zur Geschichte der Anlage.</p>
<p>Hohen Rätien liegt am wieder erstellten&nbsp;<a href="https://www.viamala.ch/de/viaspluga">viaSpluga-Weitwanderweg</a>.</p>
<p><span style="font-weight: bold;">Zugang</span><br>Hohen Rätien liegt auf einem Felsplateau und ist gegen eine Eintrittsgebühr öffentlich zugänglich. Erreichbar zu Fuss in ca. 35 min ab&nbsp;<a href="https://mybusiness.outdooractive.com/de/r/23419810/" data-type="tour" data-id="23419810">Burgenweg Domleschg</a>.</p>;9.444287;46.691622;Familienstiftung Hohen Rätien;7411;Sils i.D.;+41 81 252 81 23;castle@hohenraetien.ch;https://www.hohenraetien.ch;[{'@type': 'ImageObject', 'contentUrl': 'https://viatpimtsoch.sos-ch-dk-2.exoscale-cdn.com/catalog/7/3/1/b/731b2cf898760d0f80203e67a40d7f7e27c5fb14_burganlage_hohen_raetien_sommer_viamala_demateo.com.jpg', 'caption': {'de': 'Burganlage Hohen Rätien', 'en': 'Hohen Rätien castle complex', 'it': 'Complesso del castello di Hohen Rätien'}}];2025-10-27T21:38:33+01:00
af6ec713-e904-495c-8b4d-10aecb6e449e;Feuerstelle Capettawald;Zu Fuss über den Wanderweg ab Pürt oder Cresta erreichbar (ca. 30 Min.). In Waldlichtung bei Hüttli im Capettawald.;Bitte allfällige Weisungen z.B. bezüglich <a href="https://www.gr.ch/DE/institutionen/verwaltung/diem/awn/aktuelles/Waldbrandgefahr/Seiten/aktuelle_waldbrandgefahr.aspx" target="_blank">Waldbrandgefahr </a>beachten.;9.51164960861206;46.46848769039403;Viamala Tourismus;7447;Avers;+41 81 650 90 30;info@viamala.ch;https://www.viamala.ch;[{'@type': 'ImageObject', 'contentUrl': 'https://viatpimtsoch.sos-ch-dk-2.exoscale-cdn.com/catalog/6/2/1/5/6215d1755982a29f4cd0f08bba10e607b140723b_Feuerstelle_Beispielbild.jpg', 'caption': {'de': 'Feuerstelle Capettawald', 'en': 'Capettawald fireplace', 'it': 'Caminetto Capettawald'}}];2026-03-11T12:43:14+01:00
af8b1903-a393-4ff9-a4b0-178978760fd3;Reformierte Kirche Andeer;Die reformierte Kirche in Andeer ist ein evangelisch-reformiertes Gotteshaus am nördlichen Dorfeingang.;<p>Erbaut 1673 nach den&nbsp;Bündner Wirren&nbsp;im&nbsp;Barockstil, fusst die heutige Kirche auf der Bausubstanz mehrerer Vorgänger. Eine Kirche in Andeer an gleicher Lage ist ersturkundlich 1419 erwähnt. Der markante, das Dorfbild prägende&nbsp;Turm&nbsp;wurde 1827 aufgestockt und mit einem&nbsp;Zwiebelhelm&nbsp;auf dem&nbsp;polygonalen&nbsp;Aufsatz gedeckt. Die Kirche steht unter kantonalem&nbsp;Denkmalschutz. </p><p>Den Mittelpunkt der Kirche bildet der&nbsp;Taufstein&nbsp;noch vor den Stufen zum&nbsp;Chor, der nach reformierter Bündner Tradition auch als&nbsp;Abendmahlstisch&nbsp;fungiert. Die&nbsp;intarsienverzierte&nbsp;Kanzel&nbsp;geht auf das Jahr 1677 zurück. </p><p>Die&nbsp;Orgel&nbsp;wurde 1967 eingebaut und fand ihren Platz auf der Empore.</p>;9.426089823246002;46.605118024201694;Veia Granda 16;7440;Andeer;+41 81 661 11 28;hans-martin.kaetsch@gr-ref.ch;https://andeer-reformiert.ch/;[{'@type': 'ImageObject', 'contentUrl': 'https://viatpimtsoch.sos-ch-dk-2.exoscale-cdn.com/catalog/9/b/3/3/9b33e50fa9a707d80621293659aa4b1b5453c228_die_reformierte_kirche_andeer_im_herbst__1_.jpg', 'caption': {'de': 'Andeer mit der reformierten Kirche im Herbst', 'en': 'Andeer with the reformed church in fall', 'it': 'Andeer con la chiesa riformata in autunno'}}];2025-10-27T21:38:36+01:00
b0777ac6-e9c3-44b1-aed4-06cb6e8b714c;Stellplatz Avers-Cröt;In Cröt, auf dem ehemaligen Sägewerk-Parkplatz dürfen zwei Stellplätze von Campern genutzt werden.;<h4>Sanitäranlagen</h4><p>Eine öffentliche Toilette steht zur Verfügung.</p>
<h4><strong><br></strong>Kosten</h4><p>CHF 25.00 pro Fahrzeug und Nacht inkl. Gästeabgabe</p>
<h4><strong><br></strong>Zahlung</h4><p>Direkt über die App&nbsp;<a href="https://www.parknsleep.app/ps/57452331">Parkn'Sleep</a>.</p>
<h4><strong><br></strong>Maximaler Aufenthalt</h4><p>3 Nächte</p>
<h4><strong><br></strong>Abfall</h4><p>Keine Möglichkeit für Abfallentsorgung.</p>;9.48696255683899;46.476586004599234;Cröt;7447;Avers;+41 81 667 11 62;gemeinde@avers.ch;https://gemeindeavers.ch/;[{'@type': 'ImageObject', 'contentUrl': 'https://viatpimtsoch.sos-ch-dk-2.exoscale-cdn.com/catalog/0/1/5/a/015a049044b8aed9daad2d82a09ee72eeaf74f5c_avers_croet_im_winter_viamala_tourismus.jpg', 'caption': {'de': 'Avers-Cröt im Winter', 'en': 'Avers-Cröt in winter', 'it': 'Avers-Cröt in inverno'}}];2026-03-30T09:32:57+02:00
b16f3eaa-2061-4779-a6da-5f09ac234c52;Spielplatz Schulhaus Quadra Cazis;Der Spielplatz beim Schulhaus Quadra in Cazis verfügt über verschiedene Spielgeräte und bietet Kindern zahlreiche Möglichkeiten, um sich auszutoben.;<p>Dieser&nbsp;Spielplatz ist ein vielseitiger Ort f&uuml;r Kinder jeden Alters. Ein erfrischender Brunnen am Rand des Spielplatzes bietet eine angenehme Abk&uuml;hlung f&uuml;r Gross und Klein. Hinter dem Spielplatz erstrecken sich ein Fussballfeld, ein Basketballfeld, eine Wiese und eine Rutschbahn. Die Ausstattung umfasst:</p>
<ul>
<li>Einen Brunnen</li>
<li>Eine Korbschaukel</li>
<li>Ein Vogelnest-Karussell</li>
<li>Einen Holzpark</li>
</ul>;9.432712;46.718236;Quadra 14;7408;Cazis;+41 81 650 90 30;info@viamala.ch;https://www.viamala.ch;[{'@type': 'ImageObject', 'contentUrl': 'https://viatpimtsoch.sos-ch-dk-2.exoscale-cdn.com/catalog/6/c/2/2/6c22272fe2eab333112d39e950ee22788a11212f_Spielplatz_Schulhaus_Quadra_Cazis.jpg', 'caption': {'de': 'Spielplatz Schulhaus Quadra Cazis', 'en': 'Quadra Cazis school playground', 'it': 'Parco giochi della scuola Quadra Cazis'}}];2025-10-27T21:38:36+01:00
b497f594-2caf-41e0-904f-b6aa2d63aa07;Feuerstelle Crappasusta;Die Feuerstelle Crappasusta liegt in einer Waldlichtung in der Nähe von Thusis. ;<p>Ab Thusis ist die Feuerstelle in ca. 35 Gehminunten erreichbar. Zudem gibt es eine Waldhütte, welche gemietet werden kann. Weitere Informationen finden Sie&nbsp;<a href="https://bg-thusis.ch/" target="_blank">hier</a>.</p><p><span style="font-weight: bold;">Ausstattung</span></p><ul><li>1 Grill mit Rost vorhanden</li><li>2 Tische mit Bänke (14 Sitzplätze)</li><li>Abfallentsorgung vorhanden</li><li>Brennholz vorhanden<br></li></ul><p><br>Bitte allfällige Weisungen z.B. bezüglich <a href="https://www.gr.ch/DE/institutionen/verwaltung/diem/awn/aktuelles/Waldbrandgefahr/Seiten/aktuelle_waldbrandgefahr.aspx" target="_blank">Waldbrandgefahr </a>beachten.</p>;9.434444904327393;46.68658678552015;Feuerstelle Crappasusta;7430;Thusis;+41 81 650 90 30;info@viamala.ch;https://www.viamala.ch;[{'@type': 'ImageObject', 'contentUrl': 'https://viatpimtsoch.sos-ch-dk-2.exoscale-cdn.com/catalog/9/7/a/c/97acb9d239468165802e6856f3209b89d8bc5645_Waldh__tte_Crappasusta_Thusis_mit_Feuerstelle.jpg', 'caption': {'de': 'Waldhütte Crappasusta mit Feuerstelle', 'en': 'Crappasusta forest hut with fireplace', 'it': 'Crappasusta capanna forestale con camino'}}];2026-03-11T12:43:14+01:00
b5c662c0-6525-413a-a0ba-485406af5d5d;KHR & Staumauer Valle di Lei;Das imposante Stauwerk ist das Kernstück der Stromproduktion der Kraftwerke Hinterrhein AG.;<p>Die Staumauer des Valle di Lei liegt auf Schweizer Gebiet, der See bereits in Italien. Von der Mauerkrone aus hat man einen imposanten Blick auf den ewigen Schnee des Pizzo Stella und des Piz Grisch. Die Anlage Valle di Lei gehört zur dreistufigen Kraftwerksgruppe mit den Zentralen Ferrera, Bärenburg und Sils. Pro Jahr werden rund 1'410 Mio. kWh Strom produziert. Direkt bei der Staumauer Valle di Lei befindet sich ein öffentlich zugängliches Inforama der Kraftwerke Hinterrhein AG. Hier sind die einzelnen Stufen der gesamten Anlage verständlich dokumentiert. Zusätzlich wird viel Wissenswertes über die Stromproduktion vermittelt.</p><p><span style="font-weight: bold;">Geführte Staumauer-Besichtigung Valle di Lei</span><br>Im Juli und August jeweils am Dienstag-Nachmittag. Anmeldung erforderlich bis 16.00 Uhr am Vorabend an Gästeinformation Viamala, Tel. <a href="tel:+41816509030">+41 81 650 90 30</a>. Treffpunkt: 14.00 Uhr beim KHR-Inforama Valle di Lei. Dauer ca. 1.5 – 2 Stunden. Kostenlos. Gute Schuhe und warme Jacke erforderlich. Begrenzte Anzahl Teilnehmer. Für Gruppen nach Vereinbarung. Anmeldung via <a href="https://www.khr.ch/de/fuehrungen" target="_blank">Online-Formular</a>.</p>;9.456771;46.48363;Valle di Lei;7445;Innerferrera;+41 81 635 37 37;admin@khr.ch;https://www.khr.ch;[{'@type': 'ImageObject', 'contentUrl': 'https://viatpimtsoch.sos-ch-dk-2.exoscale-cdn.com/catalog/a/9/0/d/a90d22ec97663e046455b679a9b3c0673cc87f2d_staumauer_valle_di_lei.jpg', 'caption': {'de': 'Valle di Lei', 'en': 'Valle di Lei', 'it': 'Valle di Lei'}}];2026-03-25T11:51:41+01:00
b774373a-516d-4566-87f4-33c228c9b961;Feuerstelle Jagdstand Realta;Wunderschöne, gepflegte Feuerstelle am Rand einer Waldlichtung mit grossem Unterstand.;<p>Die Feuerstelle ist ab Realta in 45 Minuten zu Fuss erreichbar. Sie liegt am Waldrand und an einem Bächlein.<br></p><p><span style="font-weight: bold;">Ausstattung</span></p><ul><li>1 Feuerstelle</li><li>Grillrost vorhanden</li><li>Brennholz vorhanden</li><li>2 Tische und 4 Bänke</li><li>Toilette</li><li>grosser Unterstand</li><li>Keine Abfallentsorgung<br></li></ul><p><br>Bitte allfällige Weisungen z.B. bezüglich <a href="https://www.gr.ch/DE/institutionen/verwaltung/diem/awn/aktuelles/Waldbrandgefahr/Seiten/aktuelle_waldbrandgefahr.aspx" target="_blank">Waldbrandgefahr&nbsp;</a>beachten.</p>;9.420358;46.746224;Viamala Tourismus;7408;Cazis;+41 81 650 90 30;info@viamala.ch;https://www.viamala.ch;[{'@type': 'ImageObject', 'contentUrl': 'https://viatpimtsoch.sos-ch-dk-2.exoscale-cdn.com/catalog/6/6/f/7/66f703d826b1f6face55448937c5a6b7e414ac5b_Feuerstelle_Jagdstand_Realta_Unterstand_Gemeinde_Cazis.jpg', 'caption': {'de': 'Feuerstelle Jagdstand Realta', 'en': 'Realta hunting stand fire pit', 'it': 'Fossa di caccia Realta'}}];2026-03-11T12:43:14+01:00
b79922ec-9fee-4192-9863-ba483386bafe;Schloss Sins;Ein Schloss mit wechselndem Gesicht: Das etwas mehr als 300-jährige Schloss Sins in Paspels.;<p>Schloss Paspels wurde vermutlich von Jahn Victor von Travers-Ortenstein um 1695 erbaut. Aus dieser Zeit stammen wohl noch Teile des Haupttraktes, die allerdings nicht mehr näher ausscheidbar sind. Um 1730 scheint der gleichnamige Sohn des Erbauers einen umfassenden Umbau vorgenommen zu haben. Dieser Umbau liegt vermutlich der Gesamtdisposition der heutigen Anlage, insbesondere dem Treppenhaus, zu Grunde. Es gilt als mutmasslicher Geburtsort von Pompejus Planta, der als Widersacher von Jürg Jenatsch bekannt wurde.</p>
<p>Weitere Umgestaltungen nahm Generalleutnant Victor von Travers vor, der auch die am 25. April 1760 zu Ehren des Namen Jesu, Maria und Joseph benedizierte Kapelle einbauen liess. Die letzte grössere Renovation fand 1892/93 unter Oberst Freidrich von Tscharner (später auf Ortenstein) mit einer Umgestaltung des Äusseren statt. Architekt war Nicolaus Hartmann sen., St. Moritz. 1911 erfolgte der Eigentumsübergang an Minister F. von Salis-Soglio. Bis ins Jahr 2012 wurde das Schloss Sins als Hotel geführt.</p>
<p><strong>Zugang<br></strong>Das Schloss Sins befindet sich in Privatbesitz und ist nicht öffentlich zugänglich. Die Anlage liegt direkt am&nbsp;<a href="https://mybusiness.outdooractive.com/de/r/23419810/" data-type="tour" data-id="23419810">Burgenweg Domleschg</a>.</p>;9.44052;46.750119;7417;Paspels;+41 81 650 90 30;info@viamala.ch;https://www.viamala.ch;[{'@type': 'ImageObject', 'contentUrl': 'https://viatpimtsoch.sos-ch-dk-2.exoscale-cdn.com/catalog/b/7/c/6/b7c65ba94b7df0e6810280154a834ea9c07b146e_schloss_sins_suens_paspels_domleschg_sommer_viamala_tourismus.jpg', 'caption': {'de': 'Schloss Sins Paspels', 'en': 'Castle Sins Paspels', 'it': 'Castello di Sins Paspels'}}];2025-10-27T21:38:36+01:00
b7dcb90c-a4b6-45cb-9eda-5f6b1131738a;Stellplatz Madris (Avers);Der Parkplatz Höhenhaus im Madris darf von Campern genutzt werden.;<h4>Sanitäranlage</h4><p>Keine Vorhanden</p>
<h4><br>Kosten</h4><p>CHF 25.00 pro Fahrzeug und Nacht inkl. Gästeabgabe</p>
<h4><br>Zahlung</h4><p>Direkt über die App&nbsp;<a href="https://www.parknsleep.app/ps/26963047">Parkn'Sleep</a>.</p>
<h4><br>Maximaler Aufenthalt</h4><p>3 Nächte</p>
<h4><br>Abfall</h4><p>Keine Möglichkeit für Abfall vorhanden</p>;9.47987213730812;46.45257322850879;Madrisch;7446;Avers;+41 81 667 11 62;gemeinde@avers.ch;https://gemeindeavers.ch/;[{'@type': 'ImageObject', 'contentUrl': 'https://viatpimtsoch.sos-ch-dk-2.exoscale-cdn.com/catalog/b/f/7/e/bf7e1ebf0a240afa400029dd124191c40a5ae0f5_val_madris_avers_sommer_demateo.jpg', 'caption': {'de': 'Das Val Madris im Sommer', 'en': 'The Val Madris in summer', 'it': 'La Val Madris in estate'}}];2025-10-27T21:38:36+01:00
bb3c5f50-8719-4e7c-b60c-7ba37a9718e4;Porta Rhaetica;Das Tor zu den Bündner Pässen: Die einstige Talsperre diente der Kontrolle des Transitverkehrs. Und bietet heute Gelegenheit zur Rast. Die PORTA RHAETICA ist für Unbefugte nicht zugänglich, kann aber für Anlässe bis 50 Personen direkt beim Pächter Jaeger Getränke in Thusis gemietet werden.;Einst stand hoch über dem Hinterrhein die Burg der Herren von Juvalt, des ältesten noch blühenden Bündner Geschlechtes. Am Fusse des Burgfelsen sperrte die Talsperre Porta Rhaetica die Reichsstrasse und kontrollierte damit den Transitverkehr zu den wichtigen Bündner Pässen Splügen und San Bernardino. Von 1216 bis 1823, als links des Rheins die «Italienische Strasse» gebaut wurde, musste der ganze Verkehr von und nach Italien durch das Nadelöhr von Juvalt. Durch das Churer Tor und das verschwundene Clevner Tor der Talsperre zogen Säumer, Reisläufer und Pilger, Könige und Bettler. <br>Um 1500 aufgegeben, erlebt die Talsperre 1940 eine Renaissance als militärisches Hindernis gegen die Invasionspläne Mussolinis. Die 700-jährigen Mauern werden mit «Toblerone»-Panzerhindernissen ergänzt, tief im Fels wird eine Festung samt Goldtresor gebaut. 2010 bis 2013 wird das Ensemble der vier Baudenkmäler von nationaler Bedeutung umfassende gesichert.;9.419341000000031;46.777341;Pro Castellis;7405;Rothenbrunnen;+41 81 650 90 30;info@viamala.ch;https://www.viamala.ch;[{'@type': 'ImageObject', 'contentUrl': 'https://viatpimtsoch.sos-ch-dk-2.exoscale-cdn.com/catalog/3/e/1/8/3e18f53174951bcf5888569d95f75ccdabaf535f_porta_rhaetica_rothenbrunnen_ruine_domleschg_fruehling_sommer_demateo.com.jpg', 'caption': {'de': 'Die Porta Rhaetica bei Rothenbrunnen'}}];2025-10-27T21:38:36+01:00
bb5d1387-e077-435e-a224-cb2f6ea2e4dd;Ausstelllung Zillis Stoffelsconception GmbH;Die Ausstellung «Chiffren, Codizes & Cryptos» in Zillis zeigt, wie Bilder, Zeichen und Symbole Wissen bewahren und vermitteln.;<p class="MsoNormal"><span lang="DE" style="font-size: 10.5pt; font-family: 'Arial',sans-serif; color: black; mso-ansi-language: DE;">Kodierte Informationssignale in Form symbolischer Ziffern (Chiffren), systematischer Zuteilungen (Codizes) und strukturierter Zahlen (Cryptos), sind ein physikalisches Produkt der menschlichen Kommunikation. Dabei spielten bildhafte Erscheinungen schon immer eine wichtige Rolle der Wissensvermittlung.<br><br>Seit jeher nutzen Menschen ihre Sinne, um Informationen interaktiv wahrzunehmen und zu verarbeiten. Sehen, Hören, Tasten, Riechen, Schmecken und die Fähigkeit, sich dank dem Gleichgewichtsinn in Raum und Zeit zu orientieren, ermöglichen dabei nicht nur die Aufnahme von Eindruck, sondern auch die Abgabe von Ausdruck. Kommunikation, also der Austausch von Informationseinheiten, bildet somit eine grundlegende kulturelle Voraussetzung f&uuml;r jede Zivilisation.<br><br>Dabei verbindet Information stets Inhalt und Form: Was wird mitgeteilt? Bedeutung! Wie zeigt sich etwas? Erscheinung! <br>Während früher hauptsächlich mündlich überlieferte Erzählungen, oft verbunden mit tänzerischen, theatralischen oder gesanglichen Darbietungen, informative Inhalte transportierten, sind dies in der heutigen Zeit zumeist animierte Bilder und modulierte Texte. Manche Botschaften sind unmittelbar verständlich. Andere erschliessen sich anhand besonderer Kenntnisse. Und nicht wenige werden aus Sicherheitsgr&uuml;nden kryptisch ver- und entschl&uuml;sselt. Gerade dieser Umstand hat im Informationszeitalter markant zugenommen. Daten werden elektronisch-digital, global und rund um die Uhr verfasst und vermittelt. Dies technisch anonym und rasend schnell.<br><br>In diesem Zusammenhang werden zwei spezifische Arten der Informationsvermittlung verglichen:</span></p><p class="MsoNormal"><span lang="DE" style="font-size: 10.5pt; font-family: 'Arial',sans-serif; color: black; mso-ansi-language: DE;">Einerseits die traditionell typische, bildhaft symbolische Ausdrucksweise, wie sie in den mittelalterlichen Deckenmalereien der Kirche St. Martin in Zillis pr&auml;gnant sichtbar wird. Andererseits ein innovatives Beispiel der modernen Informations- &amp; Kommunikationstechnologie, pr&auml;sentiert &uuml;ber die attraktiven Werke der Tafelbild-Manufaktur S</span><span lang="DE" style="font-size: 10.5pt; font-family: 'Arial',sans-serif; mso-ansi-language: DE;">toffelsconception<span style="color: black;"> GmbH in Andeer.</span></span></p><p><span lang="DE" style="font-size: 10.5pt; font-family: 'Arial',sans-serif; mso-fareast-font-family: Aptos; mso-fareast-theme-font: minor-latin; color: black; mso-ansi-language: DE; mso-fareast-language: DE-CH; mso-bidi-language: AR-SA;">Mit der aktuellen Ausstellung wird eine kontempor&auml;re Brücke zwischen Vergangenheit und Zukunft geschaffen. Es wird gezeigt, dass Menschen seit jeher nach konzeptionellen Wegen suchen, Wissen zu ordnen, zu bewahren und über Generationen hinweg weiterzugeben.</span></p>;9.444726199794172;46.63492083269083;Haupstrasse 28;7432;Zillis;+41 81 710 30 19;info@stoffeli.swiss;http://www.stoffeli.swiss;[{'@type': 'ImageObject', 'contentUrl': 'https://viatpimtsoch.sos-ch-dk-2.exoscale-cdn.com/catalog/4/4/8/a/448ae7487da459d90c2e8ce67168d506c6b260a2_Ausstelllung_Zillis_Stoffelsconception_GmbH.png', 'caption': {'de': 'Ausstelllung Zillis Stoffelsconception GmbH'}}];2026-08-25T22:38:12+02:00
bb6a9b08-c58c-4d3b-843a-9b7c27d6906f;Reformierte Kirche Hinterrhein;Die reformierte Kirche in Hinterrhein, im malerischen Rheinwald gelegen, ist ein evangelisch-reformiertes Gotteshaus, das unter dem Schutz des Kantons Graubünden steht.;<p>Bereits im Jahr 1219 schenkten die Herren von Sax-Misox ihre Kirche, die dem Patrozinium des Heiligen Petrus gewidmet war, dem Kollegiatstift in San Vittore im Misox-Tal. Diese grosszügige Geste begründete eine langjährige Verbindung zwischen Hinterrhein und dem italienischsprachigen Bündner Südtal, die bis zur Reformation anhielt. Mit der Annahme des neuen Glaubens suchte Hinterrhein dann Anschluss an Splügen. </p><p>Besonders hervorzuheben ist der historisch wertvolle Taufstein, der sich vor der inneren Eingangstür der Kirche befindet. Er stammt aus der Zeit der mittelalterlichen Walserwanderung und der ersten Sesshaftwerdung in Graubünden. Das Innere der Kirche wird von einer eindrucksvollen Kanzel mit Schalldeckel dominiert, während sich im Chorraum ein Taufstein befindet, der auch als Abendmahlstisch genutzt wird. Der Kirchturm, nur spärlich verputzt und mit einer eingeschossigen Glockenstube versehen, trägt eine charakteristische Flachkuppel.</p>;9.198935;46.53062;Chilchahus;7438;Hinterrhein;+41 81 664 18 08;georg.trepp@bluewin.ch;https://www.kirche-rheinwald.ch/kontakte;[{'@type': 'ImageObject', 'contentUrl': 'https://viatpimtsoch.sos-ch-dk-2.exoscale-cdn.com/catalog/e/f/7/e/ef7e9d90004d03666e2b9ca07353dd60c6bbc652_hinterrhein_im_winter.jpg', 'caption': {'de': 'Hinterrhein Dorf mit der reformierten Kirche', 'en': 'Hinterrhein village with the reformed church'}}];2025-10-27T21:38:36+01:00
bda38193-f879-47fc-98f0-6a980cfa3ee4;Reformierte Kirche Casti;Die denkmalgeschütze reformierte Kirche in Casti im Südosten des Dorfes steht auf einem vorgelagerten Felsen.;<p>Der Charakter dieser romanischen&nbsp;Saalkirche&nbsp;aus dem 12. Jahrhundert ist im Kanton Graubünden eine Seltenheit. Der massige&nbsp;Kirchturm&nbsp;erhielt erst später ein Glockengeschoss mit Glocken aus&nbsp;spätmittelalterlicher&nbsp;bis vorreformatorischer Zeit, ca. 1300 bis 1484. </p><p>Im Kircheninnern finden sich&nbsp;frühgotische&nbsp;Wandmalereien des&nbsp;Waltensburger Meisters. Die schlichte Kanzel wurde 1807 eingebaut. Die Kirche wurde 1971–1973 und 1990–1994 jeweils einer Renovierung unterzogen. Aus dem Jahre 2007 stammt die fünfregistrige&nbsp;Orgel&nbsp;von Orgelbau Felsberg AG.</p>;9.422954320907593;46.62392543016715;Casti 211;7433;Donat;+41 79 636 37 72;burga.simonett@bluewin.ch;https://zillis-st-martin.ch/kirchgemeinde-zillis-schamserberg/;[{'@type': 'ImageObject', 'contentUrl': 'https://viatpimtsoch.sos-ch-dk-2.exoscale-cdn.com/catalog/6/4/3/7/6437bb64f8eba86be198f260c3b8fc76f075b858_casti_im_sommer.jpg', 'caption': {'de': 'Casti mit der reformierten Kirche im Sommer', 'en': 'Casti with the reformed church in summer', 'it': 'Casti con la chiesa riformata in estate'}}];2025-10-27T21:38:37+01:00
c290e8f0-b4fc-4c3a-8d81-0c7640086d47;Feuerstelle Plattnersee Ratitsch;Die Feuerstelle liegt geschützt im Wald, direkt an einem kleinen See und Bächlein. ;<p>Die Feuerstelle ist ab Realta in 40 Minuten zu Fuss erreichbar und kann im Voraus <a href="https://cazis.ch/dorfleben-gesellschaft/raumreservation/" target="_blank">reserviert&nbsp;</a>werden.<br></p><p><span style="font-weight: bold;">Ausstattung</span></p><ul><li>1 Feuerstelle</li><li>Rost vorhanden</li><li>Brennholz vorhanden</li><li>3 Tische und 8 Bänke<br></li></ul><p><br>Bitte allfällige Weisungen z.B. bezüglich <a href="https://www.gr.ch/DE/institutionen/verwaltung/diem/awn/aktuelles/Waldbrandgefahr/Seiten/aktuelle_waldbrandgefahr.aspx" target="_blank">Waldbrandgefahr </a>beachten.</p>;9.421817079098332;46.74679365453221;Viamala Tourismus;7408;Cazis;+41 81 650 90 30;info@viamala.ch;https://www.viamala.ch;[{'@type': 'ImageObject', 'contentUrl': 'https://viatpimtsoch.sos-ch-dk-2.exoscale-cdn.com/catalog/0/b/3/b/0b3b555aebff7ac07dd907b34cf961cd25a24c75_Feuerstelle_Plattnersee_Ratitsch.jpg', 'caption': {'de': 'Feuerstelle Plattnersee Ratitsch', 'en': 'Plattnersee Ratitsch fire pit', 'it': 'Fucina Plattnersee Ratitsch'}}];2026-03-11T12:43:14+01:00
c2e8ff45-97cf-4614-b098-e12527310e81;Feuerstelle Grüeni;Die Feuerstelle Grüeni lädt zu einem Rast auf einer Wanderung zwischen Splügen und Sufers ein. Sie liegt direkt am Wegrand der unten aufgeführten Wanderrouten. ;<p>Die Feuerstelle Grüeni liegt an der Kultur- und Weitwanderung viaSpluga (Route 50, Etappe 2: Andeer - Splügen) sowie am Alpenässe-Weg (Route 6, Etappe 5: Ausserferrera - Splügen). Wir empfehlen Ihnen die Feuerstelle zu Fuss zu besuchen.</p><p><span style="font-weight: bold;">Ausstattung</span></p><ul><li>1 Feuerstelle</li><li>Grillrost vorhanden</li><li>Brennholz vorhanden</li><li>1 Tisch mit 8 Sitzplätzen</li><li>2 Bänkli für jeweils 3-4 Personen<br></li></ul><p><br>Bitte allfällige Weisungen bezüglich <a href="https://www.gr.ch/DE/institutionen/verwaltung/diem/awn/aktuelles/Waldbrandgefahr/Seiten/aktuelle_waldbrandgefahr.aspx" target="_blank">Waldbrandgefahr </a>beachten.&nbsp;</p>;9.34017062187195;46.56118407049135;Feuerstelle Grüeni;7435;Splügen;+41 81 650 90 30;info@viamala.ch;https://www.viamala.ch;[{'@type': 'ImageObject', 'contentUrl': 'https://viatpimtsoch.sos-ch-dk-2.exoscale-cdn.com/catalog/7/f/4/7/7f478585d7ee646909e292f71f8247a391fbe4f2_Feuerstelle_Gr__eni__2_.jpg', 'caption': {'de': ' Feuerstelle Grüeni bei Splügen', 'en': ' Grüeni fireplace near Splügen', 'it': ' Caminetto Grüeni vicino a Splügen'}}];2026-03-11T12:43:14+01:00
c5b53220-797b-4fe7-9d1c-90b32d29bd8a;Pùnt da Suransuns;Schmal und schnörkellos führt diese Brücke als Teil des Wanderwegnetzes - für einmal nicht über den Abgrund der Viamala, sondern direkt über den Rhein, der hier in einer bläulich schimmernden Bucht ausruht, bevor er weiter durch die Schlucht stürzt.;<p>Vier Flachstahlbänder bilden ein leicht geschwungenes Gerüst für die Gehwegplatten aus Andeerer Granit. Wie der Traversiner Steg und die Pùnts da tgavorgia stammt auch die 1999 eröffnete Pùnt da Suransuns von Jürg Conzett. Pùnt da Suransuns und Traversinersteg zusammen verweisen als hölzerne und steinerne Brücken auch auf die Bautraditionen in Graubünden, auf die Walser Holzhäuser des Nordens sowie auf die Steinhäuser der romanischen und italienischen Gebiete des Südens. Einen Kontrast zur Pùnt da Suransuns bildet hoch oben die vielbefahrene Nationalstrassenbrücke von Christian Menn (1967).</p><p><span style="font-weight: bold;">Zugänglichkeit</span><br>Die Pùnt da Suransuns ist ca. 20 Minuten vom Besucherzentrum in der Viamala-Schlucht entfernt.</p>;9.449864;46.657688;Viamala Tourismus;7432;Zillis-Reischen;+41 81 650 90 30;info@viamala.ch;https://www.viamala.ch;[{'@type': 'ImageObject', 'contentUrl': 'https://viatpimtsoch.sos-ch-dk-2.exoscale-cdn.com/catalog/c/f/8/1/cf81cebfd65fae0a016fec66e9ca1b7e9ce7dcea_punt_da_suransuns_viamala_schlucht_zillis_thusis_schams_sommer_demateo.com.jpg', 'caption': {'de': 'Die Pùnt da Suransuns in der Viamala-Schlucht', 'en': 'The Pùnt da Suransuns in the Viamala Gorge', 'it': 'Il Pùnt da Suransuns nella Gola della Viamala'}}];2025-10-27T21:38:37+01:00
ca535118-1c87-4220-8e96-5fb7e35d00b0;Ortsmuseum Obermutten;Das Ortsmuseum Obermutten thematisiert verschiedene Aspekte des bäuerlich geprägten Lebens im walserischen Bergdorf Mutten. In dem immer noch als Wohnhaus genutzten Holzbau aus dem 17. Jahrhundert findet sich eine historische Wohneinrichtung, die thematisch mit ausgewählten Gegenständen aus der Museumssammlung ergänzt wird.;<p>Aktuell sind&nbsp;zwei Ausstellungen zu den Themen «Weil noch das Lämpchen glüht» und&nbsp;«Der Brand und Wiederaufbau von Obermutten» eingerichtet.</p>
<p><strong>Weil noch das Lämpchen glüht</strong><br>Ausstellung über die Geschichte der Beleuchtungen mit rund&nbsp;200 Ausstellungsgegenständen. Im alten Walserhaus aus dem Jahr 1695 sehen Sie 2000 Jahre alte römische Öllampen, eine Vielzahl von Talglichtern, verschiedene Petrol-, Karbid- und Gaslampen. Sie erfahren mehr übers Feuermachen, die Schusterkugel, die Geschichte des Zündholzes, die Entstehung der Stereoskopie und die Odyssee der Muttner Bibel. Auf 25 Farbtafeln können Sie die Geschichte der Beleuchtungen in Wort und Bild auf leicht fassliche gut verständliche Art nachlesen.</p>
<p><strong>Der Brand und Wiederaufbau von Obermutten</strong><br>Dem Dorfbrand von 1946 fielen 17 Holzhäuser und Ställe zum Opfer.&nbsp;Die Ausstellung mit über 25 professionell und informativ gestalteten Ausstellungstafeln informieren über den Brand und Wiederaufbau mit Hilfe von Spendengeldern.</p>
<p><strong>Dorf- &amp; Kirchenführungen</strong><br>Der <a href="https://www.obermutten.ch/kontakt/">Walserverein Obermutten</a> bietet im Sommer auf Anfrage Dorfführungen durch Mutten, Stafel, Obermutten und zur bzw. in die <a href="https://viamala.ch/de/map/poi/holzkirche-obermutten-3222bdca-48b8-4e5d-a0ba-e0594f7f7fc9.html" target="_blank">Holzkirche Obermutten</a> an.</p>;9.483605772256851;46.672428497793604;Obermutten;7431;Mutten;+41 79 256 13 66;wyss_erwin@bluewin.ch;https://obermutten.ch/dorfmuseum-obermutten;[{'@type': 'ImageObject', 'contentUrl': 'https://viatpimtsoch.sos-ch-dk-2.exoscale-cdn.com/catalog/e/a/b/4/eab4fcaadd5dab6e6ebd2bcb350cd3bc5339bfc3_ortmuseum_obermutten_sommer_viamala_tourismus.jpg', 'caption': {'de': 'Das Ortsmuseum in Obermutten', 'en': 'The local museum in Obermutten', 'it': 'Il museo locale di Obermutten'}}];2025-10-27T21:38:37+01:00
cc71f4cc-c1f3-42b4-ab4c-fea537a40f16;Feuerstelle Fundogn Andeer;Die Feuerstelle ist per Fussmarsch von 1.5 Kilometer ab Pignia Bad oder Zillis leicht erreichbar und liegt am Ufer des Hinterrheins. ;<p>Die Feuerstelle kann von zwei Richtungen erreicht werden. Entweder man geht von Pignia Bad aus über einen Teerweg flussabwärts am rechten Ufer bis zur Autobrücke. Dort überqueret man den Hinterrhein auf der Fussgängerbrücke und folgt anschliessend dem Schild "Feuerstelle". Oder man folgt dem Weg von Zillis aus flussaufwärts. Auch hier ist die Feuerstelle beschildert. Beide Wege sind ungefähr gleich lang, die Variante über Pignia Bad ist wohl etwas kürzer und es kann direkt am Weg (neben der Bushaltestelle "Pignia, Abzw. Clugin"&nbsp;parkiert werden. Trotz der Nähe zur Autostrasse ist die Feuerstelle im Grünen gelegen und der Rhein vermag nahezug den Strassenlärm zu übertönen. Am Ufer hat es eine kleine Sandbank. Bitte beachten Sie die Hinweisschilder zu den Springfluten. Zum Baden ist der Fluss nicht geeignet.</p><p><span style="font-weight: bold;">Ausstattung</span></p><ul><li>Brennholz vorhanden</li><li>1 Feuerstelle</li><li>Grillrost vorhanden</li><li>2 Sitzbänke<br></li></ul><p><br>Bitte allfällige Weisungen z.B. bezüglich <a href="https://www.gr.ch/DE/institutionen/verwaltung/diem/awn/aktuelles/Waldbrandgefahr/Seiten/aktuelle_waldbrandgefahr.aspx" target="_blank">Waldbrandgefahr </a>beachten.</p>;9.432892;46.622974;Tranter Flemma;7433;Donat;+41 650 90 30;info@viamala.ch;https://www.viamala.ch;[{'@type': 'ImageObject', 'contentUrl': 'https://viatpimtsoch.sos-ch-dk-2.exoscale-cdn.com/catalog/1/a/b/f/1abf9b34d595fa9ad6959f7030b958af82c7a07f_Feuerstelle_Fundogn_Andeer.jpg', 'caption': {'de': 'Feuerstelle Fundogn Andeer', 'en': 'Fire pit Fundogn Andeer', 'it': 'Fossa per il fuoco Fundogn Andeer'}}];2026-03-11T12:43:14+01:00
cc7857e7-2b48-4cb9-afba-18a3f5fb6037;Feuerstelle Burgruine Präz;Von der Feuerstelle Burgruine Präz hat man eine herrliche Panoramasicht ins Tal. ;<p>Die Feuerstelle ist ab Präz in ca. 20 Gehminunte erreichbar und liegt am Fusse der Burgruine Präz.&nbsp;Sie liegt direkt am Familienwanderweg <a href="https://www.maps.viamala.ch/de/tour/themenweg/erlebniswanderweg-tilla-praez/23419492/" target="_blank">Tilla</a>.&nbsp;</p><p><span style="font-weight: bold;">Ausstattung</span></p><ul><li>1 Feuerstelle</li><li>Grillrost vorhanden</li><li>Brennholz vorhanden</li><li>2 Tisch und 4 Bänke</li><li>Brunnen</li><li>Spielmöglichkeit für Kinder</li><li>WC<br></li></ul><p><br>Bitte allfällige Weisungen z.B. bezüglich <a href="https://www.gr.ch/DE/institutionen/verwaltung/diem/awn/aktuelles/Waldbrandgefahr/Seiten/aktuelle_waldbrandgefahr.aspx" target="_blank">Waldbrandgefahr </a>beachten.</p>;9.409297;46.739806;Viamala Tourismus;7424;Präz;+41 81 650 90 30;info@viamala.ch;https://www.viamala.ch;[{'@type': 'ImageObject', 'contentUrl': 'https://viatpimtsoch.sos-ch-dk-2.exoscale-cdn.com/catalog/4/a/0/6/4a06483ded051537636320b4fc2ba0fa7ad22a58_Spielplatz_und_Feuerstelle_Burgruine_Heinzenberg_Pr__z.jpg', 'caption': {'de': 'Feuerstelle Burgruine Präz', 'en': 'Fireplace castle ruins Präz', 'it': 'Camino rovine del castello Präz'}}];2026-03-11T12:43:14+01:00
cdeab1c8-7090-42c2-9373-460ab5d39580;Feuerstelle Nollabrücke;Die Feuerstelle befindet sich direkt an der Nolla und ist mit dem PKW erreichbar.;<p><span style="font-weight: bold;">Ausstattung</span></p><ul><li>1 Feuerstelle</li><li>Grillrost vorhanden</li><li>2 Tische mit Bänke (12 Sitzplätze)</li><li>Bach vorhanden (kein Trinkwasser)</li><li>Abfallentsorgung vorhanden</li></ul><p><br>Bitte allfällige Weisungen z.B. bezüglich <a href="https://www.gr.ch/DE/institutionen/verwaltung/diem/awn/aktuelles/Waldbrandgefahr/Seiten/aktuelle_waldbrandgefahr.aspx" target="_blank">Waldbrandgefahr </a>beachten.<br></p><p><br></p>;9.423258751630783;46.69131554757605;Feuerstelle Nollabrücke;7430;Thusis;+41 81 650 90 30;info@viamala.ch;https://www.viamala.ch;[{'@type': 'ImageObject', 'contentUrl': 'https://viatpimtsoch.sos-ch-dk-2.exoscale-cdn.com/catalog/4/3/5/2/43526cd12504b88b906858b9e24b84de3847a3c1_Feuerstelle_Nollabr__cke_Thusis.jpg', 'caption': {'de': 'Feuerstelle Nollabrücke Thusis', 'en': 'Fireplace Nollabrücke Thusis', 'it': 'Camino Nollabrücke Thusis'}}];2026-03-11T12:43:14+01:00
ce430d3a-fb5c-43b9-a2db-5d3cc0468156;Beobachtungsbank Alp digl Oberst;Sitzbank bei der Alp digl Oberst mit herrlichem Blick über das Schams.;Diese Sitzbank bei der Alp digl Oberst bietet einen atemberaubenden Ausblick über das Schams. Unter der Bank befindet sich eine Schublade, die ein Fernglas und weitere Instrumente zur Beobachtung der Landschaft, Natur und Fauna enthält. Zusätzlich informieren bereitgestellte Materialien über ausgewählte Tier- und Pflanzenarten.;9.3826384;46.6460984;Viamala Tourismus;7430;Thusis;+41 81 650 90 30;info@viamala.ch;https://www.viamala.ch;[{'@type': 'ImageObject', 'contentUrl': 'https://viatpimtsoch.sos-ch-dk-2.exoscale-cdn.com/catalog/6/7/1/9/67190265525b8986a57e9e978f4d7837f32d4d3b_beobachtungsbank_mit_aussicht_in_die_val_schons_bei_der_alp_digl_oberst.jpg', 'caption': {'de': 'Beobachtungsbank Alp digl Oberst mit Aussicht ins Val Schons', 'en': 'Observation bench Alp digl Oberst with view into Val Schons'}}];2025-10-27T21:38:37+01:00
d1e5bc1d-04f3-47c5-80a8-82d6f46576db;Kulturtenn Obermutten;Mit dem Kulturtenn besitzt Mutten einen für viele Zwecke verwendbaren Raum. Die architektonisch gelungene Umnutzung eines landwirtschaftlichen Gebäudes lädt ein zum Denken, Arbeiten und Beisammensein.;<p>Aus einem Heustall ist im kleinen Bergdorf Obermutten ein luftiger Raum enstanden, das Kulturtenn. Der Charakter des Heustalls ist erhalten geblieben. Die Fenster bringen viel Licht hinein und lenken den Blick hinaus zu den nahen Gipfeln und Graten. Der Raum eignet sich hervorragend für Seminare, Workshops oder Schulwochen. Das Catering für Getränke und Verpflegung wird gerne vom Gasthaus Post in Obermutten übernommen.</p><p>Die Ausstattung des Kulturtenns mit Beamer, einer grossen Leinwand, Flipchart und WLAN ermöglicht professionelles Arbeiten in einer naturnahen Umgebung. Der Pelletsofen sorgt auch in der kälteren Jahreszeit für Behaglichkeit. Ein kurzer Spaziergang zur einzigartigen Holzkirche oder eine kleine Wanderung auf die Muttner Höhi eröffnet neue Horizonte.</p><p>Neben dem Seminarraum befindet sich "inscha Laada", ein kleiner Selbstbedienungsladen mit regionalen Spezialitäten. Würzen Sie Ihren Aufenthalt mit einem Stück Bergkäse oder bringen Sie Ihren Liebsten eine Muttner Spezialität mit nach Hause.</p>;9.4842914;46.672171;Obermutten 86a;7431;Obermutten;+41 79 297 34 14;urs.nutt@kulturtenn-obermutten.ch;http://www.kulturtenn-obermutten.ch;[{'@type': 'ImageObject', 'contentUrl': 'https://viatpimtsoch.sos-ch-dk-2.exoscale-cdn.com/catalog/b/f/e/a/bfea82a4d96fcaf374f9363d09b870b09589a3ca_kulturtenn_obermutten_viamala_tourismus.jpg', 'caption': {'de': 'Das Kulturtenn in Obermutten', 'en': 'The Kulturtenn in Obermutten', 'it': 'Il Kulturtenn di Obermutten'}}];2025-10-27T21:38:40+01:00
d23e184b-4f07-4de5-a485-4570c0a4f0b0;Feuerstelle Nislas Zillis-Reischen;Die Feuerstelle Nislas liegt auf einer Wiese direkt am Hinterrhein.;<p>Der Platz ist einfach erreichbar neben dem Hinterrhein. Dieser ist allerdings nicht direkt zugänglich, da zwischen Rhein und Feuerstelle eine steile Böschung von zirka fünf Metern liegt. Trotzdem hat man die eindrucksvolle Geräuschkulisse des reissenden Stroms als steten Begleiter. Es hat einige Bäume rund herum und die Feuerstelle ist durch den Tag eher sonnig. Gegen Abend liegt sie jedoch in einem angenehmen Schatten und eignet sich, je nach Tageszeit, auch an warmen Sommertagen.<br><br>Fährt man über die Umfahrungsstrasse Zillis, parkiert man am besten direkt neben der Firma "Hassler Energia Alternativa". Dort befindet sich ein gebührenfreier, öffentlicher Parkplatz mit Toiletten. Um zur Feuerstelle zu gelangen, muss man dann nur noch die Strasse überqueren. Allerdings ist dabei Vorsicht geboten, es ist kein Fussgängerstreifen vorhanden.</p><p><span style="font-weight: bold;">Ausstattung</span></p><ul><li>1 Feuerstelle</li><li>Grillrost vorhanden</li><li>Brennholz vorhanden</li><li>3 Bänke um die Feuerstelle</li><li>Abfallentsorgung vorhanden<br></li></ul><p><br>Bitte allfällige Weisungen z.B. bezüglich <a href="https://www.gr.ch/DE/institutionen/verwaltung/diem/awn/aktuelles/Waldbrandgefahr/Seiten/aktuelle_waldbrandgefahr.aspx" target="_blank">Waldbrandgefahr </a>beachten.</p>;9.439962208271027;46.63568042547773;Nislas;7432;Zillis-Reischen;+41 81 650 90 30;info@viamala.ch;https://www.viamala.ch;[{'@type': 'ImageObject', 'contentUrl': 'https://viatpimtsoch.sos-ch-dk-2.exoscale-cdn.com/catalog/5/6/b/8/56b87a80fb66e33e78bd0650c74bbf9ce8981179_Feuerstelle_Nislas_Zillis_Reischen.jpg', 'caption': {'de': 'Feuerstelle Nislas bei Zillis-Reischen', 'en': 'Nislas fireplace Zillis-Reischen', 'it': 'Caminetto Nislas vicino a Zillis-Reischen'}}];2026-03-11T12:43:14+01:00
d2511467-56ab-42f5-b78b-8697f361e777;Feuerstelle Plans;Die Feuerstelle liegt am Waldrand, auf einer Wiese.  ;<p>Die Feuerstelle Plans liegt ziemlich in der Mitte zwischen den beiden Dörfern Clugin und Donat. Sie kann sehr einfach mit dem Auto oder auch mit dem Velo erreicht werden und liegt direkt am Rand einer wenig befahrenen Strasse. Zu Fuss erreicht man die Feuerstelle indem man mit dem öffentlichen Verkehr bis Donat, vischnànca fährt, oder indem man der Wanderroute in Richtung Andeer folgt. Die Feuerstelle wird von der Gemeinde Donat unterhalten. Viele Holzbänke laden zum Verweilen ein und die Spielwiese bietet Platz für allerlei Spiele.</p><p><span style="font-weight: bold;">Ausstattung</span></p><ul><li>1 Feuerstelle</li><li>Grillrost vorhanden</li><li>Brennholz vorhanden</li><li>10 Sitzplätze</li><li>Brunnen mit Trinkwasser</li><li>Abfallentsorgung vorhanden<br></li></ul><p><br>Bitte allfällige Weisungen z.B. bezüglich <a href="https://www.gr.ch/DE/institutionen/verwaltung/diem/awn/aktuelles/Waldbrandgefahr/Seiten/aktuelle_waldbrandgefahr.aspx" target="_blank">Waldbrandgefahr </a>beachten.</p>;9.427793025970459;46.62277594858151;Plans;7433;Donat;+41 81 650 90 30;info@viamala.ch;https://www.viamala.ch;[{'@type': 'ImageObject', 'contentUrl': 'https://viatpimtsoch.sos-ch-dk-2.exoscale-cdn.com/catalog/d/4/0/5/d405b86185ff62a0e7ed585e1a6ef09f1de055f8_Feuerstelle_Plans_Donat.jpg', 'caption': {'de': 'Feuerstelle Plans Donat', 'en': 'Fireplace Plans Donat', 'it': 'Piani per il caminetto Donat'}}];2026-03-11T12:43:14+01:00
d2618c00-a70f-4097-8c62-c13875d93660;Inforama KHR;Willkommen im Inforama am Fusse der Staumauer Valle di Lei! Die Ausstellung ist ein Muss für alle, die mehr über die faszinierende Geschichte und die aktuellen Entwicklungen der KHR-Anlagen im Valle di Lei und entlang des Hinterrheins erfahren möchten.;<p>Tauchen Sie ein in die spannende Welt der Kraftwerke Hinterrhein und entdecken Sie durch eine Vielzahl von Exponaten, Bildtafeln, Kurzfilmen und interaktiven Elementen die Highlights aus über 50 Jahren Unternehmensgeschichte. Von den Anfängen bis zu den neuesten Projekten wird Ihnen hier ein informativer Überblick geboten. Darüber hinaus erhalten Sie Einblicke in die zukünftigen Pläne des Unternehmens.</p><p>Die Ausstellung ist selbsterklärend gestaltet, sodass Sie die Möglichkeit haben, sie frei und ohne Begleitung zu erkunden. Nutzen Sie diese einzigartige Gelegenheit, um sich über die beeindruckenden Anlagen der KHR zu informieren und die Zukunftsvisionen dieses dynamischen Unternehmens zu erleben. Der Eintritt ist kostenlos, also kommen Sie vorbei und lassen Sie sich inspirieren!</p><p>Im Juli und August finden jeweils am Dienstag-Nachmittag geführte Staumauerbesichtigungen statt. Die Termine finden Sie im <a href="https://viamala.ch/de/informieren/aktuelles/events.html" target="_blank">Viamala&nbsp;Online-Veranstaltungskalender</a>.<br></p>;9.456924;46.483891;Valle di Lei;7445;Innerferrera;+41 81 635 37 37;admin@khr.ch;https://www.khr.ch/de/inforama;[{'@type': 'ImageObject', 'contentUrl': 'https://viatpimtsoch.sos-ch-dk-2.exoscale-cdn.com/catalog/2/d/f/f/2dff6d3ea7364e93478954ae8e9aa8bf41b2663d_inforama_khr_und_tunnelportal_valle_di_lei_viamala_tourismus.jpg', 'caption': {'de': 'Inforama und Tunnelportal im Valle di Lei', 'en': 'Inforama and tunnel portal in the Valle di Lei', 'it': 'Inforama e portale della galleria nella Valle di Lei'}}];2025-10-27T21:38:40+01:00
d27bc45a-3667-4708-9d98-85013847f895;Burgruine Alt Sins;Die Ruine des viergeschossigen Wohnturms ist ein markanter Blickfang und ein Wahrzeichen von Paspels.;<!-- ####### HEY, I AM THE SOURCE EDITOR! #########--><p>Die vermutlich Ende des 12. Jahrhunderts erbaute Burg war urspr&uuml;nglich Sitz einer kleinen Grundherrschaft, die aus dem Hof Paspels herausgewachsen ist und im 13. Jahrhundert im Besitz der Herren von Vaz erscheint. Die Burg selber wird 1285 urkundlich erstmals genannt. Nach dem Aussterben der Vaz im Mannesstamm geht sie mit der Herrschaft an die Werdenberg-Sargans.</p><p>W&auml;hrend der Schamser Fehde von 1451 wurde die damals kaum noch bewohnte Burg zerst&ouml;rt: Durch das Untergraben einer H&auml;lfte des Turms st&uuml;rzte dieser ein und wurde nicht wieder aufgebaut. Auf Anordnung des Schiedsgerichts von 1452 blieb die Ruine als Mahnmal erhalten.</p><p>Heute sind noch die Ruinen eines viergeschossigen Wohnturms mit Ringmauer zu sehen. Der Eingang befand sich im zweiten Stock, die Aborterker im dritten und vierten Stock.<br><br></p><h4><strong>Zugang</strong></h4><p>Alt Sins befindet sich in Privatbesitz. Die Anlage liegt direkt am <a href="https://mybusiness.outdooractive.com/de/r/23419810/" data-type="tour" data-id="23419810">Burgenweg Domleschg</a>&nbsp;und ist auf eigene Verantwortung zug&auml;nglich. Der Weg hoch zur Ruine beginnt im Vitg (<a href="https://goo.gl/maps/P6ft8V9ert2wjvJE8">Standort Google Maps</a>).</p>;9.439128;46.749451;Vitg 51;7417;Paspels;+41 81 650 90 30;info@viamala.ch;https://www.viamala.ch;[{'@type': 'ImageObject', 'contentUrl': 'https://viatpimtsoch.sos-ch-dk-2.exoscale-cdn.com/catalog/d/c/8/e/dc8e8db835bcbaf5ac2fb701f15b50a45556b7dd_ruine_alt_sins_suens_paspels_vitg_domleschg_sommer_viamala_tourismus.jpg', 'caption': {'de': 'Burgruine Alt Sins in Paspels'}}];2026-06-08T12:24:20+02:00
d32908fc-d11b-4074-a6fc-fa6f66fe7e12;Feuerstelle Crap Carschenna;;<p>Die Feuerstelle befindet sich unmittelbar hinter dem <a href="https://viamala.ch/de/map/poi/aussichtspunkt-crap-carschenna-f804033f-412e-46cb-8d8e-8fe52643b6bc.html" target="_blank">Aussichtspunkt Crap Carschenna</a> und ist in einer Waldlichtung gelegen.</p><p>Die Feuerstelle ist über den Wanderweg Sils i.D. - Hohen Rätien - Carschenna erreichbar.&nbsp;Feuerholz muss selbst mitgebracht oder im Wald gesammelt werden.&nbsp;Bitte den Abfall wieder mitnehmen, es gibt keine Entsorgungsmöglichkeit.</p><p><span style="font-weight: bold;">Ausstattung</span></p><ul><li>1 Feuerstelle</li><li>Grillrost vorhanden</li><li>8 Bänke ums Feuer<br></li></ul><p><br>Bitte allfällige Weisungen z.B. bezüglich <a href="https://www.gr.ch/DE/institutionen/verwaltung/diem/awn/aktuelles/Waldbrandgefahr/Seiten/aktuelle_waldbrandgefahr.aspx" target="_blank">Waldbrandgefahr </a>beachten.</p>;9.45901930332184;46.693166099996;Viamala Tourismus;7430;Thusis;+41 81 650 90 30;info@viamala.ch;https://www.viamala.ch;[{'@type': 'ImageObject', 'contentUrl': 'https://viatpimtsoch.sos-ch-dk-2.exoscale-cdn.com/catalog/4/b/1/b/4b1b68dc1bc7919bc97f2aaecd4b17d6fbc553c8_Feuerstelle_Crap_Carschenna_Sils.jpg', 'caption': {'de': 'Feuerstelle Crap Carschenna Sils i.D.', 'en': 'Fireplace Crap Carschenna Sils i.D.', 'it': 'Camino Crap Carschenna Sils i.D.'}}];2026-03-11T12:43:14+01:00
d81eeac4-b8fa-4d80-9deb-260b4f7149ec;Traversinersteg;Über das grösste und wildeste Tobel zwischen Sils i.D. und der Viamala-Schlucht spannt sich eine Brücke, wie es sie nirgends sonst gibt: Der Traversiner-Steg des weltbekannten Brückenbauers Jürg Conzett ist ein Meisterwerk der Ingenieurskunst.;<p>Die kulturhistorischen Schätze rund um die Viamala erlebbar zu machen, das ist das Anliegen des Vereins Kulturraum Viamala. Rückgrat dieses Plans bildet der wieder in Stand gesetzte Römerpfad 'Veia Traversina', der sich von Sils aus über Hohenrätien, St. Albin ins Zentrum der Schlucht zieht. Dieser herrlich angelegte Weg führt über zahlreiche Tobel, welche teilweise durchschritten, teilweise aber auch von Brücken überspannt sind.</p><p>Das grösste und wildeste dieser Tobel wird seit 2005 vom Traversinersteg II überspannt. Der Zweite Traversinersteg wurde 2005 erbaut und ersetzt den 1996 erstellten ersten Traversinersteg, der weiter hinten im Tobel stand und von einem Steinschlag zerstört wurde. Die Brücke ist als vorgespanntes Seilfachwerk mit natürlichen Pylonen und einem schrägen Gehweg angelegt, einer hängenden Treppe mit einer horizontalen Spannweite von 56 m und einer Höhendifferenz von 22 m. Das Wohlbefinden der Wanderer und ihr subjektives Sicherheitsgefühl bezüglich Tiefblick und Schwingungen auf der 70 m über dem Bachbett hängenden Treppe war eine entscheidende Planungsaufgabe.</p><p>Aussenliegende Träger verhindern den vertikalen Blick ins Tobel und liegend angeordnete Geländerbretter unterstützen den Sichtschutz. Die Föhrenholztritte des nach unten mit einem Radius von 150 m gebogenen Gehwegs gewährleisten durch ihre sägerauen Oberflächen Rutschfestigkeit. Ein Rautenfachwerk mit doppeltem Strebenzug, die hohe Steifigkeit der Brettschichtholzträger aus Lärchenholz und die Vorspannung der Hauptseile begrenzen das Schwingen und Schaukeln des Gehwegs auf ein vertretbares Mass. Der Traversinersteg II ist Teil des viaSpluga-Weitwanderwegs und nur zu Fuss erreichbar.</p>;9.452987;46.672905;Viamala Tourismus;7411;Sils i.D.;+41 81 650 90 30;info@viamala.ch;http://www.traversinersteg.ch;[{'@type': 'ImageObject', 'contentUrl': 'https://viatpimtsoch.sos-ch-dk-2.exoscale-cdn.com/catalog/f/1/8/1/f181733d00b3c453972b90d7e53b8aaee6be5a9b_traversinersteg_veia_traversina_haengebruecke_schams_zillis_thusis_sommer_viaspluga_demateo.com.jpg', 'caption': {'de': 'Traversinersteg', 'en': 'The Traversinersteg', 'it': 'Il Traversinersteg'}}];2025-10-27T21:38:40+01:00
d8f96d0c-b128-4243-bfc5-24b14aef0cb0;Alte Landbrugg Hinterrhein;Die Alte Landbrugg ist eine historische Steinbrücke aus dem 17. Jahrhundert, die den Hinterrhein in zwei Bögen überspannt und ein bedeutendes Kulturgut im Rheinwald darstellt.;<p>Die Alte Landbrugg befindet sich in der Gemeinde Hinterrhein im Rheinwald, und ist eine imposante Steinbrücke aus dem Jahr 1693. Sie wurde vom Baumeister Peter Zurr aus Bergün errichtet und überspannt den Hinterrhein mit zwei Bögen auf einer Länge von knapp 40 Metern und einer Breite von 2,5 Metern. Ursprünglich diente sie der alten Saumstrasse über den San-Bernardino-Pass als Flussübergang.</p><p>Kurz nach ihrer Fertigstellung stürzte die Brücke 1696 teilweise ein und wurde von Meister Bartolomeo Stornino aus Chiavenna für 400 Gulden wieder aufgebaut. Die Brücke wurde im Laufe der Jahrhunderte mehrfach durch Hochwasser beschädigt, wobei das nördliche Joch 1931 einstürzte und 1935 mit Unterstützung des Schweizer Heimatschutzes restauriert wurde.</p><p>Die heutige Struktur zeigt die Spuren der Reparaturen, insbesondere die Betonelemente unterhalb des Brückenbogens. Über die Brücke führt nun ein Wanderweg, der vom Rheinwald über den San-Bernardino-Pass verläuft. An der höchsten Stelle der Brücke erinnern Steintafeln an die Errichtung und die Renovierungen, wobei die Inschriften an die Gemeinschaft und die zahlreichen Gönner, die die Restaurierung ermöglichten, gedenken.</p>;9.201979;46.528783;Hinterrhein;7438;Hinterrhein;+41 81 650 90 30;info@viamala.ch;https://www.viamala.ch/;[{'@type': 'ImageObject', 'contentUrl': 'https://viatpimtsoch.sos-ch-dk-2.exoscale-cdn.com/catalog/6/e/4/e/6e4ee1384b7abeb997fa68dcf9ad9428280259f4_alte_landbrugg_hinterrhein_rheinwald_sommer_viamala.jpg', 'caption': {'de': 'Die Alte Landbrugg in Hinterrhein', 'en': 'The Alte Landbrugg in Hinterrhein', 'it': 'Il vecchio ponte di terra di Hinterrhein'}}];2025-10-27T21:38:40+01:00
db19ff83-153c-4e1d-8c35-6523e187d91b;Ausstellung Schalensteine in der Region Viamala;In der von Anselmo Gadola erarbeiteten Ausstellung erfährt der Besucher viel Wissenswertes über die rätselhaften Felsen und Steine in der Region: Dienten sie als Kalender, Landkarten oder sonstige Mittel der Kommunikation?;<p>Auf einem von Gletschern geformten Felsen im Arsiert, s&uuml;dlich von B&auml;renburg, ziehen k&uuml;nstliche Steinbearbeitungen aus vorgeschichtlicher Zeit auch den modernen Geist in ihren Bann. Eine nachweisliche, vom j&auml;hrlichen Sonnenlauf abh&auml;ngige Gesetzm&auml;ssigkeit l&auml;sst eine kalendarische Ordnung vermuten. Schritt um Schritt entsteht ein Sonnensymbol, eingebettet im kreisumrundeten Sechseck. Abgeleitet vom Sonnenlauf l&auml;sst sich alsdann aus einem pr&auml;historischen Koordinatengitter die regionale Landschaft und neue Schalenstein&ouml;rtlichkeiten herauslesen.</p>
<p>Die private Ausstellung von Anselmo Gadola thematisiert die Schalen- und Zeichensteine im Schams, Avers und Rheinwald als Zeugen einer kultastronomischen Gesetzm&auml;ssigkeit in Abh&auml;ngigkeit des j&auml;hrlichen Sonnenlaufs. Mystisch und r&auml;tselhaft zugleich.</p>;9.42793000000006;46.59418;Bärenburg;7440;Andeer;+41 79 682 27 58;[{'@type': 'ImageObject', 'contentUrl': 'https://viatpimtsoch.sos-ch-dk-2.exoscale-cdn.com/catalog/7/8/e/3/78e35ee3841165eb37fcd7c8ac56a20d4571f308_ausstellung_schalensteine_in_der_region_viamala.jpg', 'caption': {'de': 'Ausstellung Schalensteine in Bärenburg', 'en': 'Exhibition of bowl stones in Bärenburg', 'it': 'Mostra di ciotole di pietra a Bärenburg'}}];2025-10-27T21:38:40+01:00
db8d37b9-7c5d-4ef6-85cd-7a10817443fa;Spielplatz Cazis Oberdorf;Der Spielplatz Cazis Oberdorf bietet eine breite Palette an Spielmöglichkeiten. Zur Verfügung stehen auch ein Holztisch und Holzbänke als Sitzgelegenheiten für Pausen.;<p><strong>Ausstattung:</strong></p>
<ul>
<li>Rutschbahn</li>
<li>Schaukel</li>
<li>Korbschaukel</li>
<li>Bodentrampolin</li>
<li>Wippe</li>
<li>Reck</li>
<li>Schwingtiere</li>
<li>Sandkasten</li>
<li>Tisch</li>
<li>Bank</li>
</ul>;9.428911;46.72143;Kirchenstutz 69;7408;Cazis;+41 81 650 90 30;info@viamala.ch;https://www.viamala.ch;[{'@type': 'ImageObject', 'contentUrl': 'https://viatpimtsoch.sos-ch-dk-2.exoscale-cdn.com/catalog/3/e/b/b/3ebb1d2369c0b1bf50fd01e0ca6ced788a3b59e7_Spielplatz_Cazis_Oberdorf.jpg', 'caption': {'de': 'Spielplatz Cazis Oberdorf', 'en': 'Playground Cazis Oberdorf', 'it': 'Parco giochi Cazis Oberdorf'}}];2025-10-27T21:38:40+01:00
dd6699e2-45bd-4bba-bfe2-ccdfe637c847;Spielplatz Feldis Schulhaus;Der neue Spielplatz beim ehem. Schulhaus in Feldis lädt Familien zum Spielen und Verweilen ein.;<p>In Anlehnung an das Projekt Naturerlebnis Feldis, welches die Elemente „Feuer“ und „Erde“ bei der Grillstelle Pro Niev und beim Erratischen Block darstellt, werden die Naturelemente auch auf dem Spielplatz Feldis thematisiert.</p>
<p>Eine Wasserspielanlage mit einem Wasserplätscherkanal, zwei Zündhölzer und eine Zündholzschachtel integriert in einen Balancierparcours sowie der Holzschnitzelplatz verkörpern die Elemente Wasser, Feuer und Erde. Ein Spielturm mit Röhrenrutschbahn und Seilbrücke, eine Nestschaukel sowie ein drehbarer Kletterbaum und eine Doppelwippe ergänzen das vielfältige Spielangebot.</p>
<p>Zum Ausruhen und für die Verpflegung steht auf dem Spielplatz ein schöner Holztisch mit Bank bereit. Dieser ist durch die IG Raguta gesponsert und durch den Werkdienst der Gemeinde erstellt worden. Das Sponsoring der IG Raguta steht in Zusammenhang mit ihrem 20-jährigen Jubiläum, für welches sie einen Teil ihres Jahresumsatzes als Unterstützungsbeitrag an verschiedene Institutionen weitergegeben haben.</p>;9.431309401988983;46.79480979112888;Giudemvitg 18;7404;Feldis;+41 81 650 90 30;info@viamala.ch;https://www.viamala.ch;[{'@type': 'ImageObject', 'contentUrl': 'https://viatpimtsoch.sos-ch-dk-2.exoscale-cdn.com/catalog/0/8/a/a/08aa3445583eede37ac8b771d339502aa00b9122_Spielplatz_Feldis_Schulhaus.jpg', 'caption': {'de': 'Spielplatz Feldis Schulhaus', 'en': 'Feldis playground by the school building', 'it': "Parco giochi Feldis presso l'edificio scolastico"}}];2025-10-27T21:38:40+01:00
ddfee18f-2192-4b40-a302-356bb15e6a69;Spielplatz Schulhaus Sarn;Der Spielplatz beim Schulhaus Sarn bietet vielfältige Spielmöglichkeiten und einen grossen Platz um sich auszutoben. Die Rutschbahn, das Kletternetz, das Kletteriglu, zahlreiche Bodenspiele und weitere Spiele, lassen es nicht langweilig werden.;<p><strong>Ausstattung:</strong></p>
<ul>
<li>Rutschbahn</li>
<li>Korbschaukel</li>
<li>Kletternetz</li>
<li>Kletter-Iglu aus Holz</li>
<li>Bodenspiele</li>
</ul>;9.410298;46.717526;Fantanos 9;7423;Sarn;+41 81 650 90 30;info@viamala.ch;https://www.viamala.ch;[{'@type': 'ImageObject', 'contentUrl': 'https://viatpimtsoch.sos-ch-dk-2.exoscale-cdn.com/catalog/5/6/b/c/56bc8ca049e83e8e0b303befe0fc07ee8836dedd_Spielplatz_Schulhaus_Sarn.jpg', 'caption': {'de': 'Spielplatz Schulhaus Sarn', 'en': 'Sarn school playground', 'it': 'Sarn school playground'}}];2025-10-27T21:38:40+01:00
df2f3d40-1fb7-4f20-a16f-75d38eb2f7d6;Wildtierbeobachtungspunkte Alperschälli;Im Alperschälligebiet, hoch über Wergenstein und dem Safiental, sind zwei Beobachtungspunkte installiert.;<p>Neben Feldstecher und Fernrohr sind die Stationen mit Informationen zu Steinbock, Schneehuhn und Murmeltier ausgestattet. Wichtige Tipps, wie Wildtiere beobachtet werden können, ohne sie zu stören, können der Broschüre&nbsp;<a href="https://www.naturpark-beverin.ch/sites/naturpark_beverin/files/d7/generic_files/leporello_wildtierbeobachtung_seiten-1.pdf" target="_blank">«Wildtierbeobachtung»</a> entnommen werden.</p><p>Durch die Sensibilisierung für die Bedürfnisse der Wildtiere und alpinen Naturräume wird naturverträgliches Verhalten gestärkt und die Wildtiere vor Störungen bewahrt.</p><p>Gebaut wurden die Beobachtungspunkte auf über 2500 m ü. M. in schwerster Handarbeit. Während der Trockensteinmauer-Bauwoche im Juli 2019 erlernten die sieben Teilnehmenden anhand des Baus das Handwerk der Trockenmauer-Bautechnik. Das Projekt der Wildtierbeobachtungspunkte setzte der Naturpark Beverin mit Unterstützung vom Amt für Jagd und Fischerei (AJF) und Amt für Natur und Umwelt (ANU) des Kanton Graubünden sowie vom Bundesamt für Umwelt (BAFU) um.</p>;9.312437893328479;46.608475849862835;Naturpark Beverin;7433;Casti-Wergenstein;+41 81 650 70 10;info@naturpark-beverin.ch;https://www.naturpark-beverin.ch;[{'@type': 'ImageObject', 'contentUrl': 'https://viatpimtsoch.sos-ch-dk-2.exoscale-cdn.com/catalog/c/1/0/d/c10dd763fb9c432f2943fbafa4ac7a22a62e6dac_wildbeobachtungspunkt_alperschaelli_sebastian_nagelmueller.jpg', 'caption': {'de': 'Wildtierbeobachtungspunkt Alperschälli', 'en': 'Alperschälli wildlife observation points'}}];2025-10-27T21:38:40+01:00
e29c477c-9abf-4d10-8fd9-6f8063f94eca;Gaudenz transports;Gaudenz ist Ihr sicherer Weg von A nach B! Personen-, Kurier-, Schüler- und Rollstuhltransporte sowie PubliCar-Service in der Region Heinzenberg/Domleschg. Gaudenz bietet zudem einen zuverlässiger Shuttleservice für Veranstaltungen.;<p>Gaudenz ist Ihr verl&auml;sslicher Partner f&uuml;r alle Arten von Transporten in der Region Heinzenberg/Domleschg. Die Dienstleistungen umfassen Personenbef&ouml;rderung, Kurierfahrten, Sch&uuml;lertransporte sowie spezialisierte Dienste f&uuml;r Personen mit Beeintr&auml;chtigung. Mit dem PubliCar-Service wird eine bequeme Mobilit&auml;t in der Region gew&auml;hrleistet.</p><p>Der beliebte Shuttledienst steht f&uuml;r private und &ouml;ffentliche Veranstaltungen zur Verf&uuml;gung und bietet eine komfortable L&ouml;sung f&uuml;r Gruppenreisen. Planen Sie einen Event? Gaudenz k&uuml;mmert sich darum, dass die G&auml;ste sicher und zufrieden nach Hause kommen. F&uuml;r eine Offerte oder weitere Informationen steht Ihnen Gaudenz unter der B&uuml;ronummer in Andeer: <a href="tel:+41816307575">+41 81 630 75 75</a> zur Verf&uuml;gung. F&uuml;r spontane Anfragen k&ouml;nnen Sie die Mobilnummer <a href="tel:+41816515577">+41 81 651 55 77 </a>w&auml;hlen.</p>;9.427172;46.605116;Hauptstrasse 1B;7440;Andeer;+41 81 651 55 77;info@gaudenz-transports.ch;https://www.gaudenz-transports.ch;[{'@type': 'ImageObject', 'contentUrl': 'https://viatpimtsoch.sos-ch-dk-2.exoscale-cdn.com/catalog/5/c/1/6/5c164fab989d1884414fdfbf2185bc4f5bb427b9_gaudenz_transports_taxi_personentransport_t5.jpg', 'caption': {'de': 'Ein Fahrzeug von Taxi Service Beverin in Thusis', 'en': 'A vehicle from Taxi Service Beverin in Thusis', 'it': 'Un veicolo del servizio taxi Beverin a Thusis'}}];2025-10-27T21:38:40+01:00
e2f20b4c-bdee-4c19-8ea3-86afcf77999d;Coworking STORY Thusis;Coworking - Workation - flexible Arbeitsplätze - Workshop Räume: Wo Freizeit- & Arbeitswelt verschmelzen.;<p>Kombiniere dein Teamwork mit Freizeitaktivitäten wie Mountainbiken, Wandern oder einfach nur die Seele baumeln lassen. Alles in einer inspirierenden Natur inmitten von Bergen.</p>
<ul>
<li><a href="https://story-thusis.ch/">Weitere Infos zur Story Thusis</a></li>
</ul>;9.44031;46.692567;Unterer Rosenbühl 5;7430;Thusis;+41 81 552 00 07;info@story-thusis.ch;https://story-thusis.ch/coworking/;[{'@type': 'ImageObject', 'contentUrl': 'https://viatpimtsoch.sos-ch-dk-2.exoscale-cdn.com/catalog/9/b/3/3/9b331fb4d6327ebd918559559f097b5ad4e91dd0_coworking_in_der_story_thusis.jpg', 'caption': {'de': 'Coworking-Space in der STORY Thusis', 'en': 'Coworking space in the STORY Thusis', 'it': 'Spazio di coworking nello STORY Thusis'}}];2025-10-27T21:38:40+01:00
e2fbc59a-0f01-4e44-8e43-c62d1568b7d4;Sinnesoase Prau Gaguls;Spüre den Ort an dem du dich befindest. Geniesse deine Umgebung und lass den Dingen freien Lauf.;«Bäume haben etwas Wesentliches gelernt: nur wer einen festen Stand hat und trotzdem beweglich ist, überlebt die starken Stürme.» (Anke Maggauer-Kirsche);9.399297237396242;46.730465674239426;Prau Gaguls;7424;Dalin;+41 81 650 04 80;gemeinde@cazis.ch;https://cazis.ch/;[{'@type': 'ImageObject', 'contentUrl': 'https://viatpimtsoch.sos-ch-dk-2.exoscale-cdn.com/catalog/0/c/3/3/0c33756ddc7102284e34445fc415426129e0adb3_1.jpg', 'caption': {'de': 'Sinnesoase Prau Gaguls im Winter'}}];2025-10-27T21:38:40+01:00
e378047d-f3f5-47c6-893d-011c3fa57569;Feuerstelle Reischen;Die Feuerstelle befindet sich an einer ruhigen aber dennoch leicht erreichbaren Lage. Sie verfügt über einen überdachten Bereich mit Bänken und einem Tisch.;<p>Die Feuerstelle Reischen ist sowohl mit dem Auto, dem Velo oder auch zu Fuss gut erreichbar. Der Platz liegt unweit von der Ausfahrt 24-Zillis der A13 und ist von dort in wenigen Minuten erreichbar. Man folgt einem relativ engen Teersträsschen den Hang hoch und findet die Feuerstelle auf der rechten Seite. Zu Fuss geht man von Zillis über die viaSpluga-Route nach Reischen, weiter über die Holzbrücke. Nach wenigen Metern ist die Feuerstelle auf der rechten Seite.</p><p><span style="font-weight: bold;">Ausstattung</span><br></p><ul><li>1 Feuerstelle</li><li>Rost vorhanden</li><li>Brennholz vorhanden</li><li>1 Tisch mit 3 Bänke (8 Sitzplätzen)</li><li>Abfallentsorgung vorhanden<br><br></li></ul><p>Bitte allfällige Weisungen z.B. bezüglich <a href="https://www.gr.ch/DE/institutionen/verwaltung/diem/awn/aktuelles/Waldbrandgefahr/Seiten/aktuelle_waldbrandgefahr.aspx" target="_blank">Waldbrandgefahr </a>beachten.</p>;9.451849;46.642008;Reischen;7432;Zillis-Reischen;+41 81 650 90 30;info@viamala.ch;https://www.viamala.ch;[{'@type': 'ImageObject', 'contentUrl': 'https://viatpimtsoch.sos-ch-dk-2.exoscale-cdn.com/catalog/c/6/6/6/c666bf50824715a5335670cc814d0eafd821b013_Feuerstelle_Reischen.jpg', 'caption': {'de': 'Feuerstelle Reischen', 'en': 'Reischen fireplace', 'it': 'Caminetto Reischen'}}];2026-03-11T12:43:14+01:00
e3e38bd2-a44e-4d7b-a5a0-1dc0a8917516;Reformierte Kirche Mathon;Die reformierte Kirche in Mathon ist das jüngste Gotteshaus am Schamserberg und steht unter Denkmalschutz des Kantons Graubünden.;Ersturkundlich bezeugt ist eine Kirche in Mathon bereits 831. Der heutige Bau wurde 1728 errichtet. Eine Glocke stammt aus der Zeit der&nbsp;Reformation&nbsp;zu Beginn des 16. Jahrhunderts. Die mit&nbsp;Bauernmalerei&nbsp;verzierte&nbsp;Orgel, ursprünglich in der Kirche&nbsp;Surava&nbsp;im Einsatz, wurde 1822 eingebaut, womit Mathon für mehr als ein Jahrhundert die einzige Schamser Talkirche mit eigener Orgel wurde. Im Zentrum des Kircheninneren steht ein&nbsp;Taufstein, der zugleich als&nbsp;Abendmahlstisch&nbsp;benutzt wird. Die&nbsp;Kanzel&nbsp;fällt durch einen besonders kunstvoll geschnitzten&nbsp;Schalldeckel&nbsp;auf.;9.415543;46.636229;Padagn;7433;Mathon;+41 79 636 37 72;burga.simonett@bluewin.ch;https://zillis-st-martin.ch/kirchgemeinde-zillis-schamserberg/;[{'@type': 'ImageObject', 'contentUrl': 'https://viatpimtsoch.sos-ch-dk-2.exoscale-cdn.com/catalog/b/7/5/0/b750c37e8a7bc8297960edc56b8573641e1a2cef_mathon_am_schamserberg_mit_kirchen_im_sommer_demateo.jpg', 'caption': {'de': 'Mathon mit der neuen und alten Kirche im Sommer', 'en': 'Mathon with the new and old church in summer', 'it': 'Mathon con la nuova e la vecchia chiesa in estate'}}];2025-10-27T21:38:41+01:00
e4cc5fef-452f-4f06-93a7-f13b14c2d5bf;Spielplatz Almens;Der Spielplatz befindet sich direkt beim Dorfeingang Almens. Er verfügt über zwei Fussballtore (Handballgrösse), eine Rutschbahn, eine Netzschaukel, einen Kreisel, einen Kletterpfahl, sowie div. Sitzmöglichkeiten.;<p>Der Spielplatz am Dorfeingang von Almens l&auml;dt zum gemeinsamen Spielen und Zeit verbringen ein. Er verf&uuml;gt &uuml;ber zwei Fussballtore in Handballgr&ouml;sse, eine Rutschbahn, eine Netzschaukel, einen Kreisel und einen Kletterpfahl und bietet somit eine Vielzahl von Unterhaltungsm&ouml;glichkeiten f&uuml;r Kinder jeden Alters. Dank mehreren Sitzgelegenheiten k&ouml;nnen Eltern und Betreuer das Spiel ihrer Kinder bequem beobachten und sich dabei entspannen. Dieser Spielplatz ist nicht nur ein beliebter Treffpunkt f&uuml;r Familien, weil er eine ideale Umgebung f&uuml;r aktiven Spass im Freien bietet, sondern auch wegen der sch&ouml;nen Aussicht.</p>
<p>&nbsp;</p>
<p><strong>Ausstattung:</strong></p>
<ul>
<li>Abfallentsorgung vorhanden</li>
<li>Fussballtore</li>
<li>Rutsche</li>
<li>Netzschaukel</li>
<li>Kreisel</li>
<li>Kletterpfahl</li>
<li>Sitzgruppe/Bank</li>
</ul>;9.45362;46.73815;Pro Grond 88A;7416;Almens;+41 81 650 90 30;info@viamala.ch;https://www.viamala.ch;[{'@type': 'ImageObject', 'contentUrl': 'https://viatpimtsoch.sos-ch-dk-2.exoscale-cdn.com/catalog/d/8/a/f/d8afa18e70609fb87bca2f93a97f4bbe16ee137b_Spielplatz_Almens.jpg', 'caption': {'de': 'Spielplatz Almens', 'it': 'Parco giochi di Almens'}}];2025-10-27T21:38:41+01:00
e62436fd-5f3f-49ea-8354-a18e681fe0da;Wildener Brücke;Sowohl der römische Weg als auch die spätere Hauptroute von 1472 führten im Zentrum der Viamala-Schlucht einst auf der Westseite durch den engsten Schluchtabschnitt.;Erst durch den Strassenbau von 1729 bis 1739 konnte die gefahrvolle Stelle umgangen werden. Dafür waren aber zwei Brücken nötig: die Wildener Brücken, benannt nach dem Davoser Baumeister Christian Wildener. Sind von der nördlichen Brücke heute nur noch Reste zu sehen, hat die südlichere, gleich ob dem Viamala-Besucherzentrum, noch bis 1935 den ganzen Verkehr, der durch die Viamala ging, erdulden müssen. Seither wird der Verkehr über die Brücke von Luigi Premoli geleitet. Der Zilliser Baumeister leistete damit seinen Beitrag zum Erhalt der südlichen Wildener Brücke. Die nördliche hatte er allerdings aufgrund der engen Platzverhältnisse 1938 vollständig ersetzt.;9.44840499999998;46.661998;Viamala Tourismus;7430;Thusis;+41 81 650 90 30;info@viamala.ch;http://www.viamala-schlucht.ch;[{'@type': 'ImageObject', 'contentUrl': 'https://viatpimtsoch.sos-ch-dk-2.exoscale-cdn.com/catalog/8/4/2/4/8424899b1d925b5c5391fefe6fc27b4f90de5bd9_wildener_bruecke_in_der_viamala_schlucht_im_sommer_grf_tolisart.com.jpg', 'caption': {'de': 'Die historische Wildener Brücke in der Viamala-Schlucht', 'en': 'The historic Wildener Bridge in the Viamala Gorge', 'it': 'Lo storico ponte di Wilden nella gola della Viamala'}}];2025-10-27T21:38:41+01:00
e73ce62c-bbff-41b5-97e7-a2cbf6a97660;Feuerstelle Mutten Stofel;;<p>Die Feuerstelle befindet sich direkt an der Strasse zwischen Mutten und Obermutten sowie am Weg der Schatzsuche "<a href="https://www.maps.viamala.ch/de/tour/themenweg/schatzsuche-mit-der-huria-faengge-in-mutten/23420018/" target="_blank">Huria Fängge</a>".&nbsp;</p><p><span style="font-weight: bold;">Ausstattung</span></p><ul><li>1 Feuerstelle</li><li>Rost vorhanden</li><li>1 Tisch mit Bänke (8 Sitzplätze)</li><li>Brennholz<br><br></li></ul><p>Zu Fuss oder mit dem Auto zwischen Mutten und Obermutten.<br>Bitte allfällige Weisungen z.B. bezüglich <a href="https://www.gr.ch/DE/institutionen/verwaltung/diem/awn/aktuelles/Waldbrandgefahr/Seiten/aktuelle_waldbrandgefahr.aspx" target="_blank">Waldbrandgefahr </a>beachten.</p>;9.491307735443115;46.67486125555941;Viamala Tourismus;7430;Thusis;+41 81 650 90 30;info@viamala.ch;https://www.viamala.ch;[{'@type': 'ImageObject', 'contentUrl': 'https://viatpimtsoch.sos-ch-dk-2.exoscale-cdn.com/catalog/5/7/a/f/57af62f6cffbc9d6a3cceef9deb87b24156fc4bf_feuerstelle_stofel.png', 'caption': {'de': 'Feuerstelle Mutten Stofel', 'en': 'Mutten Stofel fireplace', 'it': 'Caminetto Mutten Stofel'}}];2026-03-11T12:43:14+01:00
e8c96bd3-611c-4193-8956-20c2dc68559b;Feuerstelle Canovasee Paspels;Die Feuerstelle liegt beim Canovasee. Dieser lädt im Sommer zum Baden ein und ist im Sommer weit über 20 Grad warm.;<p>Ein Besuch lässt sich bestens mit einem Spaziergang nach Almens verbinden, welche eine einmalige Aussicht auf den Heinzenberg verspricht. Ab Paspels ist der <a href="https://viamala.ch/de/map/poi/canovasee-21928c1e-85de-48e1-b7a7-0666c7a16838.html" target="_blank">Canovasee </a>und die Feuerstelle in ca. 10 - 15 Fussminuten zu erreichen.&nbsp;Das Baden im See ist kostenpflichtig.</p><p><span style="font-weight: bold;">Ausstattung</span></p><ul><li>1 Feuerstelle</li><li>Rost vorhanden</li><li>Brennholz vorhanden</li><li>2 Tische mit Sitzbänken für ca. 10 Personen</li><li>3 Bänke</li><li>Abfallentsorgung vorhanden<br></li></ul><p><br>Bitte allfällige Weisungen z.B. bezüglich <a href="https://www.gr.ch/DE/institutionen/verwaltung/diem/awn/aktuelles/Waldbrandgefahr/Seiten/aktuelle_waldbrandgefahr.aspx" target="_blank">Waldbrandgefahr </a>beachten.</p>;9.452029452124634;46.74633785010202;Gut Ganova;7417;Paspels;+41 81 650 90 30;info@viamala.ch;https://www.viamala.ch;[{'@type': 'ImageObject', 'contentUrl': 'https://viatpimtsoch.sos-ch-dk-2.exoscale-cdn.com/catalog/0/0/c/b/00cbc6810f221d87d2fd693bf188273daba6b307_Feuerstelle_Canovasee_Paspels.jpg', 'caption': {'de': 'Feuerstelle Canovasee Paspels', 'en': 'Fireplace Canovasee Paspels', 'it': 'Camino Canovasee Paspels'}}];2026-03-11T12:43:14+01:00
e8cba866-384f-48f6-8c63-bc50108c5c4f;Spielplatz Scharans;Der Spielplatz befindet sich beim Schulhaus. Die Bushaltestelle Scharans, Dorf ist 2 Gehminuten vom Spielplatz entfernt.;<p><strong>Ausstattung:</strong></p>
<ul>
<li>Abfallentsorgung</li>
<li>Spielturm mit Balancieranlage und Rutschbahn</li>
<li>Div. Schaukeln</li>
<li>Wasserspielanlage</li>
<li>Sandbagger</li>
<li>Sandkasten</li>
<li>2 Federspielger&auml;te</li>
<li>Klettermikado</li>
<li>Gigampfe</li>
<li>Rutschbahn</li>
<li>Dreiecksh&auml;uschen zum Klettern</li>
<li>Fussballfeld (im Winter Eisfeld)</li>
<li>Pingpongtisch</li>
</ul>;9.460357;46.71769;Fravgia;7412;Scharans;+41 81 650 90 30;info@viamala.ch;https://www.viamala.ch;[{'@type': 'ImageObject', 'contentUrl': 'https://viatpimtsoch.sos-ch-dk-2.exoscale-cdn.com/catalog/f/8/0/8/f808488346d1a84549128eca3072ac886ede69f0_Spielplatz_Scharans.jpg', 'caption': {'de': 'Spielplatz Scharans', 'en': 'Scharans playground', 'it': 'Parco giochi Scharans'}}];2025-10-27T21:38:41+01:00
ecfcc1d8-1f36-48d6-a92f-699d0b63c1b6;Spielplatz Mathon;Der Spielplatz befindet sich direkt beim grossen Parkplatz in Mathon, neben dem Feuerwehrdepot.;<p><strong>Ausstattung:</strong></p>
<ul>
<li>diverse Schaukeln</li>
<li>eine Rutschbahn</li>
<li>einen Kletterturm mit Rutschbahn</li>
<li>Wippen</li>
<li>ein Kletternetz</li>
<li>eine Sitzbank</li>
</ul>;9.4161223;46.6388936;Laresch 18;7433;Mathon;+41 81 650 90 30;info@viamala.ch;https://www.viamala.ch;[{'@type': 'ImageObject', 'contentUrl': 'https://viatpimtsoch.sos-ch-dk-2.exoscale-cdn.com/catalog/1/b/1/8/1b187a550c81cdc179d022646583807f7a314ced_spielplatz_mathon.jpg', 'caption': {'de': ' Spielplatz Mathon', 'it': 'Parco giochi di Mathon'}}];2025-10-27T21:39:42+01:00
ef7bd4fb-7f98-4e62-ae3d-2a87c39cdca7;Spielplatz Andeer;Den Spielplatz findet man direkt bei der historischen Holzbrücke. Wenn man die Brücke vom Dorf her überquert, gleich auf der rechten Seite.;<p><strong>Ausstattung:</strong></p>
<ul>
<li>Abfallentsorgung</li>
<li>Drei Sitzgruppen mit Tisch (eine unter Dach)</li>
<li>Feuerstelle</li>
<li>&ouml;ffentliche Toilette (nur im Sommer ge&ouml;ffnet)</li>
<li>Brunnen</li>
<li>Kletterpark</li>
<li>Sandkasten</li>
<li>Vierfachwippe</li>
<li>Schaukeln</li>
<li>Drahtseilbahn</li>
</ul>;9.422108;46.602877;Veia Mulegn;7440;Andeer;+41 81 650 90 30;info@viamala.ch;https://www.viamala.ch;[{'@type': 'ImageObject', 'contentUrl': 'https://viatpimtsoch.sos-ch-dk-2.exoscale-cdn.com/catalog/e/3/0/f/e30f29788d86b3414a9e8c4bb4adcd733c7650d7_Feuerstelle_und_Spielplatz_Andeer__3_.jpg', 'caption': {'de': 'Spielplatz Andeer', 'en': 'Andeer playground', 'it': 'Parco giochi Andeer'}}];2025-10-27T21:38:41+01:00
f12efcea-3097-45fa-ad22-a97714f3a6e4;Öffentliche Toilette Feldis;Die Toilette befindet sich im Nebengebäude vom Volg Feldis.;<p>Die Toilette hat durchgehend geöffnet und verfügt über:</p>
<ul>
<li>Waschbecken</li>
<li>Desinfektionsstation</li>
<li>zwei normale Toiletten</li>
<li>one wheelchair-accessible toilet</li>
</ul>;9.4340983;46.7947485;Gira 34;7404;Feldis;+41 81 650 90 30;info@viamala.ch;https://viamala.ch;[{'@type': 'ImageObject', 'contentUrl': 'https://viatpimtsoch.sos-ch-dk-2.exoscale-cdn.com/catalog/8/d/6/9/8d69e57699dd941b6f1e4049e289f35fb8c086c3_oeffentliche_toilette_volg_feldis.jpg', 'caption': {'de': 'Öffentliche Toilette beim Volg in Feldis'}}];2026-03-11T12:49:22+01:00
f3156fe3-7e4c-437c-95e8-ec4947b6df48;Stoffelhaus;Im Stoffelhaus in Fürstenau haben sich Wandmalereien aus der Zeit um 1400 erhalten, die mitunter ein höfisches Jagdzeremoniell aufzeigen. Ähnliche hochgotische Profanmalereien weisen in Graubünden nur noch das Schloss Brandis in Maienfeld und das Schloss Rhäzüns auf.;<p>Hier haben sich Wandmalereien aus der Zeit um 1400 erhalten. Zu sehen sind nebst der h&ouml;fischen Hirschjagdszene auch Fragmente einer alttestamentarischen Geschichte, des Kampfes von Samson mit dem L&ouml;wen. Weitere Fragmente zeigen Bauern, K&uuml;he und eine Schafherde, vermutlich ein Viehraub. Der Ausstellungsbesuch l&auml;sst sich mit einer F&uuml;hrung durch F&uuml;rstenau, die kleinste Stadt der Welt, verbinden.</p>
<p><strong>Stadtf&uuml;hrungen mit Besichtigung der Wandmalereien</strong><br>Im Juli und August findet jeden Dienstag eine Stadtf&uuml;hrung mit Besichtigung der mittelalterlichen Wandmalereien und der Sonderausstellung&nbsp;im Stoffelhaus in F&uuml;rstenau statt. Treffpunkt ist um 17.30 Uhr beim Stoffelhaus. Die F&uuml;hrung dauert ca. 1.5 Stunden. Ap&eacute;ro offeriert durch die Stadt und zubereitet&nbsp;durch die&nbsp;Casa Caminada in F&uuml;rstenau. Die Kosten pro Person betragen CHF 10.00. Anmeldung erforderlich. Die Termine finden Sie im&nbsp;<a href="https://viamala.ch/de/informieren/aktuelles/events.html">Viamala&nbsp;Online-Veranstaltungskalender</a>.</p>
<p><strong>Gruppenf&uuml;hrungen f&uuml;r Firmen und Vereine<br></strong>Das Stoffelhaus ist in Kombination mit einer Stadtf&uuml;hrung durch F&uuml;rstenau perfekt f&uuml;r eine Firmen- oder Vereinsreise geeignet.</p>;9.44639;46.72096;Obergass 1;7414;Fürstenau;+41 79 813 01 30;t.hess@thess.ch;[{'@type': 'ImageObject', 'contentUrl': 'https://viatpimtsoch.sos-ch-dk-2.exoscale-cdn.com/catalog/5/8/a/0/58a0bd8eafd9ca253a1aa1c55549f58a7b6f6512_stoffelhaus_fuerstenau_domleschg_sommer_demateo.com.jpg', 'caption': {'de': 'Das Stoffelhaus in Fürstenau', 'en': 'The Stoffelhaus in Fürstenau', 'it': 'La Stoffelhaus di Fürstenau'}}];2025-10-27T21:38:41+01:00
f7f43650-04ae-4b02-91e9-21bea3f12d03;Burgruine Cagliatscha;Markante Turmruine zwischen Clugin und Andeer, auf einem felsigen Sporn auf der linken Talseite des Schams.;Das Burgplateau ist im Westen durch einen Graben begrenzt. Die Burg wurde um 1266 vermutlich durch lokale Dienstleute der Freiherren von Vaz erbaut, schriftliche Überlieferungen sind aber keine vorhanden. Die Zerstörung erfolgte wahrscheinlich während der Schamserfehde von 1451/52. In den Jahren 1983/84 wurde die Ruine von den Burgenvereinen Domleschg und Graubünden gesichert.;9.422254264354706;46.613746879985364;7442;Clugin;+41 81 650 90 30;info@viamala.ch;https://www.viamala.ch;[{'@type': 'ImageObject', 'contentUrl': 'https://viatpimtsoch.sos-ch-dk-2.exoscale-cdn.com/catalog/c/9/4/d/c94d5b321eecd6b22ecace6a8d07ea69666695c2_burgruine_cagliatscha_andeer_clugin_schams_fruehling_sommer_demateo.com.jpg', 'caption': {'de': 'Die Burgruine Cagliatscha im Frühling'}}];2025-10-27T21:38:41+01:00
f804033f-412e-46cb-8d8e-8fe52643b6bc;Aussichtspunkt Crap Carschenna;Der Aussichtspunkt oberhalb von Sils i.D. ist der perfekte Ort für eine Rast auf der Wanderung oder der Biketour.;Von hier aus hat man eine herrliche Aussicht auf das Domleschg, Thusis und den Heinzenberg. In unmittelbarer Nähe befinden sich eine gut ausgestattete&nbsp;<a href="https://mybusiness.outdooractive.com/de/r/8864786/" target="_blank">Feuerstelle </a>und die geheimnisvollen <a href="https://www.hohenraetien.ch/felszeichnungen-von-carschenna.html#1" target="_blank">Felszeichnungen von Carschenna</a>.;9.457844495773315;46.693383188995696;Carschenna;7411;Sils i.D.;+41 81 650 90 30;info@viamala.ch;https://www.viamala.ch;[{'@type': 'ImageObject', 'contentUrl': 'https://viatpimtsoch.sos-ch-dk-2.exoscale-cdn.com/catalog/6/f/9/8/6f98d976481d5724ddf0313d8779fcf1028d6984_aussicht_auf_das_domleschg_vom_aussichtspunkt_crap_carschenna.jpg', 'caption': {'de': 'Aussichtspunkt Crap Carschenna bei Sils i.D.', 'en': 'View of the Domleschg from the Crap Carschenna viewpoint'}}];2025-10-27T21:38:41+01:00
f9856d8a-a8b1-447f-bbfb-96e4405772ed;Burg Obertagstein;Wohnen mit Aussicht – nur für Schwindelfreie: Auf allen Seiten fällt der Fels, auf dem die Burg Obertagstein steht, senkrecht ab.;Dass gerade hier jemand eine Burg bauen wollte, kann nicht allein an der schönen Aussicht gelegen haben. Wer hier gebaut hat, weiss man nicht. Ein Adelsgeschlecht mit Namen von Tagstein ist nämlich nicht bekannt. In ihrer ersten Erwähnung 1322 nannte man die Burg noch Taxstein, was auf einen Ort, wo Dachse leben, schliessen lässt. Genauso gut könnte der alte Vorname Dago zu Gevatter gestanden sein. Die Anlage liegt hinter einer mächtigen Schildmauer und ist in mindestens zwei Phasen erbaut worden. Dies lässt auf eine länger dauernde Bewohnung schliessen. Ihre Mauern sind aus lagerhaften Bruchsteinen errichtet, vereinzelt in Opus spicatum. Opus spicatum ist ein Mauerwerk aus Steinen, die in Lagen hochkant abwechselnd schräg gegeneinander versetzt angeordnet werden und so ein ährenartiges Muster bilden.;9.427672989420557;46.68508009183633;Bäumliwald;7430;Thusis;+41 81 650 90 30;info@viamala.ch;https://www.viamala.ch;[{'@type': 'ImageObject', 'contentUrl': 'https://viatpimtsoch.sos-ch-dk-2.exoscale-cdn.com/catalog/3/4/b/4/34b43b9483d0b6cc9368f5d3a87e23887a42cfeb_burg_obertagstein_thusis_masein_sommer_viamala_tourismus.jpg', 'caption': {'de': 'Burg Obertagstein', 'en': 'Castle Obertagstein', 'it': 'Castle Obertagstein'}}];2025-10-27T21:38:43+01:00
fc6425fa-30e6-49c2-b1d1-2d254dba1034;Mazza Cula;Mazza Cula: Die Heinzenberger Variante zum Golf-Spiel.;<p>In Masein eingeführt wurde das Spiel von zugezogenen Leuten aus Tschappina. Pikanterweise ist dort die Tradition in der Zwischenzeit verloren gegangen. Einzig im Nachbardorf Flerden ist Mazza Cula noch heute verankert. Und auch im Unterengadin wird diese seltene Sportart noch praktiziert.</p>
<p>Zur Ausrüstung gehört der Mazza-Schläger. Die Mazza besteht aus einem Holzstecken (vorzugsweise Haselstaude) von ca. 1,5 m Länge. Vorne befindet sich ein Holzklotz aus Birken-, Eschen- oder Buchenholz von ca. 25 cm Länge. Sein Durchmesser beträgt ca. 5-10 cm, er ist konisch und auf der einen Seite abgeflacht. Die Cula (Kugel) ist eine runde Holzkugel (Strumpfkugel) von 5 cm Durchmesser, welche zur besseren Sichtbarkeit mit Markierfarbe eingefärbt wird.</p>
<p>Die Regeln sind simpel: Es spielen 2 Mannschaften, bestehend aus 2 bis 3 Personen gegeneinander. Statt wie beim Golfspiel ist jeweils nicht ein Loch im Green das Ziel, sondern eine vorhandene natürliche oder künstliche Auffälligkeit im Gelände. Das kann ein markanter Stein, ein Baum oder auch ein Scheunentor sein. Diejenige Mannschaft die mit weniger Schlägen das jeweils vorgegebene Ziel trifft, erhält einen Punkt.</p>
<p>Die Cula (Kugel) muss beim Schlag immer mit der Mazza (Schläger) geschlagen werden. Sie darf nicht von Hand geworfen werden. Die Kugel darf auch nicht von Mitspielern aufgehalten werden. Bei ungerader Spielerzahl kann der Überzählige als sogenannter Rodox gewählt werden. Der Rodox schlägt für beide Mannschaften. Die Kugel, die der Rodox schlägt, darf entgegen der normalen Spielregeln von Mitspielern gehalten werden (z.B. in Zielnähe). Am Schluss wird abgerechnet. Pro Punkt Vorsprung erhält jeder Spieler der siegreichen Mannschaft vom direkten Gegenspieler 20 Rappen.</p>
<p>Gespielt wird im Frühling nach der Schneeschmelze und sobald es die Witterungs- und Terrainverhältnisse erlauben bis ca. Ende April sowie im Herbst nach dem Abweiden bis zum Wintereinbruch. Die Strecke führt von Masein nach Flerden. Dort wird eine Stärkungspause eingelegt, ehe es über eine andere Route wieder nach Masein zurückgeht.</p>
<p>Die Mazza-Cula Spieler sind nicht in einem Verein organisiert. Je nach Zeit, Lust und Laune trifft man sich am Sonntagnachmittag um 13.00 Uhr am Ausgangspunkt oberhalb des Dorfes.</p>;9.4287744;46.7007932;Gemeinde Masein;7425;Masein;+41 81 651 20 09;https://www.masein.ch/Dorfleben/Brauchtum/;[{'@type': 'ImageObject', 'contentUrl': 'https://viatpimtsoch.sos-ch-dk-2.exoscale-cdn.com/catalog/b/0/e/9/b0e9b2470dc500151138eebd9cd39bc91404b110_24147626.jpg', 'caption': {'de': 'Mazza Cula Spieler aktiv unterwegs', 'en': 'Mazza Cula players active on the road'}}];2025-10-27T21:38:43+01:00
