{"type": "FeatureCollection", "features": [{"type": "Feature", "properties": {"identifier": "00b29e9d-7ddb-408a-a447-5a2a471e57e5", "name": "Feuerstelle Alter Schin", "description": "<p>Der Name der Schynschlucht stammt von einer rund 800 m hohen und \u00fcber 20 m breiten praktisch senkrechten Felswand (Schyn oder Moir) auf der Nordseite der Schlucht. Durch die Wand verl\u00e4uft rund 500 m \u00fcber dem Talgrund der historische Verbindungsweg, der Alte Schyn. Fr\u00fcher ein wichtiger Verbindungsweg f\u00fcr den Warenverkehr zwischen dem Albulatal und dem Domleschg. Heute ist dieser Weg ein gut gesicherter Wanderweg zwischen dem kleinen Weiler Muldain-Vaz/Obervaz und dem Rastplatz Plan Funtauna. Er ist in den Felsen gehauen, relativ breit, mit Gel\u00e4ndern gesichert und durch die Felswand verl\u00e4uft ein rund 80 Meter langer Tunnel mit Beleuchtung. Auf der Wanderung bietet der Schynweg einen imposanten Tiefblick in die Schynschlucht. Nach wie vor besteht an einer Stelle Felsabbruchgefahr.<br>Die Feuerstelle ist zu Fuss oder mit dem Bike gut erreichbar und befindet sich zwischen Thusis und Muldain.</p><p><span style=\"font-weight: bold;\">Ausstattung</span></p><ul><li>1 Feuerstelle</li><li>Rost vorhanden</li><li>1 grosser Tisch</li><li>3 kleine Tische inklusive B\u00e4nke (ca. 28 - 30 Sitzpl\u00e4tze)</li><li>Brennholz vorhanden</li><li>kleiner Brunnen vorhanden (kein Trinkwasser)</li><li>TOI TOI - Toilette <br></li><li>Abfallentsorgung vorhanden<br><br></li></ul><p>Bitte allf\u00e4llige Weisungen z.B. bez\u00fcglich <a href=\"https://www.gr.ch/DE/institutionen/verwaltung/diem/awn/aktuelles/Waldbrandgefahr/Seiten/aktuelle_waldbrandgefahr.aspx\" target=\"_blank\">Waldbrandgefahr </a>beachten.</p>", "url": "https://www.viamala.ch", "image": "https://viatpimtsoch.sos-ch-dk-2.exoscale-cdn.com/catalog/b/f/8/d/bf8dc8e03e0bd3a8affb82bd3e985ef50f76cea8_Feuerstelle_Alter_Schin_Scharans.jpg", "openstreetmap_id": "node/12074792908"}, "geometry": {"type": "Point", "coordinates": ["9.485484", "46.703157"]}}, {"type": "Feature", "properties": {"identifier": "033aa4f0-53f8-43be-8f00-f4550ebc9405", "name": "Beobachtungsbank Libi", "description": "<p>Die Sitzbank am Bergsee Libi bietet einen atemberaubenden Panoramablick \n\u00fcber das Schams. Unter der Bank befindet sich eine Schublade mit einem \nFernglas und weiteren Instrumenten zur Beobachtung der Landschaft, Natur\n und Fauna. Zus\u00e4tzlich sind Informationsmaterialien vorhanden, die \u00fcber \nausgew\u00e4hlte Tier- und Pflanzenarten Auskunft geben.</p>", "url": "https://www.viamala.ch", "image": "https://viatpimtsoch.sos-ch-dk-2.exoscale-cdn.com/catalog/0/b/b/2/0bb28b68811a99e5f56a3ef5d603c9bb651258a4_beobachtungsbaenkli_mia_natira_beim_libi.jpg", "openstreetmap_id": "way/319955741"}, "geometry": {"type": "Point", "coordinates": ["9.402993321418764", "46.65196936991899"]}}, {"type": "Feature", "properties": {"identifier": "037e8914-0f59-4475-b15c-56c2393ab5a9", "name": "Schloss Baldenstein", "description": "<p>Das Schloss Baldenstein, vom Mittelhochdeutschen \u00fcbersetzt mit \u201everwegen k\u00fchne Burg\u201c, macht seinem Namen alle Ehre. Die Anf\u00e4nge der Burg lassen sich zwar nicht genau erhellen, doch l\u00e4sst sich der Burgturm ins 12. Jahrhundert datieren. 1246 erscheint in den Urkunden mit Ebo de Baldenstein erstmals ein Herrschaftsinhaber.</p>\n<p>In einer Fehde zwischen den Freiherren von Rh\u00e4z\u00fcns und denen von L\u00f6wenstein, die mit dem bekannten Oberl\u00e4nder Geschlecht derer von Castelberg/\u00dcberkastel stammverwandt waren, wurde Baldenstein durch einen Handstreich Beute des Rh\u00e4z\u00fcnsers, musste aber im Frieden von 1289 wieder herausgegeben werden.</p>\n<p>Um die Mitte des 16. Jahrhunderts erwarb der aus dem Veltlin stammende Adelige Jakob Ruinelli die Burg. Sein gleichnamiger Enkel geh\u00f6rte in den B\u00fcndner Wirren zur Gesellschaft der \u201eGutherzigen\u201c, die 1621 unter F\u00fchrung von Georg Jenatsch auf Schloss Rietberg Pompejus von Planta umbrachten. Nachdem dieser letzte Baldensteiner Ruinelli 1627 als Beteiligter an einer Keilerei zwischen weinseligen Offizieren von J\u00f6rg Jenatsch erstochen worden war, gelangte der Sitz durch Heirat von Ruinellis Schwester Perpetua an Oberst Christoph Rosenroll von Thusis, von dessen Sohn er an einen Zweig der gleichnamigen Familie kam, der 1758 erlosch.</p>\n<p>Die Schwester des letzten Rosenroll von Baldenstein brachte dann das Schloss 1716 durch Heirat an Vincenz von Salis, Hauptmann in spanischen Diensten, dessen Sohn es 1782 an Francesco Conrado aus Chiavenna ver\u00e4usserte. Die Nachkommen dieses Conrado bewohnen und pflegen ihren Familienbesitz noch heute. In der Ahnentafel der Familie finden sich eine Reihe von bedeutender Pers\u00f6nlichkeiten, von denen hier lediglich der Ornithologe Thomas Conrad genannt sei, der als Begr\u00fcnder der alpinen und b\u00fcndnerischen Vogelkunde europ\u00e4isches Ansehen erlangte.</p>\n<p>Der Familiensitz der Conrad hat sein heutiges Aussehen durch die Erneuerung nach dem Brand von 1877 erhalten, der grosse Teile des Schlosses zerst\u00f6rt hatte. Das Pyramidendach auf dem Bergfried wurde 1999 erstellt. Im Inneren beeindruckt auch heute der grosse Saal im Erdgeschoss durch sein festliches Gesicht, das er seiner sauberen Stukkatur und den Deckengem\u00e4lden verdankt, in denen Sonne, Mond und Tierkreiszeichen neben antiken Gottheiten als Personifikationen der vier Elemente sowie weitere allegorische Figuren erscheinen.</p>\n<p>&nbsp;</p>\n<p><strong>Zugang</strong></p>\n<p>Baldenstein befindet sich in Privatbesitz und ist nicht \u00f6ffentlich zug\u00e4nglich. Die Anlage liegt direkt am&nbsp;<a href=\"https://mybusiness.outdooractive.com/de/r/23419810/\" data-type=\"tour\" data-id=\"23419810\">Burgenweg Domleschg</a>.</p>", "url": "https://www.viamala.ch", "image": "https://viatpimtsoch.sos-ch-dk-2.exoscale-cdn.com/catalog/1/1/1/9/111983d12402c83ac2335e84b5a002eb8420c9eb_schloss_baldenstein_sils_im_domleschg_sommer_luftaufnahme_viamala_tourismus.jpg", "openstreetmap_id": "node/1511935448"}, "geometry": {"type": "Point", "coordinates": ["9.460188746452333", "46.706568780825904"]}}, {"type": "Feature", "properties": {"identifier": "04293439-bc4c-4834-8289-c4ffaa1f3985", "name": "Foto-Spot Obermutten", "description": "<p><span style=\"font-weight: bold;\">Obermutten<br></span>Vor etwa 1000 Jahren erreichten die Alemannen auf ihrer Wanderung vom Berner Oberland her das Goms im Wallis und besiedelten nach und nach das obere Rhonetal. Um das 13. Jahrhundert bis 14. Jahrhundert begannen einzelne Gruppen von Wallisern oder eben Walsern, das Rhonetal zu verlassen; sie zogen in alle Himmelsrichtungen, vor allem aber nach Osten. In Graub\u00fcnden zum Beispiel&nbsp; ins Rheinwald (Sufers, Spl\u00fcgen, Nufenen, Hinterrhein), ins Avers, nach Obersaxen, Vals, St. Martin, Safiental (Safien und Tenna), Valendas, Versam, Tschappina und auch nach Mutten, um einige zu nennen.</p><p><br>Die Walsersiedlung Obermutten bestand bis zum Dorfbrand vom 25. April 1946 aus teils uralten Walser Holzh\u00e4usern mit sonnengeschw\u00e4rzten Fassaden. Der Dorfteil s\u00fcdlich des Dorfbrunnens ist vom Brand verschont geblieben.</p><p><br>Zu Obermutten geh\u00f6rt der tiefer gelegene Ortsteil Stafel (1750&nbsp;m). Im Sommer&nbsp;ist Obermutten heute ein beliebter Ort f\u00fcr&nbsp;erholsame Ferien mitten in der Natur und eignet sich bestens zum Wandern und Mountainbiken.&nbsp;Im Winter sind die beiden Ortsteile durch einen Skilift miteinander verbunden. Zudem ist Obermutten ein beliebter Ausgangspunkt f\u00fcr Schneeschuhwanderungen und Skitouren.</p><p><span style=\"font-weight: bold;\">Holzkirche<br></span>Die <a href=\"https://viamala.ch/de/map/poi/holzkirche-obermutten-3222bdca-48b8-4e5d-a0ba-e0594f7f7fc9.html\" target=\"_blank\">Kirche von Obermutten</a> z\u00e4hlt zu den einmaligen Sakralbauten der Schweiz. Sie ist das einzige Gotteshaus, das ganz aus Holz gefertigt wurde.</p>", "url": "https://www.viamala.ch", "image": "https://viatpimtsoch.sos-ch-dk-2.exoscale-cdn.com/catalog/c/9/a/7/c9a7080159e83bbdb466bec898b0d5832452f855_fotospot_grand_tour_of_switzerland_obermutten_herbst.jpg", "openstreetmap_id": "node/12110522006"}, "geometry": {"type": "Point", "coordinates": ["9.483749270439148", "46.67175647153692"]}}, {"type": "Feature", "properties": {"identifier": "048354ba-e31b-4033-8296-22db392dd2c4", "name": "Feuerstelle Allee F\u00fcrstenau", "description": "<p>Die Feuerstelle ist ab F\u00fcrstenau in weniger als 10 Minuten zu Fuss erreichbar.</p><p><span style=\"font-weight: bold;\">Ausstattung</span></p><ul><li>1 Feuerstelle</li><li>Rost vorhanden</li><li>Brennholz vorhanden</li><li>1 Tisch mit 6 Sitzpl\u00e4tze</li><li>Abfallentsorgung vorhanden</li><li>TOI TOI - Toilette</li><li>Spielplatz<br></li></ul><p><br>Bitte allf\u00e4llige Weisungen z.B. bez\u00fcglich <a href=\"https://www.gr.ch/DE/institutionen/verwaltung/diem/awn/aktuelles/Waldbrandgefahr/Seiten/aktuelle_waldbrandgefahr.aspx\" target=\"_blank\">Waldbrandgefahr </a>beachten.</p>", "url": "https://www.viamala.ch", "image": "https://viatpimtsoch.sos-ch-dk-2.exoscale-cdn.com/catalog/8/c/4/c/8c4ca7b8838cb2dcb398941208e45c130a6dc519_Feuerstelle_und_Spielplatz_Allee_F__rstenau.jpg", "openstreetmap_id": "node/12074922184"}, "geometry": {"type": "Point", "coordinates": ["9.445473", "46.718293"]}}, {"type": "Feature", "properties": {"identifier": "04d39cdb-a9a5-4f04-90ac-64a87e7b8845", "name": "Feuerstelle Rongellen", "description": "<p>Zu Fuss oder mit dem Auto kann die Feuerstelle Rongellen ab Rongellen Dorf&nbsp;erreicht werden. Der Platz befindet sich fast in der Mitte der Wanderung Thusis - Bofel - Besucherzentrum der Viamala-Schlucht und eignet sich f\u00fcr einen Mittagsrast.</p><p><span style=\"font-weight: bold;\">Ausstattung</span></p><ul><li>1 Feuerstelle</li><li>Rost vorhanden</li><li>2 Tische mit B\u00e4nke (12 Sitzpl\u00e4tze)</li><li>Abfallentsorgung vorhanden<br><br></li></ul><p>Bitte allf\u00e4llige Weisungen z.B. bez\u00fcglich <a href=\"https://www.gr.ch/DE/institutionen/verwaltung/diem/awn/aktuelles/Waldbrandgefahr/Seiten/aktuelle_waldbrandgefahr.aspx\" target=\"_blank\">Waldbrandgefahr </a>beachten.</p>", "url": "https://www.viamala.ch", "image": "https://viatpimtsoch.sos-ch-dk-2.exoscale-cdn.com/catalog/b/e/5/d/be5d1b31ce12916ba7149478c68c616530845683_feuerstelle_rongellen.jpg", "openstreetmap_id": "node/12074862241"}, "geometry": {"type": "Point", "coordinates": ["9.440353810787201", "46.678784770139636"]}}, {"type": "Feature", "properties": {"identifier": "050764cf-5f7b-45ce-8d5f-4d9542c24f4e", "name": "\u00d6ffentliche Toilette Wergenstein Dorfplatz", "description": "<p>Das Toilettenh&auml;uschen befindet sich gleich bei der Bushaltstelle \"Wergenstein, Dorf\".</p>", "url": "https://www.viamala.ch", "image": "https://viatpimtsoch.sos-ch-dk-2.exoscale-cdn.com/catalog/a/5/8/2/a582ab6045fde1074ae1bd20758cf0e94fe0c3f3_oeffentliche_toilette_wergenstein.jpg", "openstreetmap_id": "node/9634179722"}, "geometry": {"type": "Point", "coordinates": ["9.4080063", "46.626922"]}}, {"type": "Feature", "properties": {"identifier": "06ab979f-c538-4d25-935c-f0c73a27ef1c", "name": "Reformierte Kirche Spl\u00fcgen", "description": "<p>Etwa 843 f\u00fchrt das&nbsp;Reichsgutsurbar&nbsp;eine&nbsp;ecclesia in Solonio&nbsp;auf, n\u00f6rdlich von Reischen gelegen. Reischen nahm die&nbsp;Reformation&nbsp;im Laufe der Jahre 1530 bis 1535 an. Die heutige Kirche stammt von 1709, w\u00e4hrend die Reischener bis dahin Kirchgenossen von&nbsp;St. Martin&nbsp;in&nbsp;Zillis&nbsp;waren. </p><p>Kirche und Turm pr\u00e4sentieren sich als gedrungener, kompakter Bau. Der Turm mit einst\u00f6ckiger Glockenstube tr\u00e4gt einen am Sockel abgeflachten&nbsp;Spitzhelm, das&nbsp;Kirchenschiff&nbsp;ist von einem&nbsp;Walmdach&nbsp;bedeckt. </p><p>Der von&nbsp;einem rippenlosen&nbsp;Zellengew\u00f6lbe&nbsp;\u00fcberzogene barockisierende&nbsp;Chor. Linksseitig erhebt sich eine den Kirchenraum dominierende&nbsp;Kanzel&nbsp;ohne&nbsp;Schalldeckel. Zentral ist der dem Chor auff\u00e4llig voranstehende, in der Form eines Doppeltrichters gearbeitete&nbsp;Taufstein, auf dem auch das&nbsp;Abendmahl&nbsp;gefeiert wird.</p>", "url": "https://www.kirche-rheinwald.ch/kontakte", "image": "https://viatpimtsoch.sos-ch-dk-2.exoscale-cdn.com/catalog/4/3/b/d/43bd714a98cc2259482f820df918251ec426ce05_spluegen_dorf_refomierte_kirche_sommer_graubuenden_ferien.jpg", "openstreetmap_id": "way/214746008"}, "geometry": {"type": "Point", "coordinates": ["9.324077367782593", "46.55418661741601"]}}, {"type": "Feature", "properties": {"identifier": "06fcc374-967e-43c5-bca3-f05cf2386e03", "name": "Reformierte Kirche Lohn", "description": "Es existieren keine Aufzeichnungen \u00fcber den Bau der Antoniuskirche. Jedoch wurde bereits 831 eine Kirche in Mathon erw\u00e4hnt. Die sichtbare Kirchenruine St. Antonius befindet sich unterhalb des Ortes und wird auf Anfang des 13. Jahrhunderts datiert. 1956 konnte bei Grabungen eine halbrunde Apsis freigelegt werden. Sie stammt aus sp\u00e4tkarolingischer Zeit und erstreckt sich bis zum Chor des neueren Bauwerks. Die entdeckten Fragmente aus romanischer und vorromanischer Zeit wurden dem R\u00e4tischen Museum \u00fcbergeben. Erhalten geblieben sind der Turm, der 1528 erh\u00f6ht wurde und ein sp\u00e4tgotisches Glockengeschoss enth\u00e4lt. Ausserdem bestehen noch Mauern des gerade abgeschlossenen Chors mit Tonnenw\u00f6lbung und des sp\u00e4tromanischen Schiffs. Einzelne Farbreste lassen vermuten, dass das Schiff einst komplett bemalt war.", "url": "https://zillis-st-martin.ch/kirchgemeinde-zillis-schamserberg/", "image": "https://viatpimtsoch.sos-ch-dk-2.exoscale-cdn.com/catalog/3/2/1/2/321285598f491089c21dcc3ea7e6250fe74301a0_lohn_am_schamserberg_mit_reformierter_kirche_fruehling_demateo.jpg", "openstreetmap_id": "way/314082922"}, "geometry": {"type": "Point", "coordinates": ["9.426972270011902", "46.6508502096111"]}}, {"type": "Feature", "properties": {"identifier": "0803ae21-54ab-4a54-bf91-9c1b1bc386ff", "name": "Bisch\u00f6fliches Schloss", "description": "<p>Es gibt in der Schweiz wohl kaum eine zweite historische Stadt von so zierlichen Ausmassen wie F\u00fcrstenau im Domleschg. Sie blickt von einem felsigen Gel\u00e4ndevorsprung auf die rechtsrheinischen Auen der F\u00fcrsten. So nannten sich die Churer Bisch\u00f6fe als einstige Herren dieser Stadt und der sie umgebenden G\u00fcter. In seiner j\u00fcngeren Geschichte diente das Gem\u00e4uer unter anderem als Kosthaus f\u00fcr Kinder, die in der Spinnerei Albula besch\u00e4ftigt waren. Der M\u00fcnstertaler Kapuzinerpater Theodosius Florentini, einer der Grossen unter den Sozialreformern des 19. Jahrhunderts, war treibende Kraft hinter dem Projekt. Nach Florentinis Tod beherbergte der Bau von 1871 weg die neu gegr\u00fcndete Realschule, bis 1876 durch Kauf in Privatbesitz gelangte. Der K\u00e4ufer war Peter von Planta aus der Zuozer Linie, ein gewiefter Kaufmann, der sich 1877 aus dem mit seinem Vetter zusammen gegr\u00fcndeten Baumwoll-Exportgesch\u00e4ft zur\u00fcckgezogen hatte. Er nahm am Schloss 1877 und 1896 verschiedene Umbauten und Erneuerungen vor und liess es vorerst als Spital einrichten. Doch dieses \u201ezweite Landkrankenhaus B\u00fcndens\u201c musste, zum Teil wegen mangelnder Besetzung, 1896 aufgegeben werden.</p>\n<p>&nbsp;</p>\n<p><strong>Zugang</strong></p>\n<p>Das Bisch\u00f6fliche Schloss in F\u00fcrstenau befindet sich in Privatbesitz und ist nicht \u00f6ffentlich zug\u00e4nglich. Die Anlage liegt direkt am&nbsp;<a href=\"https://mybusiness.outdooractive.com/de/r/23419810/\" data-type=\"tour\" data-id=\"23419810\">Burgenweg Domleschg</a>.</p>", "url": "http://www.fuerstenau.ch", "image": "https://viatpimtsoch.sos-ch-dk-2.exoscale-cdn.com/catalog/8/6/a/f/86af4c96bc1c84e5cee783e6a6bdacbb98bdd853_bischoefliches_schloss_fuerstenau_sommer_viamala_tourismus.jpg", "openstreetmap_id": "node/1500548359"}, "geometry": {"type": "Point", "coordinates": ["9.44532", "46.720846"]}}, {"type": "Feature", "properties": {"identifier": "0831a82e-0cff-45f2-8a08-c3972759f149", "name": "Aussichtspunkt Thusisblick", "description": "Der Aussichtspunkt verf\u00fcgt \u00fcber eine feste Grillstelle mit Sitzm\u00f6glichkeiten.", "url": "https://www.viamala.ch", "image": "https://viatpimtsoch.sos-ch-dk-2.exoscale-cdn.com/catalog/f/c/d/4/fcd43b79b46ceffe1c4df081192c159dfb7ae804_aussichtspunkt_thusisblick_feldis_sommer.jpg", "openstreetmap_id": "node/2355282851"}, "geometry": {"type": "Point", "coordinates": ["9.431971907615662", "46.78025166634052"]}}, {"type": "Feature", "properties": {"identifier": "0a461563-e908-45f5-884d-53e7c74919b5", "name": "Spielplatz Avers-Juppa", "description": "<p><strong>Ausstattung:</strong></p>\n<ul>\n<li>1 Feuerstelle</li>\n<li>2 Tische&nbsp;mit ca. 18 Sitzpl&auml;tzen</li>\n<li>Rost vorhanden</li>\n<li>Feuerholz vorhanden</li>\n<li>Brunnen mit Trinkwasser</li>\n<li>Abfallentsorgung</li>\n<li>Diverse Schaukeln</li>\n<li>Kletterturm mit Tunnelrutschbahn</li>\n<li>Kleine Rutschbahn</li>\n<li>Drehkreisel</li>\n</ul>", "url": "https://www.viamala.ch", "image": "https://viatpimtsoch.sos-ch-dk-2.exoscale-cdn.com/catalog/5/0/b/b/50bbf461abddd1e44bbc9d6b7f050cf300a490fe_Spielplatz_und_Feuerstelle_Avers_Juppa__2_.jpg", "openstreetmap_id": "node/4979631621"}, "geometry": {"type": "Point", "coordinates": ["9.551513", "46.448529"]}}, {"type": "Feature", "properties": {"identifier": "0e2d0918-2f49-4e64-9060-cf95df587d0b", "name": "Reformierte Kirche Sufers", "description": "Der Ursprung des Kirchenbaus geht auf das Jahr 841 zur\u00fcck, als sie durch eine Stiftung von Lothar I. errichtet wurde. Die Kirche ist dem Patrozinium von Jesus als Heiland gewidmet (lateinisch: Salvator). Das heutige Geb\u00e4ude wurde w\u00e4hrend der Anfangszeit der B\u00fcndner Wirren (1618\u20131625) als Neubau errichtet und verf\u00fcgt \u00fcber einen Turm, dessen im Vergleich zum Kirchenschiff auff\u00e4llige Breite und dessen spitz zulaufender Zwiebelhelm das Ortsbild pr\u00e4gen. Im Inneren befindet sich hinter einem zweistufigen Aufgang zum Chor ein steinerner Taufstein, der gem\u00e4ss der reformierten Konfession sowohl als Taufbecken als auch als Abendmahlstisch genutzt wird.", "url": "https://www.kirche-rheinwald.ch/kontakte", "image": "https://viatpimtsoch.sos-ch-dk-2.exoscale-cdn.com/catalog/b/d/1/9/bd198ba8d95cf6976d81dacfbdaaabecb60a252a_sufers_im_rheinwald.jpg", "openstreetmap_id": "way/209226480"}, "geometry": {"type": "Point", "coordinates": ["9.366469", "46.569897"]}}, {"type": "Feature", "properties": {"identifier": "10fb75a5-6d25-4833-a731-b03bd3f52eae", "name": "Sinnesoase B\u00f6deli", "description": "Fastetg, Ravetsch, Curnatsch: So poetisch klingen die r\u00e4toromanischen Ortsbezeichnungen in Rothenbrunnen. Etwas schlichter t\u00f6nt \"B\u00f6deli\", die Bezeichnung f\u00fcr diese Anh\u00f6he. Der alte, r\u00e4toromanische Name \"Plaun digl Bogn\" bringt jedoch klangvoll zum Ausdruck, um was f\u00fcr einen Ort es sich hier handelt: um die Ebene \u00fcber dem Bad. / Dieses Bad wird von zwei Quellen gespiesen: von der Aua Alva, dem weissen Wasser, und der Fontana rossa, der Quelle mit dem r\u00f6tlichen (Brunnen-)Wasser. Dieser eisen- und jodhaltigen Quelle verdankt Rothenbrunnen seinen Namen und seine einstige Bedeutung als Kurort.\u00a0 / Das alte Kurhaus von Rothenbrunnen lockt heute mit Blumen statt mit Badekuren. Die prachtvollen G\u00e4rten des Kurhauses stimmen zudem auf das Domleschg ein: Die Talschaft gilt als Obstgarten Graub\u00fcndens.", "url": "http://rothenbrunnen.ch/", "image": "https://viatpimtsoch.sos-ch-dk-2.exoscale-cdn.com/catalog/0/3/2/6/03260b40f85208314a0e961707bdcfe72d0b9c40_DSC08464.jpg", "openstreetmap_id": "way/253522705"}, "geometry": {"type": "Point", "coordinates": ["9.426226615905762", "46.77094781837669"]}}, {"type": "Feature", "properties": {"identifier": "12cb2ff0-9102-483d-a1eb-7558b5d20ba9", "name": "Spielplatz Kindergarten / Scoleta Zillis", "description": "<p>Der Spielplatz liegt unmittelbar neben der Schule/Kindergarten in Zillis und verf&uuml;gt &uuml;ber folgende Ausstattung:&nbsp;</p>\n<ul>\n<li>Tisch mit etwa 8 Sitzpl&auml;tzen</li>\n<li>kleiner Brunnen mit Trinkwasser</li>\n<li>vielf&auml;ltige Auswahl an Spielger&auml;ten</li>\n</ul>", "url": "https://www.viamala.ch", "image": "https://viatpimtsoch.sos-ch-dk-2.exoscale-cdn.com/catalog/1/8/e/b/18eb5f65550072333e96d3985ba4ec7500d26905_Spielplatz_Kindergarten__Scoleta_Zillis.jpg", "openstreetmap_id": "node/12075132542"}, "geometry": {"type": "Point", "coordinates": ["9.441422", "46.633465"]}}, {"type": "Feature", "properties": {"identifier": "13670a15-bb36-4dfd-8f91-7a99c3e61e37", "name": "Feuerstelle Tamboboden", "description": "<p>Zu Fuss \u00fcber den Themenweg&nbsp;Rheinquellweg Transit&nbsp;von Spl\u00fcgen Richtung Medels. Nach ca. 20 Minuten erreichen Sie die Feuerstelle welche sich direkt neben der Tambobr\u00fccke, am Hinterrhein befindet. Es gibt keinen Zugang zum Hinterrhein.</p><p><span style=\"font-weight: bold;\">Ausstattung</span></p><ul><li>1 Feuerstelle</li><li>Rost vorhanden</li><li>Brennholz vorhanden</li><li>3 B\u00e4nke um die Feuerstelle (je 3-4 Sitzpl\u00e4tze)</li><li>1 Granittisch mit 8 Sitzpl\u00e4tzen<br><br></li></ul><p>Bitte allf\u00e4llige Weisungen z.B. bez\u00fcglich <a href=\"https://www.gr.ch/DE/institutionen/verwaltung/diem/awn/aktuelles/Waldbrandgefahr/Seiten/aktuelle_waldbrandgefahr.aspx\" target=\"_blank\">Waldbrandgefahr </a>beachten.</p>", "url": "https://www.viamala.ch", "image": "https://viatpimtsoch.sos-ch-dk-2.exoscale-cdn.com/catalog/b/8/2/c/b82c2368ad4ccd25899bc5c0153fe060c473de0e_Feuerstelle_Tamboboden_Spl__gen.jpg", "openstreetmap_id": "node/9804412296"}, "geometry": {"type": "Point", "coordinates": ["9.306439161300661", "46.546583205071634"]}}, {"type": "Feature", "properties": {"identifier": "143554e6-0fe3-497d-a0a6-272c91424fcd", "name": "Feuerstelle Abzweigung Valle di Lei", "description": "<p><span style=\"font-weight: bold;\">Ausstattung</span></p><ul><li>1 Feuerstelle</li><li>alter Grillrost vorhanden</li><li>1 Tisch mit B\u00e4nke (8 Sitzpl\u00e4tze)</li><li>Brennholz vorhanden<br></li></ul><p><br>Bitte allf\u00e4llige Weisungen z.B. bez\u00fcglich <a href=\"https://www.gr.ch/DE/institutionen/verwaltung/diem/awn/aktuelles/Waldbrandgefahr/Seiten/aktuelle_waldbrandgefahr.aspx\" target=\"_blank\">Waldbrandgefahr </a>beachten.</p>", "url": "https://www.viamala.ch", "image": "https://viatpimtsoch.sos-ch-dk-2.exoscale-cdn.com/catalog/e/2/c/b/e2cb5f95c8e52a12975ba96c33ca382670fae88f_Grillstelle_Abzweigung_Valle_di_Lei_Avers.jpg", "openstreetmap_id": "node/10092004528"}, "geometry": {"type": "Point", "coordinates": ["9.472176999999988", "46.49507"]}}, {"type": "Feature", "properties": {"identifier": "14f06d61-c5cc-48ea-83c1-3602de6e9c4a", "name": "Stellplatz Seeblick Sufers", "description": "<p>Die Speisekarte finden Sie auf der <a href=\"https://www.seeblick-sufers.ch/\">Webseite</a>&nbsp;vom Hotel. Es gibt immer&nbsp;spezielle Tagesgerichte und feine hausgemachte Desserts. WomoDinner k\u00f6nnen Sie <a href=\"tel:+41816641186\">telefonisch</a> oder per <a href=\"mailto:info@seeblick-sufers.ch\">E-Mail</a> reservieren. Am Mittag und am Abend verw\u00f6hnt Sie das Restaurant&nbsp;gerne mit feinen Gerichten. Durchreisende d\u00fcrfen ab 17 Uhr bis morgens 10 Uhr auf dem Parkplatz f\u00fcr CHF 25.- \u00fcbernachten. Bei Konsumation ab CHF 50.- entf\u00e4llt der \u00dcbernachtungspreis.&nbsp;WCs k\u00f6nnen zu \u00d6ffnungszeiten im Restaurant ben\u00fctzt werden.</p>", "url": "https://www.seeblick-sufers.ch", "image": "https://viatpimtsoch.sos-ch-dk-2.exoscale-cdn.com/catalog/3/3/7/b/337b3af231c919a1ffebcafecce7d5c21ce711eb_sufers_dorf_rheinwald_sommer.jpg", "openstreetmap_id": "node/8747425926"}, "geometry": {"type": "Point", "coordinates": ["9.36873346567154", "46.56993426125404"]}}, {"type": "Feature", "properties": {"identifier": "188e19e3-e54e-4a79-9604-c377002e5524", "name": "Schaller's Taxi", "description": "<p>\"Z'Taxi vo do\", ein aufstrebendes Taxiunternehmen aus Rh\u00e4z\u00fcns, das Gastfreundschaft und Komfort vereint. Mit dem klaren Ziel, den Service stetig zu verbessern, bietet das Unternehmen Platz f\u00fcr bis zu vier Fahrg\u00e4ste in einem modernen Fahrzeug. Der pers\u00f6nliche Touch des jungen und kommunikativen Fahrers verspricht eine angenehme Reise, w\u00e4hrend die Flexibilit\u00e4t, Fahrten ausserhalb der regul\u00e4ren \u00d6ffnungszeiten anzubieten, den Bed\u00fcrfnissen der Kunden gerecht wird.</p><p>Das Unternehmen ist in Rh\u00e4z\u00fcns ans\u00e4ssig und bietet auch Fahrten in der Ferienregion Viamala an. Dabei konzentriert es sich auf l\u00e4ngere Strecken und f\u00fchrt keine Kurzfahrten durch. Von Montag bis Samstag von 9 bis 21 Uhr steht \"z'Taxi vo do\" bereit, um Reisende sicher ans Ziel zu bringen. Die Buchung erfolgt telefonisch. Ein zuvorkommender Service ist garantiert.</p><p>Tauche ein in die Welt von \"z'Taxi vo do\" und erlebe eine freundliche und zuverl\u00e4ssige Fahrt durch die malerische Landschaft.</p>", "image": "https://viatpimtsoch.sos-ch-dk-2.exoscale-cdn.com/catalog/0/5/3/0/053097ae1e4c3127ab766fa0d21d521c00d68188_schaller_s_taxi_thusis.jpg", "openstreetmap_id": "node/12121759021"}, "geometry": {"type": "Point", "coordinates": ["9.440109729766847", "46.69839809537952"]}}, {"type": "Feature", "properties": {"identifier": "18f13cac-170a-4c63-bbea-bd4f0b093d25", "name": "Aussichtspunkt Sardona", "description": "Die Tektonikarena Sardona erlaubt einzigartige Einblicke in die Entstehungsgeschichte der alpinen Berge und T\u00e4ler. Entlang der weit herum sichtbaren Linie, der Glarner Haupt\u00fcberschiebung, auch&nbsp;\u00abmagische Linie\u00bb genannt, schoben sich 250-300 Millionen Jahre alte auf viel j\u00fcngere, zum Teil \u00abnur\u00bb 35-50 Millionen Jahre alte Gesteine. Dies geschah vor 10-20 Millionen Jahren weit unter der damaligen Erdoberfl\u00e4che.", "url": "https://www.viamala.ch", "image": "https://viatpimtsoch.sos-ch-dk-2.exoscale-cdn.com/catalog/3/9/2/0/3920a40c3a57514aacc37635573d5b1c0f048ab8_aussichtspunkt_sardona_feldis_sommer_viamala_tourismus.jpg", "openstreetmap_id": "node/11882328572"}, "geometry": {"type": "Point", "coordinates": ["9.431902170181274", "46.798289420753534"]}}, {"type": "Feature", "properties": {"identifier": "19291d09-1010-4a3a-927e-e9483a1ce46a", "name": "Reformierte Kirche Medels", "description": "<p>Im Jahr 1530 schloss sich Medels zusammen mit den anderen Gemeinden des Rheinwalds der Reformation an und l\u00f6ste sich damit endg\u00fcltig von der langj\u00e4hrigen Bindung an das Misox, das am alten Glauben festhielt. Die Kirche wurde im Jahr 1708 erbaut und diente von 1726 bis 1886 als Pfarrkirche einer eigenst\u00e4ndigen Kirchgemeinde, bis Medels sich wieder mit Spl\u00fcgen vereinte. </p><p>Der Kirchturm ist mit einem Zeltdach versehen und befindet sich hangseitig, um den Eingangsbereich vor Lawinen oder Schneerutschungen zu sch\u00fctzen. Das schlichte Innere wird von einer Kanzel ohne Schalldeckel und einem Tauf- und Abendmahlstisch in der Mitte des Chores dominiert.</p>", "url": "https://www.kirche-rheinwald.ch/kontakte", "image": "https://viatpimtsoch.sos-ch-dk-2.exoscale-cdn.com/catalog/4/1/0/2/41029de76ab2d953c4dcabdd8851d2f590d71414_medels_im_rheinwald.jpg", "openstreetmap_id": "way/214747535"}, "geometry": {"type": "Point", "coordinates": ["9.293784", "46.546277"]}}, {"type": "Feature", "properties": {"identifier": "1a38035d-c0df-4a67-adf5-cf7ebadeb09a", "name": "Spielplatz Donat", "description": "<p><strong>Ausstattung:</strong></p>\n<ul>\n<li>Rutschbahnen</li>\n<li>Kletterm\u00f6glichkeit</li>\n<li>Pingpongtisch</li>\n<li>Schaukeln</li>\n</ul>", "url": "http://viamala.ch", "image": "https://viatpimtsoch.sos-ch-dk-2.exoscale-cdn.com/catalog/f/a/7/d/fa7d6671862bd7996dc04229f24220b8d4631fc7_spielplatzfotos_folgen.png", "openstreetmap_id": "way/116391697"}, "geometry": {"type": "Point", "coordinates": ["9.428737163543703", "46.62823229407524"]}}, {"type": "Feature", "properties": {"identifier": "1b1a83f7-349b-46bf-972b-9ead66419ed8", "name": "Ausstellung Kirche St. Martin", "description": "<p>Mit zeitgem&auml;ssen museologischen Mitteln tr&auml;gt die Ausstellung zum Verst&auml;ndnis von Kirchendecke und mittelalterlicher Bilderwelt bei. Die Besucherinnen und Besucher erhalten Auskunft &uuml;ber das geschichtliche und geographische Umfeld, in dem ein solches Kunstwerk entstehen konnte. Die Ausstellung gibt Einblick in die Malerwerkstatt eines mittelalterlichen K&uuml;nstlers. Sie zeigt die besondere Konstruktion der Decke und berichtet &uuml;ber Erhaltungszustand und &uuml;ber die Altersbestimmung der Bildtafeln. In einem Kurzfilm werden das Bildprogramm und die Bedeutung der Bilder erkl&auml;rt. Einzelne Themen der Bilderdecke werden vertieft dargestellt. Die Ausstellung l&auml;dt zur Auseinandersetzung mit dem Weltbild des Mittelalters ein.</p><p><strong> Die Themen der Ausstellung</strong></p><ul><li>Der Weg nach Zillis</li><li>Das mittelaterliche Weltbild</li><li>Kirche St. Martin</li><li>Deckenkonstruktion</li><li>Alterbestimmung</li><li>Bildprogramm</li><li>Zeichen und Gesten</li><li>Sonderausstelung zu Themen mit Bezug zur Region</li></ul><p><strong>&nbsp;</strong></p><p><strong>Gruppen&nbsp;</strong><br>Bei Gruppenbesuchen der Ausstellung ist eine vorg&auml;ngige Anmeldung via Tel.: <a href=\"tel:+41 81 661 22 55\">+41 81 661 22 55</a> oder Mail an <a href=\"mailto:ausstellung@zillis-st-martin.ch\">ausstellung@zillis-st-martin.ch</a>&nbsp;erforderlich. Auf Voranmeldung kann auch eine F&uuml;hrung vereinbart werden, siehe unten.</p><p><strong>F&uuml;hrungen Ausstellung/Kirche</strong><br>F&uuml;r Individualg&auml;ste: Im Juli und August, jeden Dienstag um 15.00 Uhr. Keine Anmeldung erforderlich. Kosten CHF 10.00 pro Erwachsener, CHF 6.00 pro Kind. Treffpunkt: Vor der Ausstellung, Hauptstrasse 28, Zillis.<br>F&uuml;r Gruppen: Jederzeit nach Voranmeldung. Preis CHF 120.00, zuz&uuml;glich Eintritte. Reservation Tel.: <a href=\"tel:+41 81 661 22 55\">+41 81 661 22 55</a> oder Mail an <a href=\"mailto:ausstellung@zillis-st-martin.ch\">ausstellung@zillis-st-martin.ch</a>.</p><p><strong>Hunde</strong><br>In der Austellung sind Hunde nicht erlaubt. Ausnahme sind kleine Hunde, die in einer Tasche mitgetragen werden k&ouml;nnen.</p><p><strong>Projekt &laquo;Tgea da Schons&raquo;</strong><br>Die Kirchendecke der Kirche St. Martin in Zillis, auch bekannt als \"Sixtina der Alpen\", besteht aus 153 einzigartigen quadratischen Bildtafeln, die im 12. Jahrhundert geschaffen wurden. J&auml;hrlich besuchen etwa 20.000 Menschen dieses Kunstwerk in der Berggemeinde s&uuml;dlich der Viamala-Schlucht. Um das Kulturerlebnis zu vertiefen und das Kulturgut zu sch&uuml;tzen, soll das historische Talmuseum &laquo;Tgea da Schons&raquo; erweitert werden. Eine permanente Ausstellung zur romanischen Bilderdecke der Kirche St. Martin wird das kulturelle Verst&auml;ndnis f&ouml;rdern und das Bewusstsein f&uuml;r den Erhalt der Decke sch&auml;rfen. Weitere Ausstellungen werden sich mit der Geschichte der Val Schons als S&auml;umerort sowie mit der Wohnkultur der Region befassen. Diese Ausstellungen sollen sich erg&auml;nzen und Synergien schaffen. Ein Kulturraum neben der Kirche soll als Ort der Begegnung und Inspiration dienen und Seminare, Kurse und kulturelle Veranstaltungen beherbergen. Ein Caf&eacute; ist als Treffpunkt f&uuml;r Besucher der Ausstellungen und Einheimische geplant, um den regionalen Austausch zu f&ouml;rdern und das Dorfleben zu beleben.</p><ul><li><a href=\"https://tgea-da-schons.ch/\">Weitere Informationen zum Projekt</a></li></ul>", "url": "https://zillis-st-martin.ch/", "image": "https://viatpimtsoch.sos-ch-dk-2.exoscale-cdn.com/catalog/4/5/6/8/4568476da4fcce8b331826652ce72f3b32090618_ausstellung_kirche_st_martin_zillis_reischen_schams.jpg", "openstreetmap_id": "node/4620754933"}, "geometry": {"type": "Point", "coordinates": ["9.44474", "46.634774"]}}, {"type": "Feature", "properties": {"identifier": "1b36bb10-b0b0-4460-b342-977eaa6eaf16", "name": "Naturpark Beverin", "description": "<p>Stolz leben die K\u00f6nige der Alpen in den Felsw\u00e4nden rund um den Piz Beverin (2998 m \u00fc. M.) und wachen \u00fcber die wilde, einzigartige Landschaft des 413 Quadratkilometer grossen Naturparks. Das Fundament des Naturpark Beverin bilden die rund 3000 Einwohnerinnen und Einwohner der elf politischen Gemeinden.</p>\n<p>Gemeinsam mit den Parkgemeinden und der Bev\u00f6lkerung arbeitet der Naturpark an der Zukunft der Region. Innovative, kreative L\u00f6sungen sollen der Region eine nachhaltige Entwicklung erm\u00f6glichen.</p>\n<p>Die <a href=\"https://viamala.ch/de/erleben/ausflugsziele/viamala-schlucht.html\">Viamala</a>- und <a href=\"https://www.rofflaschlucht.ch\">Rofflaschlucht</a>, die alpine Gebirgslandschaft rund um den Piz Beverin, die Ruhe und Abgeschiedenheit des Safientals, die glasklaren Bergseen und die artenreichen Trockenwiesen geh\u00f6ren zu den eindr\u00fccklichen Naturwerten im Parkgebiet.</p>\n<p><strong>Wanderbusse</strong><br>Der Naturpark Beverin betreibt im Schams und Rheinwald mittlerweile sechs Wanderbusangebote. In der Rheinschlucht/Ruinaulta verkehrt das gleichnamige Cabrio-PostAuto mit erweitertem Angebot. Weitere Informationen finden Sie <a href=\"https://www.naturpark-beverin.ch/de/angebote-aktuelles/veranstaltungen-angebote/wanderbus-angebote\">hier</a>.</p>\n<p><strong>Naturpark-Menu</strong><br>Ausgew\u00e4hlte Gastrobetriebe bieten ein Naturpark-Menu an. Es erwarten Sie K\u00f6stlichkeiten aus regionalen Produkten. Weitere Informationen finden Sie <a href=\"https://www.naturpark-beverin.ch/de/produkte-partner/naturpark-menus\">hier</a>.</p>\n<p><strong>Capricorn Ausstellung, Wergenstein</strong><br>Capricorns wird der K\u00f6nig der Alpen - der Steinbock - auf vielseitige Art thematisiert. Erfahren Sie wieso der Steinbock erst seit sechzig Jahren wieder im Naturpark Beverin anzutreffen ist und wie man einen Steinbock von einer Steingeiss unterscheiden kann. Mit interaktiven Elementen, wie einem Steinbocksuchspiel, ist die Ausstellung auch f\u00fcr Kinder attraktiv. Weitere Informationen finden Sie <a href=\"https://www.naturpark-beverin.ch/de/capricorn-ausstellung\">hier</a>.</p>\n<p><strong>Capricorn Pirsch, Wergenstein </strong><br>Die digitale Schatzsuche ist ein halbt\u00e4giges Wandererlebnis f\u00fcr die ganze Familie. Mit der <a href=\"https://de.actionbound.com/download/\">Actionbound APP</a> begebt ihr euch auf die Steinbock Pirsch. Auch wenn ihr keine echten Steinb\u00f6cke antreffen werdet, erfahrt ihr viel Spannendes \u00fcber die K\u00f6nige der Alpen. Es erwarten euch vielseitige R\u00e4tsel zum Steinbock, die ihr l\u00f6sen m\u00fcsst, um am Schluss den Schatz zu finden. Unterwegs l\u00e4dt eine Feuerstelle zur Mittagsrast ein. Weitere Informationen finden Sie <a href=\"https://mybusiness.outdooractive.com/de/r/23419968/\" data-type=\"tour\" data-id=\"23419968\">hier</a>.</p>\n<p><strong>48-Stunden-Programm<br></strong>Unterwegs in Naturlandschaften, wo wildes Gew\u00e4sser lockt und Steinb\u00f6cke heimisch sind. Entdecke jetzt, was alles in 48 Stunden im Naturpark Beverin erlebt werden kann:&nbsp;<a href=\"https://www.viamala.ch/de/48-stunden-naturpark-beverin\">Programm</a>.</p>", "url": "https://www.naturpark-beverin.ch", "image": "https://viatpimtsoch.sos-ch-dk-2.exoscale-cdn.com/catalog/e/0/a/a/e0aa35730482257aa099733d0d07b270eb32fa01_steinwild_steinboecke_naturpark_beverin_rheinwald_rheinquellregion_zapporthuette_sac_sommer_dem.jpg", "openstreetmap_id": "relation/2818257"}, "geometry": {"type": "Point", "coordinates": ["9.379505", "46.612393"]}}, {"type": "Feature", "properties": {"identifier": "1f162294-5315-4728-80ae-aab4209d9ae4", "name": "Reitstall Thusis", "description": "Laura Korell ist ausgebildete Bereiterin mit eidg. F\u00e4higkeitsausweis und verf\u00fcgt \u00fcber langj\u00e4hrige Erfahrung in den Bereichen Reitschule, Ausbildung von Pferden und reiten. Erleben Sie unvergessene Ausritte in der Region Heinzenberg/Domleschg zu jeder Jahreszeit oder nehmen Sie an einer der lehrreichen Reitstunden teil - ob Anf\u00e4nger oder Profi, man lernt nie aus... Die kleinen G\u00e4ste erwartet ein imposantes Ponyreiten. Das Angebot ist vielf\u00e4ltig: Reitstunden auf dem Reitplatz (20 x 40 m), Longenstunden, gef\u00fchrte Ausritte und Ponyreiten. Bitte um telefonische Voranmeldung. Versicherung ist Sache der Reitsch\u00fcler.", "url": "https://www.reitstall.gr", "image": "https://viatpimtsoch.sos-ch-dk-2.exoscale-cdn.com/catalog/1/c/5/e/1c5efc9580302d2afb975671ed20ac5408c1482e_24147715.jpg", "openstreetmap_id": "way/294164139"}, "geometry": {"type": "Point", "coordinates": ["9.435705", "46.7122593"]}}, {"type": "Feature", "properties": {"identifier": "1fbebd58-467b-4769-8923-4a1da4ba50bb", "name": "\u00d6ffentliche Toilette Spielplatz Andeer", "description": "Das Toilettenh\u00e4uschen ist mit zwei separaten Bereichen ausgestattet: eine T\u00fcr f\u00fchrt zur Toilette, die andere zum Waschbecken. Zus\u00e4tzlich ist das H\u00e4uschen mit einer Wickelunterlage ausgestattet.", "url": "https://viamala.ch", "image": "https://viatpimtsoch.sos-ch-dk-2.exoscale-cdn.com/catalog/d/f/4/a/df4ae0ee3ffedc5fc1bd5c8823c2d2b8a944eac4_toilette_beim_spielplatz_andeer.jpg", "openstreetmap_id": "way/71833609"}, "geometry": {"type": "Point", "coordinates": ["9.422396421432497", "46.60281486644623"]}}, {"type": "Feature", "properties": {"identifier": "2093a8b8-d67e-4b2c-8666-e5efcbea5899", "name": "Spital Thusis", "description": "Das Spital Thusis ist bekannt f\u00fcr seine hohe Qualit\u00e4t in der medizinischen Versorgung und seinen patientenorientierten Ansatz. Es arbeitet eng mit anderen Gesundheitseinrichtungen in der Region zusammen, um eine umfassende Betreuung sicherzustellen. Das Krankenhaus spielt eine wichtige Rolle in der Gesundheitsversorgung der lokalen Bev\u00f6lkerung und bietet auch spezialisierte Dienstleistungen in Zusammenarbeit mit gr\u00f6sseren Zentren an.", "url": "https://www.spitalthusis.ch", "image": "https://viatpimtsoch.sos-ch-dk-2.exoscale-cdn.com/catalog/e/7/1/3/e713e9a0d6a1fa166cc6a1bdc2ace0c69acddf03_spital_thusis_im_sommer_demateo.jpg", "openstreetmap_id": "way/677013731"}, "geometry": {"type": "Point", "coordinates": ["9.43701", "46.697204"]}}, {"type": "Feature", "properties": {"identifier": "22259ad6-bd33-46d3-b4ab-6424e5485c10", "name": "Ruine Hasensprung", "description": "<p>Es ist davon auszugehen, dass die Burg urspr\u00fcnglich dem Geschlecht der Vazer geh\u00f6rte. Dass sie dann in der Schamserfehde gebrochen worden ist, ist ebenfalls nur Mutmassung. Urkundlich ist die Burg nicht bezeugt.</p>\n<p>Im Urbar des Domkapitels um 1370 wird jedoch der H\u00fcgel Hasensprung erw\u00e4hnt.</p>\n<p>Auf der Burgstelle liegen heute betr\u00e4chtliche Schuttmassen. Dadurch ist der Grundriss nicht mehr erkennbar. Vermutlich handelte es sich um einen Turm mit westlich anschliessendem Bering. Vom Turm steht noch ein Mauerwinkel, welcher aus einem ausgezeichneten Verband aus lagerhaft geschichteten Bl\u00f6cken besteht.</p>\n<p>Drei Scharten sind ganz erhalten, wovon die oberen eine gerade, die untersten eine schr\u00e4ge Bank aufweisen. An den Abbruchpartien sind Spuren weiterer Scharten sowie Teile eines Kamins mit schr\u00e4gem Rauchkanal ersichtlich.</p>\n<p>Am s\u00fcdlichen Plateaurand befinden sich k\u00fcnstlich ausgeschottete Felspartien. Der Zugang erfolgte m\u00f6glicherweise von S\u00fcden her (unsichere Spuren einer Rampe).</p>\n<p>&nbsp;</p>\n<p><strong>Zugang</strong></p>\n<p>Hasensprung ist nur \u00fcber Privatgrund erreichbar. Die Anlage ist vom&nbsp;<a href=\"https://mybusiness.outdooractive.com/de/r/23419810/\" data-type=\"tour\" data-id=\"23419810\">Burgenweg Domleschg</a>&nbsp;aus sichtbar.</p>", "url": "https://www.viamala.ch", "image": "https://viatpimtsoch.sos-ch-dk-2.exoscale-cdn.com/catalog/e/2/f/8/e2f8b8a22eb6bcba8e58666e1c68dafb6ca206b6_ruine_hasensprung_rodels_domleschg_sommer.jpg", "openstreetmap_id": "node/6757301379"}, "geometry": {"type": "Point", "coordinates": ["9.443959", "46.731471"]}}, {"type": "Feature", "properties": {"identifier": "22fe22b8-36c1-4f5f-b6a1-c0f5fb7fbe55", "name": "Museum Rheinwald", "description": "<p>Das Konzept des Museums zeichnet sich durch seine innovativen Vermittlungsmethoden aus. Die Ausstellung ist dreisprachig gestaltet (DE, IT, EN) und spricht eine breite Zielgruppe an &ndash; von kulturinteressierten Erwachsenen bis hin zu Familien mit Kindern. Die Ausstellung im unbetreuten Museum ist intuitiv zug&auml;nglich und kann selbstst&auml;ndig erlebt werden.</p>\n<ul>\n<li><a href=\"https://www.museum-rheinwald.ch/\" target=\"_blank\" rel=\"noopener noreferrer\">Aktuelle Ausstellung</a><br><br></li>\n</ul>\n<h3><strong>Kinder</strong></h3>\n<p><span class=\"cf0\">F&uuml;r die kleinen </span><span class=\"cf0\">Besucher:innen</span><span class=\"cf0\"> gibt es einen spannenden Kinder-Museumsf&uuml;hrer, welcher sie durch das Museum begleitet und mit R&auml;tseln zu einer Entdeckungstour einl&auml;dt. Diese Brosch&uuml;re ist in drei Sprachen (DE, EN und IT) im Museumseingang erh&auml;ltlich.<br><br></span></p>\n<h3><strong>F&uuml;hrungen</strong></h3>\n<p><span class=\"cf0\">Gruppenf&uuml;hrungen </span>(DE/EN) auf Anfrage via <a href=\"mailto:info@museum-rheinwald.ch?subject=Anfrage%20Gruppenf%C3%BChrung%20%E2%80%93%20DE&amp;body=Liebes%20Museums-Team%0A%0AIch%20interessiere%20mich%20f%C3%BCr%20eine%20Gruppenf%C3%BChrung%20im%20Museum%20Rheinwald.%20Wir%20w%C3%A4ren%20ca.%E2%80%AF%5BAnzahl%5D%20Personen%20und%20w%C3%BCrden%20gerne%20im%20Zeitraum%20von%20%5BDatum%2FZeitspanne%5D%20kommen.%20K%C3%B6nntet%20ihr%20mir%20bitte%20weitere%20Informationen%20zu%20m%C3%B6glichen%20Terminen%20und%20Kosten%20zukommen%20lassen%3F%E2%80%A8%0A%0AFreundliche%20Gr%C3%BCsse%E2%80%A8%0A%5BDein%20Name%5D%0A\">Mail</a>.<br><br></p>\n<h3><strong>Eintritt</strong></h3>\n<ul>\n<li><strong>Erwachsene:</strong> 5 CHF / &euro;</li>\n<li><strong>Familien:</strong> 10 CHF / &euro;</li>\n</ul>\n<p>Zahlung: Bar oder Twint</p>", "url": "https://www.museum-rheinwald.ch/", "image": "https://viatpimtsoch.sos-ch-dk-2.exoscale-cdn.com/catalog/2/5/4/a/254adeca43ff820d87d0e0135b19501978e44422__W9A7619.jpg", "openstreetmap_id": "node/12100538052"}, "geometry": {"type": "Point", "coordinates": ["9.32218", "46.553864"]}}, {"type": "Feature", "properties": {"identifier": "25fd56a9-772a-4737-8991-eb708c5904ef", "name": "Feuerstelle Bruchalp", "description": "<p>Vom Glaspass aus erreicht man die Feuerstelle zu Fuss in ca. 5 Minuten. Es geht der kleinen Strasse entlang Talw\u00e4rts bis zur Feuerstelle.</p><p><span style=\"font-weight: bold;\">Ausstattung</span></p><ul><li>2 Feuerstellen</li><li>Rost vorhanden</li><li>Brennholz vorhanden</li><li>2 Tische mit je 6 Sitzpl\u00e4tzen</li><li>2 B\u00e4nke</li><li>Abfallentsorgung vorhanden<br></li></ul><p><br>Bitte allf\u00e4llige Weisungen z.B. bez\u00fcglich <a href=\"https://www.gr.ch/DE/institutionen/verwaltung/diem/awn/aktuelles/Waldbrandgefahr/Seiten/aktuelle_waldbrandgefahr.aspx\" target=\"_blank\">Waldbrandgefahr </a>beachten.</p><p><span style=\"font-weight: bold;\">Tipp des Autors</span><br>Je nach Saison wird auf der Bruchalp Alpk\u00e4se verkauft.&nbsp;</p>", "url": "https://www.viamala.ch", "image": "https://viatpimtsoch.sos-ch-dk-2.exoscale-cdn.com/catalog/c/9/0/4/c904f5477844c7fcf0a4e8ecda8da09ba76dc9a4_Feuerstelle_Bruchalp_Tschappina_Glaspass.jpg", "openstreetmap_id": "node/12074896044"}, "geometry": {"type": "Point", "coordinates": ["9.35134767548334", "46.67899087515079"]}}, {"type": "Feature", "properties": {"identifier": "2778281a-391b-4ac1-8457-9587bfcf3548", "name": "Burg Haselstein", "description": "Um 1273 wurde die Burg von Heinrich von Reischen erbaut. Ca. mitte 14. Jahrhundert wurde sie vermutlich aufgegeben und ist ist dann \u00fcber die Jahre verfallen. Ab 1970 wurde sie mit den originalen Mauerresten rekonstruiert.\u00a0Seit 2016 befindet sich die burg im Besitz von der Institution Pro Castellis. Die Burg ist nur auf Anfrage zug\u00e4nglich.", "url": "https://pro-castellis.ch", "image": "https://viatpimtsoch.sos-ch-dk-2.exoscale-cdn.com/catalog/d/b/c/b/dbcb96d0700f514c6076d50643996ba2073ecb3f_die_burg_haselstein_bei_zillis_im_sommer_demateo.com.jpg", "openstreetmap_id": "way/318899890"}, "geometry": {"type": "Point", "coordinates": ["9.455403685569763", "46.64213703464904"]}}, {"type": "Feature", "properties": {"identifier": "2a344377-c68f-487b-b482-342b69a6e0c0", "name": "B\u00fcndner Arena Cazis", "description": "<p><strong>Eventhalle</strong><br>Funktionalit\u00e4t und Wohlbefinden: Der im Dezember 2015 er\u00f6ffnete Neubau bringt viel Tageslicht in die Halle und kann beheizt werden. Somit werden Werte wie Funktionalit\u00e4t, aber auch Wohlbefinden, mit zweckm\u00e4ssigen Materialien und einer unkomplizierten Bauweise umgesetzt. Nebst der Tiervermarktungseinrichtung, welche sich optisch abgrenzen l\u00e4sst, stehen total 910&nbsp;m\u00b2&nbsp;Nutzungsfl\u00e4che fu\u0308r verschiedene Anl\u00e4sse zur Verfu\u0308gung. Die neue, fix installierte Vorrichtung fu\u0308r individuelle Licht- und Sound-Anlagen bringen gute Voraussetzungen fu\u0308r perfekt inszenierte Momente.</p>\n<p>Die Anlage ist ideal f\u00fcr: Konzerte, Firmenanl\u00e4sse, Workshops, Bankett-Veranstaltungen, Ausstellungen, Messen, Hochzeits- und Geburtstagsfeiern.</p>\n<p><strong>Arena</strong><br>Die B\u00fcndner Arena gilt als Herzst\u00fcck auf dem Gel\u00e4nde. Mit ihren einzigartigen Zuschauerterrassen und der perfekten Akustik, macht sie jede Tagung oder Konzertveranstaltung zum Erlebnis. Die Nutzungsfl\u00e4che des Arenarings misst 15 x 12 m und kann sowohl befahren oder mit einem Teppich ausgestattet werden. Das Volumen umfasst 500 Sitzpl\u00e4tze. Trotz der Gr\u00f6sse eignet sich die Arena auch f\u00fcr kleinere Anl\u00e4sse. Durch das Holz und die W\u00e4rme, die die Arena ausstrahlt, f\u00fchlt man sich nie Verloren. Angrenzend zur Arena steht das ehemalige Restaurant als weiterer Raum zur Verf\u00fcgung. F\u00fcr einen Empfang und Ap\u00e9ro-Raum, klassisch als Restaurant oder f\u00fcr kleinere Feiern, kann der Raum individuell genutzt und eingerichtet werden.</p>\n<p><strong>Virtueller Besuch in der B\u00fcndner Arena</strong><br>Die B\u00fcndner Arena hat neben den verschiedenen R\u00e4umlichkeiten einen grossen Aussenplatz, welcher als Parkplatz oder f\u00fcr Anl\u00e4sse im Freien benutzbar ist.</p>\n<ul>\n<li><a href=\"https://360.3dswissmedia.com/f3d5c9\">360\u00b0 Tour</a></li>\n</ul>\n<p><strong><br></strong></p><p><strong>Preise</strong></p>\n<p><strong>DV, GV, Weihnachtsfeier, Firmenfest, Konzert,\u2026</strong></p>\n<p>Infrastruktur:</p>\n<ul>\n<li>Raum</li>\n<li>Bestuhlung</li>\n<li>Eventtechnik</li>\n<li>B\u00fchnentechnik</li>\n</ul>\n<p>ab 200 Personen \u2013 85.00 Franken pro Person*</p>\n<p>ab 500 Pesonen \u2013 77.00 Franken pro Person*</p>\n<p>ab 800 Personen \u2013 75.00 Franken pro Person*</p>\n<p><strong>Vortr\u00e4ge / Infoveranstaltung</strong></p>\n<p>Infrastruktur:</p>\n<ul>\n<li>Raum</li>\n<li>Beschallung/Beamer/Leinwand</li>\n<li>Rednerpult</li>\n</ul>\n<p>bis 200 Personen ab 600.00 Franken pro Tag*</p>\n<p><strong>Familienfest / Geburtstagsfeier<br></strong>Infrastruktur:</p>\n<ul>\n<li>Raum</li>\n<li>Bestuhlung</li>\n<li>Catering</li>\n</ul>\n<p>bis 140 Personen ab 70.00 Franken pro Person*</p>\n<p><strong>Firmenanl\u00e4sse<br></strong>Infrastruktur:</p>\n<ul>\n<li>Raum</li>\n<li>Bestuhlung</li>\n<li>Beschallung/Beamer/Leinwand</li>\n<li>Catering</li>\n</ul>\n<p>bis 80 Personen ab 85.00 Franken pro Person*</p>\n<p><strong>Konzert / Theater<br></strong>Infrastruktur:</p>\n<ul>\n<li>Raum</li>\n<li>Bestuhlung</li>\n<li>Beschallung/Beamer/Leinwand</li>\n</ul>\n<p>bis 200 Personen ab 600.00 Franken pro Tag*<br><br>*dies sind Richtpreise und gelten nicht als verbindliche Offerte</p>\n<ul>\n<li><a href=\"https://graubuendenvieh.ch/kalender/\">Belegungsplan</a></li>\n</ul>", "url": "https://www.buendnerarena.ch", "image": "https://viatpimtsoch.sos-ch-dk-2.exoscale-cdn.com/catalog/a/6/6/4/a6642d1c22f6cc501d92a623f9a608735178e6c9_die_arena_der_buendner_arena_cazis.jpg", "openstreetmap_id": "way/363475065"}, "geometry": {"type": "Point", "coordinates": ["9.42404329776764", "46.75325169503738"]}}, {"type": "Feature", "properties": {"identifier": "2c90f585-f990-40a9-b5ee-50be91847117", "name": "Spielplatz Paspels Schulhaus", "description": "<p><strong>Ausstattung:</strong></p>\n<ul>\n<li>Abfallentsorgung</li>\n<li>Spielturm mit Rutsche und Kletternetz</li>\n<li>Nestschaukel</li>\n<li>Schaukel und Korbschaukel</li>\n<li>Rutsche</li>\n<li>R\u00f6hre</li>\n<li>Spielturm mit Wasserspiel</li>\n<li>Holz Auto</li>\n<li>Sitzgruppe/Bank</li>\n</ul>", "url": "https://www.viamala.ch", "image": "https://viatpimtsoch.sos-ch-dk-2.exoscale-cdn.com/catalog/3/a/5/b/3a5b1b0b5fb18cd27eff0e45967da8afd2f04019_Spielplatz_Paspels_Schulhaus.jpg", "openstreetmap_id": "node/12075145596"}, "geometry": {"type": "Point", "coordinates": ["9.447088837623598", "46.74948810177506"]}}, {"type": "Feature", "properties": {"identifier": "2cb49e59-c066-450e-b83e-9f987b6fefd4", "name": "Feuerstelle Cagliatscha Davains", "description": "<p>Die Feuerstelle liegt direkt an der wenig befahrenen Bergstrasse. Die Stromleitung f\u00fchrt direkt \u00fcber die Feuerstelle, trotzdem l\u00e4dt die Feuerstelle mit der grossartigen Aussicht f\u00fcr einen gem\u00fctlichen Rast ein. </p><p><span style=\"font-weight: bold;\">Ausstattung</span></p><ul><li>1 Feuerstelle</li><li>Grillrost vorhanden (verstellbarer Glutrost 45x70cm)</li><li>Brennholz vorhanden</li><li>1 Tisch mit 8 Sitzpl\u00e4tzen</li><li>Brunnen mit Trinkwasser</li><li>Abfallentsorgung vorhanden<br><br></li></ul><p>Bitte allf\u00e4llige Weisungen bez\u00fcglich <a href=\"https://www.gr.ch/DE/institutionen/verwaltung/diem/awn/aktuelles/Waldbrandgefahr/Seiten/aktuelle_waldbrandgefahr.aspx\" target=\"_blank\">Waldbrandgefahr </a>beachten. <br></p>", "url": "https://www.viamala.ch", "image": "https://viatpimtsoch.sos-ch-dk-2.exoscale-cdn.com/catalog/6/d/f/5/6df513bde6302e36a24b411b26d7006ab64528d3_Feuerstelle_Cagliatscha_Davains.jpg", "openstreetmap_id": "node/4027345691"}, "geometry": {"type": "Point", "coordinates": ["9.419625699520111", "46.60978415468624"]}}, {"type": "Feature", "properties": {"identifier": "2dc19c93-a2e6-41e7-9c0b-99ff03eaf848", "name": "Schloss Rietberg", "description": "<p>Durch Conrad Ferdinand Meyers Roman \u201eJ\u00fcrg Jenatsch\u201c ist Schloss Rietberg, wie kaum ein anderes Schloss im Kanton Graub\u00fcnden, weit \u00fcber die Landesgrenzen hinaus bekannt geworden.</p>\n<p>Die Geschichte der Festung, deren Namen von den ehemals sumpfigen Wiesen der Umgebung abgeleitet wird, beginnt mit dem Bau des imposanten, f\u00fcnfgeschossigen Burgturms, der als Kern der Anlage wohl in der zweiten H\u00e4lfte des 12. Jahrhunderts von den Herren von Rietberg ausgef\u00fchrt wurde. Diese erscheinen in den Urkunden erstmals 1268 mit Ulrich und Simon von Rietberg als Inhaber einer kleinen Herrschaft, zu der die Familie bis zum 14. Jahrhundert noch weitere Rechte in der Umgebung und die Burg Oberjuvalta erwerben konnte.</p>\n<p><strong>Das Schicksal von Pompejus Planta<br></strong>Johannes, der letzte m\u00e4nnliche Spross derer von Rietberg, vermachte seinen Besitz seinem Vetter Hermann von Landenberg. Vom Ende des 14. Jahrhunderts weg verpf\u00e4ndete der Bischof die Burg der Reihe nach verschiedenen Familien. Um die Mitte des 16. Jahrhunderts gelangte der Sitz in einen Zweig der Familie von Salis und wurde 1617 zwischen Herkules von Salis und Pompejus von Planta, dessen Gattin Catherina ein Salis-Rietberg war, geteilt.</p>\n<p>Pompejus von Planta war zusammen mit seinem auf Wildenberg bei Zernez wohnenden Bruder Rudolf in den B\u00fcndner Wirren der f\u00fchrende Kopf der spanisch-\u00f6sterreichischen Partei. Er wurde 1618 vom fragw\u00fcrdigen Thusner Strafgericht auf Antrag der venezianisch gesinnten Gegenpartei unter F\u00fchrung der Pr\u00e4dikanten in Abwesenheit auf ewig verbannt, sein Verm\u00f6gen konfisziert. Nach dem grausamen Veltlinermord und der Besetzung des Veltlins durch Spanien wagte der Herr von Rietberg wieder zur\u00fcckzukehren. Doch die Gegenpartei blieb nicht m\u00fcssig. Am 25. Februar 1621 drang eine Gruppe, die sich selbst als \u201edie Gutherzigen\u201c bezeichnete, unter F\u00fchrung von Georg Jenatsch in Rietberg ein, erschlug in Gegenwart der Tochter den verhassten Schlossherrn und riss ihm Herz und Eingeweide aus dem Leib. Die \u00dcberlieferung weiss im Schloss noch die Stelle zu zeigen, wo die M\u00f6rder ihr Opfer niederstreckten.</p>\n<p>1664 ver\u00e4usserte Anton von Salis seinen Anteil an Rietberg dem Obersten Christoph von Rosenroll aus Thusis, dessen S\u00f6hne ihn 1670 an Ulrich Buol von Dusch verkauften. 1758 erwarben die Buol-Schauenstein auch den Anteil der Planta, aber schon 1798 verkaufte Johann von Buol-Schauenstein Rietberg an seinen Bruder, den Churer Bischof Karl Rudolf von Buol. Zu Beginn des 19. Jahrhunderts kam Rietberg an Gr\u00e4fin Emilie von Travers, wechselte hierauf mehrmals den Besitzer, bis es 1822 Pfarrer Christian Casparis erwarb. Von dessen Nachfahren gelangte das Schloss 1917 durch die Heirat an die Familie Rudolf Planta-Casparis, die es noch heute mit viel Geschmack betreuen.</p>\n<p><strong>Gestalt aus dem 17. Jahrhundert<br></strong>Die ganze Anlage hat ihre Gestalt in den westlichen Z\u00fcgen im 17. Jahrhundert erhalten. Dies gilt einmal f\u00fcr den aus dem 12. Jahrhundert stammenden Bergfried, welcher, wie der Chronist Sererhard bemerkt, eines recht extraordin\u00e4r dicken Gem\u00e4uers ist. Sein Innenausbau und sein Dachgeschoss mit den typischen \u201eOchsenaugen\u201c gehen auf das 17. Jahrhundert zur\u00fcck. Aber auch der Turm mit Schl\u00fcssellochscharten, der im Hof \u00fcber der in Fels gehauenen Zisterne errichtet wurde, sowie die Wohngeb\u00e4ude am Rande des Tobels sind unter Einbezug \u00e4lterer Teile in der gleichen Zeit entstanden.</p>\n<p><strong>Im Schloss \u00fcbernachten<br></strong>Sie wollten schon immer einmal in einem Schloss \u00fcbernachten? In einer sehr exklusiven, aufw\u00e4ndig sanierten Schlossresidenz&nbsp;im Schloss Rietberg ist dies m\u00f6glich. Weitere Informationen finden Sie&nbsp;<a href=\"http://www.airbnb.ch/rooms/34354671?source_impression_id=p3_1595921811_VOA4SH0Ic%2FfBQuLr\">hier.</a></p>\n<p><strong>Zugang<br></strong>Das Schloss Rietberg befindet sich in Privatbesitz und ist nur auf Anfrage zug\u00e4nglich. Die Anlage liegt direkt am&nbsp;<a href=\"https://mybusiness.outdooractive.com/de/r/23419810/\" data-type=\"tour\" data-id=\"23419810\">Burgenweg Domleschg</a>.</p>", "url": "http://www.domleschg.ch", "image": "https://viatpimtsoch.sos-ch-dk-2.exoscale-cdn.com/catalog/5/b/3/5/5b35505e0977fc28062549bdd50308afb453cca8_schloss_rietberg_pratval_rodels_domleschg_sommer_viamala_tourismus__4_.jpg", "openstreetmap_id": "way/136341434"}, "geometry": {"type": "Point", "coordinates": ["9.448086", "46.735789"]}}, {"type": "Feature", "properties": {"identifier": "2e08fb0c-4900-46d1-b124-b039cb5f6d49", "name": "Feuerstelle Summaprada", "description": "<p>Die Feuerstelle liegt praktisch gelegen, an mehreren Wanderrouten an&nbsp;der Weggabelung Mathon-Dros und Lohn-Dros. Die Zufahrt ist auch mit dem PW m\u00f6glich.&nbsp;Ab Lohn fa\u0308hrt man Richtung Ustreia Orta und folgt dieser Strasse bis zur na\u0308chsten Weggabelung. Dort befindet sich die Feuerstelle.</p><p><span style=\"font-weight: bold;\">Ausstattung</span></p><ul><li>1 Feuerstelle</li><li>Grillrost vorhanden</li><li>2 Sitzb\u00e4nke<br><br></li></ul><p>Es ist kein Brennholz vorhanden.<br>Bitte allf\u00e4llige Weisungen z.B. bez\u00fcglich <a href=\"https://www.gr.ch/DE/institutionen/verwaltung/diem/awn/aktuelles/Waldbrandgefahr/Seiten/aktuelle_waldbrandgefahr.aspx\" target=\"_blank\">Waldbrandgefahr </a>beachten.</p>", "url": "https://www.viamala.ch", "image": "https://viatpimtsoch.sos-ch-dk-2.exoscale-cdn.com/catalog/7/2/7/f/727f13eb92078f26c3f9d4789356a92b82d8c22e_Feuerstelle_Summaprada_Schamserberg.jpg", "openstreetmap_id": "node/7825671519"}, "geometry": {"type": "Point", "coordinates": ["9.417732", "46.646645"]}}, {"type": "Feature", "properties": {"identifier": "2e128bff-d193-4577-8452-87fbc355ec86", "name": "Reformierte Kirche Wergenstein", "description": "<p>In sp\u00e4tmittelalterlicher Zeit ist die Kirche unter dem Patrozinium von Calixt bezeugt. Wergenstein nahm die Reformation vor 1538 an. In diesem Jahr wurde die Kirche erweitert und bereits als reformierte Predigtkirche konzipiert. </p><p>Der zur Talseite hin angebrachte Turm ist von einem&nbsp;Zeltdach&nbsp;bedeckt und hat eine einst\u00f6ckige Glockenstube. Vor dem von einem&nbsp;Rippengew\u00f6lbe&nbsp;gezierten&nbsp;Chor&nbsp;korrespondieren linksseitig die erh\u00f6hte,&nbsp;schalldeckellose&nbsp;Kanzel&nbsp;und rechtsseitig die&nbsp;Orgel, w\u00e4hrend inmitten des Chors ein&nbsp;Tauftisch&nbsp;steht, auf dem auch das&nbsp;Abendmahl&nbsp;gefeiert wird.</p>", "url": "https://zillis-st-martin.ch/kirchgemeinde-zillis-schamserberg/", "image": "https://viatpimtsoch.sos-ch-dk-2.exoscale-cdn.com/catalog/7/d/7/f/7d7fc2724d8785f1399a47d30fee2416d8fe93f7_kirche_wergenstein_im_sommer.jpg", "openstreetmap_id": "way/329763059"}, "geometry": {"type": "Point", "coordinates": ["9.408196806907654", "46.62657798683154"]}}, {"type": "Feature", "properties": {"identifier": "2e9a6002-49c7-49a3-bf96-0fc12af18ec8", "name": "Feuerstelle Zipfa", "description": "<p>Zu Fuss erreicht man die Feuerstelle \u00fcber einen kurzen Spaziergang von ca. 1.2 km ab dem Dorf Spl\u00fcgen. Beim Volg im Dorf wird der Weg ausgeschildert und f\u00fchrt Sie auf einer einfachen Wanderung zur Feuerstelle. Der Weg ist f\u00fcr Kinder sehr geeignet, jedoch nicht Kinderwagentauglich. Die Feuerstelle Zipfa liegt unweit der A13 und einer Hochspannungsleitung. Sie ist dennoch verh\u00e4ltnism\u00e4ssig ruhig und bietet f\u00fcr Familien eine gute Rastmo\u0308glichkeit. Nebst einem Feuerherd, Holz und zwei B\u00e4nken hat die Feuerstelle einen sch\u00f6nen Steintisch. Die Feuerstelle liegt in der N\u00e4he des Hinterrheins, dieser ist zum Baden aufgrund der Str\u00f6mung nicht geeignet.</p><p><span style=\"font-weight: bold;\">Ausstattung</span></p><ul><li>Brennholz vorhanden</li><li>Rost vorhanden</li><li>1 Tisch mit ca. 8 Sitzpl\u00e4tzen</li><li>1 Feuerstelle mit ca. 6&nbsp;Sitzpl\u00e4tzen</li><li>kleiner Kletterpark f\u00fcr Kinder<br></li></ul><p><br>Auf Holz- und Steinb\u00e4nken kann man sich niederlassen.</p><p>Bitte allf\u00e4llige Weisungen z.B. bez\u00fcglich <a href=\"https://www.gr.ch/DE/institutionen/verwaltung/diem/awn/aktuelles/Waldbrandgefahr/Seiten/aktuelle_waldbrandgefahr.aspx\" target=\"_blank\">Waldbrandgefahr </a>beachten.</p>", "url": "https://www.viamala.ch", "image": "https://viatpimtsoch.sos-ch-dk-2.exoscale-cdn.com/catalog/9/b/4/1/9b41d8e9bc21653fd7b196c172fedae852f6d93b_Feuerstelle_Zipfa_Spl__gen.jpg", "openstreetmap_id": "node/6102935049"}, "geometry": {"type": "Point", "coordinates": ["9.334146", "46.554393"]}}, {"type": "Feature", "properties": {"identifier": "3222bdca-48b8-4e5d-a0ba-e0594f7f7fc9", "name": "Holzkirche Obermutten", "description": "<p>Der&nbsp;Dachreiter&nbsp;wurde 1830 anl\u00e4sslich einer Restauration aufgesetzt.&nbsp;Im schlichten Inneren steht eine&nbsp;Toggenburger&nbsp;Hausorgel&nbsp;von 1807. Sie wurde von Heinrich Amman erbaut und gem\u00e4ss Inschrift von Friedrich und Anthoni Michel gestiftet. 1975 wurde sie restauriert. Im Zentrum steht ein holzgefertigter, mobiler&nbsp;Tauf- und&nbsp;Abendmahlstisch. Alle Holzbestandteile, auch die Holzpfeifen, sind urspr\u00fcnglich. Die zwei Glocken im Dachreiter hingen zuvor unter dem Dachvorsprung an der Front. </p><p>In den Sommermonaten Juli und August finden regelm\u00e4ssig Gottesdienste in der Holzkirche statt.&nbsp;</p>", "url": "https://www.kirche-sils.ch/gemeinden/kirche-obermutten/", "image": "https://viatpimtsoch.sos-ch-dk-2.exoscale-cdn.com/catalog/0/a/0/e/0a0ec8c0ee6018e6d155cfca14ab0aaee5557c9b_obermutten_im_herbst.jpg", "openstreetmap_id": "way/318276917"}, "geometry": {"type": "Point", "coordinates": ["9.483566880226135", "46.672017817671765"]}}, {"type": "Feature", "properties": {"identifier": "367c5f2c-0c68-45d3-9c9e-fdeb77f5f350", "name": "Wohnmobil-Stellplatz +plus+ Heinzenberg-Lescha", "description": "<h4>Sanit&auml;ranlagen</h4><p>WC, Dusche, Waschgelegenheit und Abwaschbecken erf&uuml;llen alle Erwartungen, sind zweckm&auml;ssig und sauber.</p><h4>Kafi St&uuml;bali</h4><p>Euer Camper Treff mit Sonnenterrasse ist t&auml;glich ge&ouml;ffnet und l&auml;dt bei Fr&uuml;hst&uuml;ckskaffee oder Ap&eacute;ro zum gem&uuml;tlichen Verweilen bei interessanten Gespr&auml;chen mit Gleichgesinnten ein (<a title=\"weitere Informationen\" href=\"https://viamala.ch/de/map/poi/kafi-stubali-763e7893-aac1-455a-a274-cbe576580925.html\" target=\"_blank\" rel=\"noopener\">weitere Informationen</a>).</p><h4>Hofl&auml;dali</h4><p>Eine exklusive Auswahl regionaler Spezialit&auml;ten von einheimischen Produzenten wartet darauf, von euch entdeckt zu werden.</p><h4>Ver-/Entsorgung</h4><p>Auf dem Stellplatz +plus+ findet ihr alle notwendigen Einrichtungen f&uuml;r die Ver- und Entsorgung:</p><ul><li>Frischwasser</li><li>Stromanschluss</li><li>Grauwasser und WC Abfluss</li><li>Glas, Alu, PET, Kehricht</li><li>Robidog</li></ul><h4>Preise</h4><p>Die Preise variieren.</p><ul><li><a href=\"https://www.stellplatzplus-heinzenberg.ch/angebot\">Preisinformationen</a></li></ul>", "url": "https://www.stellplatzplus-heinzenberg.ch/", "image": "https://viatpimtsoch.sos-ch-dk-2.exoscale-cdn.com/catalog/6/c/b/7/6cb7c734053cb5c1030992b02a6e9a429223a751_aussicht_vom_stellplatz_plus_heinzenberg_lescha.jpg", "openstreetmap_id": "node/11866172581"}, "geometry": {"type": "Point", "coordinates": ["9.404415", "46.724098"]}}, {"type": "Feature", "properties": {"identifier": "38413887-e426-4b10-a71f-2ffd689baf8a", "name": "Burgruine Heinzenberg", "description": "Von der vermutlich durch die Freiherren von\u00a0Vaz\u00a0um 1200 gegr\u00fcndeten Anlage sind noch ein Mauerzahn des f\u00fcnfeckigen Wohnturms, die westseitige Ringmauer und Spuren weiterer Bauten zu sehen. Bei der Ruine befindet sich ein gut eingerichteter\u00a0Rastplatz mit Feuerstelle, Sitzgelegenheiten und einem Brunnen.", "url": "https://www.viamala.ch", "image": "https://viatpimtsoch.sos-ch-dk-2.exoscale-cdn.com/catalog/2/f/8/2/2f82ddb41a456e02521c883804e31c56ab6cde35_burgruine_heinzenberg_praez_im_sommer.jpg", "openstreetmap_id": "node/5593295129"}, "geometry": {"type": "Point", "coordinates": ["9.408642053604126", "46.74001132775683"]}}, {"type": "Feature", "properties": {"identifier": "393721c1-28d4-450d-8f2f-67804ee0d99a", "name": "Festungsmuseum Crestawald", "description": "<p>Im September 1939 wurde mit dem Bau der Festungsanlage in Crestawald begonnen. 1940 waren die gewaltigen Artillerie-Gesch\u00fctze feuerbereit. Ziel dieses Bollwerks war die Sperrung der Nord-S\u00fcd-Transitachse durch Graub\u00fcnden. Lange Zeit waren die in den Fels gehauenen Bunkeranlagen strengster Geheimhaltung unterstellt. Mit der Umstrukturierung der Schweizer Armee und deren Anpassung an neue Bedrohungsformen, gab es f\u00fcr die Artilleriefestungen nahe der Landesgrenzen keine Verwendung mehr. 1995 wurde die Anlage aufgelassen und im Jahr 2000 wurde die Geheimhaltung aufgehoben.</p>\n<p>Im selben Jahr wurde die Festungsanlage vom Verein Festungsmuseum Crestawald zum \u00f6ffentlich zug\u00e4nglichen Museum umgewandelt. Bei der Festung Crestawald handelt es sich im Vergleich zu anderen Artilleriewerken um eine kleine, \u00fcberschaubare Anlage. Dank der Kompaktheit der Festung ist es m\u00f6glich, in vern\u00fcnftiger Zeit die Besucher s\u00e4mtliche Bereiche einer Festungsanlage hautnah erleben zu lassen. Auch \u00e4ltere Besucher und Besucherinnen, die nicht mehr so gut zu Fuss sind, sind in der Anlage herzlich willkommen und k\u00f6nnen mit wenigen Ausnahmen die gesamte Festung besichtigen.</p>\n<p>Heute ist die Anlage f\u00fcr Individualbesucher oder f\u00fcr gef\u00fchrte Besichtigungen offen. Die Festung verf\u00fcgt \u00fcber einen Seminarraum, \u00dcbernachtungsm\u00f6glichkeiten (nur f\u00fcr Gruppen) sowie \u00fcber ein Gastronomieangebot im \"Festungsbeizli\".</p>\n<p><strong>Audioguide</strong><br>Auf Wunsch k\u00f6nnen Sie am Festungseingang f\u00fcr CHF 5.- einen elektronischen Audioguide mieten, der Sie in deutscher, italienischer, englischer, franz\u00f6sischer oder r\u00e4toromanischer Sprache durch das Festungsmuseum f\u00fchrt.</p>\n<p><strong>Festungsbus<br></strong>Der Festungsbus Crestawald f\u00e4hrt vom 5. Juli bis 10. August 2025 jeweils Mittwoch, Freitag, Samstag und Sonntag von Andeer, Rofflaschlucht aber auch von Sufers, Postautohaltestelle bis zum Festungsmuseum Crestawald (Reservation erforderlich).</p>\n<ul>\n<li><a href=\"https://www.naturpark-beverin.ch/de/festungsbus-crestawald\">Fahrplan und weitere Informationen zum&nbsp;Festungsbus</a></li>\n</ul>", "url": "https://www.crestawald.ch", "image": "https://viatpimtsoch.sos-ch-dk-2.exoscale-cdn.com/catalog/1/7/5/f/175f8086b410d687f97619c3b5968a9f337757e5_festungsmuseum_crestawald_sufers_von_aussen_viamala_tourismus.jpg", "openstreetmap_id": "way/633482613"}, "geometry": {"type": "Point", "coordinates": ["9.389819", "46.569464"]}}, {"type": "Feature", "properties": {"identifier": "3b5c48e2-c7fc-4b54-a8f2-e1030ab33814", "name": "Stellplatz Valle di Lei", "description": "<p>Die Zufahrt erfolgt \u00fcber ein Tunnelportal in welchem auch gr\u00f6ssere Fahrzeuge zul\u00e4ssig sind. Eine \u00f6ffentliche Toilette befindet sich hinter dem Inforama der KHR. Auf der gegen\u00fcberliegenden Seite der Staumauer befindet sich das italienische Restaurant&nbsp;<a href=\"https://www.maps.viamala.ch/de/gastro/provinz-sondrio-valtellina/restaurant-baita-del-capriolo/60979016/\">Baita del Capriolo</a>.</p>\n<p><strong>Zahlung</strong><br>Direkt \u00fcber die App <a href=\"https://www.parknsleep.app/ps/19409448\">Parkn'Sleep</a>.</p>", "url": "https://gemeindeavers.ch/", "image": "https://viatpimtsoch.sos-ch-dk-2.exoscale-cdn.com/catalog/a/b/6/b/ab6b9583d2e4ffb407fdfb665889fdf8ce523fca_stausee_stauamuer_valle_die_lei_viamala_tourismus.jpg", "openstreetmap_id": "node/12098814997"}, "geometry": {"type": "Point", "coordinates": ["9.457533359527588", "46.480856345564554"]}}, {"type": "Feature", "properties": {"identifier": "3e167eec-b642-4a96-a24f-0c83c17728fe", "name": "Feuerstelle Plaun da Glenna", "description": "<p>Vom Dorfkern in Almens liegt die Feuerstelle ca. 600 Meter entfernt. Dieser Weg kann zu Fuss oder mit dem Bike zur\u00fcckgelegt werden. Zu dieser Feuerstelle d\u00fcrfen Hunde mitgebracht werden.</p><p><span style=\"font-weight: bold;\">Ausstattung</span></p><ul><li>1 Feuerstelle mit 3 B\u00e4nke um die Feuerstelle (9 Sitzpl\u00e4tze)</li><li>Grillrost vorhanden</li><li>Brennholz vorhanden</li><li>Brunnen mit Trinkwasser</li><li>Abfallentsorgung vorhanden</li><li>2 weitere B\u00e4nke mit 8 Sitzpl\u00e4tzen</li><li>Die Holzb\u00e4nke umrahmen die Feuerstelle<br></li></ul><p><br>Bitte allf\u00e4llige Weisungen z.B. bez\u00fcglich <a href=\"https://www.gr.ch/DE/institutionen/verwaltung/diem/awn/aktuelles/Waldbrandgefahr/Seiten/aktuelle_waldbrandgefahr.aspx\" target=\"_blank\">Waldbrandgefahr </a>beachten.</p>", "url": "https://www.viamala.ch", "image": "https://viatpimtsoch.sos-ch-dk-2.exoscale-cdn.com/catalog/5/7/c/8/57c8a31fafd2494b4c13733dcd8ec841ec17cb28_Feuerstelle_Plaun_da_Glenna_Almens.jpg", "openstreetmap_id": "node/12074955186"}, "geometry": {"type": "Point", "coordinates": ["9.459684491157532", "46.74019514189892"]}}, {"type": "Feature", "properties": {"identifier": "3e26e84a-2a8b-448d-86b5-96af7e700ab2", "name": "Bergbau-Museum Innerferrera", "description": "<p data-start=\"68\" data-end=\"387\">Tr&auml;ger des Museums ist der Verein Erzminen Hinterrhein, der sich f&uuml;r den Erhalt, die Erforschung und die Vermittlung des bergbaulichen Erbes der Region engagiert. Das Museum versteht sich als Ort der Erinnerung, der Auseinandersetzung mit der Vergangenheit und der Begegnung mit einer pr&auml;genden Epoche des Schamsertals.</p><p data-start=\"389\" data-end=\"556\">Gef&uuml;hrte Besichtigungen und thematische Angebote erg&auml;nzen das Museumsangebot. F&uuml;r F&uuml;hrungen ist eine Anmeldung erforderlich, Gruppenf&uuml;hrungen sind auf Anfrage m&ouml;glich.</p><p data-start=\"558\" data-end=\"588\"><strong data-start=\"558\" data-end=\"588\">Neu gestaltete Ausstellung<br></strong>Das Bergbau-Museum Innerferrera pr&auml;sentiert sich mit einer neu gestalteten Ausstellung. Sie l&auml;dt dazu ein, die Geschichte des Bergbaus in Ferrera und im Schams auf einem historischen Rundgang neu zu entdecken.</p><p data-start=\"801\" data-end=\"895\" data-is-last-node=\"\" data-is-only-node=\"\">Die Ausstellung ist t&auml;glich vom 1. April bis 31. Oktober 2026 von 8.30 bis 18.00 Uhr ge&ouml;ffnet.</p>", "url": "https://www.erzminen-hinterrhein.ch", "image": "https://viatpimtsoch.sos-ch-dk-2.exoscale-cdn.com/catalog/b/d/9/1/bd91a4300199c753b90f8a1adf600aaad187ed97_bergbaumuseum_innerferrera_herbst.jpg", "openstreetmap_id": "node/9981414070"}, "geometry": {"type": "Point", "coordinates": ["9.442812", "46.521113"]}}, {"type": "Feature", "properties": {"identifier": "3f6615e1-075b-47b1-8780-37d80e1847c3", "name": "Beobachtungsbank Summapunt", "description": "Diese Sitzbank in der N\u00e4he des Maiens\u00e4ss Summapunt bietet einen atemberaubenden Blick \u00fcber das Schams. Unter der Bank befindet sich eine Schublade, die ein Fernglas und weitere Instrumente zur Beobachtung der Landschaft, Natur und Fauna enth\u00e4lt. Zus\u00e4tzlich informieren bereitgestellte Materialien \u00fcber ausgew\u00e4hlte Tier- und Pflanzenarten.", "url": "https://www.viamala.ch", "image": "https://viatpimtsoch.sos-ch-dk-2.exoscale-cdn.com/catalog/f/b/e/8/fbe8608f6a578d393deaaf20442a04b0e03ecb92_beobachtungsbank_mit_aussicht_in_die_val_schons_bei_summapunt.jpg", "openstreetmap_id": "node/3441049103"}, "geometry": {"type": "Point", "coordinates": ["9.421741962432863", "46.66169783544232"]}}, {"type": "Feature", "properties": {"identifier": "411ccf1b-1c52-47a4-90f3-52e73ed18a47", "name": "Feuerstelle Patrutgsee", "description": "<p>Der See liegt auf 1590 m \u00fc.M., unmittelbar am Waldrand, mit Spiel- und Liegewiese, Feuerstellen mit Sitzgruppen, Spielplatz, Kinderbadesee, Boots- und Badesteg sowie rollstuhlg\u00e4ngiger WC-Anlage. Ein Ruderboot und ein kleines Floss warten darauf, mit Klein und Gross ein paar Runden zu drehen. Rund um das Gel\u00e4nde f\u00fchrt ein kinderwagentauglicher Spazierweg. Auch am See liegt die H\u00fctte des Eisstockclubs Patrutg. Sind Mitglieder des Eisstockklubs vor Ort, gibt es manchmal u.a. Glac\u00e9 und Getr\u00e4nke zu kaufen! Die H\u00fctte kann f\u00fcr Firmen-, Vereins- und Familienfeste gemietet werden. Der See ist erreichbar mit dem Privatwagen via Urmein und Oberurmein in Richtung L\u00fcsch (ca. 20 Fahrminuten ab Thusis) oder zu Fuss bzw. Bike.</p><p>Es wird kein Eintritt zum See erhoben.<br></p>", "url": "https://www.viamala.ch", "image": "https://viatpimtsoch.sos-ch-dk-2.exoscale-cdn.com/catalog/5/6/0/8/5608ffc533640ad4359f056dcda35fb00086b131_Feuerstelle_Patrutgsee_Oberurmein.jpg", "openstreetmap_id": "node/12074931743"}, "geometry": {"type": "Point", "coordinates": ["9.384334", "46.702003"]}}, {"type": "Feature", "properties": {"identifier": "41b1b91c-d63c-4b16-8b00-e3ab4582bf4e", "name": "Feuerstelle Crusch", "description": "<p>Zu Fuss ist die Feuerstelle Crusch in 25 Gehminuten ab Pr\u00e4z erreichbar.</p><p><span style=\"font-weight: bold;\">Ausstattung</span></p><ul><li>1 Feuerstelle</li><li>Rost vorhanden</li><li>Brennholz vorhanden</li><li>2 Tische und 4 B\u00e4nke</li><li>Bunnen vorhanden<br><br></li></ul><p>Bitte allf\u00e4llige Weisungen z.B. bez\u00fcglich <a href=\"https://www.gr.ch/DE/institutionen/verwaltung/diem/awn/aktuelles/Waldbrandgefahr/Seiten/aktuelle_waldbrandgefahr.aspx\" target=\"_blank\">Waldbrandgefahr </a>beachten.</p>", "url": "https://www.viamala.ch", "image": "https://viatpimtsoch.sos-ch-dk-2.exoscale-cdn.com/catalog/d/7/b/2/d7b209858b872904472ac3786a8b667c42e94eb6_Feuerstelle_Crusch_Pr__z__2_.jpg", "openstreetmap_id": "node/12074964985"}, "geometry": {"type": "Point", "coordinates": ["9.402988", "46.74761"]}}, {"type": "Feature", "properties": {"identifier": "41fe71ad-e37e-44c8-a135-2ecac73c801e", "name": "Feuerstelle Pardisla", "description": "<p>Vom Dorf Rodels erreicht man die Feuerstelle auf halbem Weg Richtung Bahnhof Rodels (Abzweigung&nbsp; Forstgarten).</p><p><span style=\"font-weight: bold;\">Ausstattung</span></p><ul><li>1 Feuerstelle</li><li>Grillrost vorhanden</li><li>Brennholz vorhanden</li><li>3 Tische mit B\u00e4nke</li><li>Brunnen mit Trinkwasser</li><li>Abfallentsorgung vorhanden</li><li>TOI TOI - Toilette (von Mai bis Oktober)<br><br></li></ul><p>Bitte allf\u00e4llige Weisungen z.B. bez\u00fcglich <a href=\"https://www.gr.ch/DE/institutionen/verwaltung/diem/awn/aktuelles/Waldbrandgefahr/Seiten/aktuelle_waldbrandgefahr.aspx\" target=\"_blank\">Waldbrandgefahr </a>beachten.</p>", "url": "https://www.viamala.ch", "image": "https://viatpimtsoch.sos-ch-dk-2.exoscale-cdn.com/catalog/e/9/3/f/e93fca197126e6a4874234d712421139c9e8d9f7_feuerstelle_pardisla_rodels.jpg", "openstreetmap_id": "node/9999756038"}, "geometry": {"type": "Point", "coordinates": ["9.436311847712545", "46.73915474559034"]}}, {"type": "Feature", "properties": {"identifier": "42291e4e-49da-4d36-b372-fad2e7da581d", "name": "Kloster der Dominikanerinnen", "description": "<p><strong> Fr\u00fchmittel- und Hochmittelalter<br></strong>Das Stift wird um 700 durch den Churer Bischof Viktor II. gegr\u00fcndet. Cazis ist das erste Frauenstift in Churr\u00e4tien. Wegen der Abh\u00e4ngigkeit vom Bischofssitz Chur sind die \u00abmoniales\u00bb, wie sie in den Quellen genannt werden, eher Kanonissen oder gemeinschaftlich nach der Aachener Regel von 816 lebende Chorfrauen ohne Gel\u00fcbde, aber mit einer rechtlichen Bindung an das Stift und die Klausur. Diese Lebensweise ist von 1045 bis 1156 eindeutig bezeugt. 1156 erfolgte die Einf\u00fchrung der Augustinerregel. Allerdings waren laut Urkunde nur wenige Kanonissen bereit, Augustinerinnen zu werden und sich auf jene strengere Lebensweise zu verpflichten.</p>\n<p><strong> Reformation: das vorl\u00e4ufige Ende<br></strong>Der zweite Ilanzerbrief von 1526 unterstellt die Verwaltung der Kl\u00f6ster der weltlichen Obrigkeit und verbietet die Aufnahme von Novizen. Damit erlischt das Klosterleben und 1570, nach dem Tod der letzten Augustinerin, wird das Kloster aufgehoben. In den Klosterr\u00e4umen wohnen anfangs die Schauenstein, sp\u00e4ter die Planta, schliesslich wird es bauf\u00e4llig und steht leer. Ein Kapuzinerpater schildert: \u00abDas Kloster machte nicht mehr den Eindruck eines Ordenshauses, vielmehr eines Waldes f\u00fcr wilde Tiere. Das morsche Dach fiel zusammen infolge des Alters. Die Klosterh\u00f6fe waren voll von Steinen und Tr\u00fcmmer, so dass einem die Tr\u00e4nen kamen beim Anblick.\u00bb</p>\n<p><strong> 17. Jahrhundert: Neugr\u00fcndung <br></strong>1647 beruft Bischof Johann VI. die Chorfrau Johanna Gauwin aus dem Dominikanerinnenkloster in Bludenz zur Neugr\u00fcndung und Leitung des Frauenklosters Cazis. Johann VI. hat dabei vor allem schulische Absichten. Die kleine Schar von Dominikanerinnen - zu Beginn sind es sechs Schwestern - hat lange Zeit einen Existenzkampf zu f\u00fchren. Um den Weiterbestand der Gemeinschaft zu sichern, sind die Churer Bisch\u00f6fe immer wieder gen\u00f6tigt, sich f\u00fcr das materielle Wohl der Schwestern einzusetzen. Dazu f\u00fchrt 1768 ein Brand das Kloster beinahe in den Ruin.</p>\n<p><strong>Ein Ort f\u00fcr die M\u00e4dchenbildung</strong><br>Bis 1919 geh\u00f6ren die Dominikanerinnen zum sogenannten zweiten Orden, dann aber, mit der \u00dcbernahme neuer Konstitutionen, treten sie in den dritten Orden \u00fcber. Dadurch ist es der Gemeinschaft m\u00f6glich, ihren Wirkungskreis ausserhalb der Klausur zu entfalten. Die Schule St. Catharina, die 1866 eine kurze Bl\u00fctezeit erlebt hat, wird neu ins Leben gerufen. So kann die Gr\u00fcndungsabsicht des Bischofs Johann VI. verwirklicht werden, der 1647 mehrfach in seinen Urkunden betont hat, er wolle mit den Dominikanerinnen in Cazis einen Ort f\u00fcr M\u00e4dchenbildung in Graub\u00fcnden schaffen. Diesem Anliegen entspricht auch die Lehrt\u00e4tigkeit der Schwestern in den verschiedenen Gemeinden. 2002 sind mehrere Schwestern aus dem Kloster Cazis nach Bludenz entsendet worden. Wie das dortige Dominikanerinnenkloster um 1647 den Fortbestand des Cazner Konvents gesichert hat, so sollen sich heute die Schwestern aus Cazis um den Fortbestand des inzwischen fast leer stehenden Bludenzer Klosters k\u00fcmmern.</p>\n<p>Heute leben&nbsp;45 Schwestern im Kloster. Sie sind nicht nur innerhalb der Klostermauern sehr engagiert. Das Kloster Cazis bietet eine breite Auswahl an Kursen an. Ein detailliertes Programm kann auf der klostereigenen <a href=\"https://kloster-cazis.ch/\">Homepage</a> bezogen werden. Im Kloster werden verschiedene Produkte aus hauseigener Produktion verkauft, vom Bienenhonig bis hin zu Kunstgegenst\u00e4nden.</p>", "url": "https://www.kloster-cazis.ch", "image": "https://viatpimtsoch.sos-ch-dk-2.exoscale-cdn.com/catalog/c/1/6/3/c1637681cc43b2a176717d0d38811f9dfae6483f_dominikanerinnenkloster_cazis_im_fruehling_sommer_demateo.jpg", "openstreetmap_id": "way/142185914"}, "geometry": {"type": "Point", "coordinates": ["9.42962", "46.72094"]}}, {"type": "Feature", "properties": {"identifier": "437559bf-45f9-47c2-bf0e-a8325b70c460", "name": "Kirche St. Martin", "description": "<p>In der romanischen Epoche - anfangs des 12. Jahrhunderts - wurde dieses heute weltweit einzige noch erhaltene Werk geschaffen. Die Kirchendecke besteht aus 153 quadratischen Bildtafeln (neun Reihen \u00e0 17 Tafeln) von je rund 90 Zentimetern Seitenl\u00e4nge.</p><p>Die Randfelder stellen seltsame Fabelwesen als Sinnbild des B\u00f6sen sowie Szenen aus der Jonas-Geschichte dar. Ferner sind Engel als Personifikation der vier Winde und Verk\u00fcnder des J\u00fcngsten Gerichts angeordnet. Die inneren Bilder sind Themen aus dem Leben Christi gewidmet. Die letzte Bilderreihe berichtet aus dem Leben des heiligen Martin.</p><p>Es lohnt sich auf jeden Fall, erst die Ausstellung zur Kirche zu besuchen und dann die Kirche. Die Ausstellung befindet sich an der Hauptstrasse, nur knapp 5 Gehminuten von der Kirche entfernt. Mit zeitgem\u00e4ssen museologischen Mitteln tr\u00e4gt die Ausstellung zum Verst\u00e4ndnis der Kirchendecke und der mittelalterlichen Bilderwelt bei.</p><p></p><p><strong>F\u00fchrungen Ausstellung/Kirche</strong></p><p>Jederzeit auf\u00a0Voranmeldung m\u00f6glich. Preis CHF 120.00, zuz\u00fcglich Eintritte. Reservation Tel.:\u00a0<a href=\"tel:+41 81 661 22 55\" rel=\"noopener noreferrer\" target=\"_blank\">+41 81 661 22 55</a> oder Mail\u00a0<a href=\"mailto:ausstellung@zillis-st-martin.ch\" rel=\"noopener noreferrer\" target=\"_blank\">ausstellung@zillis-st-martin.ch</a>\u00a0an.</p>", "url": "https://zillis-st-martin.ch/", "image": "https://viatpimtsoch.sos-ch-dk-2.exoscale-cdn.com/catalog/0/4/a/0/04a07be6f2d58beeb00fbb66fc2dbaae488ed148_kirche_st__2_.jpg", "openstreetmap_id": "way/130994028"}, "geometry": {"type": "Point", "coordinates": ["9.441649317741394", "46.63430650107123"]}}, {"type": "Feature", "properties": {"identifier": "4479982f-4910-4d31-a431-2b82d6b16c79", "name": "Talmuseum Tgea da Schons, Zillis", "description": "<p>Wie lebte man im Schams, als es noch keinen Strom aus der Steckdose gab? Wie wurde fr\u00fcher das Heu zu Tal gebracht? Wie wurde gebaut, als Handwerkzeuge noch Handwerkzeuge waren? Wie wurde gekocht? Was brachte eine Braut als Aussteuer in die Ehe mit? Auf all diese Fragen weiss die Ausstellung im Talmuseum Schams Antworten.</p>\n<p><strong>Projekt \u00abTgea da Schons\u00bb</strong><br>Die Kirchendecke der Kirche St. Martin in Zillis, auch bekannt als \"Sixtina der Alpen\", besteht aus 153 einzigartigen quadratischen Bildtafeln, die im 12. Jahrhundert geschaffen wurden. J\u00e4hrlich besuchen etwa 20.000 Menschen dieses Kunstwerk in der Berggemeinde s\u00fcdlich der Viamala-Schlucht. Um das Kulturerlebnis zu vertiefen und das Kulturgut zu sch\u00fctzen, soll das historische Talmuseum \u00abTgea da Schons\u00bb erweitert werden. Eine permanente Ausstellung zur romanischen Bilderdecke der Kirche St. Martin wird das kulturelle Verst\u00e4ndnis f\u00f6rdern und das Bewusstsein f\u00fcr den Erhalt der Decke sch\u00e4rfen. Weitere Ausstellungen werden sich mit der Geschichte der Val Schons als S\u00e4umerort sowie mit der Wohnkultur der Region befassen. Diese Ausstellungen sollen sich erg\u00e4nzen und Synergien schaffen. Ein Kulturraum neben der Kirche soll als Ort der Begegnung und Inspiration dienen und Seminare, Kurse und kulturelle Veranstaltungen beherbergen. Ein Caf\u00e9 ist als Treffpunkt f\u00fcr Besucher der Ausstellungen und Einheimische geplant, um den regionalen Austausch zu f\u00f6rdern und das Dorfleben zu beleben.</p>\n<ul>\n<li><a href=\"https://tgea-da-schons.ch/\">Weitere Informationen zum Projekt</a></li>\n</ul>", "url": "https://tgea-da-schons.ch", "image": "https://viatpimtsoch.sos-ch-dk-2.exoscale-cdn.com/catalog/0/1/5/9/01599447d3a9a86ab55e193d0cf69a7772d17131_talmuseum_tgea_da_schons.jpg", "openstreetmap_id": "node/4620754918"}, "geometry": {"type": "Point", "coordinates": ["9.442834854125977", "46.63423283121691"]}}, {"type": "Feature", "properties": {"identifier": "461552ef-ef54-4d7c-ae9a-379e3e522ba1", "name": "Feuerstelle Trailcenter Thusis", "description": "<p><span style=\"font-weight: bold;\">Ausstattung</span></p><ul><li>1 Feuerstelle</li><li>2 Tische mit B\u00e4nke (20 Sitzpl\u00e4tze)</li><li>4 Steine um die Feuerstelle, die als Sitzm\u00f6glichkeiten dienen</li><li>Abfallentsorgung vorhanden</li><li>Brennholz vorhanden</li></ul><p><br>Bitte allf\u00e4llige Weisungen z.B. bez\u00fcglich <a href=\"https://www.gr.ch/DE/institutionen/verwaltung/diem/awn/aktuelles/Waldbrandgefahr/Seiten/aktuelle_waldbrandgefahr.aspx\" target=\"_blank\">Waldbrandgefahr </a>beachten.</p><p><span style=\"font-weight: bold;\">Trailcenter<br></span><a href=\"https://mybusiness.outdooractive.com/de/r/52496421/\" target=\"_blank\">Das Trailcenter</a> ist das ideale \u00dcbungsgel\u00e4nde f\u00fcr Mountainbiker \u2013 egal ob Einsteiger, Ge\u00fcbte, Kinder oder Erwachsene. Zwei Rundkurse, sechs Linien mit verschiedenen Hindernissen und ein Platz mit \u00dcbungselementen bieten den perfekten Zugang zum Mountainbiken.</p><p><br></p>", "url": "https://www.viamala.ch", "image": "https://viatpimtsoch.sos-ch-dk-2.exoscale-cdn.com/catalog/7/b/9/5/7b95d2150fb7b7541f409f3351c780fee26f474d_Feuerstelle_Trailcenter_Thusis__3_.jpg", "openstreetmap_id": "node/12074779105"}, "geometry": {"type": "Point", "coordinates": ["9.447083473205566", "46.70370310822184"]}}, {"type": "Feature", "properties": {"identifier": "472a525e-4bd3-4c7f-b36c-f96c34ed44f2", "name": "Aussichtspunkt Burgruine Obertagstein", "description": "<p>Der Felsen, auf dem die Burg thront, f\u00e4llt auf allen Seiten steil ab und er\u00f6ffnet eine spektakul\u00e4re Rundumsicht auf die umliegende Landschaft. Die exponierte Lage der Ruine zeugt von der strategischen Bedeutung, die dieser Ort einst hatte.</p><p>1322 erstmals als \u201eTaxstein\u201c erw\u00e4hnt, bietet der Ort nicht nur beeindruckende Aussichten, sondern auch faszinierende Einblicke in die Baukunst vergangener Jahrhunderte. Die m\u00e4chtige Schildmauer und die in mehreren Phasen errichtete Anlage weisen auf eine lange Nutzung hin. Besonders interessant ist das teilweise erhaltene Mauerwerk im Stil des <strong>Opus spicatum</strong>, einer speziellen Technik, bei der Steine in einem schr\u00e4g versetzten Muster angeordnet wurden, das einem \u00c4hrenmuster \u00e4hnelt.</p>\n<p>Ob f\u00fcr Geschichtsinteressierte oder Naturfreundinnen und -freunde \u2013 der Aussichtspunkt Burg Obertagstein l\u00e4dt dazu ein, die Sch\u00f6nheit der Region aus luftiger H\u00f6he zu geniessen.</p>", "image": "https://viatpimtsoch.sos-ch-dk-2.exoscale-cdn.com/catalog/5/7/7/e/577e91427b3031cd315a981b0d21e9f25f4bd110_aussicht_obertagstein_daniela_gredig_viamala_tourismus.jpeg", "openstreetmap_id": "node/1573128624"}, "geometry": {"type": "Point", "coordinates": ["9.427701", "46.685074"]}}, {"type": "Feature", "properties": {"identifier": "484b47a3-fba2-445d-81ef-029543c965f5", "name": "Die Dreizehn", "description": "<p>Eindr\u00fccklich und stolz stehen sie in der weiten Landschaft, als st\u00fcnden sie da schon immer. Dass ihre nackten K\u00f6rper verwittern, st\u00f6rt die Frauen nicht. Sie sind Teil der Natur geworden und werden es f\u00fcr immer bleiben. Kraftvoll. Ber\u00fchrend.</p>\n<p>In Gruppen zu dritt und zu viert reden diese Frauen gelegentlich miteinander. Sie erz\u00e4hlen, wie Feuer, Erde, Luft und Wasser \u00fcber Feldis gebieten, wie die Elemente das Leben am Berg erleichtern und erschweren zugleich. Die Gespr\u00e4che wurden belauscht und sind auf Tafeln festgehalten.</p>\n<p>Der Plastiker Stefan H\u00fcbscher erschuf mit seiner Motors\u00e4ge die archaisch anmutenden Frauen. Er wohnt in Basel, sein Atelier steht im Elsass. Christine Wullschleger, die den Frauen zugeh\u00f6rt und ihre Gespr\u00e4che aufgeschrieben hat, lebt in Z\u00fcrich. Beide sind als Ferieng\u00e4ste seit Jahren mit Feldis eng verbunden.</p>", "url": "https://www.viamala.ch", "image": "https://viatpimtsoch.sos-ch-dk-2.exoscale-cdn.com/catalog/a/7/3/c/a73c761fe0316d9f5bafd9a309ae894d1f324cad_dreizehn_feldis_domleschg_kunstinstallation_herbst_demateo.jpg", "openstreetmap_id": "node/12108311876"}, "geometry": {"type": "Point", "coordinates": ["9.458391666412354", "46.80061761719459"]}}, {"type": "Feature", "properties": {"identifier": "48fd0f82-2067-4206-8f94-80f16abca0e3", "name": "Spielplatz Schulhaus Tartar", "description": "<p><strong>Ausstattung:</strong></p>\n<ul>\n<li>Rutschbahn</li>\n<li>Kletternetz</li>\n<li>Sandkasten</li>\n<li>Tisch und Bank</li>\n</ul>", "url": "https://www.viamala.ch", "image": "https://viatpimtsoch.sos-ch-dk-2.exoscale-cdn.com/catalog/f/8/d/c/f8dced149e5d41ad3895507555fb2e4a8c95a72b_Spielplatz_Schulhaus_Tartar.jpg", "openstreetmap_id": "node/12075133484"}, "geometry": {"type": "Point", "coordinates": ["9.41869", "46.717339"]}}, {"type": "Feature", "properties": {"identifier": "4b24a31a-d174-4010-a945-972ad5c22c25", "name": "Muttner H\u00f6hi", "description": "<p>Die Muttner H\u00f6hi thront majest\u00e4tisch auf einem Bergsporn \u00fcber dem Zusammenfluss von Hinterrhein und Albula und ist bekannt f\u00fcr ihre spektakul\u00e4ren Aussichten und botanische Vielfalt. Dieser besondere Aussichtspunkt \u00fcber das Domleschg und den Heinzenberg gilt als einer der sch\u00f6nsten der Schweiz und l\u00e4dt mit gleich drei idyllischen B\u00e4nken zum Verweilen ein \u2013 zwei mit Blick in eine Richtung und eine in die andere. Von Obermutten aus f\u00fchrt ein einfacher Wanderweg in 25 Minuten zum Gipfel, ideal f\u00fcr Familien und Gelegenheitswanderer, da nur 140 H\u00f6henmeter zu \u00fcberwinden sind. Am Gipfel geniesst man eine 360-Grad-Rundumsicht, und die B\u00e4nke sowie eine Grillstelle laden zur Pause ein.</p><p>F\u00fcr diejenigen, die eine <a href=\"https://www.maps.viamala.ch/s/GZhWT\" target=\"_blank\">kleine Rundwanderung</a> bevorzugen, bietet sich eine Route an, die in etwa 50 Minuten von Obermutten zum Aussichtspunkt und wieder zur\u00fcck f\u00fchrt. Obermutten selbst ist ein charmantes Bergd\u00f6rfli mit einer einzigartigen Holzkirche und dem Berggasthaus Post mit einer aussichtsreichen Sonnenterrasse.&nbsp;</p><p>Die Muttner H\u00f6hi bietet Ruhe, Natur, Flora und eine unvergessliche Aussicht f\u00fcr alle Besucher.</p>", "url": "https://www.viamala.ch/", "image": "https://viatpimtsoch.sos-ch-dk-2.exoscale-cdn.com/catalog/d/a/f/2/daf2a0d95b00aa7e2844e48a922eec62a2ac89db_aussicht_von_der_muttner_hoehi_richtung_heinzenberg_domleschg.jpg", "openstreetmap_id": "node/331942125"}, "geometry": {"type": "Point", "coordinates": ["9.480428695678713", "46.67953131306017"]}}, {"type": "Feature", "properties": {"identifier": "4bdd5136-db46-4ed2-a666-61c5689d0168", "name": "\u00d6ffentliche Toilette Spl\u00fcgen", "description": "<p>Die Toilette ist ganzj\u00e4hrig durchgehend ge\u00f6ffnet und barrierefrei zug\u00e4nglich.<br></p>", "url": "https://www.viamala.ch", "image": "https://viatpimtsoch.sos-ch-dk-2.exoscale-cdn.com/catalog/2/1/5/b/215b6cce5d0a171a04dcad8095eed8b32eba62c8_steinplattendaecher_spluegen.jpg", "openstreetmap_id": "way/19367055"}, "geometry": {"type": "Point", "coordinates": ["9.319469332695009", "46.552083504588815"]}}, {"type": "Feature", "properties": {"identifier": "4cda672f-1006-4140-a52d-92c78ff1a5b5", "name": "Walserama", "description": "<p>Die einzigartigen, kulturhistorischen Exponate geben dem Besucher einen Einblick in den historischen Alltag der alten Walser. Sie umfassen unter anderem den Personentransport &uuml;ber die Rheinwalder P&auml;sse zur Zeit der Postkutschen und Schlitten, das h&auml;usliche Leben, die traditionelle Sennerei, das Holzhandwerk, die Buuchi und vieles mehr.</p>", "url": "https://stiftung-walserkultur.jimdofree.com/", "image": "https://viatpimtsoch.sos-ch-dk-2.exoscale-cdn.com/catalog/b/e/e/d/beeda05876e8dcfbaff1f7df253a1981595ee929_walserama_museum_nufenen_sommer_markus_mueller.jpg", "openstreetmap_id": "node/12100311067"}, "geometry": {"type": "Point", "coordinates": ["9.247541806065442", "46.54056375644541"]}}, {"type": "Feature", "properties": {"identifier": "4d9d9a4a-afe7-4b81-bd3b-3a9edb5d7ab9", "name": "Schloss Schauenstein", "description": "<p>Das Obere oder Schauensteinsche Schloss geht wie das Untere auf ein Wehrelement der bisch&ouml;flichen Burgenstadt des Mittelalters zur&uuml;ck. Die Freiherren von Schauenstein, die am Heinzenberg wie auch im Domleschg reiche G&uuml;ter besassen, machten den ehemaligen Festungsturm zum Eckpfeiler des von ihnen zwischen 1667 und 1676 erbauten Schlosses.</p><p>Am Portal des Westfl&uuml;gels erinnern neben der Jahreszahl 1667 die Initialen und Allianzwappen des Freiherren Johann Rudolf und seiner Gattin Emilie, geborene Molina an die Erbauer der Anlage. Der Letzte aus dem Stamm Schauenstein verkaufte Schloss und G&uuml;ter 1732 an Carl Ulysses von Stampa. Nach dem Grossbrand von 1742, der auch dieses Schloss zur Ruine gemacht hatte, wurde nur der &ouml;stliche Teil in herrschaftlichem Gepr&auml;ge wieder hergestellt, w&auml;hrend der westliche wesentlich einfacher gestaltet wurde.</p><p><strong>Vom Herrensitz zum Internat...</strong></p><p>1769 erwarb Barbara von Planta Schloss Schauenstein f&uuml;r ihren abenteuerlichen Sohn, Major Friedrich von Planta. Er brachte, vermutlich aus Frankreich, jene k&ouml;stlichen, auf Leinwand gemalten Sch&auml;ferszenen vor feinen Landschaften mit, die heute noch die W&auml;nde des Saales im Osttrakt schm&uuml;cken und dessen wohnliche Atmosph&auml;re pr&auml;gen.</p><p>Bald ging der Herrensitz des unruhigen &bdquo;Ziska&ldquo;, wie Friedrich von Planta mit seinem &Uuml;bernamen allgemein genannt wurde, an den Gesandten Peter Conradin von Planta. Dessen Witwe liess sich nach seinem Tod aus dem Westfl&uuml;gel ein Internat machen, in dem sich romanische und italienischsprachige Sch&uuml;ler auf den Eintritt in die Kantonsschule vorbereiten konnten. Aber 1840 wurde die Schule wieder geschlossen, und Schauenstein blieb seinem Schicksal &uuml;berlassen, bis es 1865 Peter von Planta kaufte, der dann 1876 auch das bisch&ouml;fliche Schloss erwarb.</p><p>... zum K&uuml;nstler- und Gourmethaus</p><p>Peters ber&uuml;hmtester Sohn, Robert, folgte dem Vater als Besitzer auf Schauenstein. Er liess das Schloss 1910-1912 ganz erneuern und machte es zu einem gern besuchten Treffpunkt f&uuml;r K&uuml;nstler und Wissenschaftler von Rang und Namen. Zentrum des geistvollen Kreises war stets der gelehrte und gastfreundliche Hausherr. Wenige Jahre nach dem Tod Roberts im Jahr 1937 verkaufte Gaudenz von Planta 1941 den Sitz an Rudolf Schoeller, der ihn 1961 an die Emser Werke ver&auml;usserte. Heute wird das Schloss als Restaurant und Hotel mit 19 Gault-Millau-Punkten von Starkoch Andreas Caminada als international beachtetes Gourmethaus gef&uuml;hrt.</p><p><strong>Zugang</strong></p><p>Das Schloss Schauenstein wird als Restaurant und Hotel genutzt. Die Anlage liegt direkt am&nbsp;<a href=\"https://mybusiness.outdooractive.com/de/r/23419810/\" data-type=\"tour\" data-id=\"23419810\">Burgenweg Domleschg</a>.</p>", "url": "https://www.schauenstein.ch", "image": "https://viatpimtsoch.sos-ch-dk-2.exoscale-cdn.com/catalog/0/b/b/2/0bb2e2b007270dc3ec2968a9ff484668ca3f3a48_schloss_schauenstein_fuerstenau_domleschg_sommer_grf_tolisart.com.jpg", "openstreetmap_id": "node/1500554009"}, "geometry": {"type": "Point", "coordinates": ["9.44607", "46.721337"]}}, {"type": "Feature", "properties": {"identifier": "4e6e523e-1df8-4af4-b204-15071dd5a7b0", "name": "Kraftwerke Zervreila AG", "description": "<p>Die Kraftwerke Zervreila AG nutzt die Wasserkr\u00e4fte eines 200 km2 grossen Einzugsgebietes im oberen Valsertal und des Safientals. Kern der Anlagen ist der Speichersee Zervreila mit seiner 151 m hohen Bogenstaumauer von 504 m Kronenl\u00e4nge und 100 Mio. m3 Fassungsverm\u00f6gen. Dieser Stausee erlaubt die Sommerzufl\u00fcsse des Valserrheins oberhalb der Sperrstelle sowie der rechtsufrigen Seitenb\u00e4che bis zum Peilerbach zu speichern. Erstmals genutzt wird das Speicherwasser in der am Fusse der Staumauer gelegenen Zentrale Zervreila. Durch den \u00dcberleitstollen mit einer Schluckf\u00e4higkeit von 20 m3/s gelangt es zur weiteren Nutzung ins Ausgleichsbecken Wanna im hinteren Safiental. Durch einen weiteren Druckstollen wird das Nutzwasser aus dem Ausgleichsbecken Safien Platz talausw\u00e4rts und schliesslich durch den Heinzenberg ins Domleschg geleitet, wo es in der Zentrale Rothenbrunnen mit rund 673 m Gef\u00e4lle verarbeitet wird. Drei horizontale Maschinens\u00e4tze mit Zwillings-Peltonturbinen erbringen je 44 MW Leistung. Die Energie aller Werkstufen wird nach der Transformation auf 220 kV in der Freiluftschaltanlage Rothenbrunnen dem schweizerischen Hochspannungsnetz \u00fcbergeben.</p>\n<h4>Gef\u00fchrte Besichtigungen</h4><p>Montag - Freitag. Anmeldung online unter:&nbsp;<a href=\"http://www.kwz.ch/besichtigung/anfrage-besichtigung/\">www.kwz.ch</a></p>", "url": "https://www.kwz.ch", "image": "https://viatpimtsoch.sos-ch-dk-2.exoscale-cdn.com/catalog/0/a/3/6/0a3694df36abe882ebfd533a1ea517b30dcc1c95_stauanlage_zervreila.jpg", "openstreetmap_id": "node/1672430474"}, "geometry": {"type": "Point", "coordinates": ["9.41824", "46.76596"]}}, {"type": "Feature", "properties": {"identifier": "4ebed2c8-059a-4a96-bce0-f05275280bc3", "name": "Feuerstelle Im Ried Masein", "description": "<p>Zu Fuss ist die Feuerstelle ab der Postauto-Haltestelle Cresta in ca. 10 Minuten erreichbar.&nbsp;Von der Bushaltestelle Cresta gehen Sie nach einigen Metern rechts Richtung Schloss Untertagstein. Kurz darauf biegen Sie links ab und folgen der Strasse. Sie unterqueren die Hauptstrasse und kommen bereits zum Dorfbach. Auf der rechten Seite befindet sich die Feuerstelle.</p><p><span style=\"font-weight: bold;\">Ausstattung</span></p><ul><li>Brennholz vorhanden</li><li>Rost vorhanden</li><li>2 Tische mit je 8 Sitzpl\u00e4tze</li><li>Brunnen mit Trinkwasser</li><li>Sandkasten</li><li>Weidentipi<br><br></li></ul><p>Bitte allf\u00e4llige Weisungen z.B. bez\u00fcglich <a href=\"https://www.gr.ch/DE/institutionen/verwaltung/diem/awn/aktuelles/Waldbrandgefahr/Seiten/aktuelle_waldbrandgefahr.aspx\" target=\"_blank\">Waldbrandgefahr </a>beachten.</p>", "url": "https://www.viamala.ch", "image": "https://viatpimtsoch.sos-ch-dk-2.exoscale-cdn.com/catalog/c/e/8/0/ce80d06ab85bd4b69fa2fc582b8e5ec6cf54e1c3_Feuerstelle_Im_Ried_Masein.jpg", "openstreetmap_id": "node/12074879933"}, "geometry": {"type": "Point", "coordinates": ["9.431055", "46.702136"]}}, {"type": "Feature", "properties": {"identifier": "4ef96999-eb8e-43c4-9cc5-70a82f0ede0c", "name": "Pschuuri", "description": "<p>Am Aschermittwoch gleicht Spl\u00fcgen einem Ameisenhaufen. An allen Winkeln und Ecken erscheinen Schulkinder und ledige M\u00e4dchen, die im Nu wieder im Dunkeln untertauchen. Schuld an diesem Treiben sind die \u00abPschuurirolli\u00bb, die ledigen Burschen, die in Felle geh\u00fcllt, den Aschensack gef\u00fcllt, den Jugendlichen nachstellen.</p>\n<p>Die Saumrolle, ein Ledergurt mit kugelf\u00f6rmigen Schellen besetzt, die die \u00abMaschg\u00e4r\u00e4\u00bb (Masken) um die H\u00fcfte gebunden haben, verr\u00e4t sie und gibt den Opfern einen kleinen Vorsprung, der meistens nicht gen\u00fcgt. Im ganzen Dorf laufen dann die M\u00e4dchen und Kinder mit russschwarzen Gesichtern herum, als w\u00e4ren sie Schornsteinfeger von Beruf.</p>\n<p>Bis zum Sonnenuntergang m\u00fcssen sie alle \u00abpschuuret\u00bb (geschw\u00e4rzt) sein. Die Rezeptur, nach der die schwarze Aschenmasse angemacht wird, ist ein gut geh\u00fctetes Geheimnis, das nur eine kleine Gruppe Eingeweihter kennt. Am Abend wandelt sich das Bild. Die Gef\u00fcrchteten, nun als \u00abMannli und Wibli\u00bb verkleidet, ziehen von Haus zu Haus, wo sie Eier heischen. \u00abMannli und Wibli\u00bb bleiben bei den Besuchen in den H\u00e4usern der Dorfbewohner solange maskiert und verstellen die Stimme, bis der Hausherr die Jugendlichen erkennt.</p>\n<p>Oft kommt es vor, dass das Bettelpaar unerkannt in der Dunkelheit mit der gemachten Beute wieder verschwindet. Aus den gesammelten Eiern wird Eiersalat und \u00abResim\u00e4da\u00bb, ein Trunk aus Wein, Eiern und weiteren Zutaten, hergestellt.&nbsp;Diese K\u00f6stlichkeiten werden&nbsp;ab Mitternacht beim \u00abEierschmaus\u00bb serviert. Zu diesem Fest sind alle eingeladen.&nbsp;Der \u00dcberlieferung nach sollen diese Eierspeisen und Getr\u00e4nke die heiratsf\u00e4hige Jugend st\u00e4rken und die Fruchtbarkeit dieser Generation und die der Felder f\u00f6rdern.</p>\n<p><strong>Ablauf</strong></p>\n<ul>\n<li><strong>Vormittags</strong> kost\u00fcmieren sich die Vorschulkinder und Erst- und Zweit-Kl\u00e4ssler und&nbsp;ziehen gruppenweise von Haus zu Haus und betteln mit dem Spruch \u00abPschuuri, Pschuuri Mittwuch\u00e4, \u00e4s Eischi oder \u00e4s Meitschi\u00bb. Sie erhalten S\u00fcssigkeiten, Mandarinen, N\u00fcsse oder eine Wurst. Um die Mittagszeit kehren sie heim.</li>\n<li><strong>Um 13 Uhr</strong> tauchen die \u00abPschuurirolli\u00bb, auch \u00abMaschgger\u00e4\u00bb (Masken) genannt, in den Gassen auf und versuchen bis zum Sonnenuntergang m\u00f6glichst alle ledigen M\u00e4dchen und Kinder zu schw\u00e4rzen.</li>\n<li><strong>Ab 19 Uhr</strong>&nbsp;ziehen die Burschen zusammen mit den sp\u00e4ter angereisten Mitgliedern der Jungmannschaft und sammeln Eier, aus denen Eiersalat und das traditionelle Getr\u00e4nk \u00abResim\u00e4da\u00bb zubereitet wird. Die M\u00e4dchen, Einheimischen und G\u00e4ste sind zum Fest in einem alten Stall eingeladen.</li>\n<li><strong>Um Mitternacht </strong>legen die \u00abMaschgger\u00e4\u00bb ihre Larven ab, der Eierschmaus beginnt und es wird bis in die fr\u00fchen Morgenstunden gefeiert.</li>\n</ul>", "url": "https://www.viamala.ch", "image": "https://viatpimtsoch.sos-ch-dk-2.exoscale-cdn.com/catalog/6/b/f/c/6bfca68fa49fa33ec831f509a2af2fdb0f39a4e5_pschuuri_spluegen_sobald_die_kirchenglocke_laeutet_laufen_die_maschgaerae_los_und_verteilen_sic.jpg", "openstreetmap_id": "node/4429008093"}, "geometry": {"type": "Point", "coordinates": ["9.3234097", "46.553071"]}}, {"type": "Feature", "properties": {"identifier": "4f4b9d8c-3ace-457c-9c99-6d47e6f30ba1", "name": "Burgruine Spl\u00fcgen", "description": "Die Burgruine liegt unweit \u00f6stlich des Dorfes auf einer Gel\u00e4ndeterrasse \u00fcber dem Hinterrhein. Der wehrhafte Palas mit zwingerartigem Vorhof steht am alten Talweg und an einer Letzi, die hier einst den Durchgang versperrte. \u00dcber die Bauherrschaft besteht keine Klarheit. Die \u00e4ltere Literatur weist die Burg dem sp\u00e4ten 13. Jhdt. und den Freiherren von\u00a0Vaz\u00a0zu. Gem\u00e4ss neueren Forschungsergebnissen ist es aber wahrscheinlicher, dass sie erst um 1340 durch die Grafen von\u00a0Werdenberg-Sargans\u00a0errichtet wurde.", "url": "https://www.viamala.ch", "image": "https://viatpimtsoch.sos-ch-dk-2.exoscale-cdn.com/catalog/8/f/9/c/8f9ca44a530dddb34ecb00a391326a26cf60f79b_burgruine_spluegen_rheinwald_sommer_demateo.com.jpg", "openstreetmap_id": "node/1888132778"}, "geometry": {"type": "Point", "coordinates": ["9.334301948547363", "46.55725757306483"]}}, {"type": "Feature", "properties": {"identifier": "50f4eded-7dcf-4148-9cc0-c709026124bd", "name": "Feuerstelle Libi", "description": "<p>Die Feuerstelle ist zu Fuss&nbsp;ab Mathon oder Lohn in ca. 1.5 Stunden erreichbar. Der Aufstieg \u00fcber die Wanderwege erfordert gutes Schuhwerk.&nbsp;Es sind ein Tisch und diverse Sitzgelegenheiten um die Feuerstelle vorhanden. Die Blumenpracht auf den Bergwiesen um den See ist gerade im Fr\u00fchling ein echtes Naturschauspiel. Zudem kann man sich im Bergsee die Fu\u0308sse ku\u0308hlen, beispielsweise nach einer Wanderung auf den angrenzenden Piz Beverin (2998 m u\u0308. M.).&nbsp;Dieser ist einer der ber\u00fchmtesten Aussichtsberge Graub\u00fcndens.</p><p><span style=\"font-weight: bold;\">Ausstattung</span></p><ul><li>Rost vorhanden</li><li>1 Tisch mit 6 Sitzpl\u00e4tzen</li><li>1 Feuerstelle</li><li>2 B\u00e4nke um die Feuerstelle<br></li></ul><p><br>Bitte allf\u00e4llige Weisungen z.B. bez\u00fcglich <a href=\"https://www.gr.ch/DE/institutionen/verwaltung/diem/awn/aktuelles/Waldbrandgefahr/Seiten/aktuelle_waldbrandgefahr.aspx\" target=\"_blank\">Waldbrandgefahr </a>beachten.</p>", "url": "https://www.viamala.ch", "image": "https://viatpimtsoch.sos-ch-dk-2.exoscale-cdn.com/catalog/3/d/7/1/3d717bbb198f9bb5898c2095b36e49d1f179aac8_Libi_See_Lohn_Schamserberg.jpg", "openstreetmap_id": "node/12074983081"}, "geometry": {"type": "Point", "coordinates": ["9.402889", "46.652032"]}}, {"type": "Feature", "properties": {"identifier": "5161a78a-267f-4dce-a48a-9b757a66aa9a", "name": "Feuerstelle D\u00fcrrab\u00fcel", "description": "<p>Die Feuerstelle liegt auf dem Walserweg Nr. 35 auf der Etappe 1 San Bernardino - Hinterrhein. Vom San Bernardinopass sowie von Hinterrhein ist die Feuerstelle in ca. 1h Fussmarsch erreichbar.</p><p><span style=\"font-weight: bold;\">Ausstattung</span></p><ul><li>1 Feuerstelle</li><li>Grillrost vorhanden</li><li>Brennholz vorhanden</li><li>1 Tisch mit ca. 14 - 16 Sitzpl\u00e4tzen (gedeckt)<br></li></ul><p><br>Bitte allf\u00e4llige Weisungen bez\u00fcglich <a href=\"https://www.gr.ch/DE/institutionen/verwaltung/diem/awn/aktuelles/Waldbrandgefahr/Seiten/aktuelle_waldbrandgefahr.aspx\" target=\"_blank\">Waldbrandgefahr </a>beachten.&nbsp;</p>", "url": "https://www.viamala.ch", "image": "https://viatpimtsoch.sos-ch-dk-2.exoscale-cdn.com/catalog/f/6/5/b/f65b920966ec6576aa851616490ae69c7a474050_Feuerstelle_D__rrab__el_Unterstand.jpg", "openstreetmap_id": "node/9111654039"}, "geometry": {"type": "Point", "coordinates": ["9.186286926269533", "46.51777926504069"]}}, {"type": "Feature", "properties": {"identifier": "55366ba6-f56c-46ad-8c3d-a07c4f2c2dcf", "name": "Feuerstelle Casealas", "description": "<p>Der Platz befindet&nbsp;sich direkt am Rundweg <a href=\"https://mybusiness.outdooractive.com/de/r/51480426/\" target=\"_blank\">Naturerlebnis Feldis - Element Erde</a>. Rund um die Feuerstelle hat es viel Platz f\u00fcr Kinder zum Spielen und Toben.</p><p><span style=\"font-weight: bold;\">Ausstattung</span></p><ul><li>1 Feuerstelle</li><li>Rost vorhanden</li><li>Brennholz vorhanden</li><li>Ca. 10 Sitzpl\u00e4tze<br><br></li></ul><p>Bitte allf\u00e4llige Weisungen z.B. bez\u00fcglich <a href=\"https://www.gr.ch/DE/institutionen/verwaltung/diem/awn/aktuelles/Waldbrandgefahr/Seiten/aktuelle_waldbrandgefahr.aspx\" target=\"_blank\">Waldbrandgefahr </a>beachten.</p>", "url": "https://www.viamala.ch", "image": "https://viatpimtsoch.sos-ch-dk-2.exoscale-cdn.com/catalog/3/e/d/8/3ed8da61c1537eb02e28d6f08b7c0f225923cc28_Feuerstelle_Casealas_Feldis.jpg", "openstreetmap_id": "node/4335419995"}, "geometry": {"type": "Point", "coordinates": ["9.440211653709412", "46.78641184796132"]}}, {"type": "Feature", "properties": {"identifier": "575af3fc-27d1-44ee-b672-5df142fc6e48", "name": "Stellplatz Avers-Juppa", "description": "<p><strong>Sanit&auml;ranlage<br></strong>&Ouml;ffentliche Toilette in unmittelbarer N&auml;he</p><p><strong>Kosten<br></strong>25.00 CHF pro Fahrzeug und Nacht inkl. G&auml;steabgabe</p><p><strong>Zahlung<br></strong>Direkt &uuml;ber die App&nbsp;<a href=\"https://www.parknsleep.app/ps/20029919\" target=\"_blank\" rel=\"noopener\">Parkn'Sleep</a>.</p><p><strong>Maximaler Aufenthalt</strong><br>3 N&auml;chte</p><p><strong>Abfall</strong><br>Keine M&ouml;glichkeit f&uuml;r Abfallentsorgung</p>", "url": "https://gemeindeavers.ch/", "image": "https://viatpimtsoch.sos-ch-dk-2.exoscale-cdn.com/catalog/a/3/d/3/a3d365e44554a2ebd2b81b09b5a5b2aaeca1dc0e_avers_juf_und_juppa_sommer_herbst_demateo.jpg", "openstreetmap_id": "node/12098824466"}, "geometry": {"type": "Point", "coordinates": ["9.551180005073547", "46.4492715409318"]}}, {"type": "Feature", "properties": {"identifier": "5a17ca8e-bcd9-4aae-8b33-5a649b6cf1da", "name": "Reformierte Kirche Feldis", "description": "<p>Die Kirche ist ersturkundlich in einem Dokument ungef\u00e4hr aus dem Jahr 1400 erw\u00e4hnt und stand unter dem&nbsp;Patrozinium&nbsp;von&nbsp;Hippolyt. M\u00f6glicherweise geht der&nbsp;r\u00e4toromanische&nbsp;Dorfname&nbsp;Veulden&nbsp;etymologisch&nbsp;auf den Namen dieses Heiligen zur\u00fcck. Die Annahme der&nbsp;Reformation&nbsp;erfolgte relativ sp\u00e4t 1583. </p><p>Das von aussen unverputzte Kirchenschiff tr\u00e4gt ein&nbsp;Walmdach. Dem&nbsp;Kirchturm&nbsp;eingebaut ist eine eingeschossige Glockenstube. Im Inneren stehen im Mittelpunkt eine holzschnittverzierte&nbsp;polygonale&nbsp;Kanzel&nbsp;ohne&nbsp;Schalldeckel, ein symmetrisch im Zentrum des durch zwei Stufen erh\u00f6hten&nbsp;Chores&nbsp;stehender&nbsp;Tauf-&nbsp;und&nbsp;Abendmahlstisch&nbsp;und eine&nbsp;dreiprospektige&nbsp;Orgel&nbsp;an der abschliessenden Chorwand. </p><p>Die&nbsp;Evangelisch-reformierte Landeskirche Graub\u00fcnden&nbsp;f\u00fchrt&nbsp;Feldis/Veulden&nbsp;als&nbsp;Predigtst\u00e4tte&nbsp;der <a href=\"https://www.ekga.ch/\">Kirchgemeinde Ausserdomleschg.</a></p>", "url": "https://www.ekga.ch/Unsere-Kirchen/Feldis-Veulden/", "image": "https://viatpimtsoch.sos-ch-dk-2.exoscale-cdn.com/catalog/1/a/2/a/1a2aa335add4a115c17bbedf6148b2dd2d89c6a6_feldis_dorf_mit_reformierter_kirche_sommer_demateo.jpg", "openstreetmap_id": "way/362855353"}, "geometry": {"type": "Point", "coordinates": ["9.431931674480438", "46.79355560032749"]}}, {"type": "Feature", "properties": {"identifier": "5c09c6b0-b1fb-4ffb-b103-1c9823014f28", "name": "Feuerstelle Sumas Artgas", "description": "<p>Von der&nbsp;Feuerstelle hat man eine herrliche&nbsp;Aussicht auf das UNESCO Welterbe Sardona mit einer weltweit einzigartigen&nbsp;Sichtbarkeit der Gebirgsbildung. Etwas unterhalb der Stelle befindet sich zudem eine Panoramatafel mit Informationen zum UNESCO Welterbe Sardona.</p><p><span style=\"font-weight: bold;\">Ausstattung</span></p><ul><li>1 Feuerstelle</li><li>Grillrost vorhanden</li><li>1 Tisch&nbsp;mit B\u00e4nke (8 Sitzpl\u00e4tze)</li><li>Brennholz vorhanden</li></ul><p><br>Bitte allf\u00e4llige Weisungen z.B. bez\u00fcglich <a href=\"https://www.gr.ch/DE/institutionen/verwaltung/diem/awn/aktuelles/Waldbrandgefahr/Seiten/aktuelle_waldbrandgefahr.aspx\" target=\"_blank\">Waldbrandgefahr </a>beachten.</p>", "url": "https://www.viamala.ch", "image": "https://viatpimtsoch.sos-ch-dk-2.exoscale-cdn.com/catalog/9/1/8/a/918a870e22ea144f1d7207e837c93822e5fd2f38_Feuerstelle_Sumas_Artgas_Feldis.jpg", "openstreetmap_id": "node/12074986220"}, "geometry": {"type": "Point", "coordinates": ["9.434224963188171", "46.79953064842845"]}}, {"type": "Feature", "properties": {"identifier": "5e1c1a53-b962-49e7-9107-950d99d4e107", "name": "Spielplatz Nufenen", "description": "<p><strong>Ausstattung:</strong></p>\n<ul>\n<li>Abfallentsorgung</li>\n<li>Sitzbank</li>\n<li>Sandkasten</li>\n<li>Schaukel</li>\n<li>Rutschbahn</li>\n<li>Spielturm</li>\n<li>Fussballtore</li>\n</ul>", "url": "https://www.viamala.ch", "image": "https://viatpimtsoch.sos-ch-dk-2.exoscale-cdn.com/catalog/8/0/1/b/801bd6cb54dbe3dd6df20164df919d6b31d7d4b8_Spielplatz_Nufenen.jpg", "openstreetmap_id": "node/12075139133"}, "geometry": {"type": "Point", "coordinates": ["9.244344", "46.53967"]}}, {"type": "Feature", "properties": {"identifier": "5e954e6a-97ee-4b86-b8bc-763d51e2325e", "name": "Burg Innerjuvalt", "description": "Die Burganlage wurde vermutlich um 1250 durch die Herren von Juvalt errichtet. Sie befand sich bis 1515 in ihrem Besitze und wurde 1550 als Ruine erw\u00e4hnt. Die Burg wurde seit 1979 schrittweise renoviert und in einen m\u00f6glichst urspr\u00fcnglichen Zustand versetzt. An der h\u00f6chsten Stelle des Felsens steht ein dreigeschossiger Turm. <br>Der vorgesetzte Innenhof, welcher gegen das Tal von einer Br\u00fcstungsmauer umgeben ist, entstand sp\u00e4ter. Die faszinierende Burganlage, die sich im Besitze des Burgenvereins Domleschg befindet und oft auch als Oberjuvalt bezeichnet wird, ist dank dieser umfassenden Renovationsarbeiten wieder zug\u00e4nglich.", "url": "https://www.viamala.ch", "image": "https://viatpimtsoch.sos-ch-dk-2.exoscale-cdn.com/catalog/4/e/9/5/4e950f3e8834542c788665baae23c8d25c0bfa0f_burg_oberjuvalt_rothenbrunnen_sommer.jpg", "openstreetmap_id": "way/136035570"}, "geometry": {"type": "Point", "coordinates": ["9.43164", "46.768315"]}}, {"type": "Feature", "properties": {"identifier": "601168e7-e3f3-4199-9b99-25353494799b", "name": "Aussichtspunkt K\u00e4nzeli Thusis", "description": "Das K\u00e4nzeli&nbsp;ist von Thusis oder Rongellen erreichbar und bietet eine herrliche Aussicht ins Tal.<br>Zu Fuss f\u00fchrt ein steiler Weg von \u00dcbernolla durch das \u00dcbernollaw\u00e4ldli hoch zum Aussichtspunkt. Es sind Trittsicherheit und Schwindelfreiheit erforderlich. Mit dem Bike f\u00fchrt ein Weg von \u00dcbernolla entlang dem Saissabach oder \u00fcber Rongellen hoch zum K\u00e4nzeli.", "url": "https://www.viamala.ch", "image": "https://viatpimtsoch.sos-ch-dk-2.exoscale-cdn.com/catalog/a/b/1/c/ab1c01752a34ce5ed7c6fc976a16d0dba72d5a0b_aussichtspunkt_kaenzeli_thusis.jpg", "openstreetmap_id": "node/12083306151"}, "geometry": {"type": "Point", "coordinates": ["9.439038187265396", "46.68971857407498"]}}, {"type": "Feature", "properties": {"identifier": "61b25c76-94ca-4051-8157-ff725fda32fc", "name": "\u00d6ffentliche Toilette Mineralbad Andeer", "description": "Die Toilette ist ganzj\u00e4hrig durchgehend ge\u00f6ffnet und barrierefrei zug\u00e4nglich.", "url": "http://www.viamala.ch", "image": "https://viatpimtsoch.sos-ch-dk-2.exoscale-cdn.com/catalog/3/e/7/9/3e797d9c563787c1d2382be6d084e865fe6dc4dd_toilette_parkplatz_mineralbad.jpg", "openstreetmap_id": "node/12470937771"}, "geometry": {"type": "Point", "coordinates": ["9.426848888397219", "46.60552688840546"]}}, {"type": "Feature", "properties": {"identifier": "64ee3009-f39b-44e0-a552-eef4ce08197b", "name": "Stellplatz Camping Thusis", "description": "<p><strong>Infrastruktur</strong><br>Direkter Stromanschluss (16 A, Eurostecker), Ausguss f\u00fcr Chemietoiletten. Keine Schneer\u00e4umung. Im Preis inbegriffen: Stellplatz, Strom. Max. 2 Haustiere.</p>\n<p><strong>Parkn'Sleep</strong><br>Die Stellpl\u00e4tze&nbsp;k\u00f6nnen direkt \u00fcber die <a href=\"https://www.parknsleep.app/ps/35493963\">Parkn'Sleep</a>&nbsp;App gebucht und bezahlt werden.</p>", "url": "http://www.tcs-camping.ch/thusis", "image": "https://viatpimtsoch.sos-ch-dk-2.exoscale-cdn.com/catalog/0/3/d/6/03d6211ff2eccd6ab77f1d635a98a01f24d4e4dc_tcs_camping_thusis_viamala__2_.jpg", "openstreetmap_id": "node/12098883600"}, "geometry": {"type": "Point", "coordinates": ["9.445538520812988", "46.69979427996883"]}}, {"type": "Feature", "properties": {"identifier": "655f8be6-d7d8-44db-97c6-dbfc2b4020ff", "name": "Feuerstelle Avers-Juppa", "description": "<p>Die Feuerstelle liegt direkt beim Spielplatz, welcher sehr liebevoll nach dem Thema \"Murmeltier\" gestaltet wurde.</p><p><span style=\"font-weight: bold;\">Ausstattung</span></p><ul><li>1 Feuerstelle</li><li>2 Tische&nbsp;mit ca. 18 Sitzpl\u00e4tzen</li><li>Rost vorhanden</li><li>Feuerholz vorhanden</li><li>Brunnen mit Trinkwasser<br></li><li>Spielplatz</li><li>Abfallentsorgung vorhanden<br></li></ul><p><br>Bitte allf\u00e4llige Weisungen z.B. bez\u00fcglich <a href=\"https://www.gr.ch/DE/institutionen/verwaltung/diem/awn/aktuelles/Waldbrandgefahr/Seiten/aktuelle_waldbrandgefahr.aspx\" target=\"_blank\">Waldbrandgefahr </a>beachten.</p>", "url": "https://www.viamala.ch", "image": "https://viatpimtsoch.sos-ch-dk-2.exoscale-cdn.com/catalog/c/9/d/1/c9d1f43cc732d31e0eca9279a3a102632e1ab43d_Feuerstelle_Avers_Juppa.jpg", "openstreetmap_id": "node/12075003469"}, "geometry": {"type": "Point", "coordinates": ["9.551520645618439", "46.44848848918815"]}}, {"type": "Feature", "properties": {"identifier": "666ce74d-6b02-48c0-95de-34c27a0fd74a", "name": "Reformierte Kirche Nufenen", "description": "<p>Von etwa 1300 bis 1696 waren Nufenen und Hinterrhein in kirchlicher Hinsicht eine Einheit, ehe sich Nufenen bis 1874 selbstst\u00e4ndig machte. Danach fanden beide Gemeinden wieder zusammen. Die Nufener Kirche wurde 1643 gegr\u00fcndet, als die Unruhen in Graub\u00fcnden nachliessen und sich die politische und kirchliche Lage stabilisierte. </p><p>Der schlicht verputzte Kirchturm ist mit einer markanten Zwiebelhaube gekr\u00f6nt. Im Inneren der Kirche fallen eine Kanzel ohne Schalldeckel auf der linken Seite und ein Taufstein im Chorraum auf, auf dem auch das Abendmahl zelebriert wird. Der Chor ist durch einen Segmentbogen vom Kirchenschiff</p>", "url": "https://www.kirche-rheinwald.ch/kontakte", "image": "https://viatpimtsoch.sos-ch-dk-2.exoscale-cdn.com/catalog/a/8/d/c/a8dc44638a7d540644818e8a14ca9933b69e7f5a_nufenen_im_rheinwald.jpg", "openstreetmap_id": "way/214746998"}, "geometry": {"type": "Point", "coordinates": ["9.244510978460312", "46.539565638543515"]}}, {"type": "Feature", "properties": {"identifier": "66e50ccf-23bc-4d60-9f41-1e5824ecf97c", "name": "Kapelle St. Lorenz", "description": "<p>Der Zeitpunkt der Erbauung ist unbekannt. Ausgrabungen zeigten, dass es bereits vor dem Bau eine Begr\u00e4bnisst\u00e4tte auf dem H\u00fcgel gab. Eine erste Kapelle stand wohl schon im 7. Jahrhundert.&nbsp;Blendarkaden&nbsp;im Innern an der s\u00fcdlichen Turmseite deuten auf eine Entstehungszeit im 11. Jahrhundert. 1237 wird die Kapelle als Pfarrkirche von Paspels erstmals urkundlich genannt als ein&nbsp;Leutpriester&nbsp;bestellt wurde. Vermutlich war St. Lorenz zugleich die Hauptkirche der gesamten rechten Talseite. </p><p>Grabungen von&nbsp;Walo Burkart&nbsp;am S\u00fcdrand der obersten Kuppe aus dem Jahr 1933 brachten Reste einer 1 Meter starken Ringmauer zum Vorschein. St. Lorenz war offenbar bewehrt, entwickelte sich im Gegensatz zu&nbsp;Hohen R\u00e4tien&nbsp; oder J\u00f6rgenberg aber nicht zur Feudalburg weiter. </p><p>Die Kapelle geh\u00f6rte im 13. Jahrhundert zu den Besitzungen der&nbsp;Freiherren von Vaz. Aus einer p\u00e4pstlichen&nbsp;Bulle&nbsp;vom 21. April 1464 geht hervor, dass die Patronatrechte von den Vazern an das&nbsp;Pr\u00e4monstratenserstift&nbsp;Churwalden&nbsp;\u00fcbergingen;&nbsp;S. Laurentius probe Baschuals&nbsp;wird dort als dessen Besitz aufgef\u00fchrt.&nbsp;Hier wird die Kirche letztmals als&nbsp;ecclesia parochialis&nbsp;aufgef\u00fchrt. Bereits 1486 wird die Kirche in&nbsp;Tumegl/Tomils&nbsp;als solche genannt. Nach 1513 wird St. Lorenz nur noch als Kapelle erw\u00e4hnt.</p>", "url": "https://www.viamala.ch", "image": "https://viatpimtsoch.sos-ch-dk-2.exoscale-cdn.com/catalog/0/1/6/3/016332ea6d7d09cabcda02713fe90ef66b4208bf_kapelle_sankt_lorenz_paspels_domleschg_fruehling_demateo_1.jpg", "openstreetmap_id": "way/363022093"}, "geometry": {"type": "Point", "coordinates": ["9.436948746442795", "46.756776533580606"]}}, {"type": "Feature", "properties": {"identifier": "6837410b-72cc-43ac-bd14-d584a1544252", "name": "Ruine Hochjuvalt", "description": "<!-- ####### HEY, I AM THE SOURCE EDITOR! #########-->\n<p>Die Burg Hochjuvalt war Sitz einer Herrschaft, zu der auch Scheid und Feldis geh\u00f6rten. Die Bedeutung ihrer Situation lag darin, dass der Vogelsang die Strasse von Chur bei ihrem Eintritt ins Domleschg zu sperren vermochte. Sie wurde in der Schamserfehde zerst\u00f6rt, danach aber wieder aufgebaut. 1462 wurde Hoch-Juvalta von Barbara von Juvalta an Junker Pedrut von Wannis verkauft, und anfangs des 16. Jahrhunderts aufgegeben. Die Anlage besteht aus zwei Teilen, der eigentlichen Burg auf dem Felskopf und den Bauten auf der Strasse, in denen wir den Hof Juvalta zu sehen haben. Von der Burg sind nur noch ein Mauerzahn des viergeschossigen Wohnturmes sowie geringe Reste eines Anbaus und des Berings vorhanden. Der \u201eHof\u201c war von einem geschlossenen, nachtr\u00e4glich erweiterten Mauerring umgeben, der die Strasse in zwei Toren durchliess. Teile dieser Mauer und eines Eckgeb\u00e4udes stehen noch aufrecht.</p>\n<p>&nbsp;</p>\n<p><strong>Zugang</strong></p>\n<p>Der Felskopf ist nicht zug\u00e4nglich.</p>", "url": "https://www.viamala.ch", "image": "https://viatpimtsoch.sos-ch-dk-2.exoscale-cdn.com/catalog/4/8/1/f/481f4ab3b7c81c446a17c6a7d85cafc714e6f901_ruine_hochjuvalt_rothenbrunnen_domleschg_sommer_rheinauen_rhaezuen_viamala_tourismus.jpg", "openstreetmap_id": "way/136035003"}, "geometry": {"type": "Point", "coordinates": ["9.420982", "46.778145"]}}, {"type": "Feature", "properties": {"identifier": "683ff9f1-327e-486e-b65b-7ea93ad16f2d", "name": "Feuerstelle Kapellbach", "description": "<p>Das Rauschen der beiden tosenden Gewa\u0308sser ist somit ein steter Begleiter und verleiht dem Cervelat oder dem Quorn-Schnitzel eine ganz besondere Geschmacksnote. Nebst einem kleinen Tisch und Holzlager besticht diese Feuerstelle ganz besonders durch die beiden Flu\u0308sse.&nbsp;Ab Hinterrhein sind es ca. 1.2 km und ab Nufenen 3.5km zu Fuss bis zur Feuerstelle.</p><p><span style=\"font-weight: bold;\">Austattung</span></p><ul><li>1 Feuerstellen</li><li>Rost vorhanden</li><li>Brennholz vorhanden</li><li>1 Tisch&nbsp;und ca. 12 Sitzpl\u00e4tzen</li><li>Wasserfall</li><li>Sch\u00f6ne H\u00e4ngebr\u00fccke (Baujahr 2021)<br></li></ul><p><br>Bitte allf\u00e4llige Weisungen z.B. bez\u00fcglich <a href=\"https://www.gr.ch/DE/institutionen/verwaltung/diem/awn/aktuelles/Waldbrandgefahr/Seiten/aktuelle_waldbrandgefahr.aspx\" target=\"_blank\">Waldbrandgefahr </a>beachten.</p>", "url": "https://www.viamala.ch", "image": "https://viatpimtsoch.sos-ch-dk-2.exoscale-cdn.com/catalog/1/3/2/3/1323dff6d5cb917be94851adf2425f73e87693bc_Feuerstelle_Kapellbach.jpg", "openstreetmap_id": "node/12074811458"}, "geometry": {"type": "Point", "coordinates": ["9.212148785591125", "46.531052034603235"]}}, {"type": "Feature", "properties": {"identifier": "68d13951-25a9-443e-8fb6-52be77355cd7", "name": "Spielplatz Sils i. D.", "description": "<p><strong>Ausstattung:</strong></p>\n<ul>\n<li>Schaukeln</li>\n<li>Klettert\u00fcrme</li>\n<li>Trampolin</li>\n<li>Slackline</li>\n<li>Sandkasten</li>\n<li>Rundlauf</li>\n</ul>", "url": "https://www.viamala.ch", "image": "https://viatpimtsoch.sos-ch-dk-2.exoscale-cdn.com/catalog/0/7/c/2/07c22c33a755dfe203312dac9bf47453cc13f868_spielplatzfotos_folgen.png", "openstreetmap_id": "way/40588775"}, "geometry": {"type": "Point", "coordinates": ["9.451423287391664", "46.70048034440798"]}}, {"type": "Feature", "properties": {"identifier": "6b72099f-c344-4154-9d2c-ee303da51dea", "name": "Feuerstelle Schiessstand Tartar", "description": "<p>Die Feuerstelle ist in 15 Gehminuten ab Tartar erreichbar.</p><p><span style=\"font-weight: bold;\">Ausstattung</span></p><ul><li>1 Feuerstelle</li><li>Rost vorhanden</li><li>2 Tische und 5 B\u00e4nke</li><li>Brunnen</li><li>Unterstand</li><li>kleiner See und B\u00e4chlein</li><li>Eingez\u00e4unt auf der Wiese mit B\u00e4umen<br></li></ul><p><br>Bitte allf\u00e4llige Weisungen z.B. bez\u00fcglich <a href=\"https://www.gr.ch/DE/institutionen/verwaltung/diem/awn/aktuelles/Waldbrandgefahr/Seiten/aktuelle_waldbrandgefahr.aspx\" target=\"_blank\">Waldbrandgefahr </a>beachten.</p>", "url": "https://www.viamala.ch", "image": "https://viatpimtsoch.sos-ch-dk-2.exoscale-cdn.com/catalog/e/c/1/6/ec16b4657511ece37be2ff0729a3f6920b944d38_Feuerstelle_alter_Schiessstand_Tartar.jpg", "openstreetmap_id": "node/12074981877"}, "geometry": {"type": "Point", "coordinates": ["9.416412", "46.726809"]}}, {"type": "Feature", "properties": {"identifier": "6d4bbf5b-1d92-48e3-847b-a412b9be287f", "name": "Feuerstelle Thusisblick", "description": "<p><span style=\"font-weight: bold;\">Ausstattung</span></p><ul><li>1 Feuerstelle</li><li>Grillrost vorhanden</li><li>Brennholz vorhanden</li><li>1&nbsp;Tisch mit B\u00e4nke (8 Sitzpl\u00e4tze)</li><li>1 Sitzbank (4 Sitzpl\u00e4tze)</li><li>Diverse weitere Sitzm\u00f6glichkeiten (Baumstamm-Hocker)</li><li>1 Holz-Liegestuhl</li><li>Wasser vorhanden (kein Trinkwasser, Wasserfass zum l\u00f6schen)</li></ul><p><br>Bitte allf\u00e4llige Weisungen z.B. bez\u00fcglich <a href=\"https://www.gr.ch/DE/institutionen/verwaltung/diem/awn/aktuelles/Waldbrandgefahr/Seiten/aktuelle_waldbrandgefahr.aspx\" target=\"_blank\">Waldbrandgefahr </a>beachten.</p>", "url": "https://www.viamala.ch", "image": "https://viatpimtsoch.sos-ch-dk-2.exoscale-cdn.com/catalog/0/f/3/2/0f3294d0f4a88675660c1b3000cb106964393215_Feuerstelle_Thusisblick_Feldis.jpg", "openstreetmap_id": "node/12074999337"}, "geometry": {"type": "Point", "coordinates": ["9.43199872970581", "46.78017452185156"]}}, {"type": "Feature", "properties": {"identifier": "6e2cb6cc-52da-425a-8e20-f7d762168140", "name": "Feuerstelle Dumagns", "description": "Zu Fuss \u00fcber den Bergweg Wergenstein-Dumagns. Gesch\u00fctzt an der Waldgrenze.<br><br>Bitte allf\u00e4llige Weisungen z.B. bez\u00fcglich <a href=\"https://www.gr.ch/DE/institutionen/verwaltung/diem/awn/aktuelles/Waldbrandgefahr/Seiten/aktuelle_waldbrandgefahr.aspx\" target=\"_blank\">Waldbrandgefahr </a>beachten.", "url": "https://www.viamala.ch", "image": "https://viatpimtsoch.sos-ch-dk-2.exoscale-cdn.com/catalog/5/e/6/c/5e6c8e7fdad3f5e2141e05bc49ac775ff2bc92a8_Feuerstelle_Dumagns_Wergenstein.jpg", "openstreetmap_id": "node/12075022317"}, "geometry": {"type": "Point", "coordinates": ["9.39457654953003", "46.628979912114545"]}}, {"type": "Feature", "properties": {"identifier": "6e453f69-3a05-4a4a-b3b6-1929eb206926", "name": "Burgruine La Tur", "description": "<!-- ####### HEY, I AM THE SOURCE EDITOR! #########-->\n<p>Tur als \u00e4ltere der beiden Burgen wird schon 1273 von Heinrich von Reischen aufgelassen, \u00fcber siebenhundert Jahre wird der Turm zur Ruine. Als sich im Winter 2001 die Bresche auf der Schluchtseite weiter vergr\u00f6sserte, musste jederzeit mit dem Einsturz der ganzen Nordh\u00e4lfte gerechnet werden.</p>\n<p>Mit der Erhaltung von der Burg Tur hat sich die Instution&nbsp;<a href=\"https://www.pro-castellis.ch\">Pro Castellis</a>&nbsp;nebem dem Unterhalt der Burg Haselstein&nbsp;eine weitere Aufgabe angenommen.</p>\n<p>2009 wurde die dauerhaft gesicherte Ruine der Gemeinde \u00fcbergeben. Mit zur Sicherung geh\u00f6rte die Erschliessung f\u00fcr das Publikum: Man kann im gepfl\u00e4sterten Turminnern gem\u00fctlich um das Feuer in der m\u00e4chtigen Eisenplastik \u201eTorre in torre\u201c sitzen, Reischener Quellwasser fliesst am Brunnen, eine Informationstafel erz\u00e4hlt die Geschichte der Burg und der Herren von Reischen. Die Ruine liegt am Kultur- und Weitwanderweg&nbsp;<a href=\"https://www.viamala.ch/de/viaspluga\">viaSpluga</a>.</p>", "url": "https://www.viamala.ch", "image": "https://viatpimtsoch.sos-ch-dk-2.exoscale-cdn.com/catalog/5/e/b/2/5eb2fffc4df2db2d14a8bf8e95a13778f82b1ffb_burgruine_la_tur_zillis.jpg", "openstreetmap_id": "way/589327750"}, "geometry": {"type": "Point", "coordinates": ["9.456192255020142", "46.64006717311742"]}}, {"type": "Feature", "properties": {"identifier": "6e45a8b1-4e07-47d5-834a-9da9db3b18c9", "name": "Feuerstelle Querverbindung", "description": "<p>Die Feuerstelle ist ab Thusis in ca. 30 Gehminunten erreichbar.</p><p><span style=\"font-weight: bold;\">Ausstattung</span></p><ul><li>1 Feuerstelle</li><li>Grillrost vorhanden</li><li>2 Tische mit B\u00e4nke (16 Sitzpl\u00e4tze)</li><li>Abfallentsorgung vorhanden</li><li>Brennholz vorhanden<br><br></li></ul><p>Bitte allf\u00e4llige Weisungen z.B. bez\u00fcglich <a href=\"https://www.gr.ch/DE/institutionen/verwaltung/diem/awn/aktuelles/Waldbrandgefahr/Seiten/aktuelle_waldbrandgefahr.aspx\" target=\"_blank\">Waldbrandgefahr </a>beachten.</p>", "url": "https://www.viamala.ch", "image": "https://viatpimtsoch.sos-ch-dk-2.exoscale-cdn.com/catalog/4/2/7/6/4276b51eaf667996dc6106933dac00a1028340b0_Feuerstelle_Querverbindung_Thusis.jpg", "openstreetmap_id": "node/12074764093"}, "geometry": {"type": "Point", "coordinates": ["9.446466565132141", "46.71449920086307"]}}, {"type": "Feature", "properties": {"identifier": "6f44517c-aef8-4474-bbb3-b89357945cff", "name": "Spielplatz Sufers", "description": "<p><strong>Ausstattung:</strong></p>\n<ul>\n<li>Schaukeln</li>\n<li>Nestschaukel</li>\n<li>Sitzgruppe / Sitzbank</li>\n<li>Feuerstelle</li>\n<li>\u00d6ffentliche Toilette</li>\n<li>Sandkasten</li>\n<li>Fussballplatz</li>\n<li>Spielturm zum Klettern mit Rutschbahn</li>\n<li>Kletterstein</li>\n<li>Federwipptiere</li>\n</ul>", "url": "http://viamala.ch", "image": "https://viatpimtsoch.sos-ch-dk-2.exoscale-cdn.com/catalog/0/7/9/f/079fb573a0eec2d01b05764ac8e9190ea48d9496_spielplatz_sufers.jpg", "openstreetmap_id": "way/209226492"}, "geometry": {"type": "Point", "coordinates": ["9.364546537399294", "46.569290514763736"]}}, {"type": "Feature", "properties": {"identifier": "7236646c-2fb5-407f-a6ea-fbdcbc34d2c3", "name": "Stellplatz Avers-Juf", "description": "<h4>Sanit\u00e4ranlage</h4><p>\u00d6ffentliche Toilette im Dorf</p>\n<h4><br>Kosten</h4><p>25.00 CHF pro Fahrzeug und Nacht inkl. G\u00e4steabgabe</p>\n<h4><br>Zahlung</h4><p>Direkt \u00fcber die App&nbsp;<a href=\"https://www.parknsleep.app/ps/86753612\">Parkn'Sleep</a>.</p>\n<h4><br>Maximaler Aufenthalt</h4><p>3 N\u00e4chte</p>\n<h4><br>Abfall</h4><p>Keine M\u00f6glichkeit f\u00fcr Abfallentsorgung</p>", "url": "https://gemeindeavers.ch/", "image": "https://viatpimtsoch.sos-ch-dk-2.exoscale-cdn.com/catalog/6/9/f/b/69fb0d21ae4a032e42dc4d246e10e7d3a9fdebda_avers_juf_im_sommer_demateo.jpg", "openstreetmap_id": "node/12098755635"}, "geometry": {"type": "Point", "coordinates": ["9.577438831329346", "46.446322000850145"]}}, {"type": "Feature", "properties": {"identifier": "72d99f82-9a9c-40fe-82fd-cba71934cd96", "name": "Schloss Ortenstein", "description": "<p>Rund hundertzwanzig Meter &uuml;ber der Domleschger Talsohle erhebt sich rechtsrheinisch auf einem steil abfallenden Felsvorsprung, im Mittelhochdeutschen &bdquo;ort&ldquo; genannt, Schloss Ortenstein. Die Entwicklung des Schlosses begann im fr&uuml;hen 15. Jahrhundert mit dem Bau des markanten Bergfrieds.</p><p>Die Burg wurde sehr wahrscheinlich von den Herren von Vaz erbaut. Sie galt vorerst als bisch&ouml;fliches Lehen, bald aber schon als Eigentum des m&auml;chtigen Geschlechts, das im beginnenden 14. Jahrhundert im Besitz der urkundlich erstmals 1309 erw&auml;hnten Burg &bdquo;Ortenstain&ldquo; erscheint.</p><p><strong>Zerst&ouml;rt - bis auf den Turm<br></strong>Da Donat von Vaz, der auf Ortenstein seinen Wohnsitz gehabt und mit seinen Anbauten an den Turm sp&auml;teren baulichen Entwicklung die Richtung gegeben hat, 1337 als letzter seines Stammes gestorben war, kam Ortenstein 1338 an seinen Tochtermann Rudolf von Werdenberg-Sargans. 1451 w&auml;hrend der &bdquo;Schamser Fehde&ldquo; wurde das werdenbergische Ortenstein bis auf den Turm zerst&ouml;rt. Ein Schiedsspruch von 1452 erlaubte den Wiederaufbau, und es entstand der Osttrakt mit dem in den Fels gehauenen Kellern.</p><p>In den darauffolgenden Jahrhunderten wechselten verschiedene Besitzeigent&uuml;mer das Schloss. 1933 ging das Schloss Ortenstein an Dr. Johann Friedrich von Tscharner. Dieser hat das Schloss mit viel Liebe und Kunstsinn gepflegt und bereichert. Die &auml;ussere Form, in der sich Ortenstein heute dem Wanderer zeigt, hat es im Wesentlichen in der ersten H&auml;lfte des 18. Jahrhunderts durch die Traverse erhalten. Sie haben den Westfl&uuml;gel und die beiden Eckbauten des Osttraktes neu aufgef&uuml;hrt, dem Uhrturm den Aufbau mit Zwiebelhaube aufgesetzt und damit dem Schloss jene kompakte Gestalt gegeben, die es allein aus dem m&auml;chtigen Felsen organisch herausgewachsenes Gebilde erscheinen l&auml;sst.</p><p>Das Schloss Ortenstein ist gr&ouml;sste Schlossanlage im Tal der Burgen und Schl&ouml;sser.</p><p><strong>Zugang<br></strong>Das Schloss Ortenstein befindet sich in Privatbesitz und ist nicht &ouml;ffentlich zug&auml;nglich. Die Anlage ist vom&nbsp;<a href=\"https://mybusiness.outdooractive.com/de/r/23419810/\" data-type=\"tour\" data-id=\"23419810\">Burgenweg Domleschg</a>&nbsp;aus sichtbar.</p>", "url": "http://www.domleschg.ch", "image": "https://viatpimtsoch.sos-ch-dk-2.exoscale-cdn.com/catalog/9/7/b/6/97b6c8395c86ba3b7bbd79b5c50c63b24a0a2ac8_schloss_ortenstein_tomils_sommer_luftaufnahme_viamala_tourismus.jpg", "openstreetmap_id": "relation/13629977"}, "geometry": {"type": "Point", "coordinates": ["9.435715", "46.759602"]}}, {"type": "Feature", "properties": {"identifier": "74093175-bf30-4c5f-9317-4fceee289aa7", "name": "Feuerstelle Plaun Graund", "description": "<p>In der Mitte des Dorfes Feldis geht der Weg hoch Richtung Dreib\u00fcndenstein. Nach ca. 1 Kilometer und 100 H\u00f6henmetern erreichen Sie die Feuerstelle.</p><p>Auf den vielen Sitz- und sogar Liegemo\u0308glichkeiten kann man die Sonnenstrahlen geniessen. Wird es zu warm, gibt es auch einige schattenspendende La\u0308rchen. Im See darf zwar nicht gebadet werden, aber vom Steg aus kann man die Tiere gut beobachten.&nbsp;Bei der Feuerstelle befindet sich eine kleine, leere H\u00fctte. Zudem gibt es eine gem\u00fctliche, geschwungene Holzliege.</p><p><span style=\"font-weight: bold;\">Ausstattung</span></p><ul><li>Brennholz vorhanden</li><li>Rost vorhanden</li><li>2 Tische mit 20 Sitzpl\u00e4tzen</li><li>1 Feuerstelle mit 12 Sitzpl\u00e4tzen</li><li>6 sonstige Sitzpl\u00e4tze</li><li>Abfallentsorgung vorhanden</li><li>Brunnen (kein Trinkwasser)<br><br></li></ul><p>Bitte allf\u00e4llige Weisungen z.B. bez\u00fcglich <a href=\"https://www.gr.ch/DE/institutionen/verwaltung/diem/awn/aktuelles/Waldbrandgefahr/Seiten/aktuelle_waldbrandgefahr.aspx\" target=\"_blank\">Waldbrandgefahr </a>beachten.</p>", "url": "https://www.viamala.ch", "image": "https://viatpimtsoch.sos-ch-dk-2.exoscale-cdn.com/catalog/4/b/d/7/4bd70ebc645bc48754f95ee9469828899898788b_Feuerstelle_Plaun_Graund_Feldis.jpg", "openstreetmap_id": "node/8988518910"}, "geometry": {"type": "Point", "coordinates": ["9.440099000930786", "46.80100319205483"]}}, {"type": "Feature", "properties": {"identifier": "74d222bd-37bf-4a75-be07-672fb61b5112", "name": "Spielplatz Gemeindehaus Urmein", "description": "<p><strong>Ausstattung:</strong></p>\n<ul>\n<li>Brunnen</li>\n<li>Spielh\u00e4usschen mit Rutsche</li>\n<li>Schaukel</li>\n<li>Kletter- und Seilger\u00fcst</li>\n<li>Grosse Rutschbahn</li>\n<li>Tisch mit Bank</li>\n</ul>", "url": "http://viamala.ch", "image": "https://viatpimtsoch.sos-ch-dk-2.exoscale-cdn.com/catalog/6/f/8/a/6f8a03dccfb7cdfcb5ac706bb6bd9f4ca697b112_spielplatz_gemeindehaus_urmein.jpg", "openstreetmap_id": "node/10774824514"}, "geometry": {"type": "Point", "coordinates": ["9.4011318", "46.6923916"]}}, {"type": "Feature", "properties": {"identifier": "7535f1df-fb3e-4560-bd1b-478602ae5f30", "name": "Feuerstelle Muttner H\u00f6hi", "description": "<p>Zu Fuss kann die Feuerstelle in ca. 25 Minuten ab Obermutten erreicht werden. In der Mitte des Dorfes Obermutten finden Sie den Wegweiser, welcher Sie zur Feuerstelle f\u00fchrt. Verlassen Sie das Dorf nach Osten und wandern Sie ca. 1 Kilometer \u00fcber herrliche Bergwiesen bis zur Feuerstelle. Die einfache Wanderung ist auch f\u00fcr Kinder geeignet. Ca. 130 H\u00f6henmeter m\u00fcssen \u00fcberwindet werden, bevor Sie das Ziel erreichen. Die Feuerstelle liegt an sonniger Lage und hat&nbsp;angrenzend zwar einige B\u00e4ume, selbst aber keinen Schatten. Die&nbsp;Wiese um die Feuerstelle bietet gen\u00fcgend Platz zum Spielen und Verweilen.</p><p><span style=\"font-weight: bold;\">Ausstattung</span></p><ul><li>Brennholz vorhanden</li><li>Rost vorhanden</li><li>1 Tisch mit 6 Sitzpl\u00e4tzen</li><li>1 Feuerstelle mit 4 Sitzpl\u00e4tzen</li><li>3 sonstige Sitzpl\u00e4tze Holzsitze<br><br></li></ul><p>Im Sommer herrscht in diesem Gebiet oft <a href=\"https://www.gr.ch/DE/institutionen/verwaltung/diem/awn/aktuelles/Waldbrandgefahr/Seiten/aktuelle_waldbrandgefahr.aspx\" target=\"_blank\">Waldbrandgefahr</a>, bitte allf\u00e4llige Weisungen beachten.</p>", "url": "https://www.viamala.ch", "image": "https://viatpimtsoch.sos-ch-dk-2.exoscale-cdn.com/catalog/6/0/6/2/606214df739f4fe32a86f7b702950f0fb95a5983_IMG_5505.jpeg", "openstreetmap_id": "node/12075033934"}, "geometry": {"type": "Point", "coordinates": ["9.479634761810303", "46.67854922007933"]}}, {"type": "Feature", "properties": {"identifier": "787e8d9c-0560-4d58-b798-adc37a350c2c", "name": "Feuerstelle Plauns", "description": "<p>Feuerholz muss selbst mitgebracht oder im Wald etwas oberhalb&nbsp;gesammelt werden.<br>Bitte den Abfall wieder mitnehmen, es gibt keine Entsorgungsm\u00f6glichkeit.</p><p><span style=\"font-weight: bold;\">Ausstattung</span></p><ul><li>Rost vorhanden</li><li>1 Tisch mit 6 Sitzpl\u00e4tzen</li><li>1 Feuerstelle mit 2 Sitzb\u00e4nken (10 Sitzpl\u00e4tzen)</li><li>Spielwiese<br></li></ul><p><br>Bitte allf\u00e4llige Weisungen z.B. bez\u00fcglich <a href=\"https://www.gr.ch/DE/institutionen/verwaltung/diem/awn/aktuelles/Waldbrandgefahr/Seiten/aktuelle_waldbrandgefahr.aspx\" target=\"_blank\">Waldbrandgefahr </a>beachten.</p>", "url": "https://www.viamala.ch", "image": "https://viatpimtsoch.sos-ch-dk-2.exoscale-cdn.com/catalog/a/1/3/7/a137c7441e85b924181edba3f206b57c73cf550f_Feuerstelle_Plauns_Trans.jpg", "openstreetmap_id": "node/2404903506"}, "geometry": {"type": "Point", "coordinates": ["9.460660815238953", "46.768335206454076"]}}, {"type": "Feature", "properties": {"identifier": "79422cbf-4740-4c79-8766-e4ed4692ffa5", "name": "P\u00f9nts da tgavorgia", "description": "Sie wurden im Jahre 2017 erbaut und sind Teil der Treppenanlage beim Besucherzentrum. Die Zwillingsbr\u00fccken gew\u00e4hren neue, spektakul\u00e4re Einblicke ins Naturmonument der Viamala-Schlucht. Conzett hat mit dem Traversinersteg und der P\u00f9nt da Suransuns bereits zwei Aufsehen erregende Br\u00fccken in der Viamala realisiert. Sein neuestes Werk beeindruckt als zweiteilige Gel\u00e4nderbr\u00fccke aus Edelstahl mit einem Gehbelag aus robustem einheimischen L\u00e4rchenholz.", "url": "https://www.viamala.ch", "image": "https://viatpimtsoch.sos-ch-dk-2.exoscale-cdn.com/catalog/9/3/d/b/93db417c115a37eb710826c631c4034ff91d0555_viamala_schlucht_zillis_thusis_schams_sommer_familie_demateo.com__2_.jpg", "openstreetmap_id": "ay/696320298"}, "geometry": {"type": "Point", "coordinates": ["9.447973000000047", "46.662576"]}}, {"type": "Feature", "properties": {"identifier": "7ae30d38-a65c-4b6c-8c00-8d5c72eb128e", "name": "Lawinengalerie Spl\u00fcgenpass", "description": "<p>Die Spl&uuml;gengalerie liegt auf der Nordseite des Spl&uuml;genpasses, knapp unterhalb der Passh&ouml;he im Kanton Graub&uuml;nden, Schweiz. Sie wurde 1843 von den Ingenieuren Carlo Donegani und Richard La Nicca entworfen und erbaut, um die Passstra&szlig;e vor Lawinen zu sch&uuml;tzen. Finanziert wurde der Bau durch &Ouml;sterreich, einschliesslich eines Gasthauses auf der Schweizer Seite. Die Galerie ist ein einzigartiges Beispiel f&uuml;r die Ingenieurskunst und den Passverkehr des 19. Jahrhunderts und wird im Inventar historischer Verkehrswege der Schweiz als Objekt von nationaler Bedeutung gef&uuml;hrt, wodurch sie unter Bundesschutz steht.</p>\n<p>Bis in die 1950er Jahre nutzte der Strassenverkehr die Galerie, bevor der Spl&uuml;genpass im Winter geschlossen und die Galerie durch eine neue Strasse umfahren wurde. Im Laufe der Zeit wurde das Mauerwerk durch eindringendes Wasser und Frost erheblich besch&auml;digt. Um den drohenden Zerfall zu verhindern, wurde die Galerie von 2007 bis 2011 mit Unterst&uuml;tzung des Bundes, des Kantons Graub&uuml;nden und des B&uuml;ndner Heimatschutzes saniert. Teile des Mauerwerks, die bereits eingest&uuml;rzt waren, wurden wiederhergestellt.</p>\n<p>Heute kann die Galerie auf ihrer gesamten L&auml;nge zu Fuss begangen werden. Ihr unterer Teil dient als Ausstellungsraum, wo Tafeln und Fotografien &uuml;ber die Geschichte und die Sanierung des Bauwerks informieren. Die Restaurierung der Galerie wurde 2011 feierlich abgeschlossen, und gleichzeitig das 10-j&auml;hrige Jubil&auml;um der Via Spluga mit G&auml;sten aus Italien und der Schweiz gefeiert.</p>", "url": "https://www.viamala.ch/", "image": "https://viatpimtsoch.sos-ch-dk-2.exoscale-cdn.com/catalog/a/8/d/8/a8d83fd5a35ab3356be8797348ddde56fbc8fcc7_felsengalerie.jpg", "openstreetmap_id": "way/132375515"}, "geometry": {"type": "Point", "coordinates": ["9.327285289764406", "46.509484929418306"]}}, {"type": "Feature", "properties": {"identifier": "7b11b6a4-bec1-434b-af57-60bc2506418a", "name": "Foto-Spot Viamala-Schlucht", "description": "<p><strong>Viamala-Schlucht</strong><br>Wo einst einer der vielen Wege nach Rom f\u00fchrte, an der historischen Transitroute viaSpluga, liegt die <a href=\"https://viamala-schlucht.ch\" target=\"_blank\">Viamala-Schlucht</a>. Mit ihren schroffen Felsw\u00e4nden, dem Farbenspiel des Wassers und den \u00fcber Jahrtausende ins Gestein geschliffenen Strudelt\u00f6pfen bietet die Schlucht ein unvergessliches Naturerlebnis. Schon der Philosoph Friedrich Nietzsche war davon fasziniert: \u00abIch schreibe nichts von der ungeheuren Grossartigkeit der Viamala. Mir ist, als h\u00e4tte ich die Schweiz noch gar nicht gekannt!\u00bb</p>\n<p>Im Zentrum<span style=\"font-weight: bold;\"> </span>der Schlucht steht ein Besucherzentrum mit einem Shop zur Verf\u00fcgung. Die Treppenanlage hinunter in die Schlucht ist von April bis Oktober ge\u00f6ffnet.</p>", "url": "https://www.viamala.ch", "image": "https://viatpimtsoch.sos-ch-dk-2.exoscale-cdn.com/catalog/f/a/a/6/faa66beeb765e07e8170bf6c18b003d92356b75f_foto_spot_grand_tour_of_switzerland_in_der_viamala_schlucht.jpg", "openstreetmap_id": "node/9633320034"}, "geometry": {"type": "Point", "coordinates": ["9.44800615310669", "46.66290124413077"]}}, {"type": "Feature", "properties": {"identifier": "7fa0c58f-e34c-47a9-ab03-50451f17e02c", "name": "Burgruine Neu Sins / Canova", "description": "<!-- ####### HEY, I AM THE SOURCE EDITOR! #########-->\n<p>In mittelalterlichen Urkunden kommt nur der Name Neu-Sins vor. \u201eCanova\u201c = Neues Haus, scheint eine sp\u00e4tere Romanisierung zu sein. Die von den Herren von Vaz vermutlich in der zweiten H\u00e4lfte des 13. Jahrhunderts errichtete und von Ministerialen bewohnte Burg teilte bis zu ihrem Verfall die Schicksale von Alt-Sins. 1574 erwarb Andreas von Salis zu Rietberg das Gut Canova und nannte sich hernach auch \u201ezu Neusins\u201c.</p>\n<p>Heute besteht noch die H\u00e4lfte des viergeschossigen Wohnturmes, der mit einem Zeltdach gedeckt und von einem Zinnenkranz bekr\u00f6nt war. Aborterker befinden sich in den beiden Wohnst\u00f6cken, ebenso Reste einer Kamin- und Ofenanlage. Westlich des Turmes ist eine viereckige Zisterne in Felsgrund gebaut.</p>\n<p><strong>Zugang<br></strong>Die Ruine&nbsp;befindet sich auf Privatgrund&nbsp;und ist nicht \u00f6ffentlich zug\u00e4nglich. Die Anlage ist vom&nbsp;<a href=\"https://mybusiness.outdooractive.com/de/r/23419810/\" data-type=\"tour\" data-id=\"23419810\">Burgenweg Domleschg</a>&nbsp;aus sichtbar.</p>\n<p><strong>&nbsp;</strong></p>", "url": "https://www.viamala.ch", "image": "https://viatpimtsoch.sos-ch-dk-2.exoscale-cdn.com/catalog/6/3/5/b/635b41356576d98f862a22a982ea7b626703ad95_ruine_canova_neu_sins_suens_canova_paspels_sommer_viamala_tourismus.jpg", "openstreetmap_id": "node/1264014165"}, "geometry": {"type": "Point", "coordinates": ["9.447751", "46.744163"]}}, {"type": "Feature", "properties": {"identifier": "7fb651c1-c570-462a-8d27-d2350f04e0a6", "name": "Kulturarchiv Cazis", "description": "<p><strong>Kulturarchiv<br></strong>Unter vielem anderen zeigen wir unseren Besuchern: Gegenst\u00e4nde und Schriften aus Privatbesitz, Einb\u00fcrgerungen, Anschauungsmaterial der Ausgrabungen vom Petrush\u00fcgel und des Spaltendorfes Cresta. Uniformen und Waffen aus napoleonischer Zeit, die heute noch an der Fronleichnamsprozession von Cazis getragen werden. Schul-, Vereins- und Gemeindefahnen, Protokolle der Hexenprozesse der Gerichtsgemeinde Heinzenberg. Handlungsbuchhaltungen aus dem 19. Jh. Brosch\u00fcren \u00fcber Geschichte und Schicksale aus Cazis und der Region. Studien der Flurnamen von Cazis. Geschichte der internierten polnischen Soldaten w\u00e4hrend des zweiten Weltkriegs usw.</p>\n<p><strong>6'000 Fotografien</strong> von Cazis und der Region k\u00f6nnen als H\u00f6hepunkt des Kulturarchivs bezeichnet werden.</p>\n<p><strong>Fachbibliothek </strong>der Ornithologie, Geschichte, Religion &amp; Kunst<strong>.</strong></p>\n<p><strong>Ausstellungen:</strong> mindestens einmal j\u00e4hrlich zeigen wir eine Sonderausstellung \u00fcber ein bestimmtes Thema.</p>\n<p><strong>Power-Point Pr\u00e4sentationen &amp; Vortr\u00e4ge:</strong> f\u00fcr Gruppen von 8 bis 25 Personen.</p>", "url": "https://www.cazis.ch", "image": "https://viatpimtsoch.sos-ch-dk-2.exoscale-cdn.com/catalog/0/5/c/c/05cc186cb81b6c03fc239d4a02e55f8604be37c6_kulturarchiv_cazis_in_tartar_ausstellung_viamala_tourismus.jpg", "openstreetmap_id": "node/12100398377"}, "geometry": {"type": "Point", "coordinates": ["9.418630599975586", "46.71753716668951"]}}, {"type": "Feature", "properties": {"identifier": "80b4579a-ff06-422e-a2bf-cd1dfb274720", "name": "\u00d6ffentliche Toilette Sennerei Urmein", "description": "Die Toilette befindet sich zwei Gehminuten von der Bushaltestelle \"Urmein, Dorf\" entfernt.", "url": "https://viamala.ch", "image": "https://viatpimtsoch.sos-ch-dk-2.exoscale-cdn.com/catalog/9/b/3/4/9b34df53b3e0df2c7c91d68eeb7459ddb6e2372e_zugang_toilette_urmein.jpg", "openstreetmap_id": "way/363412153"}, "geometry": {"type": "Point", "coordinates": ["9.400944113731386", "46.69151385297293"]}}, {"type": "Feature", "properties": {"identifier": "80def928-8084-4240-868b-1ef3cac8ffc1", "name": "\u00d6ffentliche Toilette Mathon ", "description": "Die Toilette befindet sich im Geb\u00e4ude der Feuerwehr (Pumpiers, Clavo da Vaschegns).", "url": "https://www.viamala.ch", "image": "https://viatpimtsoch.sos-ch-dk-2.exoscale-cdn.com/catalog/0/d/7/e/0d7e98d57544185df5699aa0850e65d1b8f60806_toilette_mathon.jpg", "openstreetmap_id": "way/138006897"}, "geometry": {"type": "Point", "coordinates": ["9.4161223", "46.6388936"]}}, {"type": "Feature", "properties": {"identifier": "8437ddd1-afda-47b1-896b-ed2726794d2e", "name": "Schloss Untertagstein", "description": "Das Kulturgut hat viele Besitzerwechselt hinter sich und war immer wieder Drehscheibe der politischen und wirtschaftlichen Entwicklung von Masein. Die Burg ist Heute in Privatbesitz und nicht \u00f6ffentlich zug\u00e4nglich.", "url": "https://www.viamala.ch", "image": "https://viatpimtsoch.sos-ch-dk-2.exoscale-cdn.com/catalog/b/f/8/2/bf82082787dbe85711e986d42ea8ca4056ea84ba_schloss_untertagstein_masein_im_sommer_demateo.com.jpg", "openstreetmap_id": "way/139930352"}, "geometry": {"type": "Point", "coordinates": ["9.432320594787598", "46.7045860043631"]}}, {"type": "Feature", "properties": {"identifier": "85c45407-789d-47d0-ae6e-fc2a28951b49", "name": "CasaStorica Andeer \u2013 B\u00fchne f\u00fcr Geschichten und Kultur", "description": "<p data-start=\"965\" data-end=\"1336\">Erwin Dirnberger verwandelt die CasaStorica mit viel Leidenschaft in eine Kulturb&uuml;hne: Er schl&uuml;pft in zeitgen&ouml;ssische Rollen, l&auml;sst Figuren auferstehen und macht das Haus selbst zur Kulisse f&uuml;r ein vielschichtiges Programm. Ob auf der Kleinb&uuml;hne, in der heimeligen Stube oder im Dachgeschoss &ndash; jede Ecke des Hauses wird bespielt und tr&auml;gt zur besonderen Atmosph&auml;re bei.</p><p data-start=\"1338\" data-end=\"1667\"><strong data-start=\"1338\" data-end=\"1383\">Ein Haus f&uuml;r Theaterliebhaber und Gruppen</strong><br data-start=\"1383\" data-end=\"1386\">Die CasaStorica ist f&uuml;r Individualbesucher jeweils im Rahmen von <em>Geschichten &amp; Geb&auml;ck</em> ge&ouml;ffnet. Besucher:innen k&ouml;nnen dabei nicht nur in die Szenen eintauchen, sondern auch das authentische Hausambiente mit traditionellem Geb&auml;ck geniessen. Die aktuellen Daten sind im&nbsp;<a href=\"https://viamala.ch/informieren/aktuelles/events.html?view=card&amp;page=1&amp;sorting=date&amp;search=Geb%C3%A4ck\" target=\"_blank\" rel=\"noopener\">Veranstaltungskalender</a> ersichtlich.</p><p data-start=\"1669\" data-end=\"1770\">F&uuml;r Gruppen bietet die CasaStorica von Mai bis Oktober ein vielf&auml;ltiges Programm nach Vereinbarung:</p><ul data-start=\"1771\" data-end=\"2056\"><li data-start=\"1771\" data-end=\"1852\"><p data-start=\"1773\" data-end=\"1852\"><strong data-start=\"1773\" data-end=\"1808\">Szenische Rundg&auml;nge durchs Haus</strong> (viaSpluga-Geschichten, Haus-Geschichten)</p></li><li data-start=\"1853\" data-end=\"1937\"><p data-start=\"1855\" data-end=\"1937\"><strong data-start=\"1855\" data-end=\"1869\">Intermezzi</strong> &ndash; kurze, lebendige B&uuml;hnenst&uuml;cke aus dem Alltag vergangener Zeiten</p></li><li data-start=\"1938\" data-end=\"2056\"><p data-start=\"1940\" data-end=\"2056\"><strong>Auf Wunsch mit Verpflegung </strong>wie der traditionellen &laquo;Marenda pintga&raquo; oder Kaffee und Kuchen in der gem&uuml;tlichen Stube</p></li></ul><p data-start=\"2058\" data-end=\"2137\">Externe Theaterprogramme und spezielle Inszenierungen sind ebenfalls m&ouml;glich.</p><p data-start=\"2357\" data-end=\"2445\">Weitere Informationen und Buchungen findest du direkt auf der <a href=\"https://viamala.ch/erleben/ausflugsziele/museen-ausstellungen/casastorica.html\" target=\"_blank\" rel=\"noopener\">Website der CasaStorica</a>.</p>", "url": "http://www.casa-storica.ch", "image": "https://viatpimtsoch.sos-ch-dk-2.exoscale-cdn.com/catalog/6/2/b/2/62b2ff61a7bff1c2ff5f3c0786d64c1ba6d0f039_casastorica_andeer_schams_sommer_viamala_tourismus.jpg", "openstreetmap_id": "node/12100400726"}, "geometry": {"type": "Point", "coordinates": ["9.427887", "46.600678"]}}, {"type": "Feature", "properties": {"identifier": "85ddd631-aa2e-4320-ad92-554fdbff4b66", "name": "Burgruine Campell", "description": "<!-- ####### HEY, I AM THE SOURCE EDITOR! #########-->\n<p>Der Name von Hof und Schloss stammt von einer r\u00e4toromanischen Flurbezeichnung. Sie bedeutet sch\u00f6nes Feld; Campi ist Dialektabwandlung. Die erste Besitzerin von Campell war die Familie, welche sich nach dem Hof von Campell nannte.</p>\n<p>Im Jahre 1289 erscheint Egeno de Campello in einem bisch\u00f6flichen Eink\u00fcnfteverzeichnis. Er bezahlte eine kirchliche Abgabe von 15 Schilling an die Pfarrei Hoch Rialt f\u00fcr G\u00fcter in Portein und Dalin. Im sp\u00e4ten 14. Jahrhundert waren die Herren von Campell bereits weggezogen oder ausgestorben.</p>\n<p>Zwischen dem 14. Jahrhundert und dem 18. Jahrhundert wechselte die Ruine Campell von bisch\u00f6flichem Besitz zu diversen anderen Besitzern. 1710 \u00fcbernimmt Commissari Silvester Rosenroll von Thusis von den Erben der Margaretha von Schauenstein \u201ealle im Hof Campell habenden G\u00fcter, Geb\u00e4ude was namens solche seyen\u201c f\u00fcr 1050 Rheinische Gulden.</p>\n<p><strong>Baudenkmal von nationaler Bedeutung</strong></p>\n<p>Das Schloss blieb unbewohnt und der Zerfall begann. Von den Rosenroll gelangte Campell als Erbe an die Familie von Salis Sils tauschte 1796 \u201eSchloss und G\u00fcter im Hof Campell Silser territorio gelegen\u201c mit Schreiber Thomas Heinz aus Sils um G\u00fcter in Flerden. Im Jahre 1928 verkaufte die Familie Heinz die Ruine an Dr. Rudolf Campell in Pontresina. Dessen Sohn Dr. Chasper Campell hat 1987 die Ruine in die Stiftung Ruine Campell/Campi eingebracht. In den Jahren 1993, 1996 und 1998 ist die Anlage nach einer vorg\u00e4ngig durch den Arch\u00e4ologischen Dienst und die Kantonale Denkmalpflege durchgef\u00fchrten Bauuntersuchung und Dokumentation nach den neuesten Erkenntnissen konserviert worden. Die Ruine Campell ist als Baudenkmal von nationaler Bedeutung.</p>\n<p>&nbsp;</p>\n<p><strong>Zugang</strong></p>\n<p>Campi liegt am Eingang zur Schinschlucht und ist \u00f6ffentlich zug\u00e4nglich. Erreichbar zu Fuss in ca. 30 min ab&nbsp;<a href=\"https://mybusiness.outdooractive.com/de/r/23419810/\" data-type=\"tour\" data-id=\"23419810\">Burgenweg Domleschg</a>.</p>\n<p><strong>&nbsp;</strong></p>", "url": "https://www.viamala.ch", "image": "https://viatpimtsoch.sos-ch-dk-2.exoscale-cdn.com/catalog/d/d/d/1/ddd1f4a5762817c9f4d00f5bbec489e24fe4ef9b_ruine_campi_campell_sils_im_domleschg_sommer_viamala_tourismus.jpg", "openstreetmap_id": "way/138166238"}, "geometry": {"type": "Point", "coordinates": ["9.471332", "46.700719"]}}, {"type": "Feature", "properties": {"identifier": "85f00ada-b799-45b4-b043-79e27b992b38", "name": "Feuerstelle Andeer", "description": "<p>In der Mitte des Dorfes Andeer l\u00e4uft man ca. 5 Gehminuten auf dem Weg \"viaSpluga\" Richtung Thusis. Direkt nach der Holzbr\u00fccke befindet sich die Feuerstelle am Hinterrhein. Der Rhein ist aufgrund der Str\u00f6mung nicht zum Baden geeignet.</p><p><span style=\"font-weight: bold;\">Ausstattung</span></p><ul><li>1 Feuerstelle</li><li>Rost vorhanden (verstellbarer Glutrost 45x70cm)</li><li>Brennholz vorhanden</li><li>1 Tisch mit Sitzgelegenheiten direkt neben der Feuerstelle (ca. 8 Sitzpl\u00e4tze)</li><li>2 weitere Holztische mit B\u00e4nke, einer davon ist gedeckt (Total ca. 20 Sitzpl\u00e4tze)</li><li>grossz\u00fcgiger Spielplatz</li><li>Brunnen mit Trinkwasser</li><li>Abfallentsorgung vorhanden<br><br></li></ul><p>Bitte allf\u00e4llige Weisungen z.B. bez\u00fcglich <a href=\"https://www.gr.ch/DE/institutionen/verwaltung/diem/awn/aktuelles/Waldbrandgefahr/Seiten/aktuelle_waldbrandgefahr.aspx\" target=\"_blank\">Waldbrandgefahr </a>beachten.</p>", "url": "https://www.viamala.ch", "image": "https://viatpimtsoch.sos-ch-dk-2.exoscale-cdn.com/catalog/2/a/3/9/2a399f9cc5b8e9152ee0076be394320ef175ce3b_Feuerstelle_und_Spielplatz_Andeer.jpg", "openstreetmap_id": "node/12075013619"}, "geometry": {"type": "Point", "coordinates": ["9.421925", "46.602923"]}}, {"type": "Feature", "properties": {"identifier": "8b68d74a-f910-45cb-a5a2-0c8ea49b91d6", "name": "Feuerstelle Trieg", "description": "<p>Die Feuerstelle ist ab dem Bahnhof Rothenbrunnen in ca. 1:10h Wanderzeit erreichbar. Als Alternative kann man direkt zur Feuerstelle mit dem Auto fahren. Hierf\u00fcr wird eine Bewilligung ben\u00f6tigt.</p><p><span style=\"font-weight: bold;\">Ausstattung</span></p><ul><li>1 Feuerstelle</li><li>Rost vorhanden</li><li>Brennholz vorhanden</li><li>2 Tische und 4 B\u00e4nke</li><li>Brunnen<br></li></ul><p><br>Bitte allf\u00e4llige Weisungen z.B. bez\u00fcglich <a href=\"https://www.gr.ch/DE/institutionen/verwaltung/diem/awn/aktuelles/Waldbrandgefahr/Seiten/aktuelle_waldbrandgefahr.aspx\" target=\"_blank\">Waldbrandgefahr </a>beachten.</p>", "url": "https://www.viamala.ch", "image": "https://viatpimtsoch.sos-ch-dk-2.exoscale-cdn.com/catalog/e/4/5/9/e459895ff95404e621dbbce9409feb4d8b6acd05_Feuerstelle_Trieg_Pr__z.jpg", "openstreetmap_id": "node/12075033663"}, "geometry": {"type": "Point", "coordinates": ["9.409393069968019", "46.76320004718704"]}}, {"type": "Feature", "properties": {"identifier": "8d0a3ae5-51f8-48f0-a4ff-0911eeaf5190", "name": "Herbie Taxi Reisen", "description": "Herbie Taxi Reisen ist eine verl\u00e4ssliche und erfahrene Wahl f\u00fcr alle Transportbed\u00fcrfnisse. Ob Sie regelm\u00e4ssige Sch\u00fclerfahrten, gelegentliche Transfers oder eine grosse Gruppenreise planen, hier finden Sie massgeschneiderte L\u00f6sungen. Mit \u00fcber 20 Jahren Erfahrung gew\u00e4hrleistet Herbert Michael h\u00f6chste Zuverl\u00e4ssigkeit und Komfort. Das Unternehmen bietet flexible Dienstleistungen zu fairen Preisen an, sei es f\u00fcr den Personentransport, kleinere Transporte oder als privater Chauffeur f\u00fcr Gesch\u00e4ftsausfl\u00fcge. Herbert Michaels Taxi ist Ihr vertrauensw\u00fcrdiger Partner f\u00fcr eine sichere und angenehme Reiseerfahrung.", "url": "https://www.herbie.gr", "image": "https://viatpimtsoch.sos-ch-dk-2.exoscale-cdn.com/catalog/0/7/5/e/075ec3560a1e3d0da93cd050b910462e700fa5c6_herbert_michael_personentransport_herbie_donat_schamserberg_sommer_viamala_tourismus.jpg", "openstreetmap_id": "node/12121761593"}, "geometry": {"type": "Point", "coordinates": ["9.429622", "46.629065"]}}, {"type": "Feature", "properties": {"identifier": "8d5ce6eb-2efd-4b1d-8f47-fb379ca1e649", "name": "Avalanche Training Center Avers-Juf", "description": "<p>Es ist absolut wichtig, durch umsichtiges Verhalten einen Lawinenabgang zu vermeiden, sollte es dennoch geschehen, geht es bei der Rettung um Minuten!</p>\n<p>Das&nbsp;ATC Avalanche Training Center&nbsp;ist eine station\u00e4re Anlage zur \u00dcbung der Lawinenversch\u00fctteten-Suche&nbsp;mit LVS-Ger\u00e4ten und Lawinensonden. Sie erm\u00f6glicht die Handhabung der Notfallausr\u00fcstung unter nahezu realistischen Bedingungen zu trainieren.</p>\n<p>Die Anlage ist w\u00e4hrend der Wintersaison in Betrieb.</p>\n<p><strong>Die Anlage befindet sich direkt beim Parkplatz (Ortseinfahrt Avers-Juf) auf der linken Seite.</strong></p>", "url": "https://www.viamala.ch", "image": "https://viatpimtsoch.sos-ch-dk-2.exoscale-cdn.com/catalog/9/f/6/7/9f674118c9ba76f1d20de7950c40f883bc646576_avalanche_training_center_atc_avers_juf_viamala_tourismus.jpg", "openstreetmap_id": "node/12120219019"}, "geometry": {"type": "Point", "coordinates": ["9.576516151428223", "46.44665466373725"]}}, {"type": "Feature", "properties": {"identifier": "8ed2b40e-3961-4889-82e3-1ed66996dc1e", "name": "Bus alpin Beverin", "description": "<p>Die Moorlandschaft von nationaler Bedeutung rund um den Lai Grand l\u00e4dt zum Verweilen ein. Eine Wanderung f\u00fchrt von der Tguma \u00fcber die Alp Tumpriv zum Piz Beverin mit atemberaubender Aussicht. M\u00f6glich sind auch \u00dcberquerungen ins Safiental, nach Sufers oder an den Heinzenberg. Von der Tguma erreicht man ebenfalls die einzige und einzigartige Cufercalh\u00fctte (SAC) des Naturparks.</p>\n<p>Gruppen ab 6 Personen und Fahrr\u00e4der mit obligatorischer Anmeldung; weitere Fahrten zu Spezialtarif. Tel. Herbert Michael Transporte:&nbsp;<a href=\"tel:+41792421390\">+41 79 242 13 90</a>.</p>", "url": "https://busalpin.ch/regionen/beverin/sommer", "image": "https://viatpimtsoch.sos-ch-dk-2.exoscale-cdn.com/catalog/e/7/9/a/e79afbb4c90eac06205b29edf288b6666999af5e_bus_alpin_beverin__1_.jpg", "openstreetmap_id": "node/3968279121"}, "geometry": {"type": "Point", "coordinates": ["9.407971501350405", "46.62657806156046"]}}, {"type": "Feature", "properties": {"identifier": "8f2099db-4bd7-4bbe-ae75-4eb6baec9496", "name": "Gilli's Museum", "description": "<p>Einige Gegenst&auml;nde befl&uuml;geln die Fantasie und erinnern an das Leben in fr&uuml;heren Zeiten. Wie z.B. der Rollstuhl der Urgrossmutter, welcher an die Heidi-Verfilmung erinnert. Die Alpszenen der neuesten Verfilmung entstanden im Sommer 2014 oberhalb von Sufers.</p>", "image": "https://viatpimtsoch.sos-ch-dk-2.exoscale-cdn.com/catalog/c/9/6/5/c96575a190baf831ce7a6d520fd82d4c1c67b9b2_gilli_s_museum_ausstellung_demateo.jpg", "openstreetmap_id": "node/12100419485"}, "geometry": {"type": "Point", "coordinates": ["9.36807632446289", "46.57089125492068"]}}, {"type": "Feature", "properties": {"identifier": "8fe8af26-2f0d-4d06-b520-ec17eec25591", "name": "St. Antoniuskirche Mathon", "description": "Die heute sichtbaren Ruinen der Kirchenruine St. Antonius stammen aus dem Beginn des 13. Jahrhunderts. Anl\u00e4sslich einer Grabung im Jahr 1956 wurde eine halbrunde&nbsp;Apsis&nbsp;aus sp\u00e4tkarolingischer Zeit freigelegt, die bis zum Chor des Nachfolgerbaus reichte. Die zahlreich gefundenen Fragmente vorromanischer und romanischer Zeit werden heute im Depot des&nbsp;R\u00e4tischen Museums&nbsp;aufbewahrt. <br>Die Kirche&nbsp;wurde in den 80er-Jahren des letzten Jahrhunderts vor dem totalen Verfall bewahrt. Seither k\u00f6nnen hier im Sommer wieder wunderbare Hochzeiten gefeiert werden.", "url": "https://www.viamala.ch", "image": "https://viatpimtsoch.sos-ch-dk-2.exoscale-cdn.com/catalog/0/0/c/6/00c69c932ab0ebe3444811f5741d87514b1022f1_mathon_schamserberg_kirchen_st_antoniuskirche_fruehling_sommer_demateo.com.jpg", "openstreetmap_id": "way/319798295"}, "geometry": {"type": "Point", "coordinates": ["9.417115", "46.635981"]}}, {"type": "Feature", "properties": {"identifier": "903bcc4e-9ed0-4dd3-8ae0-0c410f3b8451", "name": "Schmelzi Ausserferrera", "description": "<!-- ####### HEY, I AM THE SOURCE EDITOR! #########-->\n<p>\u00dcber Jahrhunderte verhalfen Rohstoffe wie Eisen und Erz dem Ferrera- und Schamsertal zu einem gewissen Wohlstand. Heute sind die Minen stillgelegt.&nbsp;Die&nbsp;Zeitzeugen&nbsp;sind aber heute noch sichtbar.</p>\n<p>Der&nbsp;<a href=\"https://www.erzminen-hinterrhein.ch\">Verein Erzminen</a>&nbsp;Hinterrhein sorgt daf\u00fcr, dass diese Zeitzeugen im&nbsp;<a href=\"https://www.viamala.ch/de/ausflugsziele/bergbaumuseum-innerferrera\">Bergbaumuseum</a>&nbsp;in Innerferrera und auf&nbsp;<a href=\"https://www.erzminen-hinterrhein.ch/f%C3%BChrungen/\">gef\u00fchrten Exkursionen</a>&nbsp;wieder entdeckt werden k\u00f6nnen.</p>\n<p><strong>&nbsp;</strong></p>", "url": "https://www.viamala.ch", "image": "https://viatpimtsoch.sos-ch-dk-2.exoscale-cdn.com/catalog/e/2/0/b/e20bdcc64944f33f2f204dec161e5979ba747eaf_schmelzi_ausserferrera.jpg", "openstreetmap_id": "way/1301321462"}, "geometry": {"type": "Point", "coordinates": ["9.439052939414978", "46.570150001184906"]}}, {"type": "Feature", "properties": {"identifier": "909d9961-e5ab-4ca0-9417-0cae7a590293", "name": "Feuerstelle Burgruine Cagliatscha", "description": "<p>Die Feuerstelle ist von Clugin aus \u00fcber einen Wanderweg in gut 30 Minuten problemlos erreichbar.&nbsp; Folgen Sie der Wanderweg Signalisation&nbsp;Richtung \"Ruina Cagliatscha\".</p><p><span style=\"font-weight: bold;\">Ausstattung</span></p><ul><li>1 Feuerstelle</li><li>Rost vorhanden (verstellbaren Glutrost 45x70cm)</li><li>2 Tische mit B\u00e4nke (18 Sitzpl\u00e4tze)</li><li>Brennholz vorhanden</li><li>Brunnen mit Trinkwasser vorhanden</li><li>Abfallentsorgung vorhanden<br><br></li></ul><p>Bitte allf\u00e4llige Weisungen z.B. bez\u00fcglich <a href=\"https://www.gr.ch/DE/institutionen/verwaltung/diem/awn/aktuelles/Waldbrandgefahr/Seiten/aktuelle_waldbrandgefahr.aspx\" target=\"_blank\">Waldbrandgefahr </a>beachten.</p>", "url": "https://www.viamala.ch", "image": "https://viatpimtsoch.sos-ch-dk-2.exoscale-cdn.com/catalog/6/b/f/b/6bfb7202abaa5a06203037fb496dbbc7ee81a80f_Feuerstelle_Burgruine_Cagliatscha_Clugin.jpg", "openstreetmap_id": "node/4027345697"}, "geometry": {"type": "Point", "coordinates": ["9.422066", "46.613691"]}}, {"type": "Feature", "properties": {"identifier": "94d22d5b-9b7a-4f9e-a658-86fcccdb5de4", "name": "Spielplatz Paspels Cureia", "description": "<p><strong>Ausstattung:</strong></p>\n<ul>\n<li>Abfallentsorgung</li>\n<li>Spielturm mit Rutsche und Kletternetz</li>\n<li>Nestschaukel</li>\n<li>Schaukel und Korbschaukel</li>\n<li>Rutsche</li>\n<li>R&ouml;hre</li>\n<li>Spielturm mit Wasserspiel</li>\n<li>Holz Auto</li>\n<li>Sitzgruppe/Bank</li>\n</ul>", "url": "https://www.viamala.ch", "image": "https://viatpimtsoch.sos-ch-dk-2.exoscale-cdn.com/catalog/c/6/3/b/c63b4f697547d6a0312d63bec6d54dd45bb6b39d_spielplatz_paspels_cureia.jpg", "openstreetmap_id": "node/12075137495"}, "geometry": {"type": "Point", "coordinates": ["9.44252", "46.749895"]}}, {"type": "Feature", "properties": {"identifier": "964ce5f5-0a39-4253-bf89-cc11eed2f6c5", "name": "Feuerstelle Tgometta", "description": "<p>Die Feuerstelle ist ab Lescha in weniger als 15 Minuten zu Fuss erreichbar.</p><p><span style=\"font-weight: bold;\">Ausstattung</span></p><ul><li>1 Feuerstelle</li><li>Grillrost vorhanden</li><li>Brennholz vorhanden</li><li>1 Tisch und 3 B\u00e4nke</li><li>der Platz ist eingez\u00e4unt<br><br></li></ul><p>Bitte allf\u00e4llige Weisungen z.B. bez\u00fcglich <a href=\"https://www.gr.ch/DE/institutionen/verwaltung/diem/awn/aktuelles/Waldbrandgefahr/Seiten/aktuelle_waldbrandgefahr.aspx\" target=\"_blank\">Waldbrandgefahr </a>beachten.</p>", "url": "https://www.viamala.ch", "image": "https://viatpimtsoch.sos-ch-dk-2.exoscale-cdn.com/catalog/6/8/3/a/683a90b49815bc38d411846623ae60affaf5183e_Feuerstelle_Beispielbild.jpg", "openstreetmap_id": "node/12075017765"}, "geometry": {"type": "Point", "coordinates": ["9.402966505500672", "46.72950714675161"]}}, {"type": "Feature", "properties": {"identifier": "971bb02e-351e-419d-9398-aa660495adec", "name": "Stellplatz Oberurmein", "description": "<p>Die Kosten betragen CHF 19.00&nbsp; (inkl. Kurtaxen) pro Nacht. Die Bezahlung erfolgt einfach und bequem \u00fcber einen QR-Code oder \u00fcber <a href=\"https://tschappina.payrexx.com/de/?tid=6f694719\" target=\"_blank\">tschappina.payrexx.com</a>. Akzeptiert werden Twint, Mastercard, Visa und Amex. </p><p><span style=\"font-weight: bold;\">Im Preis inbegriffen:</span><span style=\"font-weight: 700;\"><br></span>Ben\u00fctzung Aussen-WC Restaurant Skih\u00fctte<br>17-Liter Abfallsack</p><p>Der Abfallsack inkl. Marke kann im <a href=\"https://www.hofladen-girs.ch/\" target=\"_blank\">Hofladen girs+ Oberurmein</a> bezogen werden und im Molok bei der Einfahrt Aclas entsorgt werden. (Entsorgung ohne Marke ist strikt untersagt.)</p><p><span style=\"font-weight: bold;\">Verpflegung:</span><span style=\"font-weight: 700;\"><br></span>Das Restaurant Skih\u00fctte bewirtet Sie gerne mit einheimischen Spezialit\u00e4ten und regionalen Produkten.</p><p>Frische Gipfeli, Br\u00f6tchen und weitere Lebensmittel k\u00f6nnen im <a href=\"https://www.hofladen-girs.ch/\" target=\"_blank\">Hofladen girs+ Oberurmein</a> bezogen werden.</p>", "url": "https://www.skilifte-tschappina.ch/", "image": "https://viatpimtsoch.sos-ch-dk-2.exoscale-cdn.com/catalog/6/8/6/4/6864a585d1cbcb4d3ca4af8eac1bff0d11e7c7ba_stellplatz_oberurmein.jpg", "openstreetmap_id": "node/8747425925"}, "geometry": {"type": "Point", "coordinates": ["9.385247826576233", "46.69715451116192"]}}, {"type": "Feature", "properties": {"identifier": "9736e021-7190-44cc-a509-b1756eabae69", "name": "Kapelle St. Maria Magdalena", "description": "Urspr\u00fcnglich war St. Maria Magdalena eine Filiale der Pfarrkirche St. Lorenz in Paspels.&nbsp;Wann die Kapelle, eine einfache geostete Saalkirche mit eingezogener&nbsp;Apsis, erbaut worden ist, ist unklar; fest steht jedoch, dass sie&nbsp;romanischen&nbsp;Ursprungs ist. Die Kapelle und der Hof Dusch geh\u00f6rten im 13. Jahrhundert zu den Besitzungen der&nbsp;Freiherren von Vaz&nbsp;und wurden dem&nbsp;Pr\u00e4monstratenserstift&nbsp;Churwalden&nbsp;gestiftet. Im Churwaldner&nbsp;Urbar&nbsp;von 1508 wird die Kapelle erstmals urkundlich erw\u00e4hnt:&nbsp;\u00abSequitur unsers gotzhus zins von den gutern, die gehorend den zwayen capellen Sant Lorentzen und Sant Maria Magdalena in Tumilser kirchspel gelegen welche mirsamt iren zehenden, zinsen und gutern unseres gotzhus aygen sind\u00bb. In den p\u00e4pstlichen Best\u00e4tigungen des Klosterbesitzes von 1208 sind sie nicht aufgef\u00fchrt; wann die \u00dcbergabe an das Kloster Churwalden stattfand, ist unsicher. Nach der Reformation im 16. Jahrhundert stand die Kapelle zun\u00e4chst unbenutzt, bis sie 1786 vom Kloster Churwalden der katholischen Kirchgemeinde von Paspels \u00fcbergeben wurde.", "url": "https://www.viamala.ch", "image": "https://viatpimtsoch.sos-ch-dk-2.exoscale-cdn.com/catalog/8/9/5/9/8959d8fda21f539ab1f4f2ed4fa2a9ee4f02340e_kapelle_st_maria_magdalena_dusch_paspels_domleschg_fruehling_demateo_1.jpg", "openstreetmap_id": "way/110961075"}, "geometry": {"type": "Point", "coordinates": ["9.450012445449829", "46.75651533918456"]}}, {"type": "Feature", "properties": {"identifier": "974c8f2a-4d23-4abb-ba27-2d9aae24bfd6", "name": "Stegfeuerstelle L\u00fcschersee", "description": "<p>Die Feuerstelle befindet sich direkt beim Steg des wieder aufgef\u00fcllten L\u00fcschersees und auf dem&nbsp;<a href=\"https://mybusiness.outdooractive.com/de/r/23420097/\" target=\"_blank\">Erlebnisweg - ein Berg im Fluss</a>. Informationen zum Wiedererwachen des L\u00fcschersees finden Sie <a href=\"https://www.viamala.ch/de/ausflugsziele/wiedererwachen-des-lueschersees\" target=\"_blank\">hier</a>.</p><p><span style=\"font-weight: bold;\">Ausstattung</span></p><ul><li>1 Grillrost</li><li>Brennholz vorhanden<br></li></ul><p><br>Es gibt keine B\u00e4nke direkt an der Feuerstelle.<br>Bitte allf\u00e4llige Weisungen z.B. bez\u00fcglich <a href=\"https://www.gr.ch/DE/institutionen/verwaltung/diem/awn/aktuelles/Waldbrandgefahr/Seiten/aktuelle_waldbrandgefahr.aspx\" target=\"_blank\">Waldbrandgefahr </a>beachten.</p>", "url": "https://www.viamala.ch", "image": "https://viatpimtsoch.sos-ch-dk-2.exoscale-cdn.com/catalog/3/6/5/0/36503e20fcc41023c17be0fdd2e4fc09a6c7db02_Stegfeuerstelle_L__schersee.jpg", "openstreetmap_id": "node/9991391672"}, "geometry": {"type": "Point", "coordinates": ["9.351318", "46.693214"]}}, {"type": "Feature", "properties": {"identifier": "99ab5d13-fe9e-4d1f-875d-4f509c9c529c", "name": "Spielplatz Spl\u00fcgen", "description": "<p><strong>Ausstattung:</strong></p>\n<ul>\n<li>Abfallentsorgung</li>\n<li>Tischtennis</li>\n<li>Basketballkorb</li>\n<li>Schaukeln</li>\n<li>Nestschaukel</li>\n<li>Sitzm\u00f6glichkeiten</li>\n<li>Sandkasten</li>\n<li>Federwippen</li>\n<li>Wippe</li>\n<li>Spielturm mit Rutschbahn</li>\n<li>Unihockeytore</li>\n<li>Reckstangen</li>\n<li>Brunnen</li>\n<li>Seilbahn</li>\n<li>\u00d6ffentliche Toilette (auf der anderen Strassenseite beim Parkplatz)</li>\n</ul>", "url": "http://viamala.ch", "image": "https://viatpimtsoch.sos-ch-dk-2.exoscale-cdn.com/catalog/3/a/f/f/3aff8c151b4b783ce1dcb254d8f4ec2bdc4d8d1e_spielplatz_spluegen.jpg", "openstreetmap_id": "node/10774824419"}, "geometry": {"type": "Point", "coordinates": ["9.3188031", "46.5523967"]}}, {"type": "Feature", "properties": {"identifier": "99faf7dc-466e-4c46-92f7-314555dbd579", "name": "Feuerstelle Schwarzwald Nufenen", "description": "<p>Zu Fuss erreicht man die Feuerstelle \u00fcber den Wanderweg von Nufenen Richtung Medels nach ca. 30 Gehminuten. Die Wanderung ist auch f\u00fcr Kinder geeignet, da es nur eine Steigung von ca. 50 H\u00f6henmeter gibt.</p><p><span style=\"font-weight: bold;\">Ausstattung</span></p><ul><li>1 Feuerstelle</li><li>Grillrost vorhanden</li><li>Brennholz vorhanden</li><li>1 Tisch mit 10 Sitzpl\u00e4tzen</li><li>weitere Sitzgelegenheiten um die Feuerstelle</li><li>Abfallentsorgung vorhanden</li><li>grosser Umschwung<br></li></ul><p><br>Bitte allf\u00e4llige Weisungen bez\u00fcglich <a href=\"https://www.gr.ch/DE/institutionen/verwaltung/diem/awn/aktuelles/Waldbrandgefahr/Seiten/aktuelle_waldbrandgefahr.aspx\" target=\"_blank\">Waldbrandgefahr </a>beachten.<br>Im Juli findet dort jeweils das Opernair Rheinwald statt.</p>", "url": "https://www.viamala.ch", "image": "https://viatpimtsoch.sos-ch-dk-2.exoscale-cdn.com/catalog/3/9/c/9/39c9e598b9e6c8a6ff292b2f634d9ee9f98ca671_Feuerstelle_Schwarzwald_Nufenen.jpg", "openstreetmap_id": "node/9804412896"}, "geometry": {"type": "Point", "coordinates": ["9.261914491653442", "46.53912996516608"]}}, {"type": "Feature", "properties": {"identifier": "9af3246a-2493-4b07-b171-8757991bf882", "name": "Spielplatz Rodels", "description": "<p><strong>Ausstattung:</strong></p>\n<ul>\n<li>Abfallentsorgung</li>\n<li>Fussballtore</li>\n<li>Spielturm mit Rutsche</li>\n<li>Sandkasten</li>\n<li>Schaukel</li>\n<li>Korbschaukel</li>\n<li>Doppelwippe</li>\n<li>Sitzgruppe/Bank</li>\n</ul>", "url": "https://www.viamala.ch", "image": "https://viatpimtsoch.sos-ch-dk-2.exoscale-cdn.com/catalog/f/3/5/2/f352ea2395f1b1d707f6c80c70df492b940074f1_Spielplatz_Rodels.jpg", "openstreetmap_id": "node/12075158964"}, "geometry": {"type": "Point", "coordinates": ["9.44365", "46.73413"]}}, {"type": "Feature", "properties": {"identifier": "9c0ad6a6-0b85-4acd-9f30-4a2b9572ef73", "name": "Reformierte Kirche Thusis", "description": "<p>Die Kirche wurde von Andreas B\u00fchler aus Gm\u00fcnd/\u00d6sterreich in vorreformatorischer Zeit 1491-1506 erbaut. Sie ist im sp\u00e4tgotischem Stil gehalten und war urspr\u00fcnglich eine Marienkirche. 1792, 1814, 1905, 1956 und 2008 wurde sie einer Renovation unterzogen. Sie ist einschiffig. Der Chor hat ein Sternrippengew\u00f6lbe mit vergoldeten Streifen. Die gotischen Spitzbogenfenster sind schmucklos verglast, das Ma\u00dfwerk ist jeweils unterschiedlich geformt. \u00dcber dem westlichen Eingangsportal befindet sich ein gotisches Fischblasenfenster mit einfarbig hellem Glas. Neben der T\u00fcr ist das alte Chorgest\u00fchl erhalten geblieben. Es fungiert inzwischen als Ablage f\u00fcr Informationsschriften.</p><p> Der Turm schliesst n\u00f6rdlich an die Kirche an und stammt erst aus dem Jahr 1727. Das letzte Feuer, das im Turm 2002 ausbrach, besch\u00e4digte die Zwiebelhaube schwer. Sie wurde originalgetreu rekonstruiert. Die Kirche brauchte nach dem Brand ein komplett neues Gel\u00e4ut. Zwei der zerborstenen Glocken sind noch erhalten: Eine steht draussen zwischen Kirche und Leichenhalle, eine weitere vor der Migros.</p>", "url": "https://thusis-masein-reformiert.ch", "image": "https://viatpimtsoch.sos-ch-dk-2.exoscale-cdn.com/catalog/b/2/4/5/b24534e1a6f59899d1239979ddcf775aa4abb917_thusis_altdorf_kirche_sommer_demateo.jpg", "openstreetmap_id": "way/143754077"}, "geometry": {"type": "Point", "coordinates": ["9.438723", "46.694299"]}}, {"type": "Feature", "properties": {"identifier": "9d561c62-b69d-48d1-83d9-e77428cc4258", "name": "Spielplatz Tomils", "description": "<p><strong>Ausstattung:</strong></p>\n<ul>\n<li>Abfallentsorgung</li>\n<li>Fussballtore</li>\n<li>Spielturm mit R&ouml;hrenrutschbahn</li>\n<li>Spielturm mit Kiesspiel</li>\n<li>Rampe mit Seil</li>\n<li>Nestschaukel</li>\n</ul>", "url": "https://www.viamala.ch", "image": "https://viatpimtsoch.sos-ch-dk-2.exoscale-cdn.com/catalog/d/8/8/6/d88664062eee1f83b0435915592a8f939f8c904d_Spielplatz_Tomils.jpg", "openstreetmap_id": "node/12075137496"}, "geometry": {"type": "Point", "coordinates": ["9.439845", "46.762833"]}}, {"type": "Feature", "properties": {"identifier": "9db30bcd-0177-4ead-b498-7648dce5f29b", "name": "Capricorn Ausstellung", "description": "<p>Die modern gestaltete Ausstellung startet mit dem interaktiven Relief zum Naturpark Beverin. Auf diesem Relief kann das Reich des Capricorns in 3D und multimedial entdeckt werden. Danach geht es zur&uuml;ck in der Zeit. Wandzeichnungen zeugen von H&ouml;hlenmalereien und in einer imitierten Felswand kann man spannende Informationen zur Ausrottung, Wiederansiedlung und heutigen Verbreitung des Capricorns entdecken.</p>\n<p>Auf Tablets wird vertieft &uuml;ber den Capricorn informiert, beim Artenquiz kann man die Unterschiede zwischen dem Alpensteinbock und seinen Verwandten, welche in Eurasien und Afrika verbreitet sind entdecken. Die Kr&ouml;nung der Capricorn Ausstellung bilden drei Steinbockpr&auml;parate, so dass man den K&ouml;nig der Alpen in echter Gr&ouml;sse bewundern kann.</p>", "url": "https://www.naturpark-beverin.ch", "image": "https://viatpimtsoch.sos-ch-dk-2.exoscale-cdn.com/catalog/7/0/2/5/7025cb6104908bb08c1076826d43c1b05c8c71b5_capricorn_ausstellung_wergenstein.jpg", "openstreetmap_id": "node/9634179739"}, "geometry": {"type": "Point", "coordinates": ["9.40731", "46.62637"]}}, {"type": "Feature", "properties": {"identifier": "a0673c88-9dbb-4596-9bbb-4fb2568973c2", "name": "Steinkirche Cazis", "description": "<p>Die Steinkirche von Cazis hat eine bewegte Geschichte hinter sich. 1994 wurden Studienauftr\u00e4ge f\u00fcr einen Kirchenneubau in Auftrag gegeben. Im M\u00e4rz 1995 obsiegte aus sieben eingegangenen Arbeiten das Projekt von Architekt Werner Schmidt aus Trun. Dieses sah drei steinf\u00f6rmige Einzelvolumen, welche durch versenkbare W\u00e4nde getrennt werden k\u00f6nnen, einen Verbindungstrakt als Erschliessung zwischen bestehendem Pfarrhaus und den Sakralr\u00e4umen, sowie einen freistehenden Turm vor.</p><p>Im April 1996 wurde mit dem spektakul\u00e4ren Rohbau, unter Mitwirkung des Spezialisten f\u00fcr Schalenbau Heinz Isler aus Burgdorf, begonnen. Auf Grund einer Modellvorlage wurden 108 verschiedene Holzbinderelemente hergestellt. Diese wurden wie Schnitze einer Orange auf die Fundamente gestellt, mit einem feinmaschigen Gitter \u00fcberzogen und anschliessend mit Spritzbeton in d\u00fcnnen Schichten bespritzt, bis zur Erreichung der Wanddicke von ca. 15 cm. Im November 1996 wurde das Richtfest gefeiert und im Fr\u00fchjahr 1997 war der Rohbau vollendet. Aus Kostengr\u00fcnden musste der Weiterbau in der Folge vorerst eingestellt werden. Auf einem provisorischen Holzboden mit Notheizung und Nott\u00fcren wurde die Baustelle als Kirche in Gebrauch genommen.</p><p> </p><p><span style=\"font-weight: bold;\">Geborgenheit und Freiheit</span><span style=\"font-weight: 700;\"><br></span>Es entstand eine lebendige Kulturwerkstatt mit Festgottesdiensten, Theater, Konzerten, Bilderausstellungen und meditativen Veranstaltungen. Nachdem dank verschiedenen Anstrengungen die finanzielle Situation unter Kontrolle gebracht werden konnte, ging es mit dem neuen Architekten, Diederik Peper aus Chur, weiter. Der Innenausbau und der Verbindungstrakt wurden erstellt. Im Juli 2002 wurde die Kirche eingeweiht und ihrer Bestimmung \u00fcbergeben. Innen vermittelt die Architektur das Gef\u00fchl von Geborgenheit einerseits und Freiheit andererseits.</p><p>Die Anlage der R\u00e4ume kennt auch kein Vorne und Hinten. Erst recht ist kein Oben und Unten vorgegeben. Freiheit schafft sich ihren Raum durch die demokratische Struktur. Jede Besucherin, jeder Besucher muss sich selbst seinen Standpunkt verschaffen, einen eigenen Blickwinkel auf Gott und die Menschen einnehmen. Dies wird noch durch die Lage und Form der Fenster verst\u00e4rkt. Im \u00f6stlichen Stein geht der Blick zum Himmel, im mittleren Stein er\u00f6ffnet sich dem Betrachter der Horizont und im westlichen Stein f\u00e4llt unser Blick auf die Strasse, auf die H\u00e4user, auf die Menschen.</p><p><span style=\"font-weight: bold;\">Der Glockenturm fehlt</span><span style=\"font-weight: 700;\"><br></span>So ist diese Kirche nicht nur eine offene Kirche f\u00fcr die Menschen, die sich in der Kirche befinden, sondern auch f\u00fcr die Menschen draussen. Viele halten unverhofft an - und sie f\u00fchlen sich wohl. In diesen R\u00e4umen wird niemand vereinnahmt. Die Kirche ist noch immer unvollendet. F\u00fcr den Bau des Glockenturms und eines Vordaches beim Eingang fehlen noch etwa eine halbe Million Franken.</p>", "url": "https://heinzenberg-reformiert.ch/unsere-kirchen/steinkirche-cazis", "image": "https://viatpimtsoch.sos-ch-dk-2.exoscale-cdn.com/catalog/9/1/8/7/9187fd1595c5697641cee6a018b099b32976dc28_steinkirche_cazis_im_herbst__1_.jpg", "openstreetmap_id": "way/216875576"}, "geometry": {"type": "Point", "coordinates": ["9.427594", "46.725511"]}}, {"type": "Feature", "properties": {"identifier": "a183e0fa-7f2c-46f4-9a4f-20f288a34d2e", "name": "Aussichtspunkt Bergstation Sesselbahn Feldis-Mutta", "description": "Eine wetterfeste, \u00e4sthetisch sch\u00f6ne und \u00fcbersichtliche Panoramaplatte ist in einen zwei Tonnen schweren Granitblock aus Andeer eingelassen und informiert \u00fcber viele D\u00f6rfer und Berge in der Gegend. Bei guten Sichtverh\u00e4ltnissen ist gar das Finsteraarhorn im Berner Oberland zu sehen, 4273 Meter hoch und in 106 Kilometer Entfernung. Die pr\u00e4chtige Panoramatafel befindet sich unmittelbar bei der Bergstation der Sesselbahn.", "url": "https://www.viamala.graubuenden.ch", "image": "https://viatpimtsoch.sos-ch-dk-2.exoscale-cdn.com/catalog/9/4/0/d/940d9b9ce8e66b18d24ddc63784cfdca305e3a8e_aussichtspunkt_bergstation_mutta_feldis_bergbahnen.jpg", "openstreetmap_id": "node/12083151905"}, "geometry": {"type": "Point", "coordinates": ["9.4557523727417", "46.796680923362445"]}}, {"type": "Feature", "properties": {"identifier": "a3bde7c2-4dd0-46d3-8013-ed8db3e57bb5", "name": "Feuerstelle Pavillon / Panell Spl\u00fcgen", "description": "<p>Die Feuerstelle Pavillon/Panell liegt auf dem <a href=\"https://mybusiness.outdooractive.com/de/r/23419906/\" target=\"_blank\">Wanderweg Sufers-Panell-Spl\u00fcgen</a>&nbsp;und ist mit einem gedeckten Holzpavillon ausgestattet.</p><p><span style=\"font-weight: bold;\">Ausstattung</span></p><ul><li>1 Feuerstelle</li><li>Grillrost vorhanden</li><li>2 Holzsitzb\u00e4nke (je f\u00fcr 3 - 4 Personen)</li><li>1 Pavillon mit Holztisch und B\u00e4nken (gedeckt) f\u00fcr 10-12 Personen<br><br></li></ul><p>Es ist kein Brennholz vorhanden, dies kann jedoch im nahe gelegenen Wald gesammelt werden.<br> Bitte allf\u00e4llige Weisungen bez\u00fcglich <a href=\"https://www.gr.ch/DE/institutionen/verwaltung/diem/awn/aktuelles/Waldbrandgefahr/Seiten/aktuelle_waldbrandgefahr.aspx\" target=\"_blank\">Waldbrandgefahr </a>beachten.</p>", "url": "https://www.viamala.ch", "image": "https://viatpimtsoch.sos-ch-dk-2.exoscale-cdn.com/catalog/4/1/c/2/41c224361cfdbcec9b94600102dae8a57fc1e239_Feuerstelle_Pavillon_Panell_Spl__gen.jpg", "openstreetmap_id": "node/12075087273"}, "geometry": {"type": "Point", "coordinates": ["9.339039", "46.554415"]}}, {"type": "Feature", "properties": {"identifier": "a3c1fedf-aab1-4128-8dc7-9c068bb58618", "name": "Turmuhren-Museum Tartar", "description": "Bei einem Besuch zu den vollen Stunden kann ein Uhrschlag \u2013 Konzert erlebt werden.", "url": "https://cazis.ch/dorfleben-gesellschaft/kulturarchiv/", "image": "https://viatpimtsoch.sos-ch-dk-2.exoscale-cdn.com/catalog/1/c/f/2/1cf2fcbb71956f96f02dcd087df91939f51e989c_turumuhren_museum_tartar_ausstellung_viamala_tourismus_4.jpg", "openstreetmap_id": "node/12100445294"}, "geometry": {"type": "Point", "coordinates": ["9.418301", "46.718585"]}}, {"type": "Feature", "properties": {"identifier": "a440c2b8-7dae-44ad-be55-16fac6be07af", "name": "Kapelle St. Albin", "description": "<p>Der anspruchsvollste Abschnitt durch die Viamala-Schlucht wurde einst von zwei Sakralbauten markiert: im Norden durch die noch als Ruine erhaltene Kapelle St.Albin (Ersterw\u00e4hnung im 12. Jahrhundert), im S\u00fcden durch die g\u00e4nzlich abgegangene Kapelle St. Ambriesch (erstmals erw\u00e4hnt um 1209). Die einzige bildliche Darstellung von Sankt Ambriesch stammt vom niederl\u00e4ndischen Maler Jan Hackaert, sie zeigt die Kapelle allerdings bereits im Jahre 1655 nur noch als Ruine. Die Kapelle St. Albin weist dagegen noch Reste eines Stichkappen-Kreuzgew\u00f6lbes \u00fcber dem Chor auf, was auf eine fr\u00fche, vielleicht gar sp\u00e4tr\u00f6misch-fr\u00fchmittelalterliche Bauzeit schliessen l\u00e4sst. Einst d\u00fcrfte hier, am Ende des Maiens\u00e4sses Carschenna, auch eine Rastst\u00e4tte bestanden haben.</p>\n<h4>Zug\u00e4nglichkeit</h4>\n<p>Die Kapelle ist frei zug\u00e4nglich. Bitte die Wiese bei der Kapelle schonen!</p>", "url": "https://www.viamala.ch", "image": "https://viatpimtsoch.sos-ch-dk-2.exoscale-cdn.com/catalog/7/2/6/7/7267f6e43d67351cddf8f44745ec65e079e29cf9_kappelle_st_albin_sils_id_sommer.jpg", "openstreetmap_id": "way/236137004"}, "geometry": {"type": "Point", "coordinates": ["9.451127", "46.684528"]}}, {"type": "Feature", "properties": {"identifier": "a5d71629-0721-47e1-8f25-d27a26106f5d", "name": "Spielplatz Scheid", "description": "<p><strong>Ausstattung:</strong></p>\n<ul>\n<li>Abfallentsorgung</li>\n<li>Spielturm mit Rutsche</li>\n<li>Nestschaukel</li>\n</ul>", "url": "https://www.viamala.ch", "image": "https://viatpimtsoch.sos-ch-dk-2.exoscale-cdn.com/catalog/7/1/a/9/71a91d0f015daef7483b21bb28178f2809152850_Spielplatz_Scheid.jpg", "openstreetmap_id": "node/12075172894"}, "geometry": {"type": "Point", "coordinates": ["9.445246", "46.776475"]}}, {"type": "Feature", "properties": {"identifier": "a63322d0-55e7-4097-b4e0-81d41ed99960", "name": "Feuerstelle Stutz Tschappina", "description": "<p>Zu Fuss am Wanderweg Obertschappina-Glaspass.</p><p>Bitte allf\u00e4llige Weisungen z.B. bez\u00fcglich <a href=\"https://www.gr.ch/DE/institutionen/verwaltung/diem/awn/aktuelles/Waldbrandgefahr/Seiten/aktuelle_waldbrandgefahr.aspx\" target=\"_blank\">Waldbrandgefahr </a>beachten.</p>", "url": "https://www.viamala.ch", "image": "https://viatpimtsoch.sos-ch-dk-2.exoscale-cdn.com/catalog/3/4/6/2/346259d24b98f3786a76a1fbb7d9791ccbe9c3cc_Feuerstelle_Beispielbild.jpg", "openstreetmap_id": "node/12075072472"}, "geometry": {"type": "Point", "coordinates": ["9.36475411583524", "46.68475856575435"]}}, {"type": "Feature", "properties": {"identifier": "aab65aa2-38de-4ffb-9ce2-5a01ecbba445", "name": "Sinnesoase Petrush\u00fcgel", "description": "Der auffallende abgeplattete H\u00fcgel am Fuss des\u00a0Heinzenbergs\u00a0liegt im Norden des Dorfes Cazis westlich von Realta rund 80 Meter \u00fcber dem Talgrund auf einer H\u00f6he von 740 Metern. Er ist von der am Fuss des H\u00fcgels entlang f\u00fchrenden kleinen Strasse aus in einer Viertelstunde zu Fuss gut zu erreichen.", "url": "https://www.cazis.ch", "image": "https://viatpimtsoch.sos-ch-dk-2.exoscale-cdn.com/catalog/9/2/7/f/927f8d379f10e006ac0453394d14a2eed9ebcffe_dsc08479.jpg", "openstreetmap_id": "way/363467506"}, "geometry": {"type": "Point", "coordinates": ["9.422203302383425", "46.73377790179004"]}}, {"type": "Feature", "properties": {"identifier": "adc75f94-78ae-413a-890a-d086a3f3e858", "name": "Burganlage Hohen R\u00e4tien", "description": "<p>Auf hohen R\u00e4tien, mitten im Verkehrsstrom \u00fcber die Alpenp\u00e4sse gelegen, kamen Pilger, H\u00e4ndler und S\u00e4umer vorbei, wo sie einen gesicherten Warenumschlagplatz und eine S\u00e4umerherberge vorfanden. An der Stelle eines uralten Kultplatzes errichteten in der Sp\u00e4tantike die ersten Christen ihre Taufkirche, mit einem Taufbecken (5. Jahrhundert), das im Baptisterium erhalten geblieben ist und besichtigt werden kann. In der Folge entstand daraus die Pfarrkirche St. Johann &amp; Viktor, dem einstmaligen Zentrum der Grosspfarrei \u00abHoch Rialt\u00bb.</p>\n<p>Weitl\u00e4ufige Wiesen, die m\u00e4chtigen alten B\u00e4ume auf dem Gel\u00e4nde und der pl\u00e4tschernde Brunnen beim Hoch Rialt Turm laden die Besucher zum Verweilen ein. Die Aussicht \u00fcber das Domleschger Tal und in die Viamala ist unvergleichlich.</p>\n<p>Eine Familienstiftung - seit 1472 Besitzerin der Anlage - sorgt noch heute f\u00fcr den Erhalt dieser faszinierenden Zeugen l\u00e4ngst vergangener Zeiten.</p>\n<p>Mit ihrem Smartphone oder Tablet haben Sie Zugang zu einem audiovisuellen Guide mit wichtigen Informationen zur Geschichte der Anlage.</p>\n<p>Hohen R\u00e4tien liegt am wieder erstellten&nbsp;<a href=\"https://www.viamala.ch/de/viaspluga\">viaSpluga-Weitwanderweg</a>.</p>\n<p><span style=\"font-weight: bold;\">Zugang</span><br>Hohen R\u00e4tien liegt auf einem Felsplateau und ist gegen eine Eintrittsgeb\u00fchr \u00f6ffentlich zug\u00e4nglich. Erreichbar zu Fuss in ca. 35 min ab&nbsp;<a href=\"https://mybusiness.outdooractive.com/de/r/23419810/\" data-type=\"tour\" data-id=\"23419810\">Burgenweg Domleschg</a>.</p>", "url": "https://www.hohenraetien.ch", "image": "https://viatpimtsoch.sos-ch-dk-2.exoscale-cdn.com/catalog/7/3/1/b/731b2cf898760d0f80203e67a40d7f7e27c5fb14_burganlage_hohen_raetien_sommer_viamala_demateo.com.jpg", "openstreetmap_id": "way/210291944"}, "geometry": {"type": "Point", "coordinates": ["9.444287", "46.691622"]}}, {"type": "Feature", "properties": {"identifier": "af6ec713-e904-495c-8b4d-10aecb6e449e", "name": "Feuerstelle Capettawald", "description": "Bitte allf\u00e4llige Weisungen z.B. bez\u00fcglich <a href=\"https://www.gr.ch/DE/institutionen/verwaltung/diem/awn/aktuelles/Waldbrandgefahr/Seiten/aktuelle_waldbrandgefahr.aspx\" target=\"_blank\">Waldbrandgefahr </a>beachten.", "url": "https://www.viamala.ch", "image": "https://viatpimtsoch.sos-ch-dk-2.exoscale-cdn.com/catalog/6/2/1/5/6215d1755982a29f4cd0f08bba10e607b140723b_Feuerstelle_Beispielbild.jpg", "openstreetmap_id": "node/12075096872"}, "geometry": {"type": "Point", "coordinates": ["9.51164960861206", "46.46848769039403"]}}, {"type": "Feature", "properties": {"identifier": "af8b1903-a393-4ff9-a4b0-178978760fd3", "name": "Reformierte Kirche Andeer", "description": "<p>Erbaut 1673 nach den&nbsp;B\u00fcndner Wirren&nbsp;im&nbsp;Barockstil, fusst die heutige Kirche auf der Bausubstanz mehrerer Vorg\u00e4nger. Eine Kirche in Andeer an gleicher Lage ist ersturkundlich 1419 erw\u00e4hnt. Der markante, das Dorfbild pr\u00e4gende&nbsp;Turm&nbsp;wurde 1827 aufgestockt und mit einem&nbsp;Zwiebelhelm&nbsp;auf dem&nbsp;polygonalen&nbsp;Aufsatz gedeckt. Die Kirche steht unter kantonalem&nbsp;Denkmalschutz. </p><p>Den Mittelpunkt der Kirche bildet der&nbsp;Taufstein&nbsp;noch vor den Stufen zum&nbsp;Chor, der nach reformierter B\u00fcndner Tradition auch als&nbsp;Abendmahlstisch&nbsp;fungiert. Die&nbsp;intarsienverzierte&nbsp;Kanzel&nbsp;geht auf das Jahr 1677 zur\u00fcck. </p><p>Die&nbsp;Orgel&nbsp;wurde 1967 eingebaut und fand ihren Platz auf der Empore.</p>", "url": "https://andeer-reformiert.ch/", "image": "https://viatpimtsoch.sos-ch-dk-2.exoscale-cdn.com/catalog/9/b/3/3/9b33e50fa9a707d80621293659aa4b1b5453c228_die_reformierte_kirche_andeer_im_herbst__1_.jpg", "openstreetmap_id": "way/214307397"}, "geometry": {"type": "Point", "coordinates": ["9.426089823246002", "46.605118024201694"]}}, {"type": "Feature", "properties": {"identifier": "b0777ac6-e9c3-44b1-aed4-06cb6e8b714c", "name": "Stellplatz Avers-Cr\u00f6t", "description": "<h4>Sanit\u00e4ranlagen</h4><p>Eine \u00f6ffentliche Toilette steht zur Verf\u00fcgung.</p>\n<h4><strong><br></strong>Kosten</h4><p>CHF 25.00 pro Fahrzeug und Nacht inkl. G\u00e4steabgabe</p>\n<h4><strong><br></strong>Zahlung</h4><p>Direkt \u00fcber die App&nbsp;<a href=\"https://www.parknsleep.app/ps/57452331\">Parkn'Sleep</a>.</p>\n<h4><strong><br></strong>Maximaler Aufenthalt</h4><p>3 N\u00e4chte</p>\n<h4><strong><br></strong>Abfall</h4><p>Keine M\u00f6glichkeit f\u00fcr Abfallentsorgung.</p>", "url": "https://gemeindeavers.ch/", "image": "https://viatpimtsoch.sos-ch-dk-2.exoscale-cdn.com/catalog/0/1/5/a/015a049044b8aed9daad2d82a09ee72eeaf74f5c_avers_croet_im_winter_viamala_tourismus.jpg", "openstreetmap_id": "node/12098771650"}, "geometry": {"type": "Point", "coordinates": ["9.48696255683899", "46.476586004599234"]}}, {"type": "Feature", "properties": {"identifier": "b16f3eaa-2061-4779-a6da-5f09ac234c52", "name": "Spielplatz Schulhaus Quadra Cazis", "description": "<p>Dieser&nbsp;Spielplatz ist ein vielseitiger Ort f&uuml;r Kinder jeden Alters. Ein erfrischender Brunnen am Rand des Spielplatzes bietet eine angenehme Abk&uuml;hlung f&uuml;r Gross und Klein. Hinter dem Spielplatz erstrecken sich ein Fussballfeld, ein Basketballfeld, eine Wiese und eine Rutschbahn. Die Ausstattung umfasst:</p>\n<ul>\n<li>Einen Brunnen</li>\n<li>Eine Korbschaukel</li>\n<li>Ein Vogelnest-Karussell</li>\n<li>Einen Holzpark</li>\n</ul>", "url": "https://www.viamala.ch", "image": "https://viatpimtsoch.sos-ch-dk-2.exoscale-cdn.com/catalog/6/c/2/2/6c22272fe2eab333112d39e950ee22788a11212f_Spielplatz_Schulhaus_Quadra_Cazis.jpg", "openstreetmap_id": "node/4339825189"}, "geometry": {"type": "Point", "coordinates": ["9.432712", "46.718236"]}}, {"type": "Feature", "properties": {"identifier": "b497f594-2caf-41e0-904f-b6aa2d63aa07", "name": "Feuerstelle Crappasusta", "description": "<p>Ab Thusis ist die Feuerstelle in ca. 35 Gehminunten erreichbar. Zudem gibt es eine Waldh\u00fctte, welche gemietet werden kann. Weitere Informationen finden Sie&nbsp;<a href=\"https://bg-thusis.ch/\" target=\"_blank\">hier</a>.</p><p><span style=\"font-weight: bold;\">Ausstattung</span></p><ul><li>1 Grill mit Rost vorhanden</li><li>2 Tische mit B\u00e4nke (14 Sitzpl\u00e4tze)</li><li>Abfallentsorgung vorhanden</li><li>Brennholz vorhanden<br></li></ul><p><br>Bitte allf\u00e4llige Weisungen z.B. bez\u00fcglich <a href=\"https://www.gr.ch/DE/institutionen/verwaltung/diem/awn/aktuelles/Waldbrandgefahr/Seiten/aktuelle_waldbrandgefahr.aspx\" target=\"_blank\">Waldbrandgefahr </a>beachten.</p>", "url": "https://www.viamala.ch", "image": "https://viatpimtsoch.sos-ch-dk-2.exoscale-cdn.com/catalog/9/7/a/c/97acb9d239468165802e6856f3209b89d8bc5645_Waldh__tte_Crappasusta_Thusis_mit_Feuerstelle.jpg", "openstreetmap_id": "node/12074791334"}, "geometry": {"type": "Point", "coordinates": ["9.434444904327393", "46.68658678552015"]}}, {"type": "Feature", "properties": {"identifier": "b5c662c0-6525-413a-a0ba-485406af5d5d", "name": "KHR & Staumauer Valle di Lei", "description": "<p>Die Staumauer des Valle di Lei liegt auf Schweizer Gebiet, der See bereits in Italien. Von der Mauerkrone aus hat man einen imposanten Blick auf den ewigen Schnee des Pizzo Stella und des Piz Grisch. Die Anlage Valle di Lei geh\u00f6rt zur dreistufigen Kraftwerksgruppe mit den Zentralen Ferrera, B\u00e4renburg und Sils. Pro Jahr werden rund 1'410 Mio. kWh Strom produziert. Direkt bei der Staumauer Valle di Lei befindet sich ein \u00f6ffentlich zug\u00e4ngliches Inforama der Kraftwerke Hinterrhein AG. Hier sind die einzelnen Stufen der gesamten Anlage verst\u00e4ndlich dokumentiert. Zus\u00e4tzlich wird viel Wissenswertes \u00fcber die Stromproduktion vermittelt.</p><p><span style=\"font-weight: bold;\">Gef\u00fchrte Staumauer-Besichtigung Valle di Lei</span><br>Im Juli und August jeweils am Dienstag-Nachmittag. Anmeldung erforderlich bis 16.00 Uhr am Vorabend an G\u00e4steinformation Viamala, Tel. <a href=\"tel:+41816509030\">+41 81 650 90 30</a>. Treffpunkt: 14.00 Uhr beim KHR-Inforama Valle di Lei. Dauer ca. 1.5 \u2013 2 Stunden. Kostenlos. Gute Schuhe und warme Jacke erforderlich. Begrenzte Anzahl Teilnehmer. F\u00fcr Gruppen nach Vereinbarung. Anmeldung via <a href=\"https://www.khr.ch/de/fuehrungen\" target=\"_blank\">Online-Formular</a>.</p>", "url": "https://www.khr.ch", "image": "https://viatpimtsoch.sos-ch-dk-2.exoscale-cdn.com/catalog/a/9/0/d/a90d22ec97663e046455b679a9b3c0673cc87f2d_staumauer_valle_di_lei.jpg", "openstreetmap_id": "way/365808667"}, "geometry": {"type": "Point", "coordinates": ["9.456771", "46.48363"]}}, {"type": "Feature", "properties": {"identifier": "b774373a-516d-4566-87f4-33c228c9b961", "name": "Feuerstelle Jagdstand Realta", "description": "<p>Die Feuerstelle ist ab Realta in 45 Minuten zu Fuss erreichbar. Sie liegt am Waldrand und an einem B\u00e4chlein.<br></p><p><span style=\"font-weight: bold;\">Ausstattung</span></p><ul><li>1 Feuerstelle</li><li>Grillrost vorhanden</li><li>Brennholz vorhanden</li><li>2 Tische und 4 B\u00e4nke</li><li>Toilette</li><li>grosser Unterstand</li><li>Keine Abfallentsorgung<br></li></ul><p><br>Bitte allf\u00e4llige Weisungen z.B. bez\u00fcglich <a href=\"https://www.gr.ch/DE/institutionen/verwaltung/diem/awn/aktuelles/Waldbrandgefahr/Seiten/aktuelle_waldbrandgefahr.aspx\" target=\"_blank\">Waldbrandgefahr&nbsp;</a>beachten.</p>", "url": "https://www.viamala.ch", "image": "https://viatpimtsoch.sos-ch-dk-2.exoscale-cdn.com/catalog/6/6/f/7/66f703d826b1f6face55448937c5a6b7e414ac5b_Feuerstelle_Jagdstand_Realta_Unterstand_Gemeinde_Cazis.jpg", "openstreetmap_id": "node/12074713379"}, "geometry": {"type": "Point", "coordinates": ["9.420358", "46.746224"]}}, {"type": "Feature", "properties": {"identifier": "b79922ec-9fee-4192-9863-ba483386bafe", "name": "Schloss Sins", "description": "<p>Schloss Paspels wurde vermutlich von Jahn Victor von Travers-Ortenstein um 1695 erbaut. Aus dieser Zeit stammen wohl noch Teile des Haupttraktes, die allerdings nicht mehr n\u00e4her ausscheidbar sind. Um 1730 scheint der gleichnamige Sohn des Erbauers einen umfassenden Umbau vorgenommen zu haben. Dieser Umbau liegt vermutlich der Gesamtdisposition der heutigen Anlage, insbesondere dem Treppenhaus, zu Grunde. Es gilt als mutmasslicher Geburtsort von Pompejus Planta, der als Widersacher von J\u00fcrg Jenatsch bekannt wurde.</p>\n<p>Weitere Umgestaltungen nahm Generalleutnant Victor von Travers vor, der auch die am 25. April 1760 zu Ehren des Namen Jesu, Maria und Joseph benedizierte Kapelle einbauen liess. Die letzte gr\u00f6ssere Renovation fand 1892/93 unter Oberst Freidrich von Tscharner (sp\u00e4ter auf Ortenstein) mit einer Umgestaltung des \u00c4usseren statt. Architekt war Nicolaus Hartmann sen., St. Moritz. 1911 erfolgte der Eigentums\u00fcbergang an Minister F. von Salis-Soglio. Bis ins Jahr 2012 wurde das Schloss Sins als Hotel gef\u00fchrt.</p>\n<p><strong>Zugang<br></strong>Das Schloss Sins befindet sich in Privatbesitz und ist nicht \u00f6ffentlich zug\u00e4nglich. Die Anlage liegt direkt am&nbsp;<a href=\"https://mybusiness.outdooractive.com/de/r/23419810/\" data-type=\"tour\" data-id=\"23419810\">Burgenweg Domleschg</a>.</p>", "url": "https://www.viamala.ch", "image": "https://viatpimtsoch.sos-ch-dk-2.exoscale-cdn.com/catalog/b/7/c/6/b7c65ba94b7df0e6810280154a834ea9c07b146e_schloss_sins_suens_paspels_domleschg_sommer_viamala_tourismus.jpg", "openstreetmap_id": "way/136124835"}, "geometry": {"type": "Point", "coordinates": ["9.44052", "46.750119"]}}, {"type": "Feature", "properties": {"identifier": "b7dcb90c-a4b6-45cb-9eda-5f6b1131738a", "name": "Stellplatz Madris (Avers)", "description": "<h4>Sanit\u00e4ranlage</h4><p>Keine Vorhanden</p>\n<h4><br>Kosten</h4><p>CHF 25.00 pro Fahrzeug und Nacht inkl. G\u00e4steabgabe</p>\n<h4><br>Zahlung</h4><p>Direkt \u00fcber die App&nbsp;<a href=\"https://www.parknsleep.app/ps/26963047\">Parkn'Sleep</a>.</p>\n<h4><br>Maximaler Aufenthalt</h4><p>3 N\u00e4chte</p>\n<h4><br>Abfall</h4><p>Keine M\u00f6glichkeit f\u00fcr Abfall vorhanden</p>", "url": "https://gemeindeavers.ch/", "image": "https://viatpimtsoch.sos-ch-dk-2.exoscale-cdn.com/catalog/b/f/7/e/bf7e1ebf0a240afa400029dd124191c40a5ae0f5_val_madris_avers_sommer_demateo.jpg", "openstreetmap_id": "node/12098753298"}, "geometry": {"type": "Point", "coordinates": ["9.47987213730812", "46.45257322850879"]}}, {"type": "Feature", "properties": {"identifier": "bb3c5f50-8719-4e7c-b60c-7ba37a9718e4", "name": "Porta Rhaetica", "description": "Einst stand hoch \u00fcber dem Hinterrhein die Burg der Herren von Juvalt, des \u00e4ltesten noch bl\u00fchenden B\u00fcndner Geschlechtes. Am Fusse des Burgfelsen sperrte die Talsperre Porta Rhaetica die Reichsstrasse und kontrollierte damit den Transitverkehr zu den wichtigen B\u00fcndner P\u00e4ssen Spl\u00fcgen und San Bernardino. Von 1216 bis 1823, als links des Rheins die \u00abItalienische Strasse\u00bb gebaut wurde, musste der ganze Verkehr von und nach Italien durch das Nadel\u00f6hr von Juvalt. Durch das Churer Tor und das verschwundene Clevner Tor der Talsperre zogen S\u00e4umer, Reisl\u00e4ufer und Pilger, K\u00f6nige und Bettler. <br>Um 1500 aufgegeben, erlebt die Talsperre 1940 eine Renaissance als milit\u00e4risches Hindernis gegen die Invasionspl\u00e4ne Mussolinis. Die 700-j\u00e4hrigen Mauern werden mit \u00abToblerone\u00bb-Panzerhindernissen erg\u00e4nzt, tief im Fels wird eine Festung samt Goldtresor gebaut. 2010 bis 2013 wird das Ensemble der vier Baudenkm\u00e4ler von nationaler Bedeutung umfassende gesichert.", "url": "https://www.viamala.ch", "image": "https://viatpimtsoch.sos-ch-dk-2.exoscale-cdn.com/catalog/3/e/1/8/3e18f53174951bcf5888569d95f75ccdabaf535f_porta_rhaetica_rothenbrunnen_ruine_domleschg_fruehling_sommer_demateo.com.jpg", "openstreetmap_id": "way/287138163"}, "geometry": {"type": "Point", "coordinates": ["9.419341000000031", "46.777341"]}}, {"type": "Feature", "properties": {"identifier": "bb5d1387-e077-435e-a224-cb2f6ea2e4dd", "name": "Ausstelllung Zillis Stoffelsconception GmbH", "description": "<p class=\"MsoNormal\"><span lang=\"DE\" style=\"font-size: 10.5pt; font-family: 'Arial',sans-serif; color: black; mso-ansi-language: DE;\">Kodierte Informationssignale in Form symbolischer Ziffern (Chiffren), systematischer Zuteilungen (Codizes) und strukturierter Zahlen (Cryptos), sind ein physikalisches Produkt der menschlichen Kommunikation. Dabei spielten bildhafte Erscheinungen schon immer eine wichtige Rolle der Wissensvermittlung.<br><br>Seit jeher nutzen Menschen ihre Sinne, um Informationen interaktiv wahrzunehmen und zu verarbeiten. Sehen, Ho\u0308ren, Tasten, Riechen, Schmecken und die Fa\u0308higkeit, sich dank dem Gleichgewichtsinn in Raum und Zeit zu orientieren, ermo\u0308glichen dabei nicht nur die Aufnahme von Eindruck, sondern auch die Abgabe von Ausdruck. Kommunikation, also der Austausch von Informationseinheiten, bildet somit eine grundlegende kulturelle Voraussetzung f&uuml;r jede Zivilisation.<br><br>Dabei verbindet Information stets Inhalt und Form: Was wird mitgeteilt? Bedeutung! Wie zeigt sich etwas? Erscheinung! <br>Wa\u0308hrend fru\u0308her hauptsa\u0308chlich mu\u0308ndlich u\u0308berlieferte Erza\u0308hlungen, oft verbunden mit ta\u0308nzerischen, theatralischen oder gesanglichen Darbietungen, informative Inhalte transportierten, sind dies in der heutigen Zeit zumeist animierte Bilder und modulierte Texte. Manche Botschaften sind unmittelbar versta\u0308ndlich. Andere erschliessen sich anhand besonderer Kenntnisse. Und nicht wenige werden aus Sicherheitsgr&uuml;nden kryptisch ver- und entschl&uuml;sselt. Gerade dieser Umstand hat im Informationszeitalter markant zugenommen. Daten werden elektronisch-digital, global und rund um die Uhr verfasst und vermittelt. Dies technisch anonym und rasend schnell.<br><br>In diesem Zusammenhang werden zwei spezifische Arten der Informationsvermittlung verglichen:</span></p><p class=\"MsoNormal\"><span lang=\"DE\" style=\"font-size: 10.5pt; font-family: 'Arial',sans-serif; color: black; mso-ansi-language: DE;\">Einerseits die traditionell typische, bildhaft symbolische Ausdrucksweise, wie sie in den mittelalterlichen Deckenmalereien der Kirche St. Martin in Zillis pr&auml;gnant sichtbar wird. Andererseits ein innovatives Beispiel der modernen Informations- &amp; Kommunikationstechnologie, pr&auml;sentiert &uuml;ber die attraktiven Werke der Tafelbild-Manufaktur S</span><span lang=\"DE\" style=\"font-size: 10.5pt; font-family: 'Arial',sans-serif; mso-ansi-language: DE;\">toffelsconception<span style=\"color: black;\"> GmbH in Andeer.</span></span></p><p><span lang=\"DE\" style=\"font-size: 10.5pt; font-family: 'Arial',sans-serif; mso-fareast-font-family: Aptos; mso-fareast-theme-font: minor-latin; color: black; mso-ansi-language: DE; mso-fareast-language: DE-CH; mso-bidi-language: AR-SA;\">Mit der aktuellen Ausstellung wird eine kontempor&auml;re Bru\u0308cke zwischen Vergangenheit und Zukunft geschaffen. Es wird gezeigt, dass Menschen seit jeher nach konzeptionellen Wegen suchen, Wissen zu ordnen, zu bewahren und u\u0308ber Generationen hinweg weiterzugeben.</span></p>", "url": "http://www.stoffeli.swiss", "image": "https://viatpimtsoch.sos-ch-dk-2.exoscale-cdn.com/catalog/4/4/8/a/448ae7487da459d90c2e8ce67168d506c6b260a2_Ausstelllung_Zillis_Stoffelsconception_GmbH.png", "openstreetmap_id": "node/4620754933"}, "geometry": {"type": "Point", "coordinates": ["9.444726199794172", "46.63492083269083"]}}, {"type": "Feature", "properties": {"identifier": "bb6a9b08-c58c-4d3b-843a-9b7c27d6906f", "name": "Reformierte Kirche Hinterrhein", "description": "<p>Bereits im Jahr 1219 schenkten die Herren von Sax-Misox ihre Kirche, die dem Patrozinium des Heiligen Petrus gewidmet war, dem Kollegiatstift in San Vittore im Misox-Tal. Diese grossz\u00fcgige Geste begr\u00fcndete eine langj\u00e4hrige Verbindung zwischen Hinterrhein und dem italienischsprachigen B\u00fcndner S\u00fcdtal, die bis zur Reformation anhielt. Mit der Annahme des neuen Glaubens suchte Hinterrhein dann Anschluss an Spl\u00fcgen. </p><p>Besonders hervorzuheben ist der historisch wertvolle Taufstein, der sich vor der inneren Eingangst\u00fcr der Kirche befindet. Er stammt aus der Zeit der mittelalterlichen Walserwanderung und der ersten Sesshaftwerdung in Graub\u00fcnden. Das Innere der Kirche wird von einer eindrucksvollen Kanzel mit Schalldeckel dominiert, w\u00e4hrend sich im Chorraum ein Taufstein befindet, der auch als Abendmahlstisch genutzt wird. Der Kirchturm, nur sp\u00e4rlich verputzt und mit einer eingeschossigen Glockenstube versehen, tr\u00e4gt eine charakteristische Flachkuppel.</p>", "url": "https://www.kirche-rheinwald.ch/kontakte", "image": "https://viatpimtsoch.sos-ch-dk-2.exoscale-cdn.com/catalog/e/f/7/e/ef7e9d90004d03666e2b9ca07353dd60c6bbc652_hinterrhein_im_winter.jpg", "openstreetmap_id": "way/214747702"}, "geometry": {"type": "Point", "coordinates": ["9.198935", "46.53062"]}}, {"type": "Feature", "properties": {"identifier": "bda38193-f879-47fc-98f0-6a980cfa3ee4", "name": "Reformierte Kirche Casti", "description": "<p>Der Charakter dieser romanischen&nbsp;Saalkirche&nbsp;aus dem 12. Jahrhundert ist im Kanton Graub\u00fcnden eine Seltenheit. Der massige&nbsp;Kirchturm&nbsp;erhielt erst sp\u00e4ter ein Glockengeschoss mit Glocken aus&nbsp;sp\u00e4tmittelalterlicher&nbsp;bis vorreformatorischer Zeit, ca. 1300 bis 1484. </p><p>Im Kircheninnern finden sich&nbsp;fr\u00fchgotische&nbsp;Wandmalereien des&nbsp;Waltensburger Meisters. Die schlichte Kanzel wurde 1807 eingebaut. Die Kirche wurde 1971\u20131973 und 1990\u20131994 jeweils einer Renovierung unterzogen. Aus dem Jahre 2007 stammt die f\u00fcnfregistrige&nbsp;Orgel&nbsp;von Orgelbau Felsberg AG.</p>", "url": "https://zillis-st-martin.ch/kirchgemeinde-zillis-schamserberg/", "image": "https://viatpimtsoch.sos-ch-dk-2.exoscale-cdn.com/catalog/6/4/3/7/6437bb64f8eba86be198f260c3b8fc76f075b858_casti_im_sommer.jpg", "openstreetmap_id": "way/323732479"}, "geometry": {"type": "Point", "coordinates": ["9.422954320907593", "46.62392543016715"]}}, {"type": "Feature", "properties": {"identifier": "c290e8f0-b4fc-4c3a-8d81-0c7640086d47", "name": "Feuerstelle Plattnersee Ratitsch", "description": "<p>Die Feuerstelle ist ab Realta in 40 Minuten zu Fuss erreichbar und kann im Voraus <a href=\"https://cazis.ch/dorfleben-gesellschaft/raumreservation/\" target=\"_blank\">reserviert&nbsp;</a>werden.<br></p><p><span style=\"font-weight: bold;\">Ausstattung</span></p><ul><li>1 Feuerstelle</li><li>Rost vorhanden</li><li>Brennholz vorhanden</li><li>3 Tische und 8 B\u00e4nke<br></li></ul><p><br>Bitte allf\u00e4llige Weisungen z.B. bez\u00fcglich <a href=\"https://www.gr.ch/DE/institutionen/verwaltung/diem/awn/aktuelles/Waldbrandgefahr/Seiten/aktuelle_waldbrandgefahr.aspx\" target=\"_blank\">Waldbrandgefahr </a>beachten.</p>", "url": "https://www.viamala.ch", "image": "https://viatpimtsoch.sos-ch-dk-2.exoscale-cdn.com/catalog/0/b/3/b/0b3b555aebff7ac07dd907b34cf961cd25a24c75_Feuerstelle_Plattnersee_Ratitsch.jpg", "openstreetmap_id": "node/8835527564"}, "geometry": {"type": "Point", "coordinates": ["9.421817079098332", "46.74679365453221"]}}, {"type": "Feature", "properties": {"identifier": "c2e8ff45-97cf-4614-b098-e12527310e81", "name": "Feuerstelle Gr\u00fceni", "description": "<p>Die Feuerstelle Gr\u00fceni liegt an der Kultur- und Weitwanderung viaSpluga (Route 50, Etappe 2: Andeer - Spl\u00fcgen) sowie am Alpen\u00e4sse-Weg (Route 6, Etappe 5: Ausserferrera - Spl\u00fcgen). Wir empfehlen Ihnen die Feuerstelle zu Fuss zu besuchen.</p><p><span style=\"font-weight: bold;\">Ausstattung</span></p><ul><li>1 Feuerstelle</li><li>Grillrost vorhanden</li><li>Brennholz vorhanden</li><li>1 Tisch mit 8 Sitzpl\u00e4tzen</li><li>2 B\u00e4nkli f\u00fcr jeweils 3-4 Personen<br></li></ul><p><br>Bitte allf\u00e4llige Weisungen bez\u00fcglich <a href=\"https://www.gr.ch/DE/institutionen/verwaltung/diem/awn/aktuelles/Waldbrandgefahr/Seiten/aktuelle_waldbrandgefahr.aspx\" target=\"_blank\">Waldbrandgefahr </a>beachten.&nbsp;</p>", "url": "https://www.viamala.ch", "image": "https://viatpimtsoch.sos-ch-dk-2.exoscale-cdn.com/catalog/7/f/4/7/7f478585d7ee646909e292f71f8247a391fbe4f2_Feuerstelle_Gr__eni__2_.jpg", "openstreetmap_id": "node/5981802052"}, "geometry": {"type": "Point", "coordinates": ["9.34017062187195", "46.56118407049135"]}}, {"type": "Feature", "properties": {"identifier": "c5b53220-797b-4fe7-9d1c-90b32d29bd8a", "name": "P\u00f9nt da Suransuns", "description": "<p>Vier Flachstahlb\u00e4nder bilden ein leicht geschwungenes Ger\u00fcst f\u00fcr die Gehwegplatten aus Andeerer Granit. Wie der Traversiner Steg und die P\u00f9nts da tgavorgia stammt auch die 1999 er\u00f6ffnete P\u00f9nt da Suransuns von J\u00fcrg Conzett. P\u00f9nt da Suransuns und Traversinersteg zusammen verweisen als h\u00f6lzerne und steinerne Br\u00fccken auch auf die Bautraditionen in Graub\u00fcnden, auf die Walser Holzh\u00e4user des Nordens sowie auf die Steinh\u00e4user der romanischen und italienischen Gebiete des S\u00fcdens. Einen Kontrast zur P\u00f9nt da Suransuns bildet hoch oben die vielbefahrene Nationalstrassenbr\u00fccke von Christian Menn (1967).</p><p><span style=\"font-weight: bold;\">Zug\u00e4nglichkeit</span><br>Die P\u00f9nt da Suransuns ist ca. 20 Minuten vom Besucherzentrum in der Viamala-Schlucht entfernt.</p>", "url": "https://www.viamala.ch", "image": "https://viatpimtsoch.sos-ch-dk-2.exoscale-cdn.com/catalog/c/f/8/1/cf81cebfd65fae0a016fec66e9ca1b7e9ce7dcea_punt_da_suransuns_viamala_schlucht_zillis_thusis_schams_sommer_demateo.com.jpg", "openstreetmap_id": "way/614222466"}, "geometry": {"type": "Point", "coordinates": ["9.449864", "46.657688"]}}, {"type": "Feature", "properties": {"identifier": "ca535118-1c87-4220-8e96-5fb7e35d00b0", "name": "Ortsmuseum Obermutten", "description": "<p>Aktuell sind&nbsp;zwei Ausstellungen zu den Themen \u00abWeil noch das L\u00e4mpchen gl\u00fcht\u00bb und&nbsp;\u00abDer Brand und Wiederaufbau von Obermutten\u00bb eingerichtet.</p>\n<p><strong>Weil noch das L\u00e4mpchen gl\u00fcht</strong><br>Ausstellung \u00fcber die Geschichte der Beleuchtungen mit rund&nbsp;200 Ausstellungsgegenst\u00e4nden. Im alten Walserhaus aus dem Jahr 1695 sehen Sie 2000 Jahre alte r\u00f6mische \u00d6llampen, eine Vielzahl von Talglichtern, verschiedene Petrol-, Karbid- und Gaslampen. Sie erfahren mehr \u00fcbers Feuermachen, die Schusterkugel, die Geschichte des Z\u00fcndholzes, die Entstehung der Stereoskopie und die Odyssee der Muttner Bibel. Auf 25 Farbtafeln k\u00f6nnen Sie die Geschichte der Beleuchtungen in Wort und Bild auf leicht fassliche gut verst\u00e4ndliche Art nachlesen.</p>\n<p><strong>Der Brand und Wiederaufbau von Obermutten</strong><br>Dem Dorfbrand von 1946 fielen 17 Holzh\u00e4user und St\u00e4lle zum Opfer.&nbsp;Die Ausstellung mit \u00fcber 25 professionell und informativ gestalteten Ausstellungstafeln informieren \u00fcber den Brand und Wiederaufbau mit Hilfe von Spendengeldern.</p>\n<p><strong>Dorf- &amp; Kirchenf\u00fchrungen</strong><br>Der <a href=\"https://www.obermutten.ch/kontakt/\">Walserverein Obermutten</a> bietet im Sommer auf Anfrage Dorff\u00fchrungen durch Mutten, Stafel, Obermutten und zur bzw. in die <a href=\"https://viamala.ch/de/map/poi/holzkirche-obermutten-3222bdca-48b8-4e5d-a0ba-e0594f7f7fc9.html\" target=\"_blank\">Holzkirche Obermutten</a> an.</p>", "url": "https://obermutten.ch/dorfmuseum-obermutten", "image": "https://viatpimtsoch.sos-ch-dk-2.exoscale-cdn.com/catalog/e/a/b/4/eab4fcaadd5dab6e6ebd2bcb350cd3bc5339bfc3_ortmuseum_obermutten_sommer_viamala_tourismus.jpg", "openstreetmap_id": "way/318277770"}, "geometry": {"type": "Point", "coordinates": ["9.483605772256851", "46.672428497793604"]}}, {"type": "Feature", "properties": {"identifier": "cc71f4cc-c1f3-42b4-ab4c-fea537a40f16", "name": "Feuerstelle Fundogn Andeer", "description": "<p>Die Feuerstelle kann von zwei Richtungen erreicht werden. Entweder man geht von Pignia Bad aus u\u0308ber einen Teerweg flussabwa\u0308rts am rechten Ufer bis zur Autobru\u0308cke. Dort u\u0308berqueret man den Hinterrhein auf der Fussga\u0308ngerbru\u0308cke und folgt anschliessend dem Schild \"Feuerstelle\". Oder man folgt dem Weg von Zillis aus flussaufwa\u0308rts. Auch hier ist die Feuerstelle beschildert. Beide Wege sind ungefa\u0308hr gleich lang, die Variante u\u0308ber Pignia Bad ist wohl etwas ku\u0308rzer und es kann direkt am Weg (neben der Bushaltestelle \"Pignia, Abzw. Clugin\"&nbsp;parkiert werden. Trotz der N\u00e4he zur Autostrasse ist die Feuerstelle im Gr\u00fcnen gelegen und der Rhein vermag nahezug den Strassenl\u00e4rm zu \u00fcbert\u00f6nen. Am Ufer hat es eine kleine Sandbank. Bitte beachten Sie die Hinweisschilder zu den Springfluten. Zum Baden ist der Fluss nicht geeignet.</p><p><span style=\"font-weight: bold;\">Ausstattung</span></p><ul><li>Brennholz vorhanden</li><li>1 Feuerstelle</li><li>Grillrost vorhanden</li><li>2 Sitzb\u00e4nke<br></li></ul><p><br>Bitte allf\u00e4llige Weisungen z.B. bez\u00fcglich <a href=\"https://www.gr.ch/DE/institutionen/verwaltung/diem/awn/aktuelles/Waldbrandgefahr/Seiten/aktuelle_waldbrandgefahr.aspx\" target=\"_blank\">Waldbrandgefahr </a>beachten.</p>", "url": "https://www.viamala.ch", "image": "https://viatpimtsoch.sos-ch-dk-2.exoscale-cdn.com/catalog/1/a/b/f/1abf9b34d595fa9ad6959f7030b958af82c7a07f_Feuerstelle_Fundogn_Andeer.jpg", "openstreetmap_id": "node/12074718701"}, "geometry": {"type": "Point", "coordinates": ["9.432892", "46.622974"]}}, {"type": "Feature", "properties": {"identifier": "cc7857e7-2b48-4cb9-afba-18a3f5fb6037", "name": "Feuerstelle Burgruine Pr\u00e4z", "description": "<p>Die Feuerstelle ist ab Pr\u00e4z in ca. 20 Gehminunte erreichbar und liegt am Fusse der Burgruine Pr\u00e4z.&nbsp;Sie liegt direkt am Familienwanderweg <a href=\"https://www.maps.viamala.ch/de/tour/themenweg/erlebniswanderweg-tilla-praez/23419492/\" target=\"_blank\">Tilla</a>.&nbsp;</p><p><span style=\"font-weight: bold;\">Ausstattung</span></p><ul><li>1 Feuerstelle</li><li>Grillrost vorhanden</li><li>Brennholz vorhanden</li><li>2 Tisch und 4 B\u00e4nke</li><li>Brunnen</li><li>Spielm\u00f6glichkeit f\u00fcr Kinder</li><li>WC<br></li></ul><p><br>Bitte allf\u00e4llige Weisungen z.B. bez\u00fcglich <a href=\"https://www.gr.ch/DE/institutionen/verwaltung/diem/awn/aktuelles/Waldbrandgefahr/Seiten/aktuelle_waldbrandgefahr.aspx\" target=\"_blank\">Waldbrandgefahr </a>beachten.</p>", "url": "https://www.viamala.ch", "image": "https://viatpimtsoch.sos-ch-dk-2.exoscale-cdn.com/catalog/4/a/0/6/4a06483ded051537636320b4fc2ba0fa7ad22a58_Spielplatz_und_Feuerstelle_Burgruine_Heinzenberg_Pr__z.jpg", "openstreetmap_id": "node/12075069656"}, "geometry": {"type": "Point", "coordinates": ["9.409297", "46.739806"]}}, {"type": "Feature", "properties": {"identifier": "cdeab1c8-7090-42c2-9373-460ab5d39580", "name": "Feuerstelle Nollabr\u00fccke", "description": "<p><span style=\"font-weight: bold;\">Ausstattung</span></p><ul><li>1 Feuerstelle</li><li>Grillrost vorhanden</li><li>2 Tische mit B\u00e4nke (12 Sitzpl\u00e4tze)</li><li>Bach vorhanden (kein Trinkwasser)</li><li>Abfallentsorgung vorhanden</li></ul><p><br>Bitte allf\u00e4llige Weisungen z.B. bez\u00fcglich <a href=\"https://www.gr.ch/DE/institutionen/verwaltung/diem/awn/aktuelles/Waldbrandgefahr/Seiten/aktuelle_waldbrandgefahr.aspx\" target=\"_blank\">Waldbrandgefahr </a>beachten.<br></p><p><br></p>", "url": "https://www.viamala.ch", "image": "https://viatpimtsoch.sos-ch-dk-2.exoscale-cdn.com/catalog/4/3/5/2/43526cd12504b88b906858b9e24b84de3847a3c1_Feuerstelle_Nollabr__cke_Thusis.jpg", "openstreetmap_id": "node/12074798949"}, "geometry": {"type": "Point", "coordinates": ["9.423258751630783", "46.69131554757605"]}}, {"type": "Feature", "properties": {"identifier": "ce430d3a-fb5c-43b9-a2db-5d3cc0468156", "name": "Beobachtungsbank Alp digl Oberst", "description": "Diese Sitzbank bei der Alp digl Oberst bietet einen atemberaubenden Ausblick \u00fcber das Schams. Unter der Bank befindet sich eine Schublade, die ein Fernglas und weitere Instrumente zur Beobachtung der Landschaft, Natur und Fauna enth\u00e4lt. Zus\u00e4tzlich informieren bereitgestellte Materialien \u00fcber ausgew\u00e4hlte Tier- und Pflanzenarten.", "url": "https://www.viamala.ch", "image": "https://viatpimtsoch.sos-ch-dk-2.exoscale-cdn.com/catalog/6/7/1/9/67190265525b8986a57e9e978f4d7837f32d4d3b_beobachtungsbank_mit_aussicht_in_die_val_schons_bei_der_alp_digl_oberst.jpg", "openstreetmap_id": "node/9909813552"}, "geometry": {"type": "Point", "coordinates": ["9.3826384", "46.6460984"]}}, {"type": "Feature", "properties": {"identifier": "d1e5bc1d-04f3-47c5-80a8-82d6f46576db", "name": "Kulturtenn Obermutten", "description": "<p>Aus einem Heustall ist im kleinen Bergdorf Obermutten ein luftiger Raum enstanden, das Kulturtenn. Der Charakter des Heustalls ist erhalten geblieben. Die Fenster bringen viel Licht hinein und lenken den Blick hinaus zu den nahen Gipfeln und Graten. Der Raum eignet sich hervorragend f\u00fcr Seminare, Workshops oder Schulwochen. Das Catering f\u00fcr Getr\u00e4nke und Verpflegung wird gerne vom Gasthaus Post in Obermutten \u00fcbernommen.</p><p>Die Ausstattung des Kulturtenns mit Beamer, einer grossen Leinwand, Flipchart und WLAN erm\u00f6glicht professionelles Arbeiten in einer naturnahen Umgebung. Der Pelletsofen sorgt auch in der k\u00e4lteren Jahreszeit f\u00fcr Behaglichkeit. Ein kurzer Spaziergang zur einzigartigen Holzkirche oder eine kleine Wanderung auf die Muttner H\u00f6hi er\u00f6ffnet neue Horizonte.</p><p>Neben dem Seminarraum befindet sich \"inscha Laada\", ein kleiner Selbstbedienungsladen mit regionalen Spezialit\u00e4ten. W\u00fcrzen Sie Ihren Aufenthalt mit einem St\u00fcck Bergk\u00e4se oder bringen Sie Ihren Liebsten eine Muttner Spezialit\u00e4t mit nach Hause.</p>", "url": "http://www.kulturtenn-obermutten.ch", "image": "https://viatpimtsoch.sos-ch-dk-2.exoscale-cdn.com/catalog/b/f/e/a/bfea82a4d96fcaf374f9363d09b870b09589a3ca_kulturtenn_obermutten_viamala_tourismus.jpg", "openstreetmap_id": "node/331942125"}, "geometry": {"type": "Point", "coordinates": ["9.4842914", "46.672171"]}}, {"type": "Feature", "properties": {"identifier": "d23e184b-4f07-4de5-a485-4570c0a4f0b0", "name": "Feuerstelle Nislas Zillis-Reischen", "description": "<p>Der Platz ist einfach erreichbar neben dem Hinterrhein. Dieser ist allerdings nicht direkt zuga\u0308nglich, da zwischen Rhein und Feuerstelle eine steile Bo\u0308schung von zirka fu\u0308nf Metern liegt. Trotzdem hat man die eindrucksvolle Gera\u0308uschkulisse des reissenden Stroms als steten Begleiter. Es hat einige Ba\u0308ume rund herum und die Feuerstelle ist durch den Tag eher sonnig. Gegen Abend liegt sie jedoch in einem angenehmen Schatten und eignet sich, je nach Tageszeit, auch an warmen Sommertagen.<br><br>Fa\u0308hrt man u\u0308ber die Umfahrungsstrasse Zillis, parkiert man am besten direkt neben der Firma \"Hassler Energia Alternativa\". Dort befindet sich ein geb\u00fchrenfreier, \u00f6ffentlicher Parkplatz mit Toiletten. Um zur Feuerstelle zu gelangen, muss man dann nur noch die Strasse \u00fcberqueren. Allerdings ist dabei Vorsicht geboten, es ist kein Fussg\u00e4ngerstreifen vorhanden.</p><p><span style=\"font-weight: bold;\">Ausstattung</span></p><ul><li>1 Feuerstelle</li><li>Grillrost vorhanden</li><li>Brennholz vorhanden</li><li>3 B\u00e4nke um die Feuerstelle</li><li>Abfallentsorgung vorhanden<br></li></ul><p><br>Bitte allf\u00e4llige Weisungen z.B. bez\u00fcglich <a href=\"https://www.gr.ch/DE/institutionen/verwaltung/diem/awn/aktuelles/Waldbrandgefahr/Seiten/aktuelle_waldbrandgefahr.aspx\" target=\"_blank\">Waldbrandgefahr </a>beachten.</p>", "url": "https://www.viamala.ch", "image": "https://viatpimtsoch.sos-ch-dk-2.exoscale-cdn.com/catalog/5/6/b/8/56b87a80fb66e33e78bd0650c74bbf9ce8981179_Feuerstelle_Nislas_Zillis_Reischen.jpg", "openstreetmap_id": "node/12075099260"}, "geometry": {"type": "Point", "coordinates": ["9.439962208271027", "46.63568042547773"]}}, {"type": "Feature", "properties": {"identifier": "d2511467-56ab-42f5-b78b-8697f361e777", "name": "Feuerstelle Plans", "description": "<p>Die Feuerstelle Plans liegt ziemlich in der Mitte zwischen den beiden Do\u0308rfern Clugin und Donat. Sie kann sehr einfach mit dem Auto oder auch mit dem Velo erreicht werden und liegt direkt am Rand einer wenig befahrenen Strasse. Zu Fuss erreicht man die Feuerstelle indem man mit dem \u00f6ffentlichen Verkehr bis Donat, vischna\u0300nca f\u00e4hrt, oder indem man der Wanderroute in Richtung Andeer folgt. Die Feuerstelle wird von der Gemeinde Donat unterhalten. Viele Holzb\u00e4nke laden zum Verweilen ein und die Spielwiese bietet Platz f\u00fcr allerlei Spiele.</p><p><span style=\"font-weight: bold;\">Ausstattung</span></p><ul><li>1 Feuerstelle</li><li>Grillrost vorhanden</li><li>Brennholz vorhanden</li><li>10 Sitzpl\u00e4tze</li><li>Brunnen mit Trinkwasser</li><li>Abfallentsorgung vorhanden<br></li></ul><p><br>Bitte allf\u00e4llige Weisungen z.B. bez\u00fcglich <a href=\"https://www.gr.ch/DE/institutionen/verwaltung/diem/awn/aktuelles/Waldbrandgefahr/Seiten/aktuelle_waldbrandgefahr.aspx\" target=\"_blank\">Waldbrandgefahr </a>beachten.</p>", "url": "https://www.viamala.ch", "image": "https://viatpimtsoch.sos-ch-dk-2.exoscale-cdn.com/catalog/d/4/0/5/d405b86185ff62a0e7ed585e1a6ef09f1de055f8_Feuerstelle_Plans_Donat.jpg", "openstreetmap_id": "node/12075090190"}, "geometry": {"type": "Point", "coordinates": ["9.427793025970459", "46.62277594858151"]}}, {"type": "Feature", "properties": {"identifier": "d2618c00-a70f-4097-8c62-c13875d93660", "name": "Inforama KHR", "description": "<p>Tauchen Sie ein in die spannende Welt der Kraftwerke Hinterrhein und entdecken Sie durch eine Vielzahl von Exponaten, Bildtafeln, Kurzfilmen und interaktiven Elementen die Highlights aus \u00fcber 50 Jahren Unternehmensgeschichte. Von den Anf\u00e4ngen bis zu den neuesten Projekten wird Ihnen hier ein informativer \u00dcberblick geboten. Dar\u00fcber hinaus erhalten Sie Einblicke in die zuk\u00fcnftigen Pl\u00e4ne des Unternehmens.</p><p>Die Ausstellung ist selbsterkl\u00e4rend gestaltet, sodass Sie die M\u00f6glichkeit haben, sie frei und ohne Begleitung zu erkunden. Nutzen Sie diese einzigartige Gelegenheit, um sich \u00fcber die beeindruckenden Anlagen der KHR zu informieren und die Zukunftsvisionen dieses dynamischen Unternehmens zu erleben. Der Eintritt ist kostenlos, also kommen Sie vorbei und lassen Sie sich inspirieren!</p><p>Im Juli und August finden jeweils am Dienstag-Nachmittag gef\u00fchrte Staumauerbesichtigungen statt. Die Termine finden Sie im <a href=\"https://viamala.ch/de/informieren/aktuelles/events.html\" target=\"_blank\">Viamala&nbsp;Online-Veranstaltungskalender</a>.<br></p>", "url": "https://www.khr.ch/de/inforama", "image": "https://viatpimtsoch.sos-ch-dk-2.exoscale-cdn.com/catalog/2/d/f/f/2dff6d3ea7364e93478954ae8e9aa8bf41b2663d_inforama_khr_und_tunnelportal_valle_di_lei_viamala_tourismus.jpg", "openstreetmap_id": "way/169604338"}, "geometry": {"type": "Point", "coordinates": ["9.456924", "46.483891"]}}, {"type": "Feature", "properties": {"identifier": "d27bc45a-3667-4708-9d98-85013847f895", "name": "Burgruine Alt Sins", "description": "<!-- ####### HEY, I AM THE SOURCE EDITOR! #########--><p>Die vermutlich Ende des 12. Jahrhunderts erbaute Burg war urspr&uuml;nglich Sitz einer kleinen Grundherrschaft, die aus dem Hof Paspels herausgewachsen ist und im 13. Jahrhundert im Besitz der Herren von Vaz erscheint. Die Burg selber wird 1285 urkundlich erstmals genannt. Nach dem Aussterben der Vaz im Mannesstamm geht sie mit der Herrschaft an die Werdenberg-Sargans.</p><p>W&auml;hrend der Schamser Fehde von 1451 wurde die damals kaum noch bewohnte Burg zerst&ouml;rt: Durch das Untergraben einer H&auml;lfte des Turms st&uuml;rzte dieser ein und wurde nicht wieder aufgebaut. Auf Anordnung des Schiedsgerichts von 1452 blieb die Ruine als Mahnmal erhalten.</p><p>Heute sind noch die Ruinen eines viergeschossigen Wohnturms mit Ringmauer zu sehen. Der Eingang befand sich im zweiten Stock, die Aborterker im dritten und vierten Stock.<br><br></p><h4><strong>Zugang</strong></h4><p>Alt Sins befindet sich in Privatbesitz. Die Anlage liegt direkt am <a href=\"https://mybusiness.outdooractive.com/de/r/23419810/\" data-type=\"tour\" data-id=\"23419810\">Burgenweg Domleschg</a>&nbsp;und ist auf eigene Verantwortung zug&auml;nglich. Der Weg hoch zur Ruine beginnt im Vitg (<a href=\"https://goo.gl/maps/P6ft8V9ert2wjvJE8\">Standort Google Maps</a>).</p>", "url": "https://www.viamala.ch", "image": "https://viatpimtsoch.sos-ch-dk-2.exoscale-cdn.com/catalog/d/c/8/e/dc8e8db835bcbaf5ac2fb701f15b50a45556b7dd_ruine_alt_sins_suens_paspels_vitg_domleschg_sommer_viamala_tourismus.jpg", "openstreetmap_id": "way/136215422"}, "geometry": {"type": "Point", "coordinates": ["9.439128", "46.749451"]}}, {"type": "Feature", "properties": {"identifier": "d32908fc-d11b-4074-a6fc-fa6f66fe7e12", "name": "Feuerstelle Crap Carschenna", "description": "<p>Die Feuerstelle befindet sich unmittelbar hinter dem <a href=\"https://viamala.ch/de/map/poi/aussichtspunkt-crap-carschenna-f804033f-412e-46cb-8d8e-8fe52643b6bc.html\" target=\"_blank\">Aussichtspunkt Crap Carschenna</a> und ist in einer Waldlichtung gelegen.</p><p>Die Feuerstelle ist \u00fcber den Wanderweg Sils i.D. - Hohen R\u00e4tien - Carschenna erreichbar.&nbsp;Feuerholz muss selbst mitgebracht oder im Wald gesammelt werden.&nbsp;Bitte den Abfall wieder mitnehmen, es gibt keine Entsorgungsm\u00f6glichkeit.</p><p><span style=\"font-weight: bold;\">Ausstattung</span></p><ul><li>1 Feuerstelle</li><li>Grillrost vorhanden</li><li>8 B\u00e4nke ums Feuer<br></li></ul><p><br>Bitte allf\u00e4llige Weisungen z.B. bez\u00fcglich <a href=\"https://www.gr.ch/DE/institutionen/verwaltung/diem/awn/aktuelles/Waldbrandgefahr/Seiten/aktuelle_waldbrandgefahr.aspx\" target=\"_blank\">Waldbrandgefahr </a>beachten.</p>", "url": "https://www.viamala.ch", "image": "https://viatpimtsoch.sos-ch-dk-2.exoscale-cdn.com/catalog/4/b/1/b/4b1b68dc1bc7919bc97f2aaecd4b17d6fbc553c8_Feuerstelle_Crap_Carschenna_Sils.jpg", "openstreetmap_id": "node/12075071022"}, "geometry": {"type": "Point", "coordinates": ["9.45901930332184", "46.693166099996"]}}, {"type": "Feature", "properties": {"identifier": "d81eeac4-b8fa-4d80-9deb-260b4f7149ec", "name": "Traversinersteg", "description": "<p>Die kulturhistorischen Sch\u00e4tze rund um die Viamala erlebbar zu machen, das ist das Anliegen des Vereins Kulturraum Viamala. R\u00fcckgrat dieses Plans bildet der wieder in Stand gesetzte R\u00f6merpfad 'Veia Traversina', der sich von Sils aus \u00fcber Hohenr\u00e4tien, St. Albin ins Zentrum der Schlucht zieht. Dieser herrlich angelegte Weg f\u00fchrt \u00fcber zahlreiche Tobel, welche teilweise durchschritten, teilweise aber auch von Br\u00fccken \u00fcberspannt sind.</p><p>Das gr\u00f6sste und wildeste dieser Tobel wird seit 2005 vom Traversinersteg II \u00fcberspannt. Der Zweite Traversinersteg wurde 2005 erbaut und ersetzt den 1996 erstellten ersten Traversinersteg, der weiter hinten im Tobel stand und von einem Steinschlag zerst\u00f6rt wurde. Die Br\u00fccke ist als vorgespanntes Seilfachwerk mit nat\u00fcrlichen Pylonen und einem schr\u00e4gen Gehweg angelegt, einer h\u00e4ngenden Treppe mit einer horizontalen Spannweite von 56 m und einer H\u00f6hendifferenz von 22 m. Das Wohlbefinden der Wanderer und ihr subjektives Sicherheitsgef\u00fchl bez\u00fcglich Tiefblick und Schwingungen auf der 70 m \u00fcber dem Bachbett h\u00e4ngenden Treppe war eine entscheidende Planungsaufgabe.</p><p>Aussenliegende Tr\u00e4ger verhindern den vertikalen Blick ins Tobel und liegend angeordnete Gel\u00e4nderbretter unterst\u00fctzen den Sichtschutz. Die F\u00f6hrenholztritte des nach unten mit einem Radius von 150 m gebogenen Gehwegs gew\u00e4hrleisten durch ihre s\u00e4gerauen Oberfl\u00e4chen Rutschfestigkeit. Ein Rautenfachwerk mit doppeltem Strebenzug, die hohe Steifigkeit der Brettschichtholztr\u00e4ger aus L\u00e4rchenholz und die Vorspannung der Hauptseile begrenzen das Schwingen und Schaukeln des Gehwegs auf ein vertretbares Mass. Der Traversinersteg II ist Teil des viaSpluga-Weitwanderwegs und nur zu Fuss erreichbar.</p>", "url": "http://www.traversinersteg.ch", "image": "https://viatpimtsoch.sos-ch-dk-2.exoscale-cdn.com/catalog/f/1/8/1/f181733d00b3c453972b90d7e53b8aaee6be5a9b_traversinersteg_veia_traversina_haengebruecke_schams_zillis_thusis_sommer_viaspluga_demateo.com.jpg", "openstreetmap_id": "way/150228429"}, "geometry": {"type": "Point", "coordinates": ["9.452987", "46.672905"]}}, {"type": "Feature", "properties": {"identifier": "d8f96d0c-b128-4243-bfc5-24b14aef0cb0", "name": "Alte Landbrugg Hinterrhein", "description": "<p>Die Alte Landbrugg befindet sich in der Gemeinde Hinterrhein im Rheinwald, und ist eine imposante Steinbr\u00fccke aus dem Jahr 1693. Sie wurde vom Baumeister Peter Zurr aus Berg\u00fcn errichtet und \u00fcberspannt den Hinterrhein mit zwei B\u00f6gen auf einer L\u00e4nge von knapp 40 Metern und einer Breite von 2,5 Metern. Urspr\u00fcnglich diente sie der alten Saumstrasse \u00fcber den San-Bernardino-Pass als Fluss\u00fcbergang.</p><p>Kurz nach ihrer Fertigstellung st\u00fcrzte die Br\u00fccke 1696 teilweise ein und wurde von Meister Bartolomeo Stornino aus Chiavenna f\u00fcr 400 Gulden wieder aufgebaut. Die Br\u00fccke wurde im Laufe der Jahrhunderte mehrfach durch Hochwasser besch\u00e4digt, wobei das n\u00f6rdliche Joch 1931 einst\u00fcrzte und 1935 mit Unterst\u00fctzung des Schweizer Heimatschutzes restauriert wurde.</p><p>Die heutige Struktur zeigt die Spuren der Reparaturen, insbesondere die Betonelemente unterhalb des Br\u00fcckenbogens. \u00dcber die Br\u00fccke f\u00fchrt nun ein Wanderweg, der vom Rheinwald \u00fcber den San-Bernardino-Pass verl\u00e4uft. An der h\u00f6chsten Stelle der Br\u00fccke erinnern Steintafeln an die Errichtung und die Renovierungen, wobei die Inschriften an die Gemeinschaft und die zahlreichen G\u00f6nner, die die Restaurierung erm\u00f6glichten, gedenken.</p>", "url": "https://www.viamala.ch/", "image": "https://viatpimtsoch.sos-ch-dk-2.exoscale-cdn.com/catalog/6/e/4/e/6e4ee1384b7abeb997fa68dcf9ad9428280259f4_alte_landbrugg_hinterrhein_rheinwald_sommer_viamala.jpg", "openstreetmap_id": "way/691375752"}, "geometry": {"type": "Point", "coordinates": ["9.201979", "46.528783"]}}, {"type": "Feature", "properties": {"identifier": "db19ff83-153c-4e1d-8c35-6523e187d91b", "name": "Ausstellung Schalensteine in der Region Viamala", "description": "<p>Auf einem von Gletschern geformten Felsen im Arsiert, s&uuml;dlich von B&auml;renburg, ziehen k&uuml;nstliche Steinbearbeitungen aus vorgeschichtlicher Zeit auch den modernen Geist in ihren Bann. Eine nachweisliche, vom j&auml;hrlichen Sonnenlauf abh&auml;ngige Gesetzm&auml;ssigkeit l&auml;sst eine kalendarische Ordnung vermuten. Schritt um Schritt entsteht ein Sonnensymbol, eingebettet im kreisumrundeten Sechseck. Abgeleitet vom Sonnenlauf l&auml;sst sich alsdann aus einem pr&auml;historischen Koordinatengitter die regionale Landschaft und neue Schalenstein&ouml;rtlichkeiten herauslesen.</p>\n<p>Die private Ausstellung von Anselmo Gadola thematisiert die Schalen- und Zeichensteine im Schams, Avers und Rheinwald als Zeugen einer kultastronomischen Gesetzm&auml;ssigkeit in Abh&auml;ngigkeit des j&auml;hrlichen Sonnenlaufs. Mystisch und r&auml;tselhaft zugleich.</p>", "image": "https://viatpimtsoch.sos-ch-dk-2.exoscale-cdn.com/catalog/7/8/e/3/78e35ee3841165eb37fcd7c8ac56a20d4571f308_ausstellung_schalensteine_in_der_region_viamala.jpg", "openstreetmap_id": "node/12100516386"}, "geometry": {"type": "Point", "coordinates": ["9.42793000000006", "46.59418"]}}, {"type": "Feature", "properties": {"identifier": "db8d37b9-7c5d-4ef6-85cd-7a10817443fa", "name": "Spielplatz Cazis Oberdorf", "description": "<p><strong>Ausstattung:</strong></p>\n<ul>\n<li>Rutschbahn</li>\n<li>Schaukel</li>\n<li>Korbschaukel</li>\n<li>Bodentrampolin</li>\n<li>Wippe</li>\n<li>Reck</li>\n<li>Schwingtiere</li>\n<li>Sandkasten</li>\n<li>Tisch</li>\n<li>Bank</li>\n</ul>", "url": "https://www.viamala.ch", "image": "https://viatpimtsoch.sos-ch-dk-2.exoscale-cdn.com/catalog/3/e/b/b/3ebb1d2369c0b1bf50fd01e0ca6ced788a3b59e7_Spielplatz_Cazis_Oberdorf.jpg", "openstreetmap_id": "node/12075177320"}, "geometry": {"type": "Point", "coordinates": ["9.428911", "46.72143"]}}, {"type": "Feature", "properties": {"identifier": "dd6699e2-45bd-4bba-bfe2-ccdfe637c847", "name": "Spielplatz Feldis Schulhaus", "description": "<p>In Anlehnung an das Projekt Naturerlebnis Feldis, welches die Elemente \u201eFeuer\u201c und \u201eErde\u201c bei der Grillstelle Pro Niev und beim Erratischen Block darstellt, werden die Naturelemente auch auf dem Spielplatz Feldis thematisiert.</p>\n<p>Eine Wasserspielanlage mit einem Wasserpl\u00e4tscherkanal, zwei Z\u00fcndh\u00f6lzer und eine Z\u00fcndholzschachtel integriert in einen Balancierparcours sowie der Holzschnitzelplatz verk\u00f6rpern die Elemente Wasser, Feuer und Erde. Ein Spielturm mit R\u00f6hrenrutschbahn und Seilbr\u00fccke, eine Nestschaukel sowie ein drehbarer Kletterbaum und eine Doppelwippe erg\u00e4nzen das vielf\u00e4ltige Spielangebot.</p>\n<p>Zum Ausruhen und f\u00fcr die Verpflegung steht auf dem Spielplatz ein sch\u00f6ner Holztisch mit Bank bereit. Dieser ist durch die IG Raguta gesponsert und durch den Werkdienst der Gemeinde erstellt worden. Das Sponsoring der IG Raguta steht in Zusammenhang mit ihrem 20-j\u00e4hrigen Jubil\u00e4um, f\u00fcr welches sie einen Teil ihres Jahresumsatzes als Unterst\u00fctzungsbeitrag an verschiedene Institutionen weitergegeben haben.</p>", "url": "https://www.viamala.ch", "image": "https://viatpimtsoch.sos-ch-dk-2.exoscale-cdn.com/catalog/0/8/a/a/08aa3445583eede37ac8b771d339502aa00b9122_Spielplatz_Feldis_Schulhaus.jpg", "openstreetmap_id": "node/12075175176"}, "geometry": {"type": "Point", "coordinates": ["9.431309401988983", "46.79480979112888"]}}, {"type": "Feature", "properties": {"identifier": "ddfee18f-2192-4b40-a302-356bb15e6a69", "name": "Spielplatz Schulhaus Sarn", "description": "<p><strong>Ausstattung:</strong></p>\n<ul>\n<li>Rutschbahn</li>\n<li>Korbschaukel</li>\n<li>Kletternetz</li>\n<li>Kletter-Iglu aus Holz</li>\n<li>Bodenspiele</li>\n</ul>", "url": "https://www.viamala.ch", "image": "https://viatpimtsoch.sos-ch-dk-2.exoscale-cdn.com/catalog/5/6/b/c/56bc8ca049e83e8e0b303befe0fc07ee8836dedd_Spielplatz_Schulhaus_Sarn.jpg", "openstreetmap_id": "node/12075195122"}, "geometry": {"type": "Point", "coordinates": ["9.410298", "46.717526"]}}, {"type": "Feature", "properties": {"identifier": "df2f3d40-1fb7-4f20-a16f-75d38eb2f7d6", "name": "Wildtierbeobachtungspunkte Alpersch\u00e4lli", "description": "<p>Neben Feldstecher und Fernrohr sind die Stationen mit Informationen zu Steinbock, Schneehuhn und Murmeltier ausgestattet. Wichtige Tipps, wie Wildtiere beobachtet werden k\u00f6nnen, ohne sie zu st\u00f6ren, k\u00f6nnen der Brosch\u00fcre&nbsp;<a href=\"https://www.naturpark-beverin.ch/sites/naturpark_beverin/files/d7/generic_files/leporello_wildtierbeobachtung_seiten-1.pdf\" target=\"_blank\">\u00abWildtierbeobachtung\u00bb</a> entnommen werden.</p><p>Durch die Sensibilisierung f\u00fcr die Bed\u00fcrfnisse der Wildtiere und alpinen Naturr\u00e4ume wird naturvertr\u00e4gliches Verhalten gest\u00e4rkt und die Wildtiere vor St\u00f6rungen bewahrt.</p><p>Gebaut wurden die Beobachtungspunkte auf \u00fcber 2500 m \u00fc. M. in schwerster Handarbeit. W\u00e4hrend der Trockensteinmauer-Bauwoche im Juli 2019 erlernten die sieben Teilnehmenden anhand des Baus das Handwerk der Trockenmauer-Bautechnik. Das Projekt der Wildtierbeobachtungspunkte setzte der Naturpark Beverin mit Unterst\u00fctzung vom Amt f\u00fcr Jagd und Fischerei (AJF) und Amt f\u00fcr Natur und Umwelt (ANU) des Kanton Graub\u00fcnden sowie vom Bundesamt f\u00fcr Umwelt (BAFU) um.</p>", "url": "https://www.naturpark-beverin.ch", "image": "https://viatpimtsoch.sos-ch-dk-2.exoscale-cdn.com/catalog/c/1/0/d/c10dd763fb9c432f2943fbafa4ac7a22a62e6dac_wildbeobachtungspunkt_alperschaelli_sebastian_nagelmueller.jpg", "openstreetmap_id": "node/12083310959"}, "geometry": {"type": "Point", "coordinates": ["9.312437893328479", "46.608475849862835"]}}, {"type": "Feature", "properties": {"identifier": "e29c477c-9abf-4d10-8fd9-6f8063f94eca", "name": "Gaudenz transports", "description": "<p>Gaudenz ist Ihr verl&auml;sslicher Partner f&uuml;r alle Arten von Transporten in der Region Heinzenberg/Domleschg. Die Dienstleistungen umfassen Personenbef&ouml;rderung, Kurierfahrten, Sch&uuml;lertransporte sowie spezialisierte Dienste f&uuml;r Personen mit Beeintr&auml;chtigung. Mit dem PubliCar-Service wird eine bequeme Mobilit&auml;t in der Region gew&auml;hrleistet.</p><p>Der beliebte Shuttledienst steht f&uuml;r private und &ouml;ffentliche Veranstaltungen zur Verf&uuml;gung und bietet eine komfortable L&ouml;sung f&uuml;r Gruppenreisen. Planen Sie einen Event? Gaudenz k&uuml;mmert sich darum, dass die G&auml;ste sicher und zufrieden nach Hause kommen. F&uuml;r eine Offerte oder weitere Informationen steht Ihnen Gaudenz unter der B&uuml;ronummer in Andeer: <a href=\"tel:+41816307575\">+41 81 630 75 75</a> zur Verf&uuml;gung. F&uuml;r spontane Anfragen k&ouml;nnen Sie die Mobilnummer <a href=\"tel:+41816515577\">+41 81 651 55 77 </a>w&auml;hlen.</p>", "url": "https://www.gaudenz-transports.ch", "image": "https://viatpimtsoch.sos-ch-dk-2.exoscale-cdn.com/catalog/5/c/1/6/5c164fab989d1884414fdfbf2185bc4f5bb427b9_gaudenz_transports_taxi_personentransport_t5.jpg", "openstreetmap_id": "node/12121737228"}, "geometry": {"type": "Point", "coordinates": ["9.427172", "46.605116"]}}, {"type": "Feature", "properties": {"identifier": "e2f20b4c-bdee-4c19-8ea3-86afcf77999d", "name": "Coworking STORY Thusis", "description": "<p>Kombiniere dein Teamwork mit Freizeitaktivit\u00e4ten wie Mountainbiken, Wandern oder einfach nur die Seele baumeln lassen. Alles in einer inspirierenden Natur inmitten von Bergen.</p>\n<ul>\n<li><a href=\"https://story-thusis.ch/\">Weitere Infos zur Story Thusis</a></li>\n</ul>", "url": "https://story-thusis.ch/coworking/", "image": "https://viatpimtsoch.sos-ch-dk-2.exoscale-cdn.com/catalog/9/b/3/3/9b331fb4d6327ebd918559559f097b5ad4e91dd0_coworking_in_der_story_thusis.jpg", "openstreetmap_id": "node/12131174145"}, "geometry": {"type": "Point", "coordinates": ["9.44031", "46.692567"]}}, {"type": "Feature", "properties": {"identifier": "e2fbc59a-0f01-4e44-8e43-c62d1568b7d4", "name": "Sinnesoase Prau Gaguls", "description": "\u00abB\u00e4ume haben etwas Wesentliches gelernt: nur wer einen festen Stand hat und trotzdem beweglich ist, \u00fcberlebt die starken St\u00fcrme.\u00bb (Anke Maggauer-Kirsche)", "url": "https://cazis.ch/", "image": "https://viatpimtsoch.sos-ch-dk-2.exoscale-cdn.com/catalog/0/c/3/3/0c33756ddc7102284e34445fc415426129e0adb3_1.jpg", "openstreetmap_id": "node/5593295138"}, "geometry": {"type": "Point", "coordinates": ["9.399297237396242", "46.730465674239426"]}}, {"type": "Feature", "properties": {"identifier": "e378047d-f3f5-47c6-893d-011c3fa57569", "name": "Feuerstelle Reischen", "description": "<p>Die Feuerstelle Reischen ist sowohl mit dem Auto, dem Velo oder auch zu Fuss gut erreichbar. Der Platz liegt unweit von der Ausfahrt 24-Zillis der A13 und ist von dort in wenigen Minuten erreichbar. Man folgt einem relativ engen Teerstra\u0308sschen den Hang hoch und findet die Feuerstelle auf der rechten Seite. Zu Fuss geht man von Zillis \u00fcber die viaSpluga-Route nach Reischen, weiter \u00fcber die Holzbr\u00fccke. Nach wenigen Metern ist die Feuerstelle auf der rechten Seite.</p><p><span style=\"font-weight: bold;\">Ausstattung</span><br></p><ul><li>1 Feuerstelle</li><li>Rost vorhanden</li><li>Brennholz vorhanden</li><li>1 Tisch mit 3 B\u00e4nke (8 Sitzpl\u00e4tzen)</li><li>Abfallentsorgung vorhanden<br><br></li></ul><p>Bitte allf\u00e4llige Weisungen z.B. bez\u00fcglich <a href=\"https://www.gr.ch/DE/institutionen/verwaltung/diem/awn/aktuelles/Waldbrandgefahr/Seiten/aktuelle_waldbrandgefahr.aspx\" target=\"_blank\">Waldbrandgefahr </a>beachten.</p>", "url": "https://www.viamala.ch", "image": "https://viatpimtsoch.sos-ch-dk-2.exoscale-cdn.com/catalog/c/6/6/6/c666bf50824715a5335670cc814d0eafd821b013_Feuerstelle_Reischen.jpg", "openstreetmap_id": "node/12075090222"}, "geometry": {"type": "Point", "coordinates": ["9.451849", "46.642008"]}}, {"type": "Feature", "properties": {"identifier": "e3e38bd2-a44e-4d7b-a5a0-1dc0a8917516", "name": "Reformierte Kirche Mathon", "description": "Ersturkundlich bezeugt ist eine Kirche in Mathon bereits 831. Der heutige Bau wurde 1728 errichtet. Eine Glocke stammt aus der Zeit der&nbsp;Reformation&nbsp;zu Beginn des 16. Jahrhunderts. Die mit&nbsp;Bauernmalerei&nbsp;verzierte&nbsp;Orgel, urspr\u00fcnglich in der Kirche&nbsp;Surava&nbsp;im Einsatz, wurde 1822 eingebaut, womit Mathon f\u00fcr mehr als ein Jahrhundert die einzige Schamser Talkirche mit eigener Orgel wurde. Im Zentrum des Kircheninneren steht ein&nbsp;Taufstein, der zugleich als&nbsp;Abendmahlstisch&nbsp;benutzt wird. Die&nbsp;Kanzel&nbsp;f\u00e4llt durch einen besonders kunstvoll geschnitzten&nbsp;Schalldeckel&nbsp;auf.", "url": "https://zillis-st-martin.ch/kirchgemeinde-zillis-schamserberg/", "image": "https://viatpimtsoch.sos-ch-dk-2.exoscale-cdn.com/catalog/b/7/5/0/b750c37e8a7bc8297960edc56b8573641e1a2cef_mathon_am_schamserberg_mit_kirchen_im_sommer_demateo.jpg", "openstreetmap_id": "way/363506029"}, "geometry": {"type": "Point", "coordinates": ["9.415543", "46.636229"]}}, {"type": "Feature", "properties": {"identifier": "e4cc5fef-452f-4f06-93a7-f13b14c2d5bf", "name": "Spielplatz Almens", "description": "<p>Der Spielplatz am Dorfeingang von Almens l&auml;dt zum gemeinsamen Spielen und Zeit verbringen ein. Er verf&uuml;gt &uuml;ber zwei Fussballtore in Handballgr&ouml;sse, eine Rutschbahn, eine Netzschaukel, einen Kreisel und einen Kletterpfahl und bietet somit eine Vielzahl von Unterhaltungsm&ouml;glichkeiten f&uuml;r Kinder jeden Alters. Dank mehreren Sitzgelegenheiten k&ouml;nnen Eltern und Betreuer das Spiel ihrer Kinder bequem beobachten und sich dabei entspannen. Dieser Spielplatz ist nicht nur ein beliebter Treffpunkt f&uuml;r Familien, weil er eine ideale Umgebung f&uuml;r aktiven Spass im Freien bietet, sondern auch wegen der sch&ouml;nen Aussicht.</p>\n<p>&nbsp;</p>\n<p><strong>Ausstattung:</strong></p>\n<ul>\n<li>Abfallentsorgung vorhanden</li>\n<li>Fussballtore</li>\n<li>Rutsche</li>\n<li>Netzschaukel</li>\n<li>Kreisel</li>\n<li>Kletterpfahl</li>\n<li>Sitzgruppe/Bank</li>\n</ul>", "url": "https://www.viamala.ch", "image": "https://viatpimtsoch.sos-ch-dk-2.exoscale-cdn.com/catalog/d/8/a/f/d8afa18e70609fb87bca2f93a97f4bbe16ee137b_Spielplatz_Almens.jpg", "openstreetmap_id": "node/12075140325"}, "geometry": {"type": "Point", "coordinates": ["9.45362", "46.73815"]}}, {"type": "Feature", "properties": {"identifier": "e62436fd-5f3f-49ea-8354-a18e681fe0da", "name": "Wildener Br\u00fccke", "description": "Erst durch den Strassenbau von 1729 bis 1739 konnte die gefahrvolle Stelle umgangen werden. Daf\u00fcr waren aber zwei Br\u00fccken n\u00f6tig: die Wildener Br\u00fccken, benannt nach dem Davoser Baumeister Christian Wildener. Sind von der n\u00f6rdlichen Br\u00fccke heute nur noch Reste zu sehen, hat die s\u00fcdlichere, gleich ob dem Viamala-Besucherzentrum, noch bis 1935 den ganzen Verkehr, der durch die Viamala ging, erdulden m\u00fcssen. Seither wird der Verkehr \u00fcber die Br\u00fccke von Luigi Premoli geleitet. Der Zilliser Baumeister leistete damit seinen Beitrag zum Erhalt der s\u00fcdlichen Wildener Br\u00fccke. Die n\u00f6rdliche hatte er allerdings aufgrund der engen Platzverh\u00e4ltnisse 1938 vollst\u00e4ndig ersetzt.", "url": "http://www.viamala-schlucht.ch", "image": "https://viatpimtsoch.sos-ch-dk-2.exoscale-cdn.com/catalog/8/4/2/4/8424899b1d925b5c5391fefe6fc27b4f90de5bd9_wildener_bruecke_in_der_viamala_schlucht_im_sommer_grf_tolisart.com.jpg", "openstreetmap_id": "way/1078197876"}, "geometry": {"type": "Point", "coordinates": ["9.44840499999998", "46.661998"]}}, {"type": "Feature", "properties": {"identifier": "e73ce62c-bbff-41b5-97e7-a2cbf6a97660", "name": "Feuerstelle Mutten Stofel", "description": "<p>Die Feuerstelle befindet sich direkt an der Strasse zwischen Mutten und Obermutten sowie am Weg der Schatzsuche \"<a href=\"https://www.maps.viamala.ch/de/tour/themenweg/schatzsuche-mit-der-huria-faengge-in-mutten/23420018/\" target=\"_blank\">Huria F\u00e4ngge</a>\".&nbsp;</p><p><span style=\"font-weight: bold;\">Ausstattung</span></p><ul><li>1 Feuerstelle</li><li>Rost vorhanden</li><li>1 Tisch mit B\u00e4nke (8 Sitzpl\u00e4tze)</li><li>Brennholz<br><br></li></ul><p>Zu Fuss oder mit dem Auto zwischen Mutten und Obermutten.<br>Bitte allf\u00e4llige Weisungen z.B. bez\u00fcglich <a href=\"https://www.gr.ch/DE/institutionen/verwaltung/diem/awn/aktuelles/Waldbrandgefahr/Seiten/aktuelle_waldbrandgefahr.aspx\" target=\"_blank\">Waldbrandgefahr </a>beachten.</p>", "url": "https://www.viamala.ch", "image": "https://viatpimtsoch.sos-ch-dk-2.exoscale-cdn.com/catalog/5/7/a/f/57af62f6cffbc9d6a3cceef9deb87b24156fc4bf_feuerstelle_stofel.png", "openstreetmap_id": "node/12075112317"}, "geometry": {"type": "Point", "coordinates": ["9.491307735443115", "46.67486125555941"]}}, {"type": "Feature", "properties": {"identifier": "e8c96bd3-611c-4193-8956-20c2dc68559b", "name": "Feuerstelle Canovasee Paspels", "description": "<p>Ein Besuch l\u00e4sst sich bestens mit einem Spaziergang nach Almens verbinden, welche eine einmalige Aussicht auf den Heinzenberg verspricht. Ab Paspels ist der <a href=\"https://viamala.ch/de/map/poi/canovasee-21928c1e-85de-48e1-b7a7-0666c7a16838.html\" target=\"_blank\">Canovasee </a>und die Feuerstelle in ca. 10 - 15 Fussminuten zu erreichen.&nbsp;Das Baden im See ist kostenpflichtig.</p><p><span style=\"font-weight: bold;\">Ausstattung</span></p><ul><li>1 Feuerstelle</li><li>Rost vorhanden</li><li>Brennholz vorhanden</li><li>2 Tische mit Sitzb\u00e4nken f\u00fcr ca. 10 Personen</li><li>3 B\u00e4nke</li><li>Abfallentsorgung vorhanden<br></li></ul><p><br>Bitte allf\u00e4llige Weisungen z.B. bez\u00fcglich <a href=\"https://www.gr.ch/DE/institutionen/verwaltung/diem/awn/aktuelles/Waldbrandgefahr/Seiten/aktuelle_waldbrandgefahr.aspx\" target=\"_blank\">Waldbrandgefahr </a>beachten.</p>", "url": "https://www.viamala.ch", "image": "https://viatpimtsoch.sos-ch-dk-2.exoscale-cdn.com/catalog/0/0/c/b/00cbc6810f221d87d2fd693bf188273daba6b307_Feuerstelle_Canovasee_Paspels.jpg", "openstreetmap_id": "node/12075124472"}, "geometry": {"type": "Point", "coordinates": ["9.452029452124634", "46.74633785010202"]}}, {"type": "Feature", "properties": {"identifier": "e8cba866-384f-48f6-8c63-bc50108c5c4f", "name": "Spielplatz Scharans", "description": "<p><strong>Ausstattung:</strong></p>\n<ul>\n<li>Abfallentsorgung</li>\n<li>Spielturm mit Balancieranlage und Rutschbahn</li>\n<li>Div. Schaukeln</li>\n<li>Wasserspielanlage</li>\n<li>Sandbagger</li>\n<li>Sandkasten</li>\n<li>2 Federspielger&auml;te</li>\n<li>Klettermikado</li>\n<li>Gigampfe</li>\n<li>Rutschbahn</li>\n<li>Dreiecksh&auml;uschen zum Klettern</li>\n<li>Fussballfeld (im Winter Eisfeld)</li>\n<li>Pingpongtisch</li>\n</ul>", "url": "https://www.viamala.ch", "image": "https://viatpimtsoch.sos-ch-dk-2.exoscale-cdn.com/catalog/f/8/0/8/f808488346d1a84549128eca3072ac886ede69f0_Spielplatz_Scharans.jpg", "openstreetmap_id": "node/2535217756"}, "geometry": {"type": "Point", "coordinates": ["9.460357", "46.71769"]}}, {"type": "Feature", "properties": {"identifier": "ecfcc1d8-1f36-48d6-a92f-699d0b63c1b6", "name": "Spielplatz Mathon", "description": "<p><strong>Ausstattung:</strong></p>\n<ul>\n<li>diverse Schaukeln</li>\n<li>eine Rutschbahn</li>\n<li>einen Kletterturm mit Rutschbahn</li>\n<li>Wippen</li>\n<li>ein Kletternetz</li>\n<li>eine Sitzbank</li>\n</ul>", "url": "https://www.viamala.ch", "image": "https://viatpimtsoch.sos-ch-dk-2.exoscale-cdn.com/catalog/1/b/1/8/1b187a550c81cdc179d022646583807f7a314ced_spielplatz_mathon.jpg", "openstreetmap_id": "way/138006897"}, "geometry": {"type": "Point", "coordinates": ["9.4161223", "46.6388936"]}}, {"type": "Feature", "properties": {"identifier": "ef7bd4fb-7f98-4e62-ae3d-2a87c39cdca7", "name": "Spielplatz Andeer", "description": "<p><strong>Ausstattung:</strong></p>\n<ul>\n<li>Abfallentsorgung</li>\n<li>Drei Sitzgruppen mit Tisch (eine unter Dach)</li>\n<li>Feuerstelle</li>\n<li>&ouml;ffentliche Toilette (nur im Sommer ge&ouml;ffnet)</li>\n<li>Brunnen</li>\n<li>Kletterpark</li>\n<li>Sandkasten</li>\n<li>Vierfachwippe</li>\n<li>Schaukeln</li>\n<li>Drahtseilbahn</li>\n</ul>", "url": "https://www.viamala.ch", "image": "https://viatpimtsoch.sos-ch-dk-2.exoscale-cdn.com/catalog/e/3/0/f/e30f29788d86b3414a9e8c4bb4adcd733c7650d7_Feuerstelle_und_Spielplatz_Andeer__3_.jpg", "openstreetmap_id": "node/12075190100"}, "geometry": {"type": "Point", "coordinates": ["9.422108", "46.602877"]}}, {"type": "Feature", "properties": {"identifier": "f12efcea-3097-45fa-ad22-a97714f3a6e4", "name": "\u00d6ffentliche Toilette Feldis", "description": "<p>Die Toilette hat durchgehend ge\u00f6ffnet und verf\u00fcgt \u00fcber:</p>\n<ul>\n<li>Waschbecken</li>\n<li>Desinfektionsstation</li>\n<li>zwei normale Toiletten</li>\n<li>one wheelchair-accessible toilet</li>\n</ul>", "url": "https://viamala.ch", "image": "https://viatpimtsoch.sos-ch-dk-2.exoscale-cdn.com/catalog/8/d/6/9/8d69e57699dd941b6f1e4049e289f35fb8c086c3_oeffentliche_toilette_volg_feldis.jpg", "openstreetmap_id": "way/362853874"}, "geometry": {"type": "Point", "coordinates": ["9.4340983", "46.7947485"]}}, {"type": "Feature", "properties": {"identifier": "f3156fe3-7e4c-437c-95e8-ec4947b6df48", "name": "Stoffelhaus", "description": "<p>Hier haben sich Wandmalereien aus der Zeit um 1400 erhalten. Zu sehen sind nebst der h&ouml;fischen Hirschjagdszene auch Fragmente einer alttestamentarischen Geschichte, des Kampfes von Samson mit dem L&ouml;wen. Weitere Fragmente zeigen Bauern, K&uuml;he und eine Schafherde, vermutlich ein Viehraub. Der Ausstellungsbesuch l&auml;sst sich mit einer F&uuml;hrung durch F&uuml;rstenau, die kleinste Stadt der Welt, verbinden.</p>\n<p><strong>Stadtf&uuml;hrungen mit Besichtigung der Wandmalereien</strong><br>Im Juli und August findet jeden Dienstag eine Stadtf&uuml;hrung mit Besichtigung der mittelalterlichen Wandmalereien und der Sonderausstellung&nbsp;im Stoffelhaus in F&uuml;rstenau statt. Treffpunkt ist um 17.30 Uhr beim Stoffelhaus. Die F&uuml;hrung dauert ca. 1.5 Stunden. Ap&eacute;ro offeriert durch die Stadt und zubereitet&nbsp;durch die&nbsp;Casa Caminada in F&uuml;rstenau. Die Kosten pro Person betragen CHF 10.00. Anmeldung erforderlich. Die Termine finden Sie im&nbsp;<a href=\"https://viamala.ch/de/informieren/aktuelles/events.html\">Viamala&nbsp;Online-Veranstaltungskalender</a>.</p>\n<p><strong>Gruppenf&uuml;hrungen f&uuml;r Firmen und Vereine<br></strong>Das Stoffelhaus ist in Kombination mit einer Stadtf&uuml;hrung durch F&uuml;rstenau perfekt f&uuml;r eine Firmen- oder Vereinsreise geeignet.</p>", "image": "https://viatpimtsoch.sos-ch-dk-2.exoscale-cdn.com/catalog/5/8/a/0/58a0bd8eafd9ca253a1aa1c55549f58a7b6f6512_stoffelhaus_fuerstenau_domleschg_sommer_demateo.com.jpg", "openstreetmap_id": "way/136763946"}, "geometry": {"type": "Point", "coordinates": ["9.44639", "46.72096"]}}, {"type": "Feature", "properties": {"identifier": "f7f43650-04ae-4b02-91e9-21bea3f12d03", "name": "Burgruine Cagliatscha", "description": "Das Burgplateau ist im Westen durch einen Graben begrenzt. Die Burg wurde um 1266 vermutlich durch lokale Dienstleute der Freiherren von\u00a0Vaz\u00a0erbaut, schriftliche \u00dcberlieferungen sind aber keine vorhanden. Die Zerst\u00f6rung erfolgte wahrscheinlich w\u00e4hrend der Schamserfehde von 1451/52. In den Jahren 1983/84 wurde die Ruine von den Burgenvereinen Domleschg und Graub\u00fcnden gesichert.", "url": "https://www.viamala.ch", "image": "https://viatpimtsoch.sos-ch-dk-2.exoscale-cdn.com/catalog/c/9/4/d/c94d5b321eecd6b22ecace6a8d07ea69666695c2_burgruine_cagliatscha_andeer_clugin_schams_fruehling_sommer_demateo.com.jpg", "openstreetmap_id": "node/4027345689"}, "geometry": {"type": "Point", "coordinates": ["9.422254264354706", "46.613746879985364"]}}, {"type": "Feature", "properties": {"identifier": "f804033f-412e-46cb-8d8e-8fe52643b6bc", "name": "Aussichtspunkt Crap Carschenna", "description": "Von hier aus hat man eine herrliche Aussicht auf das Domleschg, Thusis und den Heinzenberg. In unmittelbarer N\u00e4he befinden sich eine gut ausgestattete&nbsp;<a href=\"https://mybusiness.outdooractive.com/de/r/8864786/\" target=\"_blank\">Feuerstelle </a>und die geheimnisvollen <a href=\"https://www.hohenraetien.ch/felszeichnungen-von-carschenna.html#1\" target=\"_blank\">Felszeichnungen von Carschenna</a>.", "url": "https://www.viamala.ch", "image": "https://viatpimtsoch.sos-ch-dk-2.exoscale-cdn.com/catalog/6/f/9/8/6f98d976481d5724ddf0313d8779fcf1028d6984_aussicht_auf_das_domleschg_vom_aussichtspunkt_crap_carschenna.jpg", "openstreetmap_id": "node/12083236869"}, "geometry": {"type": "Point", "coordinates": ["9.457844495773315", "46.693383188995696"]}}, {"type": "Feature", "properties": {"identifier": "f9856d8a-a8b1-447f-bbfb-96e4405772ed", "name": "Burg Obertagstein", "description": "Dass gerade hier jemand eine Burg bauen wollte, kann nicht allein an der sch\u00f6nen Aussicht gelegen haben. Wer hier gebaut hat, weiss man nicht. Ein Adelsgeschlecht mit Namen von Tagstein ist n\u00e4mlich nicht bekannt. In ihrer ersten Erw\u00e4hnung 1322 nannte man die Burg noch Taxstein, was auf einen Ort, wo Dachse leben, schliessen l\u00e4sst. Genauso gut k\u00f6nnte der alte Vorname Dago zu Gevatter gestanden sein. Die Anlage liegt hinter einer m\u00e4chtigen Schildmauer und ist in mindestens zwei Phasen erbaut worden. Dies l\u00e4sst auf eine l\u00e4nger dauernde Bewohnung schliessen. Ihre Mauern sind aus lagerhaften Bruchsteinen errichtet, vereinzelt in Opus spicatum. Opus spicatum ist ein Mauerwerk aus Steinen, die in Lagen hochkant abwechselnd schr\u00e4g gegeneinander versetzt angeordnet werden und so ein \u00e4hrenartiges Muster bilden.", "url": "https://www.viamala.ch", "image": "https://viatpimtsoch.sos-ch-dk-2.exoscale-cdn.com/catalog/3/4/b/4/34b43b9483d0b6cc9368f5d3a87e23887a42cfeb_burg_obertagstein_thusis_masein_sommer_viamala_tourismus.jpg", "openstreetmap_id": "node/1573128624"}, "geometry": {"type": "Point", "coordinates": ["9.427672989420557", "46.68508009183633"]}}, {"type": "Feature", "properties": {"identifier": "fc6425fa-30e6-49c2-b1d1-2d254dba1034", "name": "Mazza Cula", "description": "<p>In Masein eingef\u00fchrt wurde das Spiel von zugezogenen Leuten aus Tschappina. Pikanterweise ist dort die Tradition in der Zwischenzeit verloren gegangen. Einzig im Nachbardorf Flerden ist Mazza Cula noch heute verankert. Und auch im Unterengadin wird diese seltene Sportart noch praktiziert.</p>\n<p>Zur Ausr\u00fcstung geh\u00f6rt der Mazza-Schl\u00e4ger. Die Mazza besteht aus einem Holzstecken (vorzugsweise Haselstaude) von ca. 1,5 m L\u00e4nge. Vorne befindet sich ein Holzklotz aus Birken-, Eschen- oder Buchenholz von ca. 25 cm L\u00e4nge. Sein Durchmesser betr\u00e4gt ca. 5-10 cm, er ist konisch und auf der einen Seite abgeflacht. Die Cula (Kugel) ist eine runde Holzkugel (Strumpfkugel) von 5 cm Durchmesser, welche zur besseren Sichtbarkeit mit Markierfarbe eingef\u00e4rbt wird.</p>\n<p>Die Regeln sind simpel: Es spielen 2 Mannschaften, bestehend aus 2 bis 3 Personen gegeneinander. Statt wie beim Golfspiel ist jeweils nicht ein Loch im Green das Ziel, sondern eine vorhandene nat\u00fcrliche oder k\u00fcnstliche Auff\u00e4lligkeit im Gel\u00e4nde. Das kann ein markanter Stein, ein Baum oder auch ein Scheunentor sein. Diejenige Mannschaft die mit weniger Schl\u00e4gen das jeweils vorgegebene Ziel trifft, erh\u00e4lt einen Punkt.</p>\n<p>Die Cula (Kugel) muss beim Schlag immer mit der Mazza (Schl\u00e4ger) geschlagen werden. Sie darf nicht von Hand geworfen werden. Die Kugel darf auch nicht von Mitspielern aufgehalten werden. Bei ungerader Spielerzahl kann der \u00dcberz\u00e4hlige als sogenannter Rodox gew\u00e4hlt werden. Der Rodox schl\u00e4gt f\u00fcr beide Mannschaften. Die Kugel, die der Rodox schl\u00e4gt, darf entgegen der normalen Spielregeln von Mitspielern gehalten werden (z.B. in Zieln\u00e4he). Am Schluss wird abgerechnet. Pro Punkt Vorsprung erh\u00e4lt jeder Spieler der siegreichen Mannschaft vom direkten Gegenspieler 20 Rappen.</p>\n<p>Gespielt wird im Fr\u00fchling nach der Schneeschmelze und sobald es die Witterungs- und Terrainverh\u00e4ltnisse erlauben bis ca. Ende April sowie im Herbst nach dem Abweiden bis zum Wintereinbruch. Die Strecke f\u00fchrt von Masein nach Flerden. Dort wird eine St\u00e4rkungspause eingelegt, ehe es \u00fcber eine andere Route wieder nach Masein zur\u00fcckgeht.</p>\n<p>Die Mazza-Cula Spieler sind nicht in einem Verein organisiert. Je nach Zeit, Lust und Laune trifft man sich am Sonntagnachmittag um 13.00 Uhr am Ausgangspunkt oberhalb des Dorfes.</p>", "url": "https://www.masein.ch/Dorfleben/Brauchtum/", "image": "https://viatpimtsoch.sos-ch-dk-2.exoscale-cdn.com/catalog/b/0/e/9/b0e9b2470dc500151138eebd9cd39bc91404b110_24147626.jpg", "openstreetmap_id": "undefined/undefined"}, "geometry": {"type": "Point", "coordinates": ["9.4287744", "46.7007932"]}}]}