id;name;disambiguatingDescription;description;longitude;latitude;streetAddress;postalCode;addressLocality;telephone;email;url;image;dateModified000c5a56-c6a1-4d56-bbbc-2543d4b91d0e;Clugin;<p>Clugin ist seit der Gemeindefusion vom 1. Januar 2009 ein Ortsteil der Gemeinde Andeer. Der Ort liegt auf der linken Talseite auf 1’013 m ü.M. und zählt rund 40 Einwohner.</p>
<ul>
<li><a href="http://www.gemeinde-andeer.ch/de/">Website Gemeinde Andeer</a></li>
<li><a href="https://hls-dhs-dss.ch/de/articles/001504/2016-12-01/">Link zum historischen Lexikon der Schweiz</a></li>
<li><a href="http://shop.graubuenden.ch/Viamala/ukv/?date_unknown=1&amp;doSearch=1&amp;locationIDs[]=TDS00020010527381593&amp;globalReset=1&amp;persistentParameters=1&amp;lang=de">Unterkünfte im Schams</a></li>
</ul>;9.426195;46.616246;7442;Clugin;+41 81 650 70 91;gemeinde@andeer.ch;https://www.gemeinde-andeer.ch;[{'@type': 'ImageObject', 'contentUrl': 'https://viatpimtsoch.sos-ch-dk-2.exoscale-cdn.com/catalog/6/d/f/d/6dfd29b0f01ce2cbee6ce5c99ba7992698624023_clugin_dorf_im_sommer_demateo.jpg', 'caption': {'de': 'Clugin im Sommer'}}];2025-10-27T21:38:17+01:00
0081ec1f-e198-40b4-ae18-d60776005650;Casti-Wergenstein;<p>Casti-Wergenstein am Schamserberg wird von den beiden Ortsteilen Casti (1&rsquo;125 m &uuml;.M.) und Wergenstein (1&rsquo;489 m &uuml;.M.) gebildet. Es z&auml;hlt rund 55 Einwohner.</p>
<ul>
<li><a href="https://www.mdschons.ch/">Website Gemeinde Muntogna da Schons</a></li>
<li><a href="http://www.hls-dhs-dss.ch/textes/d/D45871.php">Link zum historischen Lexikon der Schweiz</a></li>
<li><a href="http://shop.graubuenden.ch/Viamala/ukv/?date_unknown=1&amp;doSearch=1&amp;locationIDs[]=TDS00020010347149409&amp;globalReset=1&amp;persistentParameters=1&amp;lang=de">Unterk&uuml;nfte in Wergenstein</a></li>
</ul>;9.408072;46.626711;Muntogna da Schons;7433;Casti-Wergenstein;+41 81 661 22 61;gemeinde@mdschons.ch;https://mdschons.ch;[{'@type': 'ImageObject', 'contentUrl': 'https://viatpimtsoch.sos-ch-dk-2.exoscale-cdn.com/catalog/a/3/1/2/a312588eb6c0c71780141850322b142a6a553143_wergenstein_schamserberg_muntogna_da_schons_sommer_demateo.jpg', 'caption': {'de': 'Casti-Wergenstein im Sommer'}}];2025-10-27T21:38:17+01:00
03b8e471-a237-4ed0-a9d4-697a71c59dfe;DrivingGraubünden;Im Fahrsicherheitszentrum DrivingGraubünden kommst du bestimmt ins Schleudern. Aber Übung macht bekanntlich den Meister.;<p>Wer besser fährt, fährt auch sicherer. DrivingGraubünden bietet dir 34'000 m² Hightech-Pisten, auf denen jede erdenkliche Fahrsituation auf der Strasse realitätsnah simuliert werden kann. Professionelle Fahrinstruktor:innen zeigen dir, wie du künftig sicherer, sparsamer und besser fährst.</p><p>Im modernst ausgerüsteten Fahrsicherheitszentrum gibt es nicht nur die obligatorischen Kurse der 2-Phasen-Fahrerausbildung. Egal ob PKW, LKW, Kleinbus – mit oder ohne Anhänger – Motorrad oder was auch immer du im Alltag über die Strassen chauffierst: Du kannst vom passenden Fahrtrainings-Angebot profitieren.</p>;9.42066;46.76162;Unterrealta;7408;Cazis;+41 81 632 30 30;info@drivinggraubuenden.ch;http://www.drivinggraubuenden.ch;[{'@type': 'ImageObject', 'contentUrl': 'https://viatpimtsoch.sos-ch-dk-2.exoscale-cdn.com/catalog/e/4/6/3/e463eebb2314bdcef2109c417310cd9da2245b44_drivinggraubuenden_cazis_fahrsicherheitszentrum.jpg', 'caption': {'de': 'DrivingGraubünden Fahrsicherheitszentrum in Cazis', 'en': 'DrivingGraubünden Driving Safety Center in Cazis', 'it': 'Centro di sicurezza di guida DrivingGraubünden a Cazis'}}];2025-10-27T21:38:17+01:00
03be879e-0e4d-49fc-913e-79c0379db163;Quelle des Hinterrheins;Der Hinterrhein entspringt am Rheinwaldhorn (3402 m ü. M.) und am Rheinquellhorn (3200 m ü. M.) ganz zuhinterst im Tal. Dort, wo man zuweilen den Paradiesgletscher in der Sonne glitzern sieht. ;<p>Das Wasser hat beim Dorf "Hinterrhein" also bereits viele Höhenmeter hinter sich und bis zur Nordsee nochmals 1600 Höhenmeter vor sich. Und dies auf einer Reise von 1200 Kilometern Länge.</p>
<p>Die Quellregion des Hinterrheins ist nur zu Fuss erreichbar. Die Wanderung erfordert Schwindelfreiheit, Trittsicherheit und gutes festes Schuhwerk. Da der Weg von Hinterrhein über den Schiessplatz führt, ist es notwendig, sich am Vortag über den Schiessbetrieb und mögliche Begehungszeiten zu informieren. An den Wochenenden ist meist kein Schiessbetrieb. Je nach Betrieb ist auch ein kostenpflichtiger Transport bis zum Ende des Schiessplatzes möglich. Am besten direkt mit dem Hüttenwart der Zapporthütte organisieren. Von der Zapporthütte gelangt man in ca. 1 Wanderstunde ins Quellgebiet des Hinterrheins. In der <a href="https://www.zapporthuette.ch/">Zapporthütte</a> kann auch übernachtet werden.</p>
<p>Die <a href="https://bergsportschulegrischa.ch/">Bergsportschule Grischa</a> bietet geführte Touren ins Quellgebiet und aufs Rheinquellhorn.</p>;9.069585321148566;46.50018172644738;7438;Hinterrhein;+41 81 650 90 30;info@viamala.ch;https://www.viamala.ch;[{'@type': 'ImageObject', 'contentUrl': 'https://viatpimtsoch.sos-ch-dk-2.exoscale-cdn.com/catalog/c/b/9/b/cb9b6f387b434fd9851f9156c6dc419db3667ef2_ursprung_des_hinterrheins_rheinwald_sommer_demateo.jpg', 'caption': {'de': 'Das Gebiet bei der Hinterrheinquelle ist beeindruckend', 'en': 'The area at the source of the Hinterrhein is impressive', 'it': "L'area delle sorgenti dell'Hinterrhein è impressionante"}}];2025-10-27T21:38:17+01:00
065b9556-1875-4189-b4eb-9e8548ba060e;Viamala-Schlucht;Besuchen Sie die Viamala-Schlucht und erleben Sie dieses eindrückliche Monument hautnah. Ein lohnendes Ausflugsziel auch bei schlechtem Wetter!;<p>Vor Jahrtausenden vom Gletschereis und vom Wasser des Hinterrheins in den massiven Fels geschliffen, sind in der Viamala-Schlucht heute noch lebendige Spuren einer faszinierenden Geschichte zu entdecken.</p><p>Vom Besucherzentrum aus f&uuml;hren 359 Stufen hinunter in die Tiefe der Schlucht. Strudelt&ouml;pfe, bis zu 300 m hohe glattgeschliffene Felsw&auml;nde und die Farben des Wassers hinterlassen einen starken Eindruck der nat&uuml;rlichen Sch&ouml;nheit. Spektakul&auml;re Br&uuml;ckenbauten - wie die Wildener-Br&uuml;cke aus dem Jahre 1739 und die neuen Conzett-Br&uuml;cken "P&ugrave;nts da tgavorgias" - bieten einen Einblick ins Handwerk einstiger und heutiger Br&uuml;ckenbauer.</p><p>Entdecke die Viamala-Schlucht-Geschichte(n):</p><ul><li><a href="https://viamala.ch/de/erleben/ausflugsziele/viamala-schlucht/fuehrungen.html">&Ouml;ffentliche und private Schluchtf&uuml;hrungen</a></li><li><a href="https://viamala.ch/de/erleben/ausflugsziele/viamala-schlucht/schatzsuche.html">Schatzsuche f&uuml;r Kinder</a></li><li><a href="https://viamala.ch/de/erleben/ausflugsziele/viamala-schlucht/viamala-notte.html">Viamala Notte mit Erwin Dirnberger</a>&nbsp;(abendliche szenische Schluchtf&uuml;hrung)</li><li><a href="https://viamala.ch/erleben/ausflugsziele/viamala-schlucht/theater.html">Viamala Theater &laquo;R(h)ein ins Vergn&uuml;gen&raquo; mit Gian Rupf und Volker Ranisch</a></li></ul><p>oder lerne das Naturmonument Viamala-Schlucht aus einer ganz neuen Perspektive:</p><ul><li><a href="https://viamala.ch/de/map/poi/canyoning-viamala-e4fd03e4-484e-4df3-8a42-5abdf4466bc7.html">Viamala Canyoning</a></li></ul><p>Detailinformationen unter&nbsp;<a href="https://www.viamala-schlucht.ch/">www.viamala-schlucht.ch</a>.</p>;9.447314143180849;46.6629159469284;7430;Thusis;+41 81 650 90 30;info@viamala-schlucht.ch;https://viamala-schlucht.ch;[{'@type': 'ImageObject', 'contentUrl': 'https://viatpimtsoch.sos-ch-dk-2.exoscale-cdn.com/catalog/2/9/9/d/299d877ba623a74e7fbd765158387122eca61c96_viamala_schlucht_zillis_thusis_schams_sommer_familie_demateo.com.jpg', 'caption': {'de': 'Die imposante Viamala-Schlucht mit den zwei historischen Brücken'}}];2026-09-09T10:14:39+02:00
069b1535-6e99-4938-b226-810cecd21a5a;Lai da Vons;Der Lai da Vons liegt hoch über Sufers und Andeer auf 1991 m ü. M. Der See wird umgeben von einer herrlichen Bergflora und bietet einen traumhaften Ausblick in die Bergwelt des Rheinwalds.;<p>Das ganze Bergpanorama spiegelt sich im glasklaren Wasser. Und diese Aussicht. Geniessen Sie den spektakulären Sonnenuntergang bei einem Picknick. Der See ist zu Fuss oder mit dem Bike erreichbar. In den Sommermonaten fährt auch ein Wanderbus die Strecke von Sufers bis fast zum See, von wo es dann eine Vielzahl an Wanderzielen gibt, unter anderem die SAC Cufercalhütte. Weitere Informationen zum Wanderbus finden Sie <a href="https://www.naturpark-beverin.ch/de/wanderbus-lai-da-vons" target="_blank">hier</a>.</p><p>Übrigens: Im Sommer 2014 wurden hier die Alpszenen für die neueste Heidi-Verfilmung gedreht.</p>;9.385467652954617;46.58539713683545;Viamala Tourismus;7434;Sufers;+41 81 650 90 30;info@viamala.ch;https://www.viamala.ch;[{'@type': 'ImageObject', 'contentUrl': 'https://viatpimtsoch.sos-ch-dk-2.exoscale-cdn.com/catalog/b/2/e/7/b2e72295386c446f30a77f9a329e8d5403abdede_lai_da_vons_gravel_and_road_graubuenden_ferien_tolisart.com.jpg', 'caption': {'de': 'Lai da Vons'}}];2025-10-27T21:38:17+01:00
09d14c77-f853-4679-9924-e19f64c5bad4;Lesebänkli Präz;Was gibt es Schöneres als auf einer sonnigen Ruhebank zu sitzen und ein Buch zu lesen?;<p>Genau das k&ouml;nnen Sie nun in der Gemeinde Cazis tun. Bei vier idyllisch gelegenen B&auml;nkli steht eine Kiste bereit. Diese ist gef&uuml;llt mit B&uuml;chern und Zeitschriften f&uuml;r Jung und Alt. Sie sind herzlich eingeladen, die B&uuml;cher anzuschauen, zu lesen und darin zu schm&ouml;kern. Falls Sie sich einmal so sehr in ein Buch vertieft haben, dass Sie davon nicht mehr loskommen, leihen Sie es sich f&uuml;r ein paar Tage aus oder kommen Sie einfach wieder zur&uuml;ck aufs B&auml;nkli, zum Weiterlesen.</p><p>Beim Leseb&auml;nkli Pr&auml;z befindet sich eine Feuerstelle mit Holz.</p>;9.403052346411528;46.747624384951045;7424;Präz;+41 81 650 04 80;gemeinde@cazis.ch;http://www.cazis.ch;[{'@type': 'ImageObject', 'contentUrl': 'https://viatpimtsoch.sos-ch-dk-2.exoscale-cdn.com/catalog/2/5/f/6/25f64fe6e39b188f8c65653b4341dad461b77f40_lesebaenkli_praez_heinzenberg_aussicht_viamala_tourismus.jpg', 'caption': {'de': 'Lesebänkli Präz'}}];2025-10-27T21:38:17+01:00
0dd2bd32-4fb6-4715-8723-3211f848259e;Portein;<p>Portein gehört seit 1.1.2010 zur Gemeinde Cazis. Es liegt am äusseren Heinzenberg auf 1'167 m ü.M. und zählt rund 20 Einwohner.</p>
<ul>
<li><a href="https://www.cazis.ch/">Website Gemeinde Cazis</a></li>
<li><a href="http://www.hls-dhs-dss.ch/textes/d/D1488.php">Link zum historischen Lexikon der Schweiz</a></li>
<li><a href="http://shop.graubuenden.ch/Viamala/ukv/?date_unknown=1&amp;doSearch=1&amp;locationIDs[]=TDS00020010527381530&amp;globalReset=1&amp;persistentParameters=1&amp;lang=de">Unterkünfte am Heinzenberg</a></li>
</ul>;9.407076;46.711934;Gemeinde Cazis;7423;Cazis;+41 81 650 04 80;gemeinde@cazis.ch;https://www.cazis.ch;[{'@type': 'ImageObject', 'contentUrl': 'https://viatpimtsoch.sos-ch-dk-2.exoscale-cdn.com/catalog/e/1/f/c/e1fcab9f7c1c2f3baed6b785870703422d6cd13b_portein_dorf_heinzenberg_sommer_demateo.jpg', 'caption': {'de': 'Portein im Sommer'}}];2025-10-27T21:38:17+01:00
12a7ae7e-f6cb-473b-a3c2-69e1e21f57dd;Surettaseen;Die Surettaseen liegen auf einem Hochplateau in der steinigen Bergwelt. ;<p>Am oberen Surettasee auf 2272 m liegt die Seehütte, die für eine Übernachtung gebucht werden kann und ein Ruderboot, welches für eine Seerunde gerne benutzt werden darf. Die stille Atmosphäre ist wohltuend und wenn sich dann die umliegenden Bergspitzen vom Seehorn bis zum Surettahorn im See spiegeln, wird der Ausflug zu einem unvergesslichen Erlebnis.</p><p><strong>Seehütte</strong></p><p>Die Seehütte kann im Sommer für eine Übernachtung gebucht werden (nicht bewirtet):</p><p>Frank Simmen</p><p>Italienische Strasse 19</p><p>7435 Splügen</p><p>Tel. <a href="+41 76 506 66 68" rel="noopener noreferrer" target="_blank">+41 76 506 66 68</a></p><p>E-Mail:<a href="mailto:frank.simmen@gmail.com" rel="noopener noreferrer" target="_blank"> frank.simmen@gmail.com</a></p><p><strong>Fischen</strong></p><p>Die Surettaseen stehen unter Pacht vom Fischereiverein Rheinwald und erfordern eine spezielle Lizenz. Diese kann neu direkt bei den Bergseen an der Infotafel mittels QR Code bezogen werden. Zu beachten sind auch die privaten Fischereibetriebsvorschriften.</p>;9.35275286231149;46.539072770704095;Viamala Tourismus;7435;Splügen;+41 81 650 90 30;info@viamala.ch;https://www.viamala.ch;[{'@type': 'ImageObject', 'contentUrl': 'https://viatpimtsoch.sos-ch-dk-2.exoscale-cdn.com/catalog/b/9/8/3/b983160c5a7d5bc0f3ad27a10cddea5dcfe6d630_oberer_surettasee_spluegen_rheinwald_sommer_viamala_tourismus.jpg', 'caption': {'de': 'Oberer Surettasee im Rheinwald'}}];2025-10-27T21:38:18+01:00
15a56a04-3238-41b9-954f-61054cb4fc4e;Lai la Scotga;Hoch oben am Schamserberg liegt gleich hinter dem Carnusapass der Lai la Scotga (romanisch für Schottensee) am Bergwanderweg «Via Capricorn» in Richtung Carnusa/Glaspass.;9.34179179545447;46.63753155964071;Viamala Tourismus;7433;Mathon;+41 81 650 90 30;info@viamala.ch;https://www.viamala.ch;[{'@type': 'ImageObject', 'contentUrl': 'https://viatpimtsoch.sos-ch-dk-2.exoscale-cdn.com/catalog/5/a/7/1/5a712c4d51c2e64214518b5f8490409225f17151_lai_la_scotga_schamserberg_carnusapass_demateo.com__2_.jpg', 'caption': {'de': 'Lai la Scotga beim Carnusapass'}}];2025-10-27T21:38:18+01:00
165a7416-04fe-402b-ad17-b13437a0f011;Lai da Calandari;Oberhalb der SAC Cufercalhütte hoch über Sufers liegt der Lai da Calandari auf 2470 m ü.M.;9.356165128249017;46.59911825459325;Viamala Tourismus;7433;Casti-Wergenstein;+41 81 650 90 30;info@viamala.ch;https://www.viamala.ch;[{'@type': 'ImageObject', 'contentUrl': 'https://viatpimtsoch.sos-ch-dk-2.exoscale-cdn.com/catalog/d/f/9/c/df9c58a7ebd90a2bb7bdf61226dc43cf15c8e010_lai_da_calandari__2_.jpg', 'caption': {'de': 'Lai da Calandari'}}];2025-10-27T21:38:18+01:00
1c423d1d-f078-4bb8-88f2-267e09b0ef00;Flerden;<p>Flerden liegt am inneren Heinzenberg auf 1'244 m &uuml;.M. und z&auml;hlt rund 250 Einwohner.</p>
<ul>
<li><a href="https://www.flerden.ch/">Website Gemeinde Flerden</a></li>
<li><a href="http://www.hls-dhs-dss.ch/textes/d/D1486.php">Link zum historischen Lexikon der Schweiz</a></li>
<li><a href="http://shop.graubuenden.ch/Viamala/ukv/?date_unknown=1&amp;doSearch=1&amp;locationIDs[]=TDS00020010346588712&amp;globalReset=1&amp;persistentParameters=1&amp;lang=de">Unterk&uuml;nfte in Flerden</a></li>
</ul>;9.406579;46.700479;Gemeindekanzlei;7426;Flerden;+41 81 651 42 52;gemeinde@flerden.ch;https://www.flerden.ch;[{'@type': 'ImageObject', 'contentUrl': 'https://viatpimtsoch.sos-ch-dk-2.exoscale-cdn.com/catalog/8/5/4/7/85479fdc8d49ca5893bcb2a131a4112391f305f7_flerden_im_sommer_heinzenberg_demateo.jpg', 'caption': {'de': 'Flerden im Sommer'}}];2025-10-27T21:38:18+01:00
1da2b8fe-088a-4eee-bd88-bc4e114b8aaf;Trans;<p>Trans gehört seit 1.1.2015 zur Gemeinde Domleschg. Es liegt auf 1'470 m ü.M. und zählt rund 60 Einwohner.</p>
<ul>
<li><a href="http://www.domleschg.ch/">Website Gemeinde Domleschg</a></li>
<li><a href="http://www.hls-dhs-dss.ch/textes/d/D1481.php">Link zum historischen Lexikon der Schweiz</a></li>
<li><a href="http://shop.graubuenden.ch/Viamala/ukv/?date_unknown=1&amp;doSearch=1&amp;locationIDs[]=TDS00020010347148131&amp;globalReset=1&amp;persistentParameters=1&amp;lang=de">Unterkünfte in Trans</a></li>
</ul>;9.46093;46.764497;Gemeinde Domleschg;7407;Trans;+41 81 650 13 13;kanzlei@domleschg.ch;https://www.domleschg.ch;[{'@type': 'ImageObject', 'contentUrl': 'https://viatpimtsoch.sos-ch-dk-2.exoscale-cdn.com/catalog/8/b/a/9/8ba971355d274cec10b0fae06f14865d80d5acc3_trans_dorf_domelschg_sommer_demateo.jpg', 'caption': {'de': 'Trans im Domleschg'}}];2025-10-27T21:38:18+01:00
21928c1e-85de-48e1-b7a7-0666c7a16838;Canovasee;Der Canovasee befindet sich in der Bündner Gemeinde Domleschg zwischen den beiden Dörfern Almens und Paspels.;<p>Im Burgen- und Obstland Domleschg liegt der Badesee, romantisch und warm, im Sommer mit weit &uuml;ber 20 Grad. Ein Besuch l&auml;sst sich bestens mit einem Spaziergang nach Almens verbinden, welcher eine einmalige Aussicht auf den Heinzenberg verspricht.</p><p>Die Naturbadi verf&uuml;gt &uuml;ber eine grosse Liegewiese, einen Kiosk, zwei Grillstellen, Umkleidekabinen und Toiletten.</p><p>Die Badesaison beginnt Anfang Mai. Am Kiosk gibt es Glac&eacute; und Getr&auml;nke, Hot Dog und verschiedene S&uuml;ssigkeiten. Es gibt auch eine Feuerstelle, um mitgebrachte W&uuml;rste zu grillieren.</p><p>Der Badesee liegt auf einer H&ouml;he von 777 Metern &uuml;ber Meer und ist knapp 200 Meter lang und 100 Meter breit. Sowohl Zu- als auch Abfluss des Seeleins sind unterirdisch.</p><p>Bestaunen Sie auf dem Weg von der Dorfstrasse hinauf zum lieblichen Weiher auch gleich die &uuml;berlebensgrosse und vielfotografierte Skulptur vor dem Ateliers des bekannten K&uuml;nstlers Robert Indermaur.</p>;9.45076;46.746473;Canovasee;7417;Paspels;+41 76 445 28 74;info@glacemaa.ch;https://www.canovasee.com;[{'@type': 'ImageObject', 'contentUrl': 'https://viatpimtsoch.sos-ch-dk-2.exoscale-cdn.com/catalog/7/4/0/2/74028478559413cc4a4dd8b3322cea015561cf48_canovasee_paspels_sommer_demateo.com__5_.jpg', 'caption': {'de': 'Canovasee Paspels'}}];2026-06-04T13:40:09+02:00
32d00b38-cd9d-4450-a02f-2251d69e3b4c;Lady Patricia;Gedenkstein mit Panoramablick auf das Calanda-Massiv und das Churer Rheintal.;<p>An dieser eindr&uuml;cklichen Stelle unterhalb des Dreib&uuml;ndensteins st&uuml;rzte 1944 der amerikanische Bomber &laquo;Lady Patricia&raquo; ab. Heute erinnert ein schlichter Gedenkstein mit Metalltafel an das historische Ereignis. Der Ort ist &uuml;ber einen aussichtsreichen Wanderweg erreichbar und bietet nicht nur Geschichtsinteressierten, sondern auch Wanderern und Mountainbikern ein lohnendes Ziel. Vom Gedenkstein geniesst man eine atemberaubende Aussicht auf das m&auml;chtige Calanda-Massiv und tief unten auf das Churer Rheintal &ndash; rund 1&rsquo;400 Meter unterhalb der Panorama-Route.</p><p><strong>R&auml;tselwanderung zur &laquo;Lady Patricia&raquo;</strong></p><p>Die Geschichte der &laquo;Lady Patricia&raquo; l&auml;sst sich neu auch spielerisch entdecken: Auf der R&auml;tselwanderung mit Actionbound f&uuml;hren spannende Aufgaben und Hinweise Schritt f&uuml;r Schritt zum historischen Ort unterhalb des Dreib&uuml;ndensteins. Ideal f&uuml;r alle, die Natur, Aussicht und Geschichte auf unterhaltsame Weise verbinden m&ouml;chten.</p><p><a href="https://de.actionbound.com/bound/lady-patricia" target="_blank" rel="noopener">Hier geht es zur R&auml;tselwanderung</a></p>;9.495663642883303;46.80774074342739;[{'@type': 'ImageObject', 'contentUrl': 'https://viatpimtsoch.sos-ch-dk-2.exoscale-cdn.com/catalog/1/1/1/c/111c817f4ada540cf3280047552948b3115b28fd_lady_patricia_dreibuendenstein_sommer.jpg', 'caption': {'de': 'Aussicht auf das Churer Rheintal und das Calanda-Massiv'}}];2026-05-12T12:53:15+02:00
3377ab69-88a4-431b-8d7a-37bd8fe94e37;Bündner Bauernverband BBV;Als Dachverband der Bündner Landwirtschaft umfasst der Bündner Bauernverband 19 regionale Bauernvereine und 13 landwirtschaftliche Organisationen als Kollektivmitglieder. Er versteht sich als Dienstleistungszentrum für die Bündner Landwirtschaft und vertritt die Interessen der Bündner Bauernfamilien gegenüber politischen Behörden und Organisationen.;<p><span style="font-weight: bold;">Vision</span><br>Bäuerinnen und Bauern erzielen mit der Produktion von gesunden Nahrungsmitteln ein gerechtes Einkommen. Dieses bietet den Bauernfamilien soziale Sicherheit und Lebensqualität. So wird das langfristige Überleben einer vielfältigen Landwirtschaft in Graubünden gesichert.</p><p><span style="font-weight: bold;">Ziele</span><br>Das Ziel vom Bauernverband&nbsp;ist es, mit einem selbstbewussten und positiven Auftritt den Stellenwert und die Leistungen der Bündner Landwirtschaft aufzuzeigen. Der Verband will&nbsp;in der Gesellschaft und bei seinen Kunden das Bild einer modernen und produzierenden Landwirtschaft verankern und als Partner in der Gesellschaft anerkannt sein. Die nachhaltige Bewirtschaftung des Bodens, eine artgerechte Haltung der Tiere und faire Preise für die Produkte sind ein grosses Anliegen.</p><p><span style="font-weight: bold;">Leistungen</span><br>Die Bündner Landwirtschaft produziert Nahrungsmittel von hervorragender Qualität; naturbedingt - der Kanton Graubünden ist ein Graskanton - vor allem Milch und Fleisch.<br></p><p>Durch die nachhaltige Flächennutzung sichert die Landwirtschaft die Erhaltung der Kulturlandschaft und stellt so Einheimischen und Gästen einen vielfältigen und gepflegten Erholungsraum zur Verfügung.</p><p>Bäuerinnen und Bauern tragen viel zur Besiedlung und zur Stabilität der Gesellschaft im ländlichen Raum bei. Die Bewirtschaftung der Wiesen, Weiden und Alpen schützt die Täler vor Naturgefahren und macht diese dadurch bewohnbar<br></p><p>Durch Investitionen in Gebäude, Melorationen, Erschliessungen usw. trägt die Landwirtschaft zur regionalen Wirtschaft und damit zur Wirtschaftsförderung bei. Vor- und nachgelagerte Gewerbe- und Dienstleistungsbetriebe sowie der Tourismus profitieren von einer gesunden Bündner Landwirtschaft.</p><p><span style="font-weight: bold;">Kommunikation</span><br>Der Bündner Bauerverein will&nbsp;gegenüber all den Ansprechpartnern eine offene und verständliche Kommunikation pflegen.<br><br>Mit der Vollintegration zur Marke "graubünden" bekennt sich die Bündner Landwirtschaft dazu, "ein Stück Graubünden" zu sein und nutzt die Möglichkeit, im Markenkleid aktive Öffentlichkeitsarbeit zu leisten.<br><br>Die verbandseigene Wochenzeitschrift "Bündner Bauer" und die Webseite bieten dem Verband die Möglichkeit, seine Anliegen laufend zu kommunizieren und Mitgliedern, Interessierten und nicht zuletzt auch den Medien Hintergrundinformationen und Grundlagenmaterial zur Bündner Landwirtschaft zur Verfügung zu stellen.<br><br>Mit einer kontinuierlichen Berichterstattung, einem professionellen Auftritt und aktiver Medienarbeit (Presseartikel, Medienkonferenzen, usw.) möchten sie das Image einer modernen, natürlichen, aber auch innovativen und zukunftsgerichteten Bündner Landwirtschaft aufbauen und pflegen.</p>;9.424107670783997;46.75344017310798;Bündner Arena, Italienische Strasse 126;7408;Cazis;+41 81 254 20 00;info@buendnerbauernverband.ch;https://www.landwirtschaft-gr.ch;[{'@type': 'ImageObject', 'contentUrl': 'https://viatpimtsoch.sos-ch-dk-2.exoscale-cdn.com/catalog/d/2/b/1/d2b12c0c1866d8ae86f8620f629a5be8f9a62564_buendner_arena_in_cazis.jpg', 'caption': {'de': 'Der Bündner Bauernverband BBV', 'en': "The Graubünden Farmers' Association BBV", 'it': "L'Associazione dei contadini dei Grigioni BBV"}}];2026-03-11T13:13:00+01:00
34067c0e-ceaf-4b13-a635-3cf22a5aeab3;Mutten;<p>Mutten liegt geographisch genau zwischen den beiden Schluchten Schin und Viamala auf 1'395 m ü.M.. Es zählt rund 70 Einwohner und gehört seit 1.1.2018 zur Gemeinde Thusis.</p>
<ul>
<li><a href="https://thusis.ch/">Website Gemeinde Thusis</a></li>
<li><a href="http://www.hls-dhs-dss.ch/textes/d/D1411.php">Link zum historischen Lexikon der Schweiz</a></li>
<li><a href="http://shop.graubuenden.ch/Viamala/ukv/?date_unknown=1&amp;doSearch=1&amp;locationIDs[]=TDS00020010346592110&amp;globalReset=1&amp;persistentParameters=1&amp;lang=de">Unterkünfte in Mutten</a></li>
</ul>;9.499859;46.678503;Gemeinde Thusis;7431;Mutten;+41 81 650 09 30;info@thusis.ch;https://thusis.ch/portrait/fraktion-mutten;[{'@type': 'ImageObject', 'contentUrl': 'https://viatpimtsoch.sos-ch-dk-2.exoscale-cdn.com/catalog/b/4/a/6/b4a66509f0647f1b7cba82b5fe67a5fee4646623_obermutten_dorf_holzkirche_sommer_demateo.jpg', 'caption': {'de': 'Obermutten im Sommer'}}];2025-10-27T21:38:21+01:00
34513f15-4d18-4452-8946-7b3fdf18e3e6;Lesebänkli Lescha;Was gibt es Schöneres als auf einer sonnigen Ruhebank zu sitzen und ein Buch zu lesen?;<p>Genau das k&ouml;nnen Sie nun in der Gemeinde Cazis tun. Bei vier idyllisch gelegenen B&auml;nkli steht eine Kiste bereit. Diese ist gef&uuml;llt mit B&uuml;chern und Zeitschriften f&uuml;r Jung und Alt. Sie sind herzlich eingeladen die B&uuml;cher anzuschauen, zu lesen und darin zu schm&ouml;ckern. Falls Sie sich einmal so sehr in ein Buch vertieft haben, dass Sie davon nicht mehr loskommen, leihen Sie es sich f&uuml;r ein paar Tage aus oder kommen Sie einfach wieder zur&uuml;ck aufs B&auml;nkli, zum Weiterlesen.</p>;9.401625396870486;46.7185044249957;Gemeinde Cazis;7423;Sarn;+41 81 650 04 80;gemeinde@cazis.ch;https://cazis.ch;[{'@type': 'ImageObject', 'contentUrl': 'https://viatpimtsoch.sos-ch-dk-2.exoscale-cdn.com/catalog/b/5/d/c/b5dcf506a59dfb45aa352f3ea58a4794444da4a6_lesebaenkli_lescha_heinzenberg_viamala_tourismus.jpg', 'caption': {'de': 'Lesebänkli Lescha'}}];2025-10-27T21:38:21+01:00
34d62b62-0f42-4751-acc7-6b99ecbdd304;Lai Lung;Oberhalb von Andeer, hinter der Alp Durnan, liegt der verträumte Lai Lung (romanisch für langer See). Ein wahres Bijou von einem Bergsee mit spektakulärer Aussicht auf das Surettahorn.;9.398425390593275;46.578128318511034;Viamala Tourismus;7440;Andeer;+41 81 650 90 30;info@viamala.ch;https://www.viamala.ch;[{'@type': 'ImageObject', 'contentUrl': 'https://viatpimtsoch.sos-ch-dk-2.exoscale-cdn.com/catalog/0/8/4/8/08483c5508fa4cc9f7120a09d658323b7b4ed552_lai_lung_herbst_schams_demateo.com__2_.jpg', 'caption': {'de': 'Der Lai Lung im Herbst'}}];2025-10-27T21:38:21+01:00
39aec06c-55be-46d0-b9ab-d7cba1121e1b;Pignia;<p>Pignia ist seit der Gemeindefusion vom 1. Januar 2009 ein Ortsteil der Gemeinde Andeer. Der Ort liegt auf der rechten Talseite auf 1’054 m ü.M. und zählt rund 100 Einwohner.</p>
<ul>
<li><a href="http://www.gemeinde-andeer.ch/">Website Gemeinde Andeer</a></li>
<li><a href="http://www.hls-dhs-dss.ch/textes/d/D1510.php">Link zum historischen Lexikon der Schweiz</a></li>
<li><a href="http://shop.graubuenden.ch/Viamala/ukv/?date_unknown=1&amp;doSearch=1&amp;locationIDs[]=TDS00020010527381593&amp;globalReset=1&amp;persistentParameters=1&amp;lang=de">Unterkünfte im Schams</a></li>
</ul>;9.43836;46.612911;7443;Pignia;+41 81 650 70 91;gemeinde@andeer.ch;https://www.gemeinde-andeer.ch;[{'@type': 'ImageObject', 'contentUrl': 'https://viatpimtsoch.sos-ch-dk-2.exoscale-cdn.com/catalog/d/1/2/5/d12595e15118f2bb79a25dcf77b8a1a3264e0ca5_pignia_dorf_im_sommer_schams_demateo.jpg', 'caption': {'de': 'Pignia Dorf im Sommer'}}];2025-10-27T21:38:21+01:00
3a5f7bb7-b787-4997-a07f-12898bea9098;7408 Cazis;<p>Das Klosterdorf Cazis liegt am äusseren Heinzenberg auf 660 bis 1'200 m ü.M.. Die Gemeinde Cazis besteht aus den Fraktionen Cazis, Tartar, Sarn, Portein und Präz.</p>
<ul>
<li><a href="https://www.cazis.ch/">Website Gemeinde Cazis</a></li>
<li><a href="http://www.hls-dhs-dss.ch/textes/d/D1485.php">Link zum historischen Lexikon der Schweiz</a></li>
<li><a href="http://shop.graubuenden.ch/Viamala/ukv/?date_unknown=1&amp;doSearch=1&amp;locationIDs[]=TDS00020010346586688&amp;globalReset=1&amp;persistentParameters=1&amp;lang=de">Unterkünfte in&nbsp;Cazis</a></li>
</ul>;9.4290288;46.7207667;7408;Cazis;https://fasnacht-cazis.ch/;[{'@type': 'ImageObject', 'contentUrl': 'https://viatpimtsoch.sos-ch-dk-2.exoscale-cdn.com/catalog/1/a/8/9/1a89dd80ff5ae5f84dd7238cf328a4d69c5740fd_domleschg_heinzenberg.jpg', 'caption': {'de': 'Dorf Cazis'}}];2025-10-27T21:39:42+01:00
3dd66219-2a9a-457a-ac9e-a37f169ba1de;Lai Pintg;Der verträumte Lai Pintg (romanisch für kleiner See) liegt im Gebiet Anarosa hinter der Alp Nurdagn (Agrotourismus-Angebot mit Verpflegungs- und Übernachtungsmöglichkeit) auf 2312 m. ü. M. am Bergwanderweg in Richtung Farcletta digl Lai Pintg und SAC-Cufercalhütte.;9.336111689727886;46.60455097613025;Viamala Tourismus;7433;Casti-Wergenstein;+41 81 650 90 30;info@viamala.ch;https://www.viamala.ch;[{'@type': 'ImageObject', 'contentUrl': 'https://viatpimtsoch.sos-ch-dk-2.exoscale-cdn.com/catalog/4/0/d/5/40d5d757004e3299c5b149931eb42b5c6d8a9917_lai_pintg_schamserberg_moorlandschaft_anarosa_sommer_demateo.com.jpg', 'caption': {'de': 'Der Lai Pintg in der Moorlandschaft Anarosa'}}];2025-10-27T21:38:22+01:00
400ab238-6f84-4231-8303-25fde0add41c;Paspels;<p>Paspels gehört seit 1.1.2015 zur Gemeinde Domleschg. Es liegt auf 780 m ü.M. und zählt rund 470 Einwohner.</p>
<ul>
<li><a href="http://www.domleschg.ch/">Website Gemeinde Domleschg</a></li>
<li><a href="http://www.hls-dhs-dss.ch/textes/d/D1474.php">Link zum historischen Lexikon der Schweiz</a></li>
<li><a href="http://shop.graubuenden.ch/Viamala/ukv/?date_unknown=1&amp;doSearch=1&amp;locationIDs[]=TDS00020010346592279&amp;globalReset=1&amp;persistentParameters=1&amp;lang=de">Unterkünfte in Paspels</a></li>
</ul>;9.44463;46.748749;7417;Paspels;+41 81 650 13 13;kanzlei@domleschg.ch;https://www.domleschg.ch;[{'@type': 'ImageObject', 'contentUrl': 'https://viatpimtsoch.sos-ch-dk-2.exoscale-cdn.com/catalog/4/9/d/e/49de97c656b3453310d30b887c479a75152deebf_paspels_dorf_domleschg_sommer_demateo.com.jpg', 'caption': {'de': 'Paspels Dorf'}}];2025-10-27T21:38:22+01:00
4198e36a-d1a6-478c-be8c-6cfdde3e595c;Tartar;<p>Tartar gehört seit 1.1.2010 zur Gemeinde Cazis. Es liegt am äusseren Heinzenberg auf 995 m ü.M. und zählt rund 160 Einwohner.</p>
<ul>
<li><a href="https://www.cazis.ch/">Website Gemeinde Cazis</a></li>
<li><a href="http://www.hls-dhs-dss.ch/textes/d/D1491.php">Link zum historischen Lexikon der Schweiz</a></li>
<li><a href="http://shop.graubuenden.ch/Viamala/ukv/?date_unknown=1&amp;doSearch=1&amp;locationIDs[]=TDS00020010346790706&amp;globalReset=1&amp;persistentParameters=1&amp;lang=de">Unterkünfte in Tartar</a></li>
</ul>;9.418115;46.718663;Gemeinde Cazis;7422;Tartar;+41 81 650 04 80;gemeinde@cazis.ch;https://www.cazis.ch;[{'@type': 'ImageObject', 'contentUrl': 'https://viatpimtsoch.sos-ch-dk-2.exoscale-cdn.com/catalog/a/e/0/d/ae0d0c29429d463f062381a0b907fee71cec1e70_tartar_im_sommer.jpg', 'caption': {'de': 'Tartar im Sommer'}}];2025-10-27T21:38:22+01:00
41f55619-5a95-45ae-b57e-facc5a6c255b;Bandseen;Pure Averser-Bergsee-Idylle! Der Aufstieg lohnt sich.;Der untere Bandsee liegt auf 2599 m ü.M., der obere auf 2643 m ü.M.&nbsp;Die Seen sind von Avers-Cresta&nbsp;aus erreichbar. Weitere Informationen zur Wanderung finden Sie <a href="https://mybusiness.outdooractive.com/de/r/23419833/" target="_blank">hier</a>.;9.555884599685669;46.470246368350764;Am Bach;7447;Avers;+41 81 650 90 30;info@viamala.ch;https://www.viamala.ch;[{'@type': 'ImageObject', 'contentUrl': 'https://viatpimtsoch.sos-ch-dk-2.exoscale-cdn.com/catalog/c/4/b/2/c4b2c0ee4b8357c6c2f5ac7e677bdcfce00e803d_oberer_bandsee_avers.jpg', 'caption': {'de': 'Bandseen im Avers'}}];2025-10-27T21:38:22+01:00
42f8292c-3544-4795-94f5-de2a34ebbb39;Bergsportschule Grischa;Ihre lokale Institution für Bergsport.;<p>Die Bergsportschule Grischa wird von einheimischen Berg- und Skiführern mit anerkannter Zertifizierung betrieben. Jenseits der markierten Pisten sind sie in ihrem Element und kennen als Einheimische die verborgenen Winkel und malerischsten Abfahrten in der Destination Viamala. Die Bergsportschule bietet als Experte in den Bereichen Freeride, Skitouren, Schneeschuhwanderungen und Eisklettern eine Vielzahl von Angeboten, von Kursen über Gruppenausflüge und Firmenevents bis hin zu individuellem Guiding, um alle Wünsche zu erfüllen. </p><p>Die Destination Viamala bietet&nbsp;zahlreiche Möglichkeiten für unvergessliche Erlebnisse in der faszinierenden Berglandschaft. Die Bergsportakademie plant nach den Vorstellungen der Teilnehmer und begleitet Sie durch ein unvergessliches Abenteuer.</p>;9.537029;46.45871;Am Bach 489;7447;Am Bach (Avers);+41 81 651 13 23;info@bergsportschulegrischa.ch;https://bergsportschulegrischa.ch;[{'@type': 'ImageObject', 'contentUrl': 'https://viatpimtsoch.sos-ch-dk-2.exoscale-cdn.com/catalog/a/b/b/2/abb2c989f3687a235bfdb725eb963e0f1d8a8243_die_bergfuehrerinnen_der_bergsportschule_grischa_sommer.jpg', 'caption': {'de': 'Die Bergführer der Bergsportschule Grischa', 'en': 'The mountain guides of the Bergsportschule Grischa', 'it': 'Le guide alpine della Bergsportschule Grischa'}}];2026-03-11T13:09:04+01:00
44181b9c-e03f-4e96-af72-6c9985d6788d;Rothenbrunnen;<p>Rothenbrunnen im Domleschger Talboden liegt auf 630 m ü.M. und zählt rund 300 Einwohner. Seinen Namen verdankt der Ort der warmen jodeisenhaltigen Heil- und Mineralquelle.</p>
<ul>
<li><a href="https://rothenbrunnen.ch/">Website der Gemeinde Rothenbrunnen</a></li>
<li><a href="http://www.hls-dhs-dss.ch/textes/d/D1477.php">Link zum historischen Lexikon der Schweiz</a></li>
<li><a href="http://shop.graubuenden.ch/Viamala/ukv/?date_unknown=1&amp;doSearch=1&amp;locationIDs[]=TDS00020010527381530&amp;globalReset=1&amp;persistentParameters=1&amp;lang=de">Unterkünfte im Domleschg</a></li>
</ul>;9.426014;46.768961;Gemeindekanzlei, Pro Sut 7;7405;Rothenbrunnen;+41 81 655 17 16;gemeinde@rothenbrunnen.ch;http://rothenbrunnen.ch;[{'@type': 'ImageObject', 'contentUrl': 'https://viatpimtsoch.sos-ch-dk-2.exoscale-cdn.com/catalog/b/4/1/a/b41afbd98ddbccb4132add21830c93e1d7a7a296_rothenbrunnen_dorf_domleschg_sommer_demateo.jpg', 'caption': {'de': 'Rothenbrunnen im Sommer'}}];2025-10-27T21:38:22+01:00
44583901-ccf2-40a8-91b7-1a70dcff5c1e;Alperschälli-Seeli;Zur Standardausrüstung auf der Via Capricorn gehören gutes Schuhwerk, eine Trinkflasche und eine warme Jacke für höhere Gefilde, vor allem aber: ein Feldstecher. Spätestens nach dem steilen Aufstieg von der Alp Biggenmad hoch zum Alperschälli gehört der Feldstecher griffbereit. Denn hier lassen sich die Steinböcke besonders oft beobachten.;<p>Spätestens nach dem steilen Aufstieg von der Alp Biggenmad hoch zum Alperschälli gehört der Feldstecher griffbereit. Denn hier lassen sich die Steinböcke besonders oft beobachten.</p><p></p><p>Auf dem Weg – der grösste Teil des Aufstiegs zur Farcletta digl Lai Grand (2659 m ü. M.) ist geschafft – gleitet der Blick übers Alperschälli-Seeli. Man könnte das kleine, klare Seeli unrühmlich als Pfütze abtun, präsentierte es sich nicht als zauberhafter Farbtupfer inmitten der kargen, steinigen Landschaft. Und es liegt an einem willkommenen Ort, denn hier möchte man pausieren. Auf einem Stein sitzend – nein, für ein Bad ist das von Schmelzwasser gespiesene Seeli zu frostig – holt man nun genussvoll Leckereien aus dem Rucksack. Ja, auch diese gehören zur Standartausrüstung. Beim Picknicken schliesslich geniesst man das aufkommende Bewusstsein, dass man sich hier vollkommen alleine inmitten der Bergwelt befindet. Alleine? Vielleicht ja. Oder doch nicht? Denn gut möglich, dass es hier zu einer Begegnung mit dem Capricorn, dem König der Alpen, kommt.</p>;9.317709803581238;46.606894394726645;7433;Casti-Wergenstein;+41 81 650 90 30;info@viamala.ch;https://www.viamala.ch;[{'@type': 'ImageObject', 'contentUrl': 'https://viatpimtsoch.sos-ch-dk-2.exoscale-cdn.com/catalog/7/a/6/9/7a693602d6cfdc4206fe9208002d43d4342e4e57_alperschaelli_seeli_sommer_schamserberg_nico_schaerer.jpg', 'caption': {'de': 'Alperschälli-Seeli'}}];2025-10-27T21:38:22+01:00
4788e9a7-2647-498f-94e9-a2c5fd0e9bc2;Ferrera;<p>Die Gemeinde Ferrera wird von den beiden Fraktionen Ausser- und Innerferrera gebildet. Sie liegt zwischen 1’316 m ü.M. und 1’486 m ü.M. und zählt rund 90 Einwohner.</p>
<ul>
<li><a href="https://ferrera.ch/">Website Gemeinde Ferrera</a></li>
<li><a href="http://www.hls-dhs-dss.ch/textes/d/D49443.php">Link zum historischen Lexikon der Schweiz</a></li>
<li><a href="http://shop.graubuenden.ch/Viamala/ukv/?date_unknown=1&amp;doSearch=1&amp;locationIDs[]=TDS00020010527381509&amp;globalReset=1&amp;persistentParameters=1&amp;lang=de">Unterkünfte in&nbsp;Avers/Ferrera</a></li>
</ul>;9.442853;46.521065;7444;Ausserferrera;+41 81 661 15 85;kanzlei@ferrera.ch;https://ferrera.ch;[{'@type': 'ImageObject', 'contentUrl': 'https://viatpimtsoch.sos-ch-dk-2.exoscale-cdn.com/catalog/2/4/b/3/24b3b0115ca5a315f59434aa0dfaebbe6bed48bf_ausserferrera_dorf_luftaufnahme_markus_mueller.jpg', 'caption': {'de': 'Ausserferrera im Sommer'}}];2025-10-27T21:38:24+01:00
48d8be90-fd49-49ee-a846-c76cc26a65f9;Schwarzseen;Die zwei Seen liegen im Averser Seitental Val Madrisch nur wenige hundert Meter von der italienischen Grenze auf 2520 m ü. M.;Der See ist ein beliebtes Ziel bei Wanderern und Bergseefischern. Der Aufstieg vom Parkplatz beim Hohenhaus im Val Madrisch dauert ca. 2.5 Stunden.;9.465022087097168;46.42070085775866;Val Madrisch;7447;Avers;+41 81 650 90 30;info@viamala.ch;https://www.viamala.ch;[{'@type': 'ImageObject', 'contentUrl': 'https://viatpimtsoch.sos-ch-dk-2.exoscale-cdn.com/catalog/4/2/e/d/42eda848418b8930eb51a273daed54ba0ca3b6b2_schwarzseen_avers_madrisatal_sommer_demateo.com.jpg', 'caption': {'de': 'Die Schwarzseen über dem Madrisatal im Avers'}}];2025-10-27T21:38:25+01:00
4c33b8fe-9876-4ad3-b68e-f04690b003d2;Hinterrhein;<p>Das Passdorf Hinterrhein liegt auf 1’624 m ü.M. Meer und zählt rund 60 Einwohner. Per 1. Januar 2019 bildet Hinterrhein mit Nufenen, Medels und Splügen die Gemeinde Rheinwald.</p>
<ul>
<li><a href="https://www.rheinwald.ch/">Website Gemeinde Rheinwald</a></li>
<li><a href="http://www.hls-dhs-dss.ch/textes/d/D1496.php">Link zum historischen Lexikon der Schweiz</a></li>
<li><a href="http://shop.graubuenden.ch/Viamala/ukv/?date_unknown=1&amp;doSearch=1&amp;locationIDs[]=TDS00020010346589183&amp;globalReset=1&amp;persistentParameters=1&amp;lang=de">Unterkünfte in Hinterrhein</a></li>
</ul>;9.199432;46.530792;7438;Hinterrhein;+41 81 664 11 28;gemeinde@rheinwald.ch;https://www.rheinwald.ch;[{'@type': 'ImageObject', 'contentUrl': 'https://viatpimtsoch.sos-ch-dk-2.exoscale-cdn.com/catalog/5/e/c/9/5ec95c8e21010fdff68e2d0e873c3bf8a2406017_hinterrhein_dorf_rheinwald_luftaufnahme_markus_mueller.jpg', 'caption': {'de': 'Hinterrhein im Sommer'}}];2025-10-27T21:38:25+01:00
4dfebff1-c85a-454d-bef2-01dbea654498;Pratval;<p>Pratval gehört seit 1.1.2015 zur Gemeinde Domleschg. Es liegt auf 690 m ü.M. und zählt rund 240 Einwohner.</p>
<ul>
<li><a href="http://www.domleschg.ch/">Website Gemeinde Domleschg</a></li>
<li><a href="http://www.hls-dhs-dss.ch/textes/d/D1475.php">Link zum historischen Lexikon der Schweiz</a></li>
<li><a href="http://shop.graubuenden.ch/Viamala/ukv/?date_unknown=1&amp;doSearch=1&amp;locationIDs[]=TDS00020010346592926&amp;globalReset=1&amp;persistentParameters=1&amp;lang=de">Unterkünfte in Pratval</a></li>
</ul>;9.445403;46.732934;7415;Pratval;+41 81 650 13 13;kanzlei@domleschg.ch;https://www.domleschg.ch;[{'@type': 'ImageObject', 'contentUrl': 'https://viatpimtsoch.sos-ch-dk-2.exoscale-cdn.com/catalog/2/9/9/5/299507a40058fa3187ec5f39812318a083e68176_pratval_dorf_fruehling_demateo.jpg', 'caption': {'de': 'Pratval im Frühling'}}];2025-10-27T21:38:25+01:00
4e6e523e-1df8-4af4-b204-15071dd5a7b0;Kraftwerke Zervreila AG;Valserwasser wird in Rothenbrunnen zu Strom verarbeitet: Die Kraftwerke Zervreila machen es möglich!;<p>Die Kraftwerke Zervreila AG nutzt die Wasserkräfte eines 200 km2 grossen Einzugsgebietes im oberen Valsertal und des Safientals. Kern der Anlagen ist der Speichersee Zervreila mit seiner 151 m hohen Bogenstaumauer von 504 m Kronenlänge und 100 Mio. m3 Fassungsvermögen. Dieser Stausee erlaubt die Sommerzuflüsse des Valserrheins oberhalb der Sperrstelle sowie der rechtsufrigen Seitenbäche bis zum Peilerbach zu speichern. Erstmals genutzt wird das Speicherwasser in der am Fusse der Staumauer gelegenen Zentrale Zervreila. Durch den Überleitstollen mit einer Schluckfähigkeit von 20 m3/s gelangt es zur weiteren Nutzung ins Ausgleichsbecken Wanna im hinteren Safiental. Durch einen weiteren Druckstollen wird das Nutzwasser aus dem Ausgleichsbecken Safien Platz talauswärts und schliesslich durch den Heinzenberg ins Domleschg geleitet, wo es in der Zentrale Rothenbrunnen mit rund 673 m Gefälle verarbeitet wird. Drei horizontale Maschinensätze mit Zwillings-Peltonturbinen erbringen je 44 MW Leistung. Die Energie aller Werkstufen wird nach der Transformation auf 220 kV in der Freiluftschaltanlage Rothenbrunnen dem schweizerischen Hochspannungsnetz übergeben.</p>
<h4>Geführte Besichtigungen</h4><p>Montag - Freitag. Anmeldung online unter:&nbsp;<a href="http://www.kwz.ch/besichtigung/anfrage-besichtigung/">www.kwz.ch</a></p>;9.41824;46.76596;7405;Rothenbrunnen;+41 81 650 11 33;info@kwz.ch;https://www.kwz.ch;[{'@type': 'ImageObject', 'contentUrl': 'https://viatpimtsoch.sos-ch-dk-2.exoscale-cdn.com/catalog/0/a/3/6/0a3694df36abe882ebfd533a1ea517b30dcc1c95_stauanlage_zervreila.jpg', 'caption': {'de': 'Die Staumauer Zervreila', 'en': 'The Zervreila dam', 'it': 'La diga di Zervreila'}}];2025-10-27T21:38:25+01:00
50d0be1b-994f-4bd5-ae2c-65a3f87f26df;Lesebänkli Cazis;Was gibt es Schöneres als auf einer sonnigen Ruhebank zu sitzen und ein Buch zu lesen?;Genau das können Sie nun in der Gemeinde Cazis tun. Bei vier idyllisch gelegenen Bänkli steht eine Kiste bereit. Diese ist gefüllt mit Büchern und Zeitschriften für Jung und Alt. Sie sind herzlich eingeladen die Bücher anzuschauen, zu lesen und darin zu schmöckern. Falls Sie sich einmal so sehr in ein Buch vertieft haben, dass Sie davon nicht mehr loskommen, leihen Sie es sich für ein paar Tage aus oder kommen Sie einfach wieder zurück aufs Bänkli, zum Weiterlesen.;9.433779724688861;46.723785423110435;7408;Cazis;+41 81 650 04 80;gemeinde@cazis.ch;https://cazis.ch;[{'@type': 'ImageObject', 'contentUrl': 'https://viatpimtsoch.sos-ch-dk-2.exoscale-cdn.com/catalog/b/8/e/8/b8e8b5fa8f95e9d8d0c7f8bc9e7a6ff15dfe0d5d_lesebaenkli_cazis_viamala_tourismus.jpg', 'caption': {'de': 'Lesebänkli Cazis'}}];2025-10-27T21:38:25+01:00
51c57dd0-b1f8-49af-8896-e40a128db0d9;Urmein;<p>Urmein liegt am Heinzenberg auf 1'264 m ü.M. und zählt rund 150 Einwohner.</p>
<ul>
<li><a href="https://www.urmein.ch/">Website Gemeinde Urmein</a></li>
<li><a href="http://www.hls-dhs-dss.ch/textes/d/D1494.php">Link zum historischen Lexikon der Schweiz</a></li>
<li><a href="http://shop.graubuenden.ch/Viamala/ukv/?date_unknown=1&amp;doSearch=1&amp;locationIDs[]=TDS00020010141062637&amp;globalReset=1&amp;persistentParameters=1&amp;lang=de">Unterkünfte in Urmein</a></li>
</ul>;9.401428;46.691542;Gemeinde Urmein;7427;Urmein;+41 81 651 48 78;kanzlei@urmein.ch;https://www.urmein.ch;[{'@type': 'ImageObject', 'contentUrl': 'https://viatpimtsoch.sos-ch-dk-2.exoscale-cdn.com/catalog/2/9/a/7/29a722e63ff4285daab15ebdf7d27336c550b5a6_oberurmein_dorf_heinzenberg_sommer_aclas_demateo.jpg', 'caption': {'de': 'Oberurmein im Sommer'}}];2025-10-27T21:38:25+01:00
5272d248-70b4-4644-9c77-7949364d49fa;Zillis-Reischen;<p>Die Gemeinde am südlichen Eingang zur Viamala-Schlucht wird von den beiden Ortsteilen Zillis (945 m ü.M.) und Reischen (1’024 m ü.M.) gebildet. Es zählt rund 390 Einwohner.</p>
<ul>
<li><a href="https://www.zillis-reischen.ch/">Website Gemeinde Zillis-Reischen</a></li>
<li><a href="http://www.hls-dhs-dss.ch/textes/d/D45874.php">Link zum historischen Lexikon der Schweiz</a></li>
<li><a href="https://shop.graubuenden.ch/Viamala/ukv/result?tt=qerkmsicqjn6dq2e5l1qsil7tr">Unterkünfte in Zillis-Reischen</a></li>
</ul>;9.445457;46.634904;7432;Zillis-Reischen;+41 81 661 13 83;info@zillis-reischen.ch;https://zillis-reischen.ch;[{'@type': 'ImageObject', 'contentUrl': 'https://viatpimtsoch.sos-ch-dk-2.exoscale-cdn.com/catalog/6/0/3/9/6039a42af9c4b90d4ac41a2f48a2f3e98e5fc8e8_zillis_reischen_dorf_sommer_demateo.jpg', 'caption': {'de': 'Zillis-Reischen im Sommer'}}];2025-10-27T21:38:25+01:00
5f231a24-dac4-4597-8db7-b3ce9b722861;Sils im Domleschg;<p>Sils liegt im südlichen Domleschg am Eingang zur Viamala-Schlucht auf 630 m ü. M. und zählt rund 940 Einwohner.</p>
<ul>
<li><a href="https://www.sils-id.ch/">Website Gemeinde Sils i.D.</a></li>
<li><a href="http://www.hls-dhs-dss.ch/textes/d/D1480.php">Link zum historischen Lexikon der Schweiz</a></li>
<li><a href="http://shop.graubuenden.ch/Viamala/ukv/?date_unknown=1&amp;doSearch=1&amp;locationIDs[]=TDS00020010346781867&amp;globalReset=1&amp;persistentParameters=1&amp;lang=de">Unterkünfte in Sils i.D.</a></li>
</ul>;9.451924;46.700083;Gemeindekanzlei;7411;Sils i.D.;+41 81 651 12 79;info@sils-id.ch;https://www.sils-id.ch;[{'@type': 'ImageObject', 'contentUrl': 'https://viatpimtsoch.sos-ch-dk-2.exoscale-cdn.com/catalog/a/b/7/4/ab7497ac8215318cb37f7e28051abfa67d37c0cb_sils_im_domleschg_sommer_demateo.jpg', 'caption': {'de': 'Sils i.D. im Sommer'}}];2025-10-27T21:38:26+01:00
63c8200d-a5a3-4ff2-9586-99bf7a9e8f93;Nufenen;<p>Nufenen liegt auf 1’568 m ü.M. und zählt rund 150 Einwohner. Seit 1. Januar 2019 bildet der Ort mit Hinterrhein, Medels und Splügen die Gemeinde Rheinwald.</p>
<ul>
<li><a href="https://www.rheinwald.ch/">Website Gemeinde Rheinwald</a></li>
<li><a href="http://www.hls-dhs-dss.ch/textes/d/D1498.php">Link zum historischen Lexikon der Schweiz</a></li>
<li><a href="http://shop.graubuenden.ch/Viamala/ukv/?date_unknown=1&amp;doSearch=1&amp;locationIDs[]=TDS00020010346592173&amp;globalReset=1&amp;persistentParameters=1&amp;lang=de">Unterkünfte in Nufenen</a></li>
</ul>;9.243459;46.539388;7437;Nufenen;+41 81 664 11 28;gemeinde@rheinwald.ch;https://www.rheinwald.ch;[{'@type': 'ImageObject', 'contentUrl': 'https://viatpimtsoch.sos-ch-dk-2.exoscale-cdn.com/catalog/9/6/a/3/96a3b7d4c1583e5ab70b29cb2e7378a21ef6258f_nufenen_dorf_sommer_markus_mueller.jpg', 'caption': {'de': 'Nufenen Dorf'}}];2025-10-27T21:38:26+01:00
674c23e7-395b-478c-be8e-9a0eafcfef9d;Tomils;<p>Tomils gehört seit 1.1.2015 zur Gemeinde Domleschg. Es liegt auf 800 m ü.M. und zählt rund&nbsp;380 Einwohner.</p>
<ul>
<li><a href="http://www.domleschg.ch/">Website Gemeinde Domleschg</a></li>
<li><a href="https://hls-dhs-dss.ch/de/articles/001482/2016-12-09/">Link zum historischen Lexikon der Schweiz</a></li>
<li><a href="http://shop.graubuenden.ch/Viamala/ukv/?date_unknown=1&amp;doSearch=1&amp;locationIDs[]=TDS00020010527381530&amp;globalReset=1&amp;persistentParameters=1&amp;lang=de">Unterkünfte im Domleschg</a></li>
</ul>;9.443537;46.759476;7418;Tomils;+41 81 650 13 13;kanzlei@domleschg.ch;https://www.domleschg.ch;[{'@type': 'ImageObject', 'contentUrl': 'https://viatpimtsoch.sos-ch-dk-2.exoscale-cdn.com/catalog/b/3/6/1/b361f3ffe5a9582278d79be5516326e1a40913ed_tomils_schloss_ortenstein_sommer_fruehling_demateo.jpg'}];2025-10-27T21:38:28+01:00
69d41767-7c62-46fc-bf1d-c80ff245ffee;Mathon;<p>Mathon liegt am Schamserberg auf 1’521 m ü.M. und zählt rund 50 Einwohner. Hier steht das Geburtshaus des bekannten Komponisten Tumasch Dolf.</p>
<ul>
<li><a href="https://www.mdschons.ch/">Website Gemeinde Muntogna da Schons</a></li>
<li><a href="http://www.hls-dhs-dss.ch/textes/d/D1508.php">Link zum historischen Lexikon der Schweiz</a></li>
<li><a href="http://shop.graubuenden.ch/Viamala/ukv/?date_unknown=1&amp;doSearch=1&amp;locationIDs[]=TDS00020010346590066&amp;globalReset=1&amp;persistentParameters=1&amp;lang=de">Unterkünfte in Mathon</a></li>
</ul>;9.413933;46.636625;7433;Mathon;+41 81 661 22 61;gemeinde@mdschons.ch;https://mdschons.ch;[{'@type': 'ImageObject', 'contentUrl': 'https://viatpimtsoch.sos-ch-dk-2.exoscale-cdn.com/catalog/8/6/b/7/86b77cb2a9a8ed06974be2bb8216665c360fb140_mathon_muntogna_da_schons_sommer_demateo.jpg', 'caption': {'de': 'Mathon im Sommer'}}];2025-10-27T21:38:28+01:00
7282c443-b171-46b1-b723-61b142254322;Viamala Markt;Den Naturpark Beverin zu Hause geniessen und Gäste sowie sich selber mit auserlesenen Spezialitätenpaketen verwöhnen!;<p>Naturgewalten und die sanfte Bergidylle sind von Gegensätzen geprägt. Dasselbe gilt für unsere Lieferanten der feinen Spezialitäten aus unserer Region: So unterschiedlich die Hersteller, so speziell und einzigartig sind die geschmacksorientierten Spezialitäten, die sich durch Einfachheit, Geschmack und Kraft auszeichnen. Der angenehme Gedanke dabei ist der willkommene Nebenverdienst für alle lokalen Hersteller der unzähligen Köstlichkeiten. Alle diese Hersteller wissen – ein Versprechen, das verpflichtet.<br></p>;9.445359;46.712627;Viamala Markt;7430;Thusis;+41 81 651 05 44;info@viamalamarkt.ch;https://viamalamarkt.ch;[{'@type': 'ImageObject', 'contentUrl': 'https://viatpimtsoch.sos-ch-dk-2.exoscale-cdn.com/catalog/1/5/9/e/159ecbf0780cc7698167fa3e81215df460bf0089_der_viamala_markt_in_der_rastst__tte_thusi_ladens.jpg', 'caption': {'de': 'Der Viamala Markt in der Raststätte Thusis', 'en': 'The Viamala market at the Thusis service station', 'it': "Il mercato di Viamala nell'area di servizio autostradale di Thusis"}}];2025-10-27T21:38:29+01:00
857aa727-11bb-4cf8-b031-e1ba0c20d5c0;Scharans;<p>Scharans liegt im Domleschg auf rund 760 m ü.M. und zählt rund 790 Einwohner.</p>
<ul>
<li><a href="https://scharans.ch/">Website Gemeinde Scharans</a></li>
<li><a href="http://www.hls-dhs-dss.ch/textes/d/D1478.php">Link zum historischen Lexikon der Schweiz</a></li>
<li><a href="http://shop.graubuenden.ch/Viamala/ukv/?date_unknown=1&amp;doSearch=1&amp;locationIDs[]=TDS00020010346780963&amp;globalReset=1&amp;persistentParameters=1&amp;lang=de">Unterkünfte in Scharans</a></li>
</ul>;9.459635;46.717053;7412;Scharans;+41 81 651 20 20;info@scharans.ch;https://scharans.ch;[{'@type': 'ImageObject', 'contentUrl': 'https://viatpimtsoch.sos-ch-dk-2.exoscale-cdn.com/catalog/6/f/f/2/6ff24ec73d8b32dae3608aebea3dc4074c69f914_scharans_domleschg_sommer_demateo.com.jpg', 'caption': {'de': 'Scharans im Sommer'}}];2025-10-27T21:38:29+01:00
86169aa9-f72d-4c94-99cc-af06b2932f05;Lesebänkli Tartar;Was gibt es Schöneres als auf einer sonnigen Ruhebank zu sitzen und ein Buch zu lesen?;Genau das können Sie nun in der Gemeinde Cazis tun. Bei vier idyllisch gelegenen Bänkli steht eine Kiste bereit. Diese ist gefüllt mit Büchern und Zeitschriften für Jung und Alt. Sie sind herzlich eingeladen die Bücher anzuschauen, zu lesen und darin zu schmöckern. Falls Sie sich einmal so sehr in ein Buch vertieft haben, dass Sie davon nicht mehr loskommen, leihen Sie es sich für ein paar Tage aus oder kommen Sie einfach wieder zurück aufs Bänkli, zum Weiterlesen.;9.41512226443615;46.71542973398972;7422;Tartar;+41 81 650 04 80;gemeinde@cazis.ch;https://cazis.ch;[{'@type': 'ImageObject', 'contentUrl': 'https://viatpimtsoch.sos-ch-dk-2.exoscale-cdn.com/catalog/5/a/b/3/5ab340ca3ed4943114d39ab58bf153aa4685c89b_lesebaenkli_tartar_heinzenberg_viamala_tourismus.jpg', 'caption': {'de': 'Lesebänkli Tartar'}}];2025-10-27T21:38:29+01:00
8db01510-2f42-463c-9027-e75ccfcaa74b;Splügen;<p>Das Passdorf Spl&uuml;gen liegt 1&rsquo;458 m &uuml;.M. und z&auml;hlt rund 420 Einwohner. Seit 1. Januar 2019 bildet Spl&uuml;gen mit Hinterrhein, Nufenen und Medels die Gemeinde Rheinwald.</p><ul><li><a href="https://www.rheinwald.ch/">Website Gemeinde Rheinwald</a></li><li><a href="http://www.hls-dhs-dss.ch/textes/d/D1499.php">Link zum historischen Lexikon der Schweiz</a></li><li><a href="http://shop.graubuenden.ch/Viamala/ukv/?date_unknown=1&amp;doSearch=1&amp;locationIDs[]=TDS00020010346785325&amp;globalReset=1&amp;persistentParameters=1&amp;lang=de">Unterk&uuml;nfte in Spl&uuml;gen</a></li><li><a href="https://viamala.ch/architekturfuehrer.html">Architekturrundgang Spl&uuml;gen</a></li></ul><p><strong>&nbsp;</strong></p><p><strong>UN Best Tourism Village 2024</strong><br>UNWTO hat im Rahmen ihrer Initiative &laquo;Best Tourism Village&raquo; zum vierten Mal Tourismusd&ouml;rfer auf der Welt gesucht, die sich auf besonders nachhaltige und innovative Weise entwickeln, ohne dabei die lokale Kultur, Natur und die Bev&ouml;lkerung zu vergessen. Bewerben konnten sich D&ouml;rfer in l&auml;ndlichen Gegenden, bei denen traditionelle T&auml;tigkeiten wie Land- und Forstwirtschaft pr&auml;gend sind.</p><p>Spl&uuml;gen und&nbsp;Romoos im Entlebuch &uuml;berzeugten die Jury der UN Tourism mit ihrer starken Ausrichtung auf die nachhaltige Entwicklung des Tourismus vor Ort und verschiedenen Initiativen zur Bewahrung, F&ouml;rderung und touristischen Inwertsetzung des kulturellen Erbes.</p><ul><li><a href="https://viamala.ch/de/informieren/aktuelles/news/blog/splugen-erhalt-auszeichnung-zum-un-best-tourism-village-2024-137ef47e-7e78-47eb-b7dc-34b433814fb8.html">Mehr erfahren</a></li></ul>;9.321705;46.554118;7435;Splügen;+41 81 664 11 28;gemeinde@rheinwald.ch;https://www.rheinwald.ch;[{'@type': 'ImageObject', 'contentUrl': 'https://viatpimtsoch.sos-ch-dk-2.exoscale-cdn.com/catalog/4/1/8/5/41850d998be28e52047e781da5cc5843f3df80b3_spluegen_dorf_rheinwald_sommer_marco_hartmann.jpg', 'caption': {'de': 'Splügen Dorf'}}];2026-07-24T16:07:43+02:00
92134345-10e6-4e03-8dff-b5c681f502d6;Thusis;<p>Thusis liegt am nördlichen Eingang zur Viamala-Schlucht am Fusse des Heinzenbergs auf 720 m ü.M.. Seit 1.1.2018 zählt auch Mutten zur Gemeinde. Thusis zählt rund 3'200 Einwohner.</p>
<ul>
<li><a href="https://thusis.ch/">Website Gemeinde Thusis</a></li>
<li><a href="http://www.hls-dhs-dss.ch/textes/d/D1492.php">Link zum historischen Lexikon der Schweiz</a></li>
<li><a href="http://shop.graubuenden.ch/Viamala/ukv/?date_unknown=1&amp;doSearch=1&amp;locationIDs[]=WBX00020010000145701&amp;globalReset=1&amp;persistentParameters=1&amp;lang=de">Unterkünfte in Thusis</a></li>
</ul>;9.437736;46.694178;7430;Thusis;+41 81 650 09 30;info@thusis.ch;https://thusis.ch;[{'@type': 'ImageObject', 'contentUrl': 'https://viatpimtsoch.sos-ch-dk-2.exoscale-cdn.com/catalog/e/a/b/1/eab1f4cc45cf24e5dd0d008e9aee7ea44b5be402_thusis_dorf_nolla_alter_dorfteil_viamala_demateo.com.jpg', 'caption': {'de': 'Der alte Dorfteil von Thusis'}}];2025-10-27T21:38:32+01:00
945a8737-2355-4278-ba3d-f1318d9c17b8;Bücherkiste Avers;Am Wanderweg Juf – Juppa;<p>Von Krimis über Romane, Geschichtsbüchern über die Region bis hin zu Kinderbüchern. Alles was das Leserherz begehrt finden Sie in der neuen Bücherkiste am Wanderweg.</p>
<p>Leihen Sie sich ein Buch für eine Pause auf der Holzbank aus und geniessen Sie die Aussicht mit einer spannenden Geschichte.</p>
<p>Die Bücherkiste ist bis ca. Ende September (bei trockenem Wetter auch etwas länger...) zugänglich.</p>;9.558587497884787;46.446876437866706;Viamala Tourismus;7447;Avers;+41 81 667 11 67;info@viamala.ch;http://www.viamala.ch;[{'@type': 'ImageObject', 'contentUrl': 'https://viatpimtsoch.sos-ch-dk-2.exoscale-cdn.com/catalog/7/b/8/4/7b84f38cf0eb5045b92d83c14ccc4aef138d508b_buecherkiste_avers.jpg', 'caption': {'de': 'Bücherkiste Avers'}}];2025-10-27T21:38:32+01:00
98ebe266-e580-44f9-b304-63b04f54777b;Andeer;<p>Andeer ist der Schamser Zentrums- und Badeort und umfasst die Ortsteile Andeer, Pignia und Clugin. Es liegt auf 983 m ü.M. und zählt rund 930 Einwohner.</p>
<ul>
<li><a href="http://www.gemeinde-andeer.ch">Website Gemeinde Andeer</a></li>
<li><a href="http://www.hls-dhs-dss.ch/textes/d/D1501.php">Link zum historischen Lexikon der Schweiz</a></li>
<li><a href="http://shop.graubuenden.ch/Viamala/ukv/?date_unknown=1&amp;doSearch=1&amp;locationIDs[]=WBX00020010000137809&amp;globalReset=1&amp;persistentParameters=1&amp;lang=de">Unterkünfte in Andeer</a></li>
</ul>;9.425256;46.602432;7440;Andeer;+41 81 650 70 91;gemeinde@andeer.ch;https://www.gemeinde-andeer.ch;[{'@type': 'ImageObject', 'contentUrl': 'https://viatpimtsoch.sos-ch-dk-2.exoscale-cdn.com/catalog/4/5/9/9/4599c28c70c45bfe93910b4c2f59abb15b62871b_andeer_dorf_sommer_luftaufnahme_roman_huber.jpg', 'caption': {'de': 'Andeer im Sommer'}}];2025-10-27T21:38:33+01:00
9e91992b-4a19-40dd-b8f6-b17959259d7e;Felszeichnungen Carschenna;Die ältesten Zeugnisse menschlicher Kultur in der Ferienregion Viamala.;<p>Die Felsbilder von Carschenna z&auml;hlen zu den wichtigsten pr&auml;historischen Fundstellen der Schweiz und sind einzigartige Zeugnisse menschlicher Kultur in der Region Viamala. Diese aussergew&ouml;hnlichen Darstellungen bieten einen faszinierenden Einblick in die kulturelle Vergangenheit der Region und reichen bis in die Bronze- und Eisenzeit (2./1. Jahrtausend v. Chr.) zur&uuml;ck.&nbsp;</p>
<p><strong>Entdeckung und Erforschung</strong><br />Die Felsbilder von Carschenna wurden 1965 zuf&auml;llig von einem Forstbeamten entdeckt und anschliessend durch das R&auml;tische Museum freigelegt. Sie befinden sich auf mehreren Felsplatten und umfassen unz&auml;hlige Zeichen und Sujets, deren genaue Bedeutung nicht vollst&auml;ndig gekl&auml;rt ist. Vergleiche mit anderen, zum Teil besser datierbaren Felsbildern lassen auf eine Entstehungszeit in der Bronzezeit schliessen, ab ca. 1500 v. Chr.&nbsp;</p>
<p><strong>Lage und Besonderheit der Fundstelle</strong><br />Die Felsbilder liegen auf einer Anh&ouml;he &ouml;stlich und oberhalb von Sils im Domleschg, direkt am Rande eines mehrere hundert Meter tiefen Abgrunds. In unmittelbarer N&auml;he verlief der Saumpfad zur Umgehung der Viamala-Schlucht. Diese besondere Lage macht die St&auml;tte nicht nur arch&auml;ologisch, sondern auch landschaftlich beeindruckend.&nbsp;</p>
<p><strong>Beschreibung der Felsbilder</strong><br />Auf den Felsplatten findet man &uuml;berwiegend konzentrische Ringmuster mit einer Schale in der Mitte. Dar&uuml;ber hinaus sind Darstellungen von Tieren zu erkennen, die jedoch nicht immer eindeutig zu bestimmen sind. Besonders eindrucksvoll sind Darstellungen eines Reiters sowie von Saumtieren mit einer Last auf dem R&uuml;cken. Weitere Sujets umfassen Kr&auml;henf&uuml;sse, Gittermuster und Sonnensymbole. Diese Motive geben wertvolle Einblicke in die Vorstellungen und Lebensweisen der damaligen Menschen.&nbsp;</p>
<p><strong>Zug&auml;nglichkeit</strong><br />Die Fundstelle liegt auf einem Plateau oberhalb von Sils im Domleschg und ist &ouml;ffentlich zug&auml;nglich. Eine Besichtigung ist jederzeit m&ouml;glich. Als eines der bedeutendsten arch&auml;ologischen Denkm&auml;ler in Graub&uuml;nden steht die Fundstelle unter besonderem Schutz. Besucher werden gebeten, die Bilder und die umliegende Natur mit Respekt zu behandeln, um den Erhalt dieses Kulturguts f&uuml;r zuk&uuml;nftige Generationen sicherzustellen.</p>;9.460735917091371;46.694277298518706;Carschenna;7411;Sils i.D.;+41 81 651 12 79;info@sils-id.ch;https://www.sils-id.ch;[{'@type': 'ImageObject', 'contentUrl': 'https://viatpimtsoch.sos-ch-dk-2.exoscale-cdn.com/catalog/5/b/5/6/5b56a975f8864b45acc210db023c3e6b5da25fcd_felszeichnungen_carschenna_demateo.jpg', 'caption': {'de': 'Die Felszeichnungen Carschenna bei Sils i.D. aus der Bronzezeit', 'en': 'The Carschenna rock carvings near Sils i.D. from the Bronze Age', 'it': "Le incisioni rupestri di Carschenna presso Sils i.D. dell'età del bronzo"}}];2025-10-27T21:38:33+01:00
a0836b0a-c3dd-471c-a69e-cbf05c227e21;Bücherschrank Urmein;Der Bücherschrank befindet sich in der alten Telefonkabine bei der Gemeindekanzlei Urmein.;9.401069049135458;46.692458053789615;7427;Urmein;+41 81 651 48 78;kanzlei@urmein.ch;https://www.urmein.ch;[{'@type': 'ImageObject', 'contentUrl': 'https://viatpimtsoch.sos-ch-dk-2.exoscale-cdn.com/catalog/4/6/b/e/46be40c7f9ff6a6aa63ffe8c7fc0a57c50c1ed57_buecherschrank_urmein.jpg', 'caption': {'de': 'Bücherschrank Urmein'}}];2025-10-27T21:38:33+01:00
a23d9cb1-f1fc-46a6-bfd4-865a6bdf1a17;Sufers;<p>Die Gemeinde Sufers ist das nördlichste Dorf im Rheinwald. Es liegt auf 1’428 m ü.M., zählt rund 130 Einwohner und ist das einzige Dorf in der Region mit direktem Seeanstoss.</p>
<ul>
<li><a href="https://sufers.ch/">Website Gemeinde Sufers</a></li>
<li><a href="http://www.hls-dhs-dss.ch/textes/d/D1500.php">Link zum historischen Lexikon der Schweiz</a></li>
<li><a href="http://shop.graubuenden.ch/Viamala/ukv/?date_unknown=1&amp;doSearch=1&amp;locationIDs[]=TDS00020010346787671&amp;globalReset=1&amp;persistentParameters=1&amp;lang=de">Unterkünfte in Sufers</a></li>
</ul>;9.366469;46.569897;7434;Sufers;+41 81 664 10 10;kanzlei@sufers.ch;https://sufers.ch;[{'@type': 'ImageObject', 'contentUrl': 'https://viatpimtsoch.sos-ch-dk-2.exoscale-cdn.com/catalog/d/d/d/5/ddd5a80d0ec3db14bef80ba52dbe415362634164_sufers_rheinwald_dorf_sommer_demateo.jpg', 'caption': {'de': 'Sufers im Sommer'}}];2025-10-27T21:38:33+01:00
a2ebf0db-dfd4-4d92-97a2-a0539f0d98ca;Donat;<p>Das romanischsprachige Dorf liegt am Fusse des Schamserbergs auf 1’043 m ü.M. und zählt rund 220 Einwohner. Es liegt an der historischen Weitwanderroute der viaSpluga.</p>
<ul>
<li><a href="https://www.mdschons.ch/">Website Gemeinde Muntogna da Schons</a></li>
<li><a href="http://www.hls-dhs-dss.ch/textes/d/D1505.php">Link zum historischen Lexikon der Schweiz</a></li>
<li><a href="http://shop.graubuenden.ch/Viamala/ukv/?date_unknown=1&amp;doSearch=1&amp;locationIDs[]=TDS00020010346588347&amp;globalReset=1&amp;persistentParameters=1&amp;lang=de">Unterkünfte in Donat</a></li>
</ul>;9.429137;46.628406;7433;Donat;+41 81 661 22 61;gemeinde@mdschons.ch;https://mdschons.ch;[{'@type': 'ImageObject', 'contentUrl': 'https://viatpimtsoch.sos-ch-dk-2.exoscale-cdn.com/catalog/0/0/b/6/00b64a6630e1fa36cf5507ea92172886061f7b18_donat_schamserberg_muntogna_da_schons_fruehling_sommer_demateo.jpg', 'caption': {'de': 'Donat im Frühling'}}];2025-10-27T21:38:33+01:00
a643756f-c911-4d16-8162-3626c096b13c;Bergseeli Splügenpass;Das Bergseeli liegt rund 700 m östlich des Splügenpasses.;Das Bergseeli liegt oberhalb der Passhöhe vom Splügenpass auf 2'311 m ü.M.;9.339968824126231;46.507409678869514;Viamala Tourismus;7435;Splügen;+41 81 650 90 30;info@viamala.ch;https://www.viamala.ch;[{'@type': 'ImageObject', 'contentUrl': 'https://viatpimtsoch.sos-ch-dk-2.exoscale-cdn.com/catalog/c/6/7/c/c67c3d361d08ca9878dcb7c27c5a1d377dfada47_bergseeli_spluegenpass_sommer_rheinwald_demateo.com.jpg', 'caption': {'de': 'Das Bergseeli Splügenpass'}}];2025-10-27T21:38:33+01:00
a784ca3d-d126-471d-82ef-5bdfffc746ba;Splügenpass;Der über die Grenze nach Italien führende Splügenpass verbindet Graubünden mit der Lombardei.;<p>Der Spl&uuml;genpass wurde nachweislich schon in der fr&uuml;hgeschichtlichen Zeit begangen. Auch in der r&ouml;mischen Zeit gibt es Hinweise darauf, z.B. das Itinerarium Antonini, eine r&ouml;mische Strassenkarte um 300 n.Chr. Die recht engen Verbindungen zwischen den Bist&uuml;mern Chur und Como liefen &uuml;ber den Spl&uuml;genpass. Schon 1396 sind am Spl&uuml;gen erhebliche Zolleinnahmen nachgewiesen worden. Der Ausbau der Viamala-Schlucht f&ouml;rderte dessen Aufschwung. Der Warenverkehr erfolgte fast ausschliesslich mit S&auml;umern, was oftmaliges Umladen bedeutete.&nbsp;</p><p>Der Transitverkehr bildete einen wichtigen Teil der bl&uuml;henden Wirtschaft. Noch 1798 schrieb der &ouml;sterreichische Feldmarschall von Bellegarde: &laquo;&Uuml;ber diesen Pass geht der gr&ouml;sste Warenzug aus dem Mail&auml;ndischen nach Deutschland, aber meistens auf Pferden und Maultieren.&raquo; Zwischen 1818 und 1823 wurde gleichzeitig mit dem San Bernardino eine erste f&uuml;r Frachtwagen und Postkutschen befahrbare Strasse gebaut, die in weiten Teilen noch heute dem damaligen Verlauf entspricht. Danach wuchsen das Frachtaufkommen und der internationale Personenverkehr &uuml;ber den Spl&uuml;gen um ein Vielfaches und erreichte um die Mitte der 1850er Jahre seinen Zenit.&nbsp;</p><p>Die Er&ouml;ffnung der Alpenbahnen (1867 Brenner, 1872 Mont Cenis) schm&auml;lerten bereits den Transitverkehr &uuml;ber den Spl&uuml;gen. Die Er&ouml;ffnung der Gotthardbahn 1882 brachte den B&uuml;ndner Transitverkehr praktisch zum Erliegen. Eine grosse Auswanderungswelle war eine direkte Folge. Die jahrzehntelangen Anstrengungen f&uuml;r eine Spl&uuml;genbahn blieben schliesslich erfolglos. Der Bau der Nationalstrasse mit Autotunnel am San Bernardino er&ouml;ffnete wieder neue Perspektiven. Der Spl&uuml;genpass ist seit dem 2. Weltkrieg im Winter geschlossen.</p><p>viaSpluga</p><p>Die zweitausendj&auml;hrige Transitgeschichte l&auml;sst sich heute auf dem Kultur- und Weitwanderweg viaSpluga von Thusis nach Chiavenna erfahren. Weitere Informationen finden Sie hier.</p>;9.330337643623352;46.505660105777054;Splügenpass;7435;Splügen;+41 81 650 90 30;info@viamala.ch;https://www.viamala.ch;[{'@type': 'ImageObject', 'contentUrl': 'https://viatpimtsoch.sos-ch-dk-2.exoscale-cdn.com/catalog/5/1/5/d/515d5cc3bec1f87a87ff1b71a1d8364d2dac4d6c_spluegenpass_passstrasse_rheinwald_sommer_demateo.jpg', 'caption': {'de': 'Der Splügenpass mit seinen spektakulären Serpentinen'}}];2025-10-27T21:38:33+01:00
aa88896d-2840-4d24-bb0d-d6226d8a6d1f;Präz;<p>Präz gehört seit 1.1.2010 zur Gemeinde Cazis. Es liegt am äusseren Heinzenberg auf 1'200 m ü.M. und zählt rund 160 Einwohner.</p>
<ul>
<li><a href="https://www.cazis.ch/">Website Gemeinde Cazis</a></li>
<li><a href="http://www.hls-dhs-dss.ch/textes/d/D1489.php">Link zum historischen Lexikon der Schweiz</a></li>
<li><a href="http://shop.graubuenden.ch/Viamala/ukv/?date_unknown=1&amp;doSearch=1&amp;locationIDs[]=TDS00020010346592929&amp;globalReset=1&amp;persistentParameters=1&amp;lang=de">Unterkünfte in Präz</a></li>
</ul>;9.404314;46.740614;7424;Präz;+41 81 650 04 80;gemeinde@cazis.ch;https://www.cazis.ch;[{'@type': 'ImageObject', 'contentUrl': 'https://viatpimtsoch.sos-ch-dk-2.exoscale-cdn.com/catalog/9/4/c/f/94cf40bf9e17a5a85404aedb631f38a2e08a347c_praez_heinzenberg_demateo.jpg', 'caption': {'de': 'Präz am Heinzenberg'}}];2025-10-27T21:38:33+01:00
ab9e3752-542e-4305-839a-8042d3949046;Patrutgsee;Der Patrutgsee liegt oberhalb von Oberurmein unmittelbar beim Waldrand.;<p>Idyllisch gelegenes Familienparadies mit Spielbach, Kinderbadesee, Spiel- und Liegewiese sowie zahlreichen Freizeitm&ouml;glichkeiten. F&uuml;nf Feuerstellen mit Sitzgruppen, ein Spielplatz, ein Boots- und Badesteg sowie eine rollstuhlg&auml;ngige WC-Anlage sorgen f&uuml;r einen erlebnisreichen Aufenthalt.&nbsp;Das Gel&auml;nde wird von einem kinderwagentauglichen Spazierweg umgeben.</p><p>F&uuml;r Firmen-, Vereins- und Familienfeste kann im Sommer die H&uuml;tte des Eisstockclubs gemietet werden.</p>;9.384797;46.702105;Oberurmein;7427;Urmein;+41 81 650 90 30;info@viamala.ch;https://www.viamala.ch;[{'@type': 'ImageObject', 'contentUrl': 'https://viatpimtsoch.sos-ch-dk-2.exoscale-cdn.com/catalog/f/e/c/e/fece88a65db7d2aaaa90bb2732119893a1baad80_patrutgsee_oberurmein_sommer_viamala_tourismus.jpg', 'caption': {'de': 'Der Patrutgsee in Oberurmein'}}];2026-06-04T13:41:51+02:00
ac5b2b78-529e-4c69-9254-564fec503e52;Pascuminersee;Der Pascuminersee liegt mitten im Alpgebiet des inneren Heinzenbergs und ist ideal geeignet für ein erfrischendes Bad nach einer Wanderung oder einer Bike-Tour.;<p>Der auf 1959 m ü. M. gelegene Pascuminersee hat einen unterirdischen Zufluss. Die Wassertemperaturen sind bei heissem Sommerwetter äusserst angenehm. Vom Pascuminersee haben Sie eine atemberaubende Aussicht auf den Hausberg Piz Beverin sowie ins Domleschg und in die faszinierende Bergwelt Graubündens.</p><p><span style="font-weight: bold;">Summerbeizli Alp Bischola<br></span>Fünf Gehminuten oberhalb der beiden Bergseen befindet sich das Alpbeizli <a href="https://www.maps.viamala.ch/s/GEff4" target="_blank">Hirtinnenbeizli&nbsp;Alp Bischola</a>.</p>;9.359782719156971;46.70563758577499;7426;Flerden;+41 81 650 90 30;info@viamala.ch;https://www.viamala.ch;[{'@type': 'ImageObject', 'contentUrl': 'https://viatpimtsoch.sos-ch-dk-2.exoscale-cdn.com/catalog/2/8/1/2/2812b3988055f96d12515cd0d2b182f2f23fd898_Pascuminersee_Heinzenberg_Herbst.jpg', 'caption': {'de': 'Der Pascuminersee im Herbst'}}];2025-10-27T21:38:33+01:00
acfbb897-2294-41e5-8388-bf16b156449d;Lesebänkli Masein;Lesebänkli in Masein zum Verweilen. ;<p>Von unserem Bücherhorst aus hat man zwar eine wunderbare Aussicht auf 
die Berge, trotzdem lohnt es sich, die Bücherkiste zu öffnen und aus den
 Reihen der Bücher eines auszuwählen. Es gibt Romane, Kurzgeschichten 
und Bücher mit Gedichten. Auch für Kinder hat es Lesestoff und 
Bilderbücher. Wenn man ein Buch gerne zu Ende lesen möchte, kann man es 
getrost nach Hause nehmen und nach der Lektüre zurückbringen.<br></p>;9.42453682422638;46.70283859175896;7425;Masein;https://maseinerfrauen.wordpress.com;[{'@type': 'ImageObject', 'contentUrl': 'https://viatpimtsoch.sos-ch-dk-2.exoscale-cdn.com/catalog/b/6/4/e/b64e1e4fe7bb5ca82bc8faa4ed8c1e1ada211483_lesebaenkli_masein_viamala_tourismus.jpg'}];2025-10-27T21:38:33+01:00
b48cd378-ef45-4081-8e32-febefb95135b;Dreibündenstein;Der Dreibündenstein (2156 m ü. M.) ist eine markante Erhebung zwischen Feldis, der Kantonshauptstadt Chur und Pradaschier. Obwohl er nicht als Berggipfel definiert ist, hat er als historischer Ort eine grosse Bedeutung.;<p>Vor Ort steht eine 1915 von der Sektion Rhätia des Schweizerischen Alpenclubs errichtete Stele. Der ursprüngliche Grenzstein von 1722 ist im <a href="https://raetischesmuseum.gr.ch/" target="_blank">Rätischen Museum</a> in Chur ausgestellt. Die heutige Stele trägt die drei Wappen der historischen Bünde. Hier trafen sich der Graue Bund mit der damaligen Gerichtsgemeinde Rhäzüns, der Gotteshausbund (Schloss Ortenstein) und der Zehngerichtenbund (Gerichtsgemeinde Churwalden).<br>Der Kulminationspunkt markiert die Grenzen der heutigen Gemeinden Churwalden (bis 2009 Malix), Domleschg (bis 2010 Feldis) und Domat/Ems. Der Dreibündenstein und seine westlich gelegene Hochebene sind aus jeder Richtung über Wanderwege (Schwierigkeitsgrad T2, ausser von Pargitsch und Stätzerhorn: T3) erreichbar.</p><p><span style="font-weight: bold;">Schneeschuh-Arena Dreibündenstein</span><br>Die Schneeschuh-Arena Dreibündenstein liegt im Herzen der Regionen Viamala, Chur und Lenzerheide. Sie verbindet die drei Wintersportgebiete Feldis, Brambrüesch und Pradaschier für Schneeschuhwanderer. Vorbildlich signalisierte Schneeschuh-Routen führen ab den drei Stationen zur Hochebene Dreibündenstein, wodurch sich tolle Möglichkeiten für abwechslungsreiche Schneeschuh-Rundtouren eröffnen.</p><ul><li><a href="https://www.chur.graubuenden.ch/de/aktivitaeten/winter/schneeschuh-arena-dreibuendenstein" target="_blank">Zur Schneeschuh-Arena</a></li></ul><p><span style="font-weight: bold;"><br>Rundwanderungen Dreibündenstein</span><br>Die Wanderregion zwischen den drei Gebieten Chur-Brambrüesch, Feldis und Pradaschier ist geprägt von der malerischen Hochebene rund um den Dreibündenstein. Die abwechslungsreichen Rundwanderungen bestechen durch ein fantastisches 360° Panorama und ermöglichen unvergleichliche Wandererlebnisse. In den attraktiven Rundreise-Tickets sind alle Bergbahnen und auch die Rückreise mit dem ÖV inklusive.</p><ul><li><a href="https://www.chur.graubuenden.ch/de/aktivitaeten/sommer/dreibuendenstein-rundwanderungen" target="_blank">Rundwanderungen entdecken</a><br></li></ul><p><br><span style="font-weight: bold;">Absturzstelle Lady Patricia<br></span>Am 16. November 1944 stürzte der amerikanische B24-Bomber „Lady Patricia“ nördlich des Dreibündensteins unterhalb des Furggabüels ab, im Grenzgebiet zwischen Malix und Domat/Ems. Der Bomber war auf dem Rückflug von einer Bombardierung in München nach Süditalien, wo er stationiert war. Alle zwölf Besatzungsmitglieder konnten die Maschine vor dem Aufprall mit dem Fallschirm verlassen und landeten unverletzt. Nach ihrer Rettung wurden die Männer in Adelboden interniert. Der Absturz wurde durch Beschädigungen durch deutsche Geschütze verursacht. Der Name „Lady Patricia“ bezog sich auf die kleine Tochter des Piloten Daryl R. Mason, der die Maschine normalerweise flog. Da er an jenem Tag krank war, flog sein Ersatzpilot Doyle R. Smith das Flugzeug.<br>Anlässlich des 60. Jahrestages wurde 2004 an der Absturzstelle auf dem Wanderweg nach Feldis ein Gedenkstein enthüllt, in Anwesenheit der namensgebenden Pilotentochter Patricia Mason Freel.<br>Im Actionbound kann Wissenswertes über «The Lady Patricia», über ihre Besatzung, ihre Mission und über ihren Absturz erfahren werden. Tauche ein in ein faszinierende Kapitel der Lokalgeschichte.</p><ul><li><a href="https://de.actionbound.com/bound/lady-patricia" target="_blank">Zum Actionbound</a><br></li></ul>;9.497196;46.800826;Viamala Tourismus;7404;Feldis;+41 81 650 90 30;info@viamala.ch;https://www.viamala.ch;[{'@type': 'ImageObject', 'contentUrl': 'https://viatpimtsoch.sos-ch-dk-2.exoscale-cdn.com/catalog/a/0/4/f/a04f72e1f6c2d52a333fb34a8d383f94a4e094bf_dreibuendenstein.jpg', 'caption': {'de': 'Der Dreibündenstein', 'en': 'The Dreibündenstein'}}];2025-10-27T21:39:42+01:00
b5c662c0-6525-413a-a0ba-485406af5d5d;KHR & Staumauer Valle di Lei;Das imposante Stauwerk ist das Kernstück der Stromproduktion der Kraftwerke Hinterrhein AG.;<p>Die Staumauer des Valle di Lei liegt auf Schweizer Gebiet, der See bereits in Italien. Von der Mauerkrone aus hat man einen imposanten Blick auf den ewigen Schnee des Pizzo Stella und des Piz Grisch. Die Anlage Valle di Lei gehört zur dreistufigen Kraftwerksgruppe mit den Zentralen Ferrera, Bärenburg und Sils. Pro Jahr werden rund 1'410 Mio. kWh Strom produziert. Direkt bei der Staumauer Valle di Lei befindet sich ein öffentlich zugängliches Inforama der Kraftwerke Hinterrhein AG. Hier sind die einzelnen Stufen der gesamten Anlage verständlich dokumentiert. Zusätzlich wird viel Wissenswertes über die Stromproduktion vermittelt.</p><p><span style="font-weight: bold;">Geführte Staumauer-Besichtigung Valle di Lei</span><br>Im Juli und August jeweils am Dienstag-Nachmittag. Anmeldung erforderlich bis 16.00 Uhr am Vorabend an Gästeinformation Viamala, Tel. <a href="tel:+41816509030">+41 81 650 90 30</a>. Treffpunkt: 14.00 Uhr beim KHR-Inforama Valle di Lei. Dauer ca. 1.5 – 2 Stunden. Kostenlos. Gute Schuhe und warme Jacke erforderlich. Begrenzte Anzahl Teilnehmer. Für Gruppen nach Vereinbarung. Anmeldung via <a href="https://www.khr.ch/de/fuehrungen" target="_blank">Online-Formular</a>.</p>;9.456771;46.48363;Valle di Lei;7445;Innerferrera;+41 81 635 37 37;admin@khr.ch;https://www.khr.ch;[{'@type': 'ImageObject', 'contentUrl': 'https://viatpimtsoch.sos-ch-dk-2.exoscale-cdn.com/catalog/a/9/0/d/a90d22ec97663e046455b679a9b3c0673cc87f2d_staumauer_valle_di_lei.jpg', 'caption': {'de': 'Valle di Lei', 'en': 'Valle di Lei', 'it': 'Valle di Lei'}}];2026-03-25T11:51:41+01:00
b9b78422-571d-4c1f-a327-309bf4527299;Almens;<p>Almens gehört seit 1.1.2015 zur Gemeinde Domleschg. Es liegt auf 790 m ü.M. und zählt rund 220 Einwohner.</p>
<ul>
<li><a href="http://www.domleschg.ch/">Website Gemeinde Domleschg</a></li>
<li><a href="http://www.hls-dhs-dss.ch/textes/d/D1471.php">Link zum historischen Lexikon der Schweiz</a></li>
<li><a href="http://shop.graubuenden.ch/Viamala/ukv/?date_unknown=1&amp;doSearch=1&amp;locationIDs[]=TDS00020010346546205&amp;globalReset=1&amp;persistentParameters=1&amp;lang=de">Unterkünfte in Almens</a></li>
</ul>;9.454479;46.738029;7416;Almens;+41 81 650 13 13;kanzlei@domleschg.ch;https://www.domleschg.ch;[{'@type': 'ImageObject', 'contentUrl': 'https://viatpimtsoch.sos-ch-dk-2.exoscale-cdn.com/catalog/1/0/c/5/10c50d89b6a616f1d994f973c75d337994d6907d_almens_dorf_freuhling_sommer_demateo.jpg', 'caption': {'de': 'Almens im Frühling'}}];2025-10-27T21:38:36+01:00
bafa2abf-535d-407c-be97-c5dbe09da4b8;7438 Hinterrhein;<div>Das Passdorf Hinterrhein liegt auf 1’624 m ü.M. Meer und zählt rund 60 Einwohner. Per 1. Januar 2019 bildet Hinterrhein mit Nufenen, Medels und Splügen die Gemeinde Rheinwald.</div><div><br></div><ul><li><a href="https://www.rheinwald.ch/">Website Gemeinde Rheinwald</a></li><li><a href="http://www.hls-dhs-dss.ch/textes/d/D1496.php">Link zum historischen Lexikon der Schweiz</a></li>
<li><a href="http://shop.graubuenden.ch/Viamala/ukv/?date_unknown=1&amp;doSearch=1&amp;locationIDs[]=TDS00020010346589183&amp;globalReset=1&amp;persistentParameters=1&amp;lang=de">Unterkünfte in Hinterrhein</a></li>
</ul>;9.199219;46.530755;7438;Hinterrhein;[{'@type': 'ImageObject', 'contentUrl': 'https://viatpimtsoch.sos-ch-dk-2.exoscale-cdn.com/catalog/7/1/b/5/71b5a70df1f4184ae3e5164c8dd1f0962afe7d77_hinterrhein_im_winter.jpg', 'caption': {'de': 'Dorf Hinterrhein'}}];2026-09-11T21:01:33+02:00
bbe176c2-9974-447f-982e-2ad2625ec204;Medels im Rheinwald;<p>Das beschauliche Dorf Medels liegt 1559 m ü.M. und zählt 40 Einwohner. Seit 2006 ist Medels Teil der Gemeinde Splügen, seit 1. Januar 2019 gehört es zur neuen Gemeinde Rheinwald.</p>
<ul>
<li><a href="https://www.rheinwald.ch/">Website Gemeinde Rheinwald</a></li>
<li><a href="http://www.hls-dhs-dss.ch/textes/d/D1497.php">Link zum historischen Lexikon der Schweiz</a></li>
<li><a href="http://shop.graubuenden.ch/Viamala/ukv/?date_unknown=1&amp;doSearch=1&amp;locationIDs[]=TDS00020010346590094&amp;globalReset=1&amp;persistentParameters=1&amp;lang=de">Unterkünfte in Medels im Rheinwald</a></li>
</ul>;9.29638;46.548353;7436;Medels im Rheinwald;+41 81 664 11 28;gemeinde@rheinwald.ch;https://www.rheinwald.ch;[{'@type': 'ImageObject', 'contentUrl': 'https://viatpimtsoch.sos-ch-dk-2.exoscale-cdn.com/catalog/b/e/1/9/be19498dac74fe6baed0c70ccd0bb09331a66fbb_medels_im_rheinwald_sommer_markus_mueller.jpg', 'caption': {'de': 'Medels im Rheinwald'}}];2025-10-27T21:38:36+01:00
bc225367-912e-4bcf-a4ed-ede5317f80c0;Masein;<p>Masein liegt am Fusse des inneren Heinzenbergs auf 865 m ü.M. und zählt rund 480 Einwohner.</p>
<ul>
<li><a href="https://www.masein.ch/">Website Gemeinde Masein</a></li>
<li><a href="http://www.hls-dhs-dss.ch/textes/d/D1487.php">Link zum historischen Lexikon der Schweiz</a></li>
<li><a href="http://shop.graubuenden.ch/Viamala/ukv/?date_unknown=1&amp;doSearch=1&amp;locationIDs[]=TDS00020010141062041&amp;globalReset=1&amp;persistentParameters=1&amp;lang=de">Unterkünfte in Masein</a></li>
</ul>;9.426726;46.702379;Gemeindekanzlei;7425;Masein;+41 81 651 20 09;gemeinde@masein.ch;https://www.masein.ch;[{'@type': 'ImageObject', 'contentUrl': 'https://viatpimtsoch.sos-ch-dk-2.exoscale-cdn.com/catalog/9/e/e/3/9ee31312b1b0481e415c4c693c580e34c31c1485_masein_dorf_sommer_heinzenberg_viamala_tourismus.jpg', 'caption': {'de': 'Masein am Heinzenberg'}}];2025-10-27T21:38:36+01:00
c0427bad-4d84-40b8-a674-a81e23794b27;Scheid;<p>Scheid gehört seit 1.1.2015 zur Gemeinde Domleschg. Es liegt auf 1’220 m ü.M. und zählt rund 150 Einwohner.</p>
<ul>
<li><a href="http://www.domleschg.ch/">Website der Gemeinde Domleschg</a></li>
<li><a href="http://www.hls-dhs-dss.ch/textes/d/D1479.php">Link zum historischen Lexikon der Schweiz</a></li>
<li><a href="http://shop.graubuenden.ch/Viamala/ukv/?date_unknown=1&amp;doSearch=1&amp;locationIDs[]=TDS00020010527381530&amp;globalReset=1&amp;persistentParameters=1&amp;lang=de">Unterkünfte im Domleschg</a></li>
</ul>;9.448273;46.776949;7419;Scheid;+41 81 650 13 13;kanzlei@domleschg.ch;https://www.domleschg.ch;[{'@type': 'ImageObject', 'contentUrl': 'https://viatpimtsoch.sos-ch-dk-2.exoscale-cdn.com/catalog/3/3/9/0/3390ac239359d517caa5016470041e46e1bd0f83_scheid_dorf_sommer_domleschg_piz_beverin_heinzenberg_demateo.jpg', 'caption': {'de': 'Scheid im Domleschg'}}];2025-10-27T21:38:37+01:00
c267ed29-52b9-4994-beb0-641f664e7b65;Lohn;<p>Lohn liegt am Schamserberg auf 1’585 m ü.M. und zählt rund 45 Einwohner. Das Dorfbild wird von der reformierten Kirche mit ihren zwei Kirchtürmen geprägt.</p>
<ul>
<li><a href="https://www.mdschons.ch/">Website Gemeinde Muntogna da Schons</a></li>
<li><a href="http://www.hls-dhs-dss.ch/textes/d/D1507.php">Link zum historischen Lexikon der Schweiz</a></li>
<li><a href="http://shop.graubuenden.ch/Viamala/ukv/?date_unknown=1&amp;doSearch=1&amp;locationIDs[]=TDS00020010346589440&amp;globalReset=1&amp;persistentParameters=1&amp;lang=de">Unterkünfte in Lohn</a></li>
</ul>;9.427462;46.651399;7433;Lohn;+41 81 661 22 61;gemeinde@mdschons.ch;https://mdschons.ch;[{'@type': 'ImageObject', 'contentUrl': 'https://viatpimtsoch.sos-ch-dk-2.exoscale-cdn.com/catalog/7/b/9/6/7b96a9b83c54dfcc64426776d6df2812cdfbaf83_lohn_schamserberg_sommer_demateo.jpg', 'caption': {'de': 'Lohn am Schamserberg'}}];2025-10-27T21:38:37+01:00
c2784aa8-78a6-4d07-b6fe-ec46e493d7ed;Verlorna Loch;1816 überquerte der Tessiner Strassenbauer Giulio Pocobelli zusammen mit seinem Assistenten Richard La Nicca den Passo del San Bernardino, um eine Route für eine Passstrasse auszustudieren.;<p>Sieben Jahre sp&auml;ter war die 120 Kilometer lange Strasse fertig gebaut. Sie sollte es nach damaliger Berechnung erm&ouml;glichen, in 28 Wegstunden von Chur nach Bellinzona zu gelangen. Durch die Viamala f&uuml;hrte diese Kommerzialstrasse stellenweise auf einem neuen, entsprechend schnelleren Weg - nicht mehr &uuml;ber Oberrongellen, sondern direkt durch das Verlorna Loch. Der Gehilfe Pocobellis, der sp&auml;tere Kantonsingenieur Richard La Nicca, sprengte hier einen Tunnel durch den Fels. Oder besser gesagt: Er liess sprengen. Richard La Nicca sah dem explosiven Spektakel 1820 w&auml;hrend seiner Hochzeitsfeier auf Hohen R&auml;tien zu.</p>
<h4>Gef&uuml;hrte Wanderungen durch das Verlorna Loch</h4>
<p>Der Streckenabschnitt zwischen Thusis und Rongellen ist ein Meisterwerk des fr&uuml;hen Strassenbaues von 1818 - 1823. Auf den gef&uuml;hrten Wanderungen erfahren Sie vieles &uuml;ber die ausserordentliche Ingenieurleistung der damaligen Zeit und wie es m&ouml;glich war an einem so speziellen Ort die Strasse zu erbauen.</p>
<ul>
<li><a href="https://viamala.ch/de/map/poi/guida-viamala-gefuhrte-wanderung-durch-das-verlorna-loch-ac70c387-4a09-4aa3-9295-6b8da53ad37a.html" target="_blank" rel="noopener">Weitere Informationen zum Angebot</a></li>
</ul>
<h4>Die Rettung vom Verlorna Loch</h4>
<p>Der spektakul&auml;rste Abschnitt der Commercialstrasse von 1823 w&auml;re fast&hellip; s&rsquo;Loch ab&hellip;&nbsp;Es kam anders, mit baulichen Sofortmassnahmen gelang es die &laquo;L&ouml;cher&raquo; zu stopfen!</p>
<ul>
<li><a href="https://www.naturpark-beverin.ch/de/verlorenesloch" target="_blank" rel="noopener">Weitere Informationen zur Rettungsaktion</a></li>
</ul>;9.451914999999985;46.680195;Via Spluga;7430;Thusis;+41 81 650 90 30;info@viamala.ch;https://www.viamala.ch;[{'@type': 'ImageObject', 'contentUrl': 'https://viatpimtsoch.sos-ch-dk-2.exoscale-cdn.com/catalog/7/7/2/f/772f959d6256787099fab416228ad12400b90769_verlorna_loch_rongellen_thusis_viamala_tourismus.jpg', 'caption': {'de': 'Das Verlorna Loch im Sommer', 'en': 'The Verlorna Loch in summer', 'it': 'Il Verlorna Loch in estate'}}];2025-10-27T21:38:37+01:00
c4c63744-266b-4af0-9ffe-d7d0dabd3c83;Libi;Der liebliche Bergsee Libi (romanisch für schöner See) liegt inmitten von artenreichen Trockenwiesen und Weiden. Eine Picknickstelle bietet den idealen Platz für eine Mittagsrast. ;Bei&nbsp; Trockenheit beachten Sie bitte allfällige Feuerverbote! Im Hochsommer kann es vorkommen, dass der See austrocknet.;9.40233930143529;46.65144352725643;Viamala Tourismus;7433;Lohn;+41 81 650 90 30;info@viamala.ch;https://www.viamala.ch;[{'@type': 'ImageObject', 'contentUrl': 'https://viatpimtsoch.sos-ch-dk-2.exoscale-cdn.com/catalog/e/e/2/1/ee216468c561a693d66ff7b18a4dc43dae84dbaa_libi_see_lohn_schamserberg_sommer_demateo.com.jpg', 'caption': {'de': 'Der Libi-See am Schamserberg'}}];2025-10-27T21:38:37+01:00
c55cf7fe-86b9-4f72-87ab-d4beb7eaf5cf;Rofflaschlucht;Eine sehr eindrückliche Familiengeschichte ist der Auslöser für die Erschliessung der Rofflaschlucht.;<p>Anfangs des 20. Jahrhunderts kehrte der Amerika- Auswanderer Christian Pitschen-Melchior in seine alte Heimat zur&uuml;ck. Er &uuml;bernahm von seinen Eltern den Gastbetrieb Rofflaschlucht. Durch die Niagara-F&auml;lle inspiriert, setzten sich Christian und seine Familie das Ziel, den Wasserfall in der Rofflaschlucht als Touristenattraktion zu erschliessen und damit das &Uuml;berleben der Familie zu sichern.</p><p>So begann er 1907, sich einen Weg in die Schlucht zu bahnen. Sieben Jahre arbeitete er an seinem Werk. Viel Ausdauer und Kraft waren n&ouml;tig, um die Sprengl&ouml;cher in den harten Stein zu schlagen. Nach 8000 Sprengungen hatte er es geschafft. Der Wasserfall im Zentrum der Schlucht konnte &uuml;ber die neu erschaffene Felsengalerie erreicht werden. Damals wie heute ist die Unterquerung des tosenden Rheins ein eindr&uuml;ckliches Erlebnis. Am Eingang zur Rofflaschlucht befindet sich das historische Gasthaus mit Restaurant und einem kleinen Museum, welches die spannende Entstehungsgeschichte dokumentiert.</p>;9.421252;46.581913;Italienische Strasse 100;7440;Andeer;+41 81 661 11 97;hotel@rofflaschlucht.ch;https://rofflaschlucht.ch;[{'@type': 'ImageObject', 'contentUrl': 'https://viatpimtsoch.sos-ch-dk-2.exoscale-cdn.com/catalog/0/8/4/5/0845ba66be62b31480071a64a295e2a88833ab51_rofflaschlucht_wasserfall_sommer_schams_rheinwald_gravel_and_road_grf_tolisart.com.jpg', 'caption': {'de': 'Die Rofflaschlucht'}}];2026-04-30T16:16:37+02:00
c6699280-8176-40e0-a574-fff415427b5f;Sarn;<p>Sarn gehört seit 1.1.2010 zur Gemeinde Cazis. Es liegt am äusseren Heinzenberg auf 1150 m ü.M. und zählt rund 140 Einwohner.</p>
<ul>
<li><a href="https://www.cazis.ch/">Website Gemeinde Cazis</a></li>
<li><a href="http://www.hls-dhs-dss.ch/textes/d/D1490.php">Link zum historischen Lexikon der Schweiz</a></li>
<li><a href="http://shop.graubuenden.ch/Viamala/ukv/?date_unknown=1&amp;doSearch=1&amp;locationIDs[]=TDS00020010346594091&amp;globalReset=1&amp;persistentParameters=1&amp;lang=de">Unterkünfte in Sarn</a></li>
</ul>;9.409829;46.719625;7423;Sarn;+41 81 650 04 80;gemeinde@cazis.ch;https://www.cazis.ch;[{'@type': 'ImageObject', 'contentUrl': 'https://viatpimtsoch.sos-ch-dk-2.exoscale-cdn.com/catalog/9/d/1/1/9d1150202fb4935ffc718562393deecd00c4019a_sarn_heinzenberg_fruehling_demateo.jpg', 'caption': {'de': 'Sarn im Frühling'}}];2025-10-27T21:38:37+01:00
c71f8f69-9baf-421f-b2c2-0fa68d1e99bd;Feldis;<p>Feldis ist der nördlichst gelegene Ort in der Region Viamala und gehört seit 1.1.2015 zur Gemeinde Domleschg. Es liegt auf 1470 m ü.M. und zählt rund 130 Einwohner.</p>
<ul>
<li><a href="http://www.domleschg.ch/">Website der Gemeinde Domleschg</a></li>
<li><a href="http://www.hls-dhs-dss.ch/textes/d/D1472.php">Link zum historischen Lexikon der Schweiz</a></li>
<li><a href="http://shop.graubuenden.ch/Viamala/ukv/?date_unknown=1&amp;doSearch=1&amp;locationIDs[]=WBX00020010000140245&amp;globalReset=1&amp;persistentParameters=1&amp;lang=de">Unterkünfte in Feldis</a></li>
</ul>;9.43648;46.793767;7404;Feldis;+41 81 650 13 13;kanzlei@domleschg.ch;https://www.domleschg.ch;[{'@type': 'ImageObject', 'contentUrl': 'https://viatpimtsoch.sos-ch-dk-2.exoscale-cdn.com/catalog/c/f/9/0/cf90060e4c425a8077ae07d8b7634155d2123985_feldis_dorf_im_sommer_demateo.jpg', 'caption': {'de': 'Feldis im Sommer'}}];2025-10-27T21:38:37+01:00
cbcdd115-9a09-4eed-b42b-b0eda56e190e;Rodels;<p>Rodels gehört seit 1.1.2015 zur Gemeinde Domleschg. Es liegt auf 680 m ü.M. und zählt rund 270 Einwohner.</p>
<ul>
<li><a href="http://www.domleschg.ch/">Website Gemeinde Domleschg</a></li>
<li><a href="http://www.hls-dhs-dss.ch/textes/d/D1476.php">Link zum historischen Lexikon der Schweiz</a></li>
<li><a href="http://shop.graubuenden.ch/Viamala/ukv/?date_unknown=1&amp;doSearch=1&amp;locationIDs[]=TDS00020010346593211&amp;globalReset=1&amp;persistentParameters=1&amp;lang=de">Unterkünfte in Rodels</a></li>
</ul>;9.44297;46.734381;7415;Rodels;+41 81 650 13 13;kanzlei@domleschg.ch;https://www.domleschg.ch;[{'@type': 'ImageObject', 'contentUrl': 'https://viatpimtsoch.sos-ch-dk-2.exoscale-cdn.com/catalog/b/9/5/c/b95ceae94f55c7b7bbc5bade790365f3261a7ee9_rodels_dorf_sommer_adrian_michael.jpg', 'caption': {'de': 'Rodels Dorf'}}];2025-10-27T21:38:37+01:00
d441645d-ca39-4d7a-bf50-36f26f591fdc;Bischolsee;Der Bischolsee ist ein echtes Postkartenmotiv und begeistert mit der Spiegelung des majestätischen Piz Beverin.;<p><span style="font-weight: bold;">Wichtig:</span> Bitte halten Sie sich an das Badeverbot! Wenige Schritte entfernt liegt der <a href="https://www.maps.viamala.ch/de/poi/see/pascuminersee/24147371/" target="_blank" rel="noopener">Pascuminersee</a>, der sich für eine Abkühlung eignet.</p>
<p><span style="font-weight: bold;">Hirtinnenbeizli Alp Bischola</span><br>Fünf Gehminuten oberhalb der beiden Bergseen befindet sich das Alpbeizli <a href="https://www.maps.viamala.ch/s/GEff4" target="_blank" rel="noopener">Hirtinnenbeizli&nbsp;Alp Bischola</a>.</p>;9.358130677041231;46.70650073575445;Viamala Tourismus;7426;Flerden;+41 81 650 90 30;info@viamala.ch;https://www.viamala.ch;[{'@type': 'ImageObject', 'contentUrl': 'https://viatpimtsoch.sos-ch-dk-2.exoscale-cdn.com/catalog/1/4/0/a/140af4776314646f155d64ccadaa894a6559f03c_bischolsee_heinzenberg_piz_beverin_sommer_herbst_demateo.com.jpg', 'caption': {'de': 'Der Bischolsee am Heinzenberg'}}];2025-10-27T21:38:40+01:00
de2c844f-93ad-43ab-9d2e-ae7be3af4055;Tschappina;<p>Die einzige Walsergemeinde am Heinzenberg ist ein Streudorf und liegt zwischen 1'400 und 1'850 m ü.M. am Glaspass.</p>
<ul>
<li><a href="https://www.tschappina.ch/">Website Gemeinde Tschappina</a></li>
<li><a href="http://www.hls-dhs-dss.ch/textes/d/D1493.php">Link zum historischen Lexikon der Schweiz</a></li>
<li><a href="http://shop.graubuenden.ch/Viamala/ukv/?date_unknown=1&amp;doSearch=1&amp;locationIDs[]=TDS00020010347148158&amp;globalReset=1&amp;persistentParameters=1&amp;lang=de">Unterkünfte in Tschappina</a></li>
</ul>;9.375927;46.686777;7428;Tschappina;+41 81 651 59 56;gemeinde@tschappina.ch;https://www.tschappina.ch/;[{'@type': 'ImageObject', 'contentUrl': 'https://viatpimtsoch.sos-ch-dk-2.exoscale-cdn.com/catalog/b/9/c/7/b9c789d784aafec95e60adde16f6c3f6af3837e9_glaser_grat_glaspass_heinzenberg_herbst_sonnenuntergang_long_nong_huang.jpg', 'caption': {'de': 'Sonnenuntergang auf dem Glaser Grat'}}];2025-10-27T21:38:40+01:00
e1672f91-c34c-493a-a415-5bf62b06928d;Flüeseen;Die Flüeseen bei Juf in der Destination Viamala liegen in einer beeindruckenden Hochgebirgslandschaft auf über 2600 m ü.M. Die kristallklaren Bergseen bieten unberührte Natur und atemberaubende Ausblicke.;Das Bergpanorama ist traumhaft und die Bergseen bezaubernd.;9.590823383412726;46.45403394404385;Viamala Tourismus;7448;Juf;+41 81 650 90 30;info@viamala.ch;https://www.viamala.ch;[{'@type': 'ImageObject', 'contentUrl': 'https://viatpimtsoch.sos-ch-dk-2.exoscale-cdn.com/catalog/2/4/a/e/24ae363186830ef946e0ff2a695d350e99a7fcfc_flueseen_avers_herbst_viamala_demateo.com.jpg', 'caption': {'de': 'Die Flüeseen im Avers'}}];2025-10-27T21:38:40+01:00
e42551b6-63aa-4c3e-8119-8b802dec8132;Avers;<p>Die Gemeinde liegt im Hochtal Avers und umfasst 8 Fraktionen. Sie liegt zwischen 1’670 und 2’126 m ü.M. und zählt rund 180 Einwohner.</p>
<ul>
<li><a href="https://gemeindeavers.ch/">Website Gemeinde Avers</a></li>
<li><a href="http://www.hls-dhs-dss.ch/textes/d/D1495.php">Link zum historischen Lexikon der Schweiz</a></li>
<li><a href="http://shop.graubuenden.ch/Viamala/ukv/?date_unknown=1&amp;doSearch=1&amp;locationIDs[]=TDS00020010527381509&amp;globalReset=1&amp;persistentParameters=1&amp;lang=de">Unterkünfte in Avers/Ferrera</a></li>
</ul>;9.512991;46.472851;Cresta;7447;Avers;+41 81 667 11 62;gemeinde@avers.ch;https://gemeindeavers.ch;[{'@type': 'ImageObject', 'contentUrl': 'https://viatpimtsoch.sos-ch-dk-2.exoscale-cdn.com/catalog/e/f/f/a/effa0ca1e1fd57e2410d71ebbe2a0a4c35428d05_avers_juf_sommer_demateo.jpg', 'caption': {'de': 'Avers-Juf im Sommer'}}];2025-10-27T21:38:41+01:00
e4fd03e4-484e-4df3-8a42-5abdf4466bc7;Canyoning Viamala;Erleben Sie die legendäre Viamala-Schlucht aus einer völlig neuen Perspektive, schwerelos schwebend im Wasser des Hinterrheins!;<p>Viamala Canyoning ist nicht das typische Canyoning-Abenteuer. Es ist ein echtes Naturerlebnis der Extraklasse. Beim Viamala Canyoning gibt es keine atemberaubenden Wasserfälle, welche man runterspringt. Vielmehr öffnet sich hier die Viamala-Schlucht dem Besucher von einer völlig unbekannten Seite. Während Millionen von Jahren wurde das beeindruckende Naturmonument der Viamala-Schlucht in den massiven Fels geschliffen. Bis zu 300 Meter hohe Felswände ragen in den Himmel und ganz unten fliesst der junge Rhein. Und genau hier schwimmen Sie durch die Felsenenge und entdecken, was dem Besucher der Schlucht normalerweise verborgen bleibt.</p><p><span style="font-weight: bold;">Anbieter und Sicherheit</span><br>Sicherheit wird grossgeschrieben:&nbsp;Das Naturerlebnis Canyoning Viamala wird durch speziell ausgebildete Fachleute von Swissraft&nbsp;und&nbsp;Swiss River Adventures&nbsp;durchgeführt. Die Unternehmen&nbsp;sind gemäss den Richtlinien&nbsp;der Beratungsstelle für Unfallverhütung BFU&nbsp;sicherheitszertifiziert und bürgen für Sicherheit und Qualität.</p><ul><li><a href="https://www.swissraft.ch/canyoning/graubunden/viamala-schlucht-43" target="_blank">Zum Angebot von Swissraft</a></li><li><a href="https://swissriveradventures.ch/canyoning-tour/canyoning-viamala-halbtagestour/" target="_blank">Zum Angebot von Swiss River Adventure</a><br><br></li></ul><p><span style="font-weight: bold;">Was es braucht<br></span>Canyoning in der Viamala ist keine wilde Action, dafür umso mehr pures Naturerlebnis für alle, welche keine Angst vor Wasser haben. Das Mindestalter ist 14 Jahre in Begleitung Erwachsener. Das Viamala-Canyoning dauert rund 3-4 Stunden. Treffpunkt ist beim <a href="https://maps.app.goo.gl/Jv9b5yhK5sseZYXLA" target="_blank">ehemaligen Restaurant zur alten Post in Rongellen</a>. Die Canyoning-Ausrüstung wird zur Verfügung gestellt.</p><p><span style="font-weight: bold;">Durchführung<br></span>Ca. Mitte Mai (je nach Wasserlevel) bis September. Für Gruppen ab vier Personen täglich auf Anfrage. Für Einzelpersonen und Kleingruppen Donnerstag und Sonntag sowie an einzelnen weiteren Tagen.</p>;9.447504;46.663276;Viamala-Schlucht;7432;Zillis-Reischen;+41 81 650 90 30;info@viamala.ch;https://viamala.ch;[{'@type': 'ImageObject', 'contentUrl': 'https://viatpimtsoch.sos-ch-dk-2.exoscale-cdn.com/catalog/6/5/4/0/654050d69437873799ef4d23c88fd094fcbc18bd_canyoning_viamala_schlucht_switzerland_tourism_ivo_scholz.jpg', 'caption': {'de': 'Canyoning in der Viamala-Schlucht', 'en': 'Canyoning in der Viamala-Schlucht'}}];2025-10-27T21:38:41+01:00
e5922677-980e-44ad-a1bf-766de5912efb;Lai Ner;Oberhalb von Andeer liegt der Lai Ner (romanisch für schwarzer See). Der Bergsee liegt inmitten eines Wäldchens.;Der dunkle Seeboden und die umliegenden Tannen lassen das Wasser fast schwarz erscheinen. Im Hochsommer kann es sein, dass der See ganz ausgetrocknet ist.;9.401155783984791;46.5872963332419;Viamala Tourismus;7440;Andeer;+41 81 650 90 30;info@viamala.ch;https://www.viamala.ch;[{'@type': 'ImageObject', 'contentUrl': 'https://viatpimtsoch.sos-ch-dk-2.exoscale-cdn.com/catalog/f/2/9/1/f291b53a101b5660b8513cc2dc7b62ad160d9938_lai_ner_sommer_schamserberg_demateo.com.jpg', 'caption': {'de': 'Der Lai Ner im Sommer'}}];2025-10-27T21:38:41+01:00
ec224e0d-b473-42d6-af29-ea01e05ad195;Lai Grand und Moorlandschaft;Der idyllische Lai Grand (romanisch für grosser See) liegt im Gebiet Anarosa hinter der Alp Nurdagn (Agrotourismus-Angebot mit Verpflegungs- und Übernachtungsmöglichkeit) auf 2386 m. ü. M. am Bergwanderweg «Via Capricorn» in Richtung Farcletta digl Lai Grand.;Die umliegende Moorlandschaft ist eine von 89 Schweizer Moorlandschaften, die zum Inventar der Moorlandschaften von besonderer Schönheit und nationaler Bedeutung gehören. Steigt man weiter talwärts, passiert man die Alp Nurdagn. Hier darf pausiert werden, die hiesige Alpbeiz bietet einfache, regionale Gerichte. Die Gegend um die Alp Anarosa wird zudem vom Bus Alpin ab der auf 2300 m ü. M. gelegenen Haltestelle Tguma (nach Wergenstein) bedient.;9.3296794492137;46.6072265939652;Viamala Tourismus;7433;Casti-Wergenstein;+41 81 650 90 30;info@viamala.ch;https://www.viamala.ch;[{'@type': 'ImageObject', 'contentUrl': 'https://viatpimtsoch.sos-ch-dk-2.exoscale-cdn.com/catalog/1/b/4/1/1b4172a8ad5abd0ec8a0a4d406be0cf4dde7b1c8_lai_grand_und_moorlandschaft_anarosa_schamserberg_viamala_sommer.jpg', 'caption': {'de': 'Der Lai Grand in der Moorlandschaft Anarosa'}}];2025-10-27T21:38:41+01:00
ed3d3978-3bc7-4cbd-ab6d-3c1b441f1605;Bergbau-Erlebnisse im Schams;Das Ferreratal, das zum Schams gehört, trägt den Hinweis auf Erzvorkommen bereits im Namen, wobei die erste urkundliche Erwähnung über den Erzabbau aus dem Jahre 1605 stammt.;<p>Es kann jedoch davon ausgegangen werden, dass die Menschen schon viel früher die Erzvorkommen nutzten. Damals suchte man vor allem nach sogenannten Buntmetallen (Blei, Silber und Kupfererz) aber auch nach Eisenerzvorkommen. Einige Stollen, Abbauhalden und Überreste der Verarbeitungsanlagen und Schmelzöfen sind als stumme Zeugen dieser längst vergangenen Zeiten bis heute erhalten geblieben. Der Verein Erzminen Hinterrhein sorgt dafür, dass diese im Bergbaumuseum in Innerferrera und auf geführten Exkursionen wieder entdeckt werden können.</p>
<p>Wer bereit ist für ein abenteuerliches Eintauchen in längst vergangene Zeiten, ist hier richtig.</p>
<p><strong>Geführte Besichtigungen</strong></p>
<p><strong>Exkursion zu den Silberminen Alp Taspegn<br></strong>Jeden Mittwoch von&nbsp;Juli bis&nbsp;Mitte September&nbsp;gibt es eine geführte Besichtigung zu den und in die ehemaligen Erz- und Silberminen. Fahrt mit dem Jeep zur Alp Taspegn, anschliessend kurze Wanderung bis zum Zugang der Mine. Weitere Informationen finden Sie im&nbsp;<a href="https://www.viamala.ch/de/veranstaltungen">Viamala-Veranstaltungskalender</a>.</p>
<p><strong>Bergbau-Geschichte im Val Ferrera - Besichtigung Museum und Zeitzeugen<br></strong>Auf Anfrage führen geführte Bergbau-Exkursionen statt. Es gibt eine geführte Tour durch das Bergbaumuseum in Innerferrera und zu den Zeitzeugen in der Schmelzi bei Ausserferrera.</p>
<p><strong>Bergbau-Wanderung zu den Erzstollen auf Ursera<br></strong>Auf Anfrage geht es zu Fuss von der Schmelzi bei Ausserferrera steil hinauf zu den stillgelegten Erzstollen auf Ursera. Gutes Schuhwerk und Trittsicherheit sind für diese anspruchsvolle Tour erforderlich.</p>
<p>Detaillierte Informationen zu den geführten Besichtigungen finden Sie im&nbsp;<a href="https://www.viamala.ch/de/veranstaltungen">Viamala-Veranstaltungskalender</a>! Für sämtliche geführte Besichtigungen ist eine Anmeldung erforderlich (begrenzte Anzahl Plätze). Für Gruppen sind individuelle Führungen an allen Wochentagen auf Anfrage möglich, zu den Silberminen auch Ganztagestouren.</p>;9.439752;46.556727;Viamala Tourismus;7432;Zillis-Reischen;+41 81 650 90 30;info@viamala.ch;https://www.erzminen-hinterrhein.ch;[{'@type': 'ImageObject', 'contentUrl': 'https://viatpimtsoch.sos-ch-dk-2.exoscale-cdn.com/catalog/6/1/0/6/610638313ee6415c1629dd94a38c3ee57173ddc5_verein_erzminen_hinterrhein_alp_taspegn_erz_und_silberminen_fuehrung.jpg', 'caption': {'de': 'Die richtige Ausrüstung ist in den Minen unerlässlich', 'en': 'The right equipment is essential in the mines', 'it': "L'attrezzatura giusta è essenziale nelle miniere"}}];2026-03-11T13:20:40+01:00
ed54e72f-f37e-4928-b648-5e1cffc3beb0;Cazis;<p>Das Klosterdorf Cazis liegt am äusseren Heinzenberg auf 660 bis 1'200 m ü.M.. Die Gemeinde Cazis besteht aus den Fraktionen Cazis, Tartar, Sarn, Portein und Präz.</p>
<ul>
<li><a href="https://www.cazis.ch/">Website Gemeinde Cazis</a></li>
<li><a href="http://www.hls-dhs-dss.ch/textes/d/D1485.php">Link zum historischen Lexikon der Schweiz</a></li>
<li><a href="http://shop.graubuenden.ch/Viamala/ukv/?date_unknown=1&amp;doSearch=1&amp;locationIDs[]=TDS00020010346586688&amp;globalReset=1&amp;persistentParameters=1&amp;lang=de">Unterkünfte in&nbsp;Cazis</a></li>
</ul>;9.429027;46.720776;7408;Cazis;+41 81 650 04 80;gemeinde@cazis.ch;https://www.cazis.ch;[{'@type': 'ImageObject', 'contentUrl': 'https://viatpimtsoch.sos-ch-dk-2.exoscale-cdn.com/catalog/0/4/4/c/044c625118ad22e27d132c6898b4efe7ad71ece0_cazis_fruehling_demateo.jpg', 'caption': {'de': 'Cazis im Frühling'}}];2025-10-27T21:38:41+01:00
f25d6238-2833-4ebd-8c95-46db51ff7955;Fürstenau;<p>Die Stadt Fürstenau nennt sich kleinste Stadt der Welt. Sie liegt mitten im Domleschg auf 650 m ü.M. und zählt rund 350 Einwohner. Zur Gemeinde gehört auch der Ortsteil Fürstenaubruck.</p>
<ul>
<li><a href="https://www.fuerstenau.ch/">Website Stadt Fürstenau</a></li>
<li><a href="http://www.hls-dhs-dss.ch/textes/d/D1473.php">Link zum historischen Lexikon der Schweiz</a></li>
<li><a href="http://shop.graubuenden.ch/Viamala/ukv/?date_unknown=1&amp;doSearch=1&amp;locationIDs[]=TDS00020010527381530&amp;globalReset=1&amp;persistentParameters=1&amp;lang=de">Unterkünfte im Domleschg</a></li>
</ul>;9.445947;46.72084;7414;Fürstenau;+41 81 651 14 88;stadt@fuerstenau.ch;https://www.fuerstenau.ch;[{'@type': 'ImageObject', 'contentUrl': 'https://viatpimtsoch.sos-ch-dk-2.exoscale-cdn.com/catalog/4/8/f/e/48fe60d193bbe1558a6a716601432a5b376a6e22_fuerstenau_stadt_dorf_schloesser_sommer_demateo.jpg', 'caption': {'de': 'Fürstenau im Winter'}}];2025-10-27T21:38:41+01:00
fd24c0f2-51a8-484f-b333-d6a4c524791c;Rongellen;<p>Rongellen zählt 51 Einwohner und ist seit jeher das einzige deutschsprachige Dorf im Schams. Es ist allerdings unklar, ob dies auf eine Walser-Vergangenheit zurück zu führen ist.</p>
<ul>
<li><a href="https://rongellen.ch/">Website Gemeinde Rongellen</a></li>
<li><a href="http://www.hls-dhs-dss.ch/textes/d/D1511.php">Link zum historischen Lexikon der Schweiz</a></li>
<li><a href="http://shop.graubuenden.ch/Viamala/ukv/?date_unknown=1&amp;doSearch=1&amp;locationIDs[]=WBX00020010000145701&amp;globalReset=1&amp;persistentParameters=1&amp;lang=de">Unterkünfte in Thusis</a> / <a href="http://shop.graubuenden.ch/Viamala/ukv/?date_unknown=1&amp;doSearch=1&amp;locationIDs[]=TDS00020010527381593&amp;globalReset=1&amp;persistentParameters=1&amp;lang=de">Unterkünfte im Schams</a></li>
</ul>;9.447763;46.67793;7430;Rongellen;+41 81 651 44 96;info@rongellen.ch;https://rongellen.ch;[{'@type': 'ImageObject', 'contentUrl': 'https://viatpimtsoch.sos-ch-dk-2.exoscale-cdn.com/catalog/0/e/4/2/0e425161564652b32d8334d2ec65c64d095fbf30_rongellen_sommer.jpg', 'caption': {'de': 'Dorf Rongellen'}}];2025-10-27T21:38:43+01:00
