{"type": "FeatureCollection", "features": [{"type": "Feature", "properties": {"identifier": "000c5a56-c6a1-4d56-bbbc-2543d4b91d0e", "name": "Clugin", "description": "<p>Clugin ist seit der Gemeindefusion vom 1. Januar 2009 ein Ortsteil der Gemeinde Andeer. Der Ort liegt auf der linken Talseite auf 1\u2019013 m \u00fc.M. und z\u00e4hlt rund 40 Einwohner.</p>\n<ul>\n<li><a href=\"http://www.gemeinde-andeer.ch/de/\">Website Gemeinde Andeer</a></li>\n<li><a href=\"https://hls-dhs-dss.ch/de/articles/001504/2016-12-01/\">Link zum historischen Lexikon der Schweiz</a></li>\n<li><a href=\"http://shop.graubuenden.ch/Viamala/ukv/?date_unknown=1&amp;doSearch=1&amp;locationIDs[]=TDS00020010527381593&amp;globalReset=1&amp;persistentParameters=1&amp;lang=de\">Unterk\u00fcnfte im Schams</a></li>\n</ul>", "url": "https://www.gemeinde-andeer.ch", "image": "https://viatpimtsoch.sos-ch-dk-2.exoscale-cdn.com/catalog/6/d/f/d/6dfd29b0f01ce2cbee6ce5c99ba7992698624023_clugin_dorf_im_sommer_demateo.jpg", "openstreetmap_id": "node/240080779"}, "geometry": {"type": "Point", "coordinates": ["9.426195", "46.616246"]}}, {"type": "Feature", "properties": {"identifier": "0081ec1f-e198-40b4-ae18-d60776005650", "name": "Casti-Wergenstein", "description": "<p>Casti-Wergenstein am Schamserberg wird von den beiden Ortsteilen Casti (1&rsquo;125 m &uuml;.M.) und Wergenstein (1&rsquo;489 m &uuml;.M.) gebildet. Es z&auml;hlt rund 55 Einwohner.</p>\n<ul>\n<li><a href=\"https://www.mdschons.ch/\">Website Gemeinde Muntogna da Schons</a></li>\n<li><a href=\"http://www.hls-dhs-dss.ch/textes/d/D45871.php\">Link zum historischen Lexikon der Schweiz</a></li>\n<li><a href=\"http://shop.graubuenden.ch/Viamala/ukv/?date_unknown=1&amp;doSearch=1&amp;locationIDs[]=TDS00020010347149409&amp;globalReset=1&amp;persistentParameters=1&amp;lang=de\">Unterk&uuml;nfte in Wergenstein</a></li>\n</ul>", "url": "https://mdschons.ch", "image": "https://viatpimtsoch.sos-ch-dk-2.exoscale-cdn.com/catalog/a/3/1/2/a312588eb6c0c71780141850322b142a6a553143_wergenstein_schamserberg_muntogna_da_schons_sommer_demateo.jpg", "openstreetmap_id": "relation/1684103"}, "geometry": {"type": "Point", "coordinates": ["9.408072", "46.626711"]}}, {"type": "Feature", "properties": {"identifier": "00b29e9d-7ddb-408a-a447-5a2a471e57e5", "name": "Feuerstelle Alter Schin", "description": "<p>Der Name der Schynschlucht stammt von einer rund 800 m hohen und \u00fcber 20 m breiten praktisch senkrechten Felswand (Schyn oder Moir) auf der Nordseite der Schlucht. Durch die Wand verl\u00e4uft rund 500 m \u00fcber dem Talgrund der historische Verbindungsweg, der Alte Schyn. Fr\u00fcher ein wichtiger Verbindungsweg f\u00fcr den Warenverkehr zwischen dem Albulatal und dem Domleschg. Heute ist dieser Weg ein gut gesicherter Wanderweg zwischen dem kleinen Weiler Muldain-Vaz/Obervaz und dem Rastplatz Plan Funtauna. Er ist in den Felsen gehauen, relativ breit, mit Gel\u00e4ndern gesichert und durch die Felswand verl\u00e4uft ein rund 80 Meter langer Tunnel mit Beleuchtung. Auf der Wanderung bietet der Schynweg einen imposanten Tiefblick in die Schynschlucht. Nach wie vor besteht an einer Stelle Felsabbruchgefahr.<br>Die Feuerstelle ist zu Fuss oder mit dem Bike gut erreichbar und befindet sich zwischen Thusis und Muldain.</p><p><span style=\"font-weight: bold;\">Ausstattung</span></p><ul><li>1 Feuerstelle</li><li>Rost vorhanden</li><li>1 grosser Tisch</li><li>3 kleine Tische inklusive B\u00e4nke (ca. 28 - 30 Sitzpl\u00e4tze)</li><li>Brennholz vorhanden</li><li>kleiner Brunnen vorhanden (kein Trinkwasser)</li><li>TOI TOI - Toilette <br></li><li>Abfallentsorgung vorhanden<br><br></li></ul><p>Bitte allf\u00e4llige Weisungen z.B. bez\u00fcglich <a href=\"https://www.gr.ch/DE/institutionen/verwaltung/diem/awn/aktuelles/Waldbrandgefahr/Seiten/aktuelle_waldbrandgefahr.aspx\" target=\"_blank\">Waldbrandgefahr </a>beachten.</p>", "url": "https://www.viamala.ch", "image": "https://viatpimtsoch.sos-ch-dk-2.exoscale-cdn.com/catalog/b/f/8/d/bf8dc8e03e0bd3a8affb82bd3e985ef50f76cea8_Feuerstelle_Alter_Schin_Scharans.jpg", "openstreetmap_id": "node/12074792908"}, "geometry": {"type": "Point", "coordinates": ["9.485484", "46.703157"]}}, {"type": "Feature", "properties": {"identifier": "022ccaac-3d92-48a5-8fe1-39d321c41271", "name": "Caf\u00e9teria Glienda", "description": "Zum Kaffee am Nachmittag gibt es feine Kuchen und Desserts.", "url": "https://pflegezentrum-glienda.ch", "image": "https://viatpimtsoch.sos-ch-dk-2.exoscale-cdn.com/catalog/0/6/3/e/063ee854e0a7b97c565579fec4a286cb84ffd54b_pflegezentrum_glienda_andeer_sommer.jpg", "openstreetmap_id": "2928874309"}, "geometry": {"type": "Point", "coordinates": ["9.425797", "46.601768"]}}, {"type": "Feature", "properties": {"identifier": "0279895b-5511-449b-92d7-ab00216839b5", "name": "Alpbeizli Alp Nurdagn", "description": "Auch Tagesg\u00e4ste sind bei der Alp Nurdagn herzlich willkommen. St\u00e4rken Sie sich mit Kaffee und Kuchen oder einem erfrischenden hausgemachten Sirup. Gegen den kleinen oder grossen Hunger werden Tagessuppe, eine Viamala Hauswurst und verschiedene Pl\u00e4ttli serviert.", "url": "http://www.alpnurdagn.ch", "image": "https://viatpimtsoch.sos-ch-dk-2.exoscale-cdn.com/catalog/2/4/6/8/2468771ad436edad3a00815b7a8a9572d9a76244_alp_nurdagn_agrotourismus_anarosa_zhaw_frank_bruederli.jpg", "openstreetmap_id": "way/319760531"}, "geometry": {"type": "Point", "coordinates": ["9.343758", "46.618489"]}}, {"type": "Feature", "properties": {"identifier": "0289e45b-c13a-4734-8082-b55f47dbae64", "name": "Gasthaus Alte Post", "description": "<p>Das gem\u00fctliche Gasthaus Alte Post im Dorfkern von Zillis liegt inmitten der wundersch\u00f6nen und nat\u00fcrlichen Bergwelt des Val Schons, mitten im Naturpark Beverin. S\u00fcdlich der Viamala gelegen bildet Zillis mit der St. Martinskirche, ber\u00fchmt durch die Bilderdecke aus dem 12. Jahrhundert, einen idealen Ausgangsort f\u00fcr zahlreiche Wanderungen. Beispiele daf\u00fcr sind die viaSpluga, die Via Capricorn oder die Veia Traversina, um einige zu nennen. Schlittelwege, Winterwanderwege und die&nbsp;umliegenden Skigebiete&nbsp;lassen jeden Wintertag zu einem erlebnisreichen Feriengenusstag werden. </p><p>In der Gaststube ist auch der capuns-factory-Genussladen eingerichtet und alle Produkte k\u00f6nnen inmitten von restaurierten Bauernm\u00f6beln zusammen mit dem Genuss von k\u00f6stlichen Getr\u00e4nken und Speisen erworben werden. </p><p>Die hausgemachten Capuns wurden am Schweizer Wettbewerb der Regionalprodukte schon mehrmals mit Medaillen ausgezeichnet! </p><p><span style=\"font-weight: bold;\">Anzahl Sitzpl\u00e4tze </span><br>Restaurant: 20 Pl\u00e4tze <br>Gartenrestaurant: 12 Pl\u00e4tze <br>Saal: 40 Pl\u00e4tze&nbsp;</p>", "url": "https://www.alte-post.ch", "image": "https://viatpimtsoch.sos-ch-dk-2.exoscale-cdn.com/catalog/e/4/d/4/e4d4b723c7bfe386cbbabe910d428587b05f9f46_gasthaus_alte_post_.jpg", "openstreetmap_id": "node/4573386340"}, "geometry": {"type": "Point", "coordinates": ["9.444745", "46.634329"]}}, {"type": "Feature", "properties": {"identifier": "033aa4f0-53f8-43be-8f00-f4550ebc9405", "name": "Beobachtungsbank Libi", "description": "<p>Die Sitzbank am Bergsee Libi bietet einen atemberaubenden Panoramablick \n\u00fcber das Schams. Unter der Bank befindet sich eine Schublade mit einem \nFernglas und weiteren Instrumenten zur Beobachtung der Landschaft, Natur\n und Fauna. Zus\u00e4tzlich sind Informationsmaterialien vorhanden, die \u00fcber \nausgew\u00e4hlte Tier- und Pflanzenarten Auskunft geben.</p>", "url": "https://www.viamala.ch", "image": "https://viatpimtsoch.sos-ch-dk-2.exoscale-cdn.com/catalog/0/b/b/2/0bb28b68811a99e5f56a3ef5d603c9bb651258a4_beobachtungsbaenkli_mia_natira_beim_libi.jpg", "openstreetmap_id": "way/319955741"}, "geometry": {"type": "Point", "coordinates": ["9.402993321418764", "46.65196936991899"]}}, {"type": "Feature", "properties": {"identifier": "037e8914-0f59-4475-b15c-56c2393ab5a9", "name": "Schloss Baldenstein", "description": "<p>Das Schloss Baldenstein, vom Mittelhochdeutschen \u00fcbersetzt mit \u201everwegen k\u00fchne Burg\u201c, macht seinem Namen alle Ehre. Die Anf\u00e4nge der Burg lassen sich zwar nicht genau erhellen, doch l\u00e4sst sich der Burgturm ins 12. Jahrhundert datieren. 1246 erscheint in den Urkunden mit Ebo de Baldenstein erstmals ein Herrschaftsinhaber.</p>\n<p>In einer Fehde zwischen den Freiherren von Rh\u00e4z\u00fcns und denen von L\u00f6wenstein, die mit dem bekannten Oberl\u00e4nder Geschlecht derer von Castelberg/\u00dcberkastel stammverwandt waren, wurde Baldenstein durch einen Handstreich Beute des Rh\u00e4z\u00fcnsers, musste aber im Frieden von 1289 wieder herausgegeben werden.</p>\n<p>Um die Mitte des 16. Jahrhunderts erwarb der aus dem Veltlin stammende Adelige Jakob Ruinelli die Burg. Sein gleichnamiger Enkel geh\u00f6rte in den B\u00fcndner Wirren zur Gesellschaft der \u201eGutherzigen\u201c, die 1621 unter F\u00fchrung von Georg Jenatsch auf Schloss Rietberg Pompejus von Planta umbrachten. Nachdem dieser letzte Baldensteiner Ruinelli 1627 als Beteiligter an einer Keilerei zwischen weinseligen Offizieren von J\u00f6rg Jenatsch erstochen worden war, gelangte der Sitz durch Heirat von Ruinellis Schwester Perpetua an Oberst Christoph Rosenroll von Thusis, von dessen Sohn er an einen Zweig der gleichnamigen Familie kam, der 1758 erlosch.</p>\n<p>Die Schwester des letzten Rosenroll von Baldenstein brachte dann das Schloss 1716 durch Heirat an Vincenz von Salis, Hauptmann in spanischen Diensten, dessen Sohn es 1782 an Francesco Conrado aus Chiavenna ver\u00e4usserte. Die Nachkommen dieses Conrado bewohnen und pflegen ihren Familienbesitz noch heute. In der Ahnentafel der Familie finden sich eine Reihe von bedeutender Pers\u00f6nlichkeiten, von denen hier lediglich der Ornithologe Thomas Conrad genannt sei, der als Begr\u00fcnder der alpinen und b\u00fcndnerischen Vogelkunde europ\u00e4isches Ansehen erlangte.</p>\n<p>Der Familiensitz der Conrad hat sein heutiges Aussehen durch die Erneuerung nach dem Brand von 1877 erhalten, der grosse Teile des Schlosses zerst\u00f6rt hatte. Das Pyramidendach auf dem Bergfried wurde 1999 erstellt. Im Inneren beeindruckt auch heute der grosse Saal im Erdgeschoss durch sein festliches Gesicht, das er seiner sauberen Stukkatur und den Deckengem\u00e4lden verdankt, in denen Sonne, Mond und Tierkreiszeichen neben antiken Gottheiten als Personifikationen der vier Elemente sowie weitere allegorische Figuren erscheinen.</p>\n<p>&nbsp;</p>\n<p><strong>Zugang</strong></p>\n<p>Baldenstein befindet sich in Privatbesitz und ist nicht \u00f6ffentlich zug\u00e4nglich. Die Anlage liegt direkt am&nbsp;<a href=\"https://mybusiness.outdooractive.com/de/r/23419810/\" data-type=\"tour\" data-id=\"23419810\">Burgenweg Domleschg</a>.</p>", "url": "https://www.viamala.ch", "image": "https://viatpimtsoch.sos-ch-dk-2.exoscale-cdn.com/catalog/1/1/1/9/111983d12402c83ac2335e84b5a002eb8420c9eb_schloss_baldenstein_sils_im_domleschg_sommer_luftaufnahme_viamala_tourismus.jpg", "openstreetmap_id": "node/1511935448"}, "geometry": {"type": "Point", "coordinates": ["9.460188746452333", "46.706568780825904"]}}, {"type": "Feature", "properties": {"identifier": "03b8e471-a237-4ed0-a9d4-697a71c59dfe", "name": "DrivingGraub\u00fcnden", "description": "<p>Wer besser f\u00e4hrt, f\u00e4hrt auch sicherer. DrivingGraub\u00fcnden bietet dir 34'000 m\u00b2 Hightech-Pisten, auf denen jede erdenkliche Fahrsituation auf der Strasse realit\u00e4tsnah simuliert werden kann. Professionelle Fahrinstruktor:innen zeigen dir, wie du k\u00fcnftig sicherer, sparsamer und besser f\u00e4hrst.</p><p>Im modernst ausger\u00fcsteten Fahrsicherheitszentrum gibt es nicht nur die obligatorischen Kurse der 2-Phasen-Fahrerausbildung. Egal ob PKW, LKW, Kleinbus \u2013 mit oder ohne Anh\u00e4nger \u2013 Motorrad oder was auch immer du im Alltag \u00fcber die Strassen chauffierst: Du kannst vom passenden Fahrtrainings-Angebot profitieren.</p>", "url": "http://www.drivinggraubuenden.ch", "image": "https://viatpimtsoch.sos-ch-dk-2.exoscale-cdn.com/catalog/e/4/6/3/e463eebb2314bdcef2109c417310cd9da2245b44_drivinggraubuenden_cazis_fahrsicherheitszentrum.jpg", "openstreetmap_id": "way/36351675"}, "geometry": {"type": "Point", "coordinates": ["9.42066", "46.76162"]}}, {"type": "Feature", "properties": {"identifier": "03be879e-0e4d-49fc-913e-79c0379db163", "name": "Quelle des Hinterrheins", "description": "<p>Das Wasser hat beim Dorf \"Hinterrhein\" also bereits viele H\u00f6henmeter hinter sich und bis zur Nordsee nochmals 1600 H\u00f6henmeter vor sich. Und dies auf einer Reise von 1200 Kilometern L\u00e4nge.</p>\n<p>Die Quellregion des Hinterrheins ist nur zu Fuss erreichbar. Die Wanderung erfordert Schwindelfreiheit, Trittsicherheit und gutes festes Schuhwerk. Da der Weg von Hinterrhein \u00fcber den Schiessplatz f\u00fchrt, ist es notwendig, sich am Vortag \u00fcber den Schiessbetrieb und m\u00f6gliche Begehungszeiten zu informieren. An den Wochenenden ist meist kein Schiessbetrieb. Je nach Betrieb ist auch ein kostenpflichtiger Transport bis zum Ende des Schiessplatzes m\u00f6glich. Am besten direkt mit dem H\u00fcttenwart der Zapporth\u00fctte organisieren. Von der Zapporth\u00fctte gelangt man in ca. 1 Wanderstunde ins Quellgebiet des Hinterrheins. In der <a href=\"https://www.zapporthuette.ch/\">Zapporth\u00fctte</a> kann auch \u00fcbernachtet werden.</p>\n<p>Die <a href=\"https://bergsportschulegrischa.ch/\">Bergsportschule Grischa</a> bietet gef\u00fchrte Touren ins Quellgebiet und aufs Rheinquellhorn.</p>", "url": "https://www.viamala.ch", "image": "https://viatpimtsoch.sos-ch-dk-2.exoscale-cdn.com/catalog/c/b/9/b/cb9b6f387b434fd9851f9156c6dc419db3667ef2_ursprung_des_hinterrheins_rheinwald_sommer_demateo.jpg", "openstreetmap_id": "node/7248018846"}, "geometry": {"type": "Point", "coordinates": ["9.069585321148566", "46.50018172644738"]}}, {"type": "Feature", "properties": {"identifier": "0413c19c-9d83-4d2f-8e8c-7cca90ba4604", "name": "Restaurant Wagner's Thusis", "description": "<p>Im Restaurant k\u00f6nnen Sie Feines \u00e0 la carte, ein Mittagsmen\u00fc oder eine Pizza geniessen. Die B\u00e4ckerei und Konditorei verw\u00f6hnt Sie mit frischem, knusprigem Brot oder einem s\u00fcssen Kuchen zum Kaffee. Und falls Sie f\u00fcr die Weiterreise einen Snack ben\u00f6tigen, sind Sie in unserem Take-away genau richtig.</p>\n<p>Thusis liegt am Ausgangspunkt der<a href=\"https://www.rhb.ch/de/unesco-welterbe-rhb\" target=\"_blank\" rel=\"noopener\">&nbsp;UNESCO-Welterbestrecke</a>&nbsp;der RhB, zwischen dem sonnenverw\u00f6hnten,&nbsp;<a href=\"https://www.maps.viamala.ch/s/GZhXv\">burgenreichen Domleschg</a>&nbsp;und der legend\u00e4ren&nbsp;<a href=\"https://viamala.ch/de/erleben/ausflugsziele/viamala-schlucht.html\" target=\"_blank\" rel=\"noopener\">Viamala-Schlucht</a>, die schon weltber\u00fchmte Dichter und Maler zu grossartigen Werken inspiriert hat. Willkommen im Wagner\u2019s, wo Gastfreundschaft zu Hause ist.</p>\n<h3>Anzahl Sitzpl\u00e4tze</h3>\n<p>Restaurant: 50 Pl\u00e4tze<br>Aussen: 35 Pl\u00e4tze</p>", "url": "https://wagners7430.ch", "image": "https://viatpimtsoch.sos-ch-dk-2.exoscale-cdn.com/catalog/5/e/4/8/5e48441466cf279211f57b2ca62be802be447102_restaurant_wagner_s_thusis_baeckerei_restaurant.jpg", "openstreetmap_id": "node/10717529148"}, "geometry": {"type": "Point", "coordinates": ["9.440472", "46.698556"]}}, {"type": "Feature", "properties": {"identifier": "04293439-bc4c-4834-8289-c4ffaa1f3985", "name": "Foto-Spot Obermutten", "description": "<p><span style=\"font-weight: bold;\">Obermutten<br></span>Vor etwa 1000 Jahren erreichten die Alemannen auf ihrer Wanderung vom Berner Oberland her das Goms im Wallis und besiedelten nach und nach das obere Rhonetal. Um das 13. Jahrhundert bis 14. Jahrhundert begannen einzelne Gruppen von Wallisern oder eben Walsern, das Rhonetal zu verlassen; sie zogen in alle Himmelsrichtungen, vor allem aber nach Osten. In Graub\u00fcnden zum Beispiel&nbsp; ins Rheinwald (Sufers, Spl\u00fcgen, Nufenen, Hinterrhein), ins Avers, nach Obersaxen, Vals, St. Martin, Safiental (Safien und Tenna), Valendas, Versam, Tschappina und auch nach Mutten, um einige zu nennen.</p><p><br>Die Walsersiedlung Obermutten bestand bis zum Dorfbrand vom 25. April 1946 aus teils uralten Walser Holzh\u00e4usern mit sonnengeschw\u00e4rzten Fassaden. Der Dorfteil s\u00fcdlich des Dorfbrunnens ist vom Brand verschont geblieben.</p><p><br>Zu Obermutten geh\u00f6rt der tiefer gelegene Ortsteil Stafel (1750&nbsp;m). Im Sommer&nbsp;ist Obermutten heute ein beliebter Ort f\u00fcr&nbsp;erholsame Ferien mitten in der Natur und eignet sich bestens zum Wandern und Mountainbiken.&nbsp;Im Winter sind die beiden Ortsteile durch einen Skilift miteinander verbunden. Zudem ist Obermutten ein beliebter Ausgangspunkt f\u00fcr Schneeschuhwanderungen und Skitouren.</p><p><span style=\"font-weight: bold;\">Holzkirche<br></span>Die <a href=\"https://viamala.ch/de/map/poi/holzkirche-obermutten-3222bdca-48b8-4e5d-a0ba-e0594f7f7fc9.html\" target=\"_blank\">Kirche von Obermutten</a> z\u00e4hlt zu den einmaligen Sakralbauten der Schweiz. Sie ist das einzige Gotteshaus, das ganz aus Holz gefertigt wurde.</p>", "url": "https://www.viamala.ch", "image": "https://viatpimtsoch.sos-ch-dk-2.exoscale-cdn.com/catalog/c/9/a/7/c9a7080159e83bbdb466bec898b0d5832452f855_fotospot_grand_tour_of_switzerland_obermutten_herbst.jpg", "openstreetmap_id": "node/12110522006"}, "geometry": {"type": "Point", "coordinates": ["9.483749270439148", "46.67175647153692"]}}, {"type": "Feature", "properties": {"identifier": "048354ba-e31b-4033-8296-22db392dd2c4", "name": "Feuerstelle Allee F\u00fcrstenau", "description": "<p>Die Feuerstelle ist ab F\u00fcrstenau in weniger als 10 Minuten zu Fuss erreichbar.</p><p><span style=\"font-weight: bold;\">Ausstattung</span></p><ul><li>1 Feuerstelle</li><li>Rost vorhanden</li><li>Brennholz vorhanden</li><li>1 Tisch mit 6 Sitzpl\u00e4tze</li><li>Abfallentsorgung vorhanden</li><li>TOI TOI - Toilette</li><li>Spielplatz<br></li></ul><p><br>Bitte allf\u00e4llige Weisungen z.B. bez\u00fcglich <a href=\"https://www.gr.ch/DE/institutionen/verwaltung/diem/awn/aktuelles/Waldbrandgefahr/Seiten/aktuelle_waldbrandgefahr.aspx\" target=\"_blank\">Waldbrandgefahr </a>beachten.</p>", "url": "https://www.viamala.ch", "image": "https://viatpimtsoch.sos-ch-dk-2.exoscale-cdn.com/catalog/8/c/4/c/8c4ca7b8838cb2dcb398941208e45c130a6dc519_Feuerstelle_und_Spielplatz_Allee_F__rstenau.jpg", "openstreetmap_id": "node/12074922184"}, "geometry": {"type": "Point", "coordinates": ["9.445473", "46.718293"]}}, {"type": "Feature", "properties": {"identifier": "04d39cdb-a9a5-4f04-90ac-64a87e7b8845", "name": "Feuerstelle Rongellen", "description": "<p>Zu Fuss oder mit dem Auto kann die Feuerstelle Rongellen ab Rongellen Dorf&nbsp;erreicht werden. Der Platz befindet sich fast in der Mitte der Wanderung Thusis - Bofel - Besucherzentrum der Viamala-Schlucht und eignet sich f\u00fcr einen Mittagsrast.</p><p><span style=\"font-weight: bold;\">Ausstattung</span></p><ul><li>1 Feuerstelle</li><li>Rost vorhanden</li><li>2 Tische mit B\u00e4nke (12 Sitzpl\u00e4tze)</li><li>Abfallentsorgung vorhanden<br><br></li></ul><p>Bitte allf\u00e4llige Weisungen z.B. bez\u00fcglich <a href=\"https://www.gr.ch/DE/institutionen/verwaltung/diem/awn/aktuelles/Waldbrandgefahr/Seiten/aktuelle_waldbrandgefahr.aspx\" target=\"_blank\">Waldbrandgefahr </a>beachten.</p>", "url": "https://www.viamala.ch", "image": "https://viatpimtsoch.sos-ch-dk-2.exoscale-cdn.com/catalog/b/e/5/d/be5d1b31ce12916ba7149478c68c616530845683_feuerstelle_rongellen.jpg", "openstreetmap_id": "node/12074862241"}, "geometry": {"type": "Point", "coordinates": ["9.440353810787201", "46.678784770139636"]}}, {"type": "Feature", "properties": {"identifier": "04d3c0b9-a9bc-44a2-abb5-f98ece58cb71", "name": "Berggasthaus Beverin", "description": "Aufgrund der ruhigen Lage mitten in der Alpenwelt am Glaspass, ist es der ideale Ausgangspunkt f\u00fcr Bergwanderungen im Naturpark Beverin, Mountainbike-Touren, Tagesausfl\u00fcge mit dem Motorrad oder Skitouren im Winter. In unmittelbarer N\u00e4he (ca. 5 Minuten mit dem Auto) befindet sich das Skigebiet Tschappina-Heinzenberg. Das Berggasthaus Beverin ist f\u00fcr seine gutb\u00fcrgerliche und durchgehend warme K\u00fcche mit regionalen, saisonalen und g\u00fcnstigen Tagesmen\u00fcs bekannt. Auch die grosse Sonnenterrasse und der Grillplatz direkt vor dem Haus laden zum Verweilen ein. Tipp: Eine \"besondere\" Winterspezialit\u00e4t f\u00fcr lustige Gruppenabende ist das K\u00e4sefondue aus der Dachrinne (made by Willi, dem Chef h\u00f6chstpers\u00f6nlich).", "url": "https://www.berggasthaus-beverin.com", "image": "https://viatpimtsoch.sos-ch-dk-2.exoscale-cdn.com/catalog/c/4/0/f/c40f9b2505bee0444dfd2529a6de66b50abe026d_berggasthaus_beverin_glaspass_heinzenberg_sommer_sonnenaufgang_viamala_tourismus.jpg", "openstreetmap_id": "way/319925389"}, "geometry": {"type": "Point", "coordinates": ["9.346157", "46.677651"]}}, {"type": "Feature", "properties": {"identifier": "050764cf-5f7b-45ce-8d5f-4d9542c24f4e", "name": "\u00d6ffentliche Toilette Wergenstein Dorfplatz", "description": "<p>Das Toilettenh&auml;uschen befindet sich gleich bei der Bushaltstelle \"Wergenstein, Dorf\".</p>", "url": "https://www.viamala.ch", "image": "https://viatpimtsoch.sos-ch-dk-2.exoscale-cdn.com/catalog/a/5/8/2/a582ab6045fde1074ae1bd20758cf0e94fe0c3f3_oeffentliche_toilette_wergenstein.jpg", "openstreetmap_id": "node/9634179722"}, "geometry": {"type": "Point", "coordinates": ["9.4080063", "46.626922"]}}, {"type": "Feature", "properties": {"identifier": "05a587e0-4efa-4725-a71a-59aaa9a4c8c6", "name": "E-Bike-Ladestation Hinterrhein", "description": "<p><strong>Unsere Tipps f\u00fcr Sie w\u00e4hrend der Wartezeit</strong></p>\n<ul>\n<li>Erholen Sie sich mit einer Mahlzeit oder einem k\u00fchlen Getr\u00e4nk im Restaurant&nbsp;<a href=\"https://bachhuus.ch/\" target=\"_blank\">Bachhuus</a></li>\n<li>Entdecken&nbsp;Sie den&nbsp;<a href=\"https://www.maps.viamala.ch/s/GZhhK\" data-type=\"tour\" data-id=\"23420028\" target=\"_blank\">Rheinquellweg</a></li>\n<li>Unterk\u00fcnfte finden Sie unter&nbsp;<a href=\"https://www.viamala.ch/de/buchen/unterkuenfte\" target=\"_blank\">www.viamala.ch</a></li>\n</ul>", "url": "http://www.bachhuus.ch", "image": "https://viatpimtsoch.sos-ch-dk-2.exoscale-cdn.com/catalog/f/a/6/a/fa6a4c5f18553d4c23c6ba52d2e0ea26d6c36774_e_bike_ladestation_hinterrhein.jpg", "openstreetmap_id": "node/12318925970"}, "geometry": {"type": "Point", "coordinates": ["9.1987743", "46.5309559"]}}, {"type": "Feature", "properties": {"identifier": "05d72ccc-2f05-41ce-a778-613057705e00", "name": "Postkartengalerie Kabinetli Hinterrhein", "description": "<p>Seit Jahren ist Elisabeth&nbsp;Hasler-Stoffel leidenschaftliche Sammlerin entsprechender Postkarten und Lithos und hat diesen Schatz nun auch Interessierten zug\u00e4nglich gemacht.</p><p>Auf den Fotos von anno dazumal lebt die \"Welt von Gestern\" neu auf - die unseres Dorfes, des Bernhardinpasses, des Rheinwalds, aber auch&nbsp;die seiner Nachbart\u00e4ler (Mesolcina, Valsertal, Valle San Giacomo), zu denen infolge des Passwesens und gegenseitiger wirtschaftlicher und famili\u00e4rer Verflechtungen (S\u00e4umerei, Pferdepostwesen)&nbsp;die Nachbarschaft gelebt wurde - st\u00e4rker als heute.</p><p>Der Keller und das \"St\u00e4lli\", in&nbsp;dem Elisabeths&nbsp;Urgrossvater Joseph Stoffel sein Kleinvieh hielt, wurden ger\u00e4umt und f\u00fcr die Ausstellung hergerichtet.&nbsp;Sie wurde am 20. September 2020 mit einer Vernissage er\u00f6ffnet.</p>", "url": "https://www.kabinet-altesneuerleben.ch", "image": "https://viatpimtsoch.sos-ch-dk-2.exoscale-cdn.com/catalog/8/0/b/b/80bbc1dabcf8f1635cd877eaf2b023a7347dc7ca_postkartengalerie_im_kabinetli_in_hinterrhein.jpg", "openstreetmap_id": "node/12100162940"}, "geometry": {"type": "Point", "coordinates": ["9.19892281293869", "46.53109816598707"]}}, {"type": "Feature", "properties": {"identifier": "065b9556-1875-4189-b4eb-9e8548ba060e", "name": "Viamala-Schlucht", "description": "<p>Vor Jahrtausenden vom Gletschereis und vom Wasser des Hinterrheins in den massiven Fels geschliffen, sind in der Viamala-Schlucht heute noch lebendige Spuren einer faszinierenden Geschichte zu entdecken.</p><p>Vom Besucherzentrum aus f&uuml;hren 359 Stufen hinunter in die Tiefe der Schlucht. Strudelt&ouml;pfe, bis zu 300 m hohe glattgeschliffene Felsw&auml;nde und die Farben des Wassers hinterlassen einen starken Eindruck der nat&uuml;rlichen Sch&ouml;nheit. Spektakul&auml;re Br&uuml;ckenbauten - wie die Wildener-Br&uuml;cke aus dem Jahre 1739 und die neuen Conzett-Br&uuml;cken \"P&ugrave;nts da tgavorgias\" - bieten einen Einblick ins Handwerk einstiger und heutiger Br&uuml;ckenbauer.</p><p>Entdecke die Viamala-Schlucht-Geschichte(n):</p><ul><li><a href=\"https://viamala.ch/de/erleben/ausflugsziele/viamala-schlucht/fuehrungen.html\">&Ouml;ffentliche und private Schluchtf&uuml;hrungen</a></li><li><a href=\"https://viamala.ch/de/erleben/ausflugsziele/viamala-schlucht/schatzsuche.html\">Schatzsuche f&uuml;r Kinder</a></li><li><a href=\"https://viamala.ch/de/erleben/ausflugsziele/viamala-schlucht/viamala-notte.html\">Viamala Notte mit Erwin Dirnberger</a>&nbsp;(abendliche szenische Schluchtf&uuml;hrung)</li><li><a href=\"https://viamala.ch/erleben/ausflugsziele/viamala-schlucht/theater.html\">Viamala Theater &laquo;R(h)ein ins Vergn&uuml;gen&raquo; mit Gian Rupf und Volker Ranisch</a></li></ul><p>oder lerne das Naturmonument Viamala-Schlucht aus einer ganz neuen Perspektive:</p><ul><li><a href=\"https://viamala.ch/de/map/poi/canyoning-viamala-e4fd03e4-484e-4df3-8a42-5abdf4466bc7.html\">Viamala Canyoning</a></li></ul><p>Detailinformationen unter&nbsp;<a href=\"https://www.viamala-schlucht.ch/\">www.viamala-schlucht.ch</a>.</p>", "url": "https://viamala-schlucht.ch", "image": "https://viatpimtsoch.sos-ch-dk-2.exoscale-cdn.com/catalog/2/9/9/d/299d877ba623a74e7fbd765158387122eca61c96_viamala_schlucht_zillis_thusis_schams_sommer_familie_demateo.com.jpg", "openstreetmap_id": "node/482085729"}, "geometry": {"type": "Point", "coordinates": ["9.447314143180849", "46.6629159469284"]}}, {"type": "Feature", "properties": {"identifier": "0662c967-a111-432b-9046-1ce0b87e3882", "name": "Hotel Walserhof", "description": "Direkte Lage an der Langlaufloipe und am Winterwanderweg. Pendelbus zum Skigebiet Spl\u00fcgen-Tambo.", "url": "http://www.walserhof-medels.ch", "image": "https://viatpimtsoch.sos-ch-dk-2.exoscale-cdn.com/catalog/1/0/8/0/10800ccd6e4692aedea2140949d8096d85c6067c_hotel_restaurant_walserhof_medels_rheinwald_sommer.JPG", "openstreetmap_id": "node/1579646985"}, "geometry": {"type": "Point", "coordinates": ["9.293742", "46.544724"]}}, {"type": "Feature", "properties": {"identifier": "069b1535-6e99-4938-b226-810cecd21a5a", "name": "Lai da Vons", "description": "<p>Das ganze Bergpanorama spiegelt sich im glasklaren Wasser. Und diese Aussicht. Geniessen Sie den spektakul\u00e4ren Sonnenuntergang bei einem Picknick. Der See ist zu Fuss oder mit dem Bike erreichbar. In den Sommermonaten f\u00e4hrt auch ein Wanderbus die Strecke von Sufers bis fast zum See, von wo es dann eine Vielzahl an Wanderzielen gibt, unter anderem die SAC Cufercalh\u00fctte. Weitere Informationen zum Wanderbus finden Sie <a href=\"https://www.naturpark-beverin.ch/de/wanderbus-lai-da-vons\" target=\"_blank\">hier</a>.</p><p>\u00dcbrigens: Im Sommer 2014 wurden hier die Alpszenen f\u00fcr die neueste Heidi-Verfilmung gedreht.</p>", "url": "https://www.viamala.ch", "image": "https://viatpimtsoch.sos-ch-dk-2.exoscale-cdn.com/catalog/b/2/e/7/b2e72295386c446f30a77f9a329e8d5403abdede_lai_da_vons_gravel_and_road_graubuenden_ferien_tolisart.com.jpg", "openstreetmap_id": "way/68397429"}, "geometry": {"type": "Point", "coordinates": ["9.385467652954617", "46.58539713683545"]}}, {"type": "Feature", "properties": {"identifier": "06ab979f-c538-4d25-935c-f0c73a27ef1c", "name": "Reformierte Kirche Spl\u00fcgen", "description": "<p>Etwa 843 f\u00fchrt das&nbsp;Reichsgutsurbar&nbsp;eine&nbsp;ecclesia in Solonio&nbsp;auf, n\u00f6rdlich von Reischen gelegen. Reischen nahm die&nbsp;Reformation&nbsp;im Laufe der Jahre 1530 bis 1535 an. Die heutige Kirche stammt von 1709, w\u00e4hrend die Reischener bis dahin Kirchgenossen von&nbsp;St. Martin&nbsp;in&nbsp;Zillis&nbsp;waren. </p><p>Kirche und Turm pr\u00e4sentieren sich als gedrungener, kompakter Bau. Der Turm mit einst\u00f6ckiger Glockenstube tr\u00e4gt einen am Sockel abgeflachten&nbsp;Spitzhelm, das&nbsp;Kirchenschiff&nbsp;ist von einem&nbsp;Walmdach&nbsp;bedeckt. </p><p>Der von&nbsp;einem rippenlosen&nbsp;Zellengew\u00f6lbe&nbsp;\u00fcberzogene barockisierende&nbsp;Chor. Linksseitig erhebt sich eine den Kirchenraum dominierende&nbsp;Kanzel&nbsp;ohne&nbsp;Schalldeckel. Zentral ist der dem Chor auff\u00e4llig voranstehende, in der Form eines Doppeltrichters gearbeitete&nbsp;Taufstein, auf dem auch das&nbsp;Abendmahl&nbsp;gefeiert wird.</p>", "url": "https://www.kirche-rheinwald.ch/kontakte", "image": "https://viatpimtsoch.sos-ch-dk-2.exoscale-cdn.com/catalog/4/3/b/d/43bd714a98cc2259482f820df918251ec426ce05_spluegen_dorf_refomierte_kirche_sommer_graubuenden_ferien.jpg", "openstreetmap_id": "way/214746008"}, "geometry": {"type": "Point", "coordinates": ["9.324077367782593", "46.55418661741601"]}}, {"type": "Feature", "properties": {"identifier": "06c3bd2a-867e-4da2-94f1-14209db902c5", "name": "Pizzeria da Franco", "description": "<p>In der Pizzeria k\u00f6nnt ihr euch auf&nbsp;hausgemachte Pizza, k\u00f6stliche italienische Spezialit\u00e4ten sowie klassische Pistenmen\u00fcs freuen. Egal ob nach einem langen Tag auf den Skipisten oder w\u00e4hrend einer gem\u00fctlichen Pause zwischen den Abfahrten \u2013 hier findet ihr das perfekte Gericht zur St\u00e4rkung. Ein besonderes Highlight ist die&nbsp;aussichtsreiche Terrasse&nbsp;mit einem herrlichen Blick auf die umliegenden Berge. </p><p>Die Pizzeria da Franco wird von der beliebten Pizzeria Bernina&nbsp;in Thusis betrieben, bekannt f\u00fcr ihre hervorragende italienische K\u00fcche. Dies garantiert h\u00f6chste Qualit\u00e4t und authentischen Geschmack.</p>", "url": "https://www.pizzeriabernina.ch/da-franco", "image": "https://viatpimtsoch.sos-ch-dk-2.exoscale-cdn.com/catalog/f/8/5/e/f85ee7a86886bf3ce3658179b0b4708c274202b2_pizzeria_franco.jpg", "openstreetmap_id": "node/12198843955"}, "geometry": {"type": "Point", "coordinates": ["9.359171390533449", "46.69155080245923"]}}, {"type": "Feature", "properties": {"identifier": "06fcc374-967e-43c5-bca3-f05cf2386e03", "name": "Reformierte Kirche Lohn", "description": "Es existieren keine Aufzeichnungen \u00fcber den Bau der Antoniuskirche. Jedoch wurde bereits 831 eine Kirche in Mathon erw\u00e4hnt. Die sichtbare Kirchenruine St. Antonius befindet sich unterhalb des Ortes und wird auf Anfang des 13. Jahrhunderts datiert. 1956 konnte bei Grabungen eine halbrunde Apsis freigelegt werden. Sie stammt aus sp\u00e4tkarolingischer Zeit und erstreckt sich bis zum Chor des neueren Bauwerks. Die entdeckten Fragmente aus romanischer und vorromanischer Zeit wurden dem R\u00e4tischen Museum \u00fcbergeben. Erhalten geblieben sind der Turm, der 1528 erh\u00f6ht wurde und ein sp\u00e4tgotisches Glockengeschoss enth\u00e4lt. Ausserdem bestehen noch Mauern des gerade abgeschlossenen Chors mit Tonnenw\u00f6lbung und des sp\u00e4tromanischen Schiffs. Einzelne Farbreste lassen vermuten, dass das Schiff einst komplett bemalt war.", "url": "https://zillis-st-martin.ch/kirchgemeinde-zillis-schamserberg/", "image": "https://viatpimtsoch.sos-ch-dk-2.exoscale-cdn.com/catalog/3/2/1/2/321285598f491089c21dcc3ea7e6250fe74301a0_lohn_am_schamserberg_mit_reformierter_kirche_fruehling_demateo.jpg", "openstreetmap_id": "way/314082922"}, "geometry": {"type": "Point", "coordinates": ["9.426972270011902", "46.6508502096111"]}}, {"type": "Feature", "properties": {"identifier": "075f60a0-8bca-4d5a-ab88-ecf819d889e2", "name": "Avers - Juppa Richtung Cavetta", "image": "https://viatpimtsoch.sos-ch-dk-2.exoscale-cdn.com/catalog/b/1/0/9/b1094ccd0170b0de2d270fb5c2c7185061b2a6b8_avers_juppa_skilift_winter_demateo.jpg", "openstreetmap_id": "node/2335598005"}, "geometry": {"type": "Point", "coordinates": ["9.553771018981935", "46.45135564677528"]}}, {"type": "Feature", "properties": {"identifier": "0760d5e1-8532-41a5-9756-0f0204df2a57", "name": "Andeer - Richtung S\u00fcden", "image": "https://viatpimtsoch.sos-ch-dk-2.exoscale-cdn.com/catalog/f/8/f/3/f8f3f3507b1888eeb3d0bc6d1e3d40680caf96d9_andeer_im_winter_schams_viamala_tourismus_1.jpg", "openstreetmap_id": "node/2238796065"}, "geometry": {"type": "Point", "coordinates": ["9.426183700561523", "46.60504815751617"]}}, {"type": "Feature", "properties": {"identifier": "0803ae21-54ab-4a54-bf91-9c1b1bc386ff", "name": "Bisch\u00f6fliches Schloss", "description": "<p>Es gibt in der Schweiz wohl kaum eine zweite historische Stadt von so zierlichen Ausmassen wie F\u00fcrstenau im Domleschg. Sie blickt von einem felsigen Gel\u00e4ndevorsprung auf die rechtsrheinischen Auen der F\u00fcrsten. So nannten sich die Churer Bisch\u00f6fe als einstige Herren dieser Stadt und der sie umgebenden G\u00fcter. In seiner j\u00fcngeren Geschichte diente das Gem\u00e4uer unter anderem als Kosthaus f\u00fcr Kinder, die in der Spinnerei Albula besch\u00e4ftigt waren. Der M\u00fcnstertaler Kapuzinerpater Theodosius Florentini, einer der Grossen unter den Sozialreformern des 19. Jahrhunderts, war treibende Kraft hinter dem Projekt. Nach Florentinis Tod beherbergte der Bau von 1871 weg die neu gegr\u00fcndete Realschule, bis 1876 durch Kauf in Privatbesitz gelangte. Der K\u00e4ufer war Peter von Planta aus der Zuozer Linie, ein gewiefter Kaufmann, der sich 1877 aus dem mit seinem Vetter zusammen gegr\u00fcndeten Baumwoll-Exportgesch\u00e4ft zur\u00fcckgezogen hatte. Er nahm am Schloss 1877 und 1896 verschiedene Umbauten und Erneuerungen vor und liess es vorerst als Spital einrichten. Doch dieses \u201ezweite Landkrankenhaus B\u00fcndens\u201c musste, zum Teil wegen mangelnder Besetzung, 1896 aufgegeben werden.</p>\n<p>&nbsp;</p>\n<p><strong>Zugang</strong></p>\n<p>Das Bisch\u00f6fliche Schloss in F\u00fcrstenau befindet sich in Privatbesitz und ist nicht \u00f6ffentlich zug\u00e4nglich. Die Anlage liegt direkt am&nbsp;<a href=\"https://mybusiness.outdooractive.com/de/r/23419810/\" data-type=\"tour\" data-id=\"23419810\">Burgenweg Domleschg</a>.</p>", "url": "http://www.fuerstenau.ch", "image": "https://viatpimtsoch.sos-ch-dk-2.exoscale-cdn.com/catalog/8/6/a/f/86af4c96bc1c84e5cee783e6a6bdacbb98bdd853_bischoefliches_schloss_fuerstenau_sommer_viamala_tourismus.jpg", "openstreetmap_id": "node/1500548359"}, "geometry": {"type": "Point", "coordinates": ["9.44532", "46.720846"]}}, {"type": "Feature", "properties": {"identifier": "0831a82e-0cff-45f2-8a08-c3972759f149", "name": "Aussichtspunkt Thusisblick", "description": "Der Aussichtspunkt verf\u00fcgt \u00fcber eine feste Grillstelle mit Sitzm\u00f6glichkeiten.", "url": "https://www.viamala.ch", "image": "https://viatpimtsoch.sos-ch-dk-2.exoscale-cdn.com/catalog/f/c/d/4/fcd43b79b46ceffe1c4df081192c159dfb7ae804_aussichtspunkt_thusisblick_feldis_sommer.jpg", "openstreetmap_id": "node/2355282851"}, "geometry": {"type": "Point", "coordinates": ["9.431971907615662", "46.78025166634052"]}}, {"type": "Feature", "properties": {"identifier": "09d14c77-f853-4679-9924-e19f64c5bad4", "name": "Leseb\u00e4nkli Pr\u00e4z", "description": "<p>Genau das k&ouml;nnen Sie nun in der Gemeinde Cazis tun. Bei vier idyllisch gelegenen B&auml;nkli steht eine Kiste bereit. Diese ist gef&uuml;llt mit B&uuml;chern und Zeitschriften f&uuml;r Jung und Alt. Sie sind herzlich eingeladen, die B&uuml;cher anzuschauen, zu lesen und darin zu schm&ouml;kern. Falls Sie sich einmal so sehr in ein Buch vertieft haben, dass Sie davon nicht mehr loskommen, leihen Sie es sich f&uuml;r ein paar Tage aus oder kommen Sie einfach wieder zur&uuml;ck aufs B&auml;nkli, zum Weiterlesen.</p><p>Beim Leseb&auml;nkli Pr&auml;z befindet sich eine Feuerstelle mit Holz.</p>", "url": "http://www.cazis.ch", "image": "https://viatpimtsoch.sos-ch-dk-2.exoscale-cdn.com/catalog/2/5/f/6/25f64fe6e39b188f8c65653b4341dad461b77f40_lesebaenkli_praez_heinzenberg_aussicht_viamala_tourismus.jpg", "openstreetmap_id": "node/12097061825"}, "geometry": {"type": "Point", "coordinates": ["9.403052346411528", "46.747624384951045"]}}, {"type": "Feature", "properties": {"identifier": "0a3029ad-6844-4e93-b10e-d1aef43bf8be", "name": "Bachhuus Hinterrhein", "description": "<p><strong>Wir sind&hellip;</strong><br>Familie, Kinder, Landschaftsgestalter, Buchhalter, G&auml;rtner, K&ouml;che, Kuhfl&uuml;sterer, Eierdiebe, Arbeitgeber, Geniesser, Sturk&ouml;pfe, Gastgeber.</p><p><strong>Was machen wir?</strong><br><strong>Melken, misten, kochen, j&auml;ten, sch&auml;len, pflanzen, singen, lachen, schwitzen, putzen, backen, waschen, rechnen, empfangen, f&uuml;ttern, kalkulieren, s&auml;hen und manchmal auch weinen&hellip;</strong></p><p><strong>Wir</strong> melken t&auml;glich 30 K&uuml;he. <strong>Wir</strong> schieben t&auml;glich Mist von 50 St&uuml;ck Vieh. <strong>Wir</strong> f&uuml;ttern unsere Tiere mit hofeigenem Heu/Emd. <strong>Wir</strong> schwitzen in Sommer beim Heuen auf 28ha. <strong>Wir</strong> kochen t&auml;glich ein 4-Gang Men&uuml; mit hofeigenen, regionalen und saisonalen Bio- Produkten. <strong>Wir</strong> singen auch mal w&auml;hrend der Arbeit. <strong>Wir</strong> waschen 130 Alpk&auml;se in unserem Reifekeller. <strong>Wir</strong> empfangen auf <strong>Reservation</strong> an 5-6 Abenden pro Woche G&auml;ste im Bachhuus. <strong>Wir</strong> servieren ausschliesslich regionale Weine. <strong>Wir</strong> Rechnen gerne direkt ab, mit unseren einheimischen Lieferanten. <strong>Wir</strong> s&auml;hen und bepflanzen unseren Garten mit alten Gem&uuml;sesorten und vielen Experimenten in Unterst&uuml;tzung von Axel Heinrich. <strong>Wir</strong> backen Brot aus GranAlpin Mehl. <strong>Wir</strong> sch&auml;len 250kg eingelagerte Valendaser Kartoffeln durch den Winter. <strong>Wir</strong> j&auml;ten unseren Bio- Garten nach dem Mondkalender. <strong>Wir</strong> sind BioCuisine zertifiziert mit einem gr&uuml;nen Stern. Und manchmal verl&auml;sst uns eine altgediente Kuh und dann m&uuml;ssen <strong>wir</strong> auch mal weinen.</p><p>Wir freuen uns auf euren Besuch bei uns in Hinterrhein</p><p>Carelia Joos &amp; Thomas Egger mit Livio &amp; Fabio und Torsten R&ouml;nisch</p><p><strong>Anzahl Sitzpl&auml;tze</strong><br>Gaststube max. 20<br>Ch&auml;ller max. 15</p>", "url": "https://bachhuus.ch", "image": "https://viatpimtsoch.sos-ch-dk-2.exoscale-cdn.com/catalog/e/4/4/b/e44b03624bbd437ecba71653287e5a787ab8a43f_bachhuus_chaeller_stuba_sommer.jpg", "openstreetmap_id": "node/12318925970"}, "geometry": {"type": "Point", "coordinates": ["9.198796", "46.53099"]}}, {"type": "Feature", "properties": {"identifier": "0a461563-e908-45f5-884d-53e7c74919b5", "name": "Spielplatz Avers-Juppa", "description": "<p><strong>Ausstattung:</strong></p>\n<ul>\n<li>1 Feuerstelle</li>\n<li>2 Tische&nbsp;mit ca. 18 Sitzpl&auml;tzen</li>\n<li>Rost vorhanden</li>\n<li>Feuerholz vorhanden</li>\n<li>Brunnen mit Trinkwasser</li>\n<li>Abfallentsorgung</li>\n<li>Diverse Schaukeln</li>\n<li>Kletterturm mit Tunnelrutschbahn</li>\n<li>Kleine Rutschbahn</li>\n<li>Drehkreisel</li>\n</ul>", "url": "https://www.viamala.ch", "image": "https://viatpimtsoch.sos-ch-dk-2.exoscale-cdn.com/catalog/5/0/b/b/50bbf461abddd1e44bbc9d6b7f050cf300a490fe_Spielplatz_und_Feuerstelle_Avers_Juppa__2_.jpg", "openstreetmap_id": "node/4979631621"}, "geometry": {"type": "Point", "coordinates": ["9.551513", "46.448529"]}}, {"type": "Feature", "properties": {"identifier": "0a78a72c-58e4-4964-8625-692222c617b5", "name": "Kino R\u00e4tia", "description": "<p>Das Kino R\u00e4tia bietet ein aktuelles, hochstehendes Filmprogramm, das nicht nur die grossen Kassenschlager beinhaltet, sondern immer wieder auch den Blick \u00fcber den Tellerrand hinaus wagt. Die allj\u00e4hrlich Anfang November stattfindenden \u00abWeltfilmtage\u00bb sind ein Fenster zum Filmschaffen aus Afrika, Asien und Lateinamerika und haben Thusis zu nationaler Bekanntheit verholfen.</p>\n<p>Mit der Veranstaltungsreihe \u00abB\u00fchne\u00bb ist das Kino auch eine Plattform f\u00fcr Konzerte und Theater der Kleinkunstszene. Ebenso hat sich das Programm \u00abKintop\u00bb etabliert, das monatlich stattfindende Nachmittagskino f\u00fcr Seniorinnen und Senioren, sowie die \u00abZauberlaterne\u00bb, ein Filmprogramm f\u00fcr Kinder im Primarschulalter, \u00dcbertragungen von Opern auf die Leinwand und dreimal pro Jahr \u00abKinoDisco\u00bb mit Film, Tanz und Barbetrieb.</p>\n<h4>KinoBar</h4>\n<p>Zu einem Drink, einem Snack oder einfach zum Plaudern. Meistens gibt es in der KinoBar Foccaccia und unseren Lieblingsdrink \u00abGiselle\u00bb, mit oder ohne Alkohol. Das KinoBar Team legt Wert auf regionale Produkte. Lust auf einen Ap\u00e9ro? Die KinoBar ist ein Ort, wo nicht nur Cin\u00e9phile sich wohl f\u00fchlen. Jeden Samstag ab 19.00 Uhr. Aktuelle Infos finden Sie auf dem Instagram-Account der KinoBar.</p>", "url": "https://kinoraetia.ch", "image": "https://viatpimtsoch.sos-ch-dk-2.exoscale-cdn.com/catalog/3/8/8/3/38831f7efccb224818053566e5f574ae466be1ad_kino_raetia.jpg", "openstreetmap_id": "node/3676232684"}, "geometry": {"type": "Point", "coordinates": ["9.438977", "46.695667"]}}, {"type": "Feature", "properties": {"identifier": "0b0a821b-d21f-4d5f-8b5f-3b593fd86d5e", "name": "Restaurant Walserstube Spl\u00fcgen", "description": "<p>Das Restaurant bietet eine ausgewogene Auswahl an regionalen und internationalen Gerichten und verw&ouml;hnt ihre G&auml;ste auch am Abend. In gem&uuml;tlicher b&uuml;ndnerischer Atmosph&auml;re lassen sich gutes Essen und ein passender Tropfen Wein in aller Ruhe geniessen.</p>", "url": "https://www.spluegen.ch/gastronomie", "image": "https://viatpimtsoch.sos-ch-dk-2.exoscale-cdn.com/catalog/9/4/3/b/943b0321c132225f0f04512e5a13da881756a739_talrestaurant_spluegen_tambo_skigebiet_winter_rheinwald.jpg", "openstreetmap_id": "node/4429008093"}, "geometry": {"type": "Point", "coordinates": ["9.320504665374758", "46.54887796558227"]}}, {"type": "Feature", "properties": {"identifier": "0be0c40a-11b4-4e13-85c6-49bf1c3a3858", "name": "Mineralbad Andeer", "description": "<p>Das Verw&ouml;hnprogramm beginnt im Innen- und Aussenbecken mit Sprudelliegen, Nackendusche und Whirlpool. Nach Wunsch f&uuml;hrt man die Erholung in der Saunalandschaft mit Biosauna, Finnischer Sauna und Dampfbad fort. Das Mineralbad Andeer bietet auch diverse Massagen sowie Physiotherapiebehandlungen in der Therapieabteilung.</p><p><strong>Massagen</strong><br>Die Klassiker:</p><ul><li>Teil- und Ganzk&ouml;rpermassage</li><li>Wohlf&uuml;hl R&uuml;ckenbehandlung</li><li>Fussreflexzonenmassage</li></ul><p>Die Highlights:</p><ul><li>Edelweiss Massage</li><li>Arven Massage</li><li>Naturpark Beverin Massage</li><li>Schamser Relax Massage</li></ul><p>Massagen sind t&auml;glich auf Voranmeldung m&ouml;glich. Detail siehe <a href=\"https://mineralbad-andeer.ch/wp-content/uploads/2024/01/RehaAndeer_Wellness-Flyer_2023_WEB-1.pdf\" target=\"_blank\" rel=\"noopener\">Flyer</a>. Informationen und Buchung an der Kasse vom Mineralbad, Tel. <a href=\"tel:+41816611878\">+41 81 661 18 78</a>.</p>", "url": "https://mineralbad-andeer.ch", "image": "https://viatpimtsoch.sos-ch-dk-2.exoscale-cdn.com/catalog/b/a/3/8/ba3856d97948fcbef7a2ab8d48ae7719bf4cd49b_mineralbad_andeer_innenbecken_sommer_andrea_badrutt.jpg", "openstreetmap_id": "node/2238796065"}, "geometry": {"type": "Point", "coordinates": ["9.426626", "46.605252"]}}, {"type": "Feature", "properties": {"identifier": "0c540601-f88d-4d3d-a8b1-e441ed69b520", "name": "Gef\u00fchrte Wildtiertexkursionen im Naturpark Beverin", "description": "<p>Absolute Ruhe, eindr\u00fcckliche Landschaften und mit etwas Gl\u00fcck - G\u00e4msen, Steinwild und Bartgeier. Erfahrene, einheimische Ranger und J\u00e4ger bieten Ihnen auf individuell zugeschnittenen Exkursionen die Gelegenheit, Wildtiere in ihrem nat\u00fcrlichen Lebensraum zu beobachten und Wissenswertes dar\u00fcber zu erfahren. Bereits die Fahrt ins Wildeinstandsgebiet wird zum Erlebnis. Sie fahren mit einem Landrover Defender, meist \u00fcber Schotterstrassen \u00fcber die Baumgrenzen in der Destination Viamala - die Exkursionsleiter wissen genau, wo die Chancen auf Sichtungen am gr\u00f6ssten sind.</p><p> W\u00e4hrend den gef\u00fchrten Wanderungen werden zus\u00e4tzlich auch die Pflanzen- und Landschaftsmerkmale erkundet und die Bedeutung der verschiedenen \u00d6kosysteme vermittelt. Das Angebot richtet sich an s\u00e4mtliche Naturliebhaber, Familien, Fotografen und kann bei der Buchung individuell angepasst werden. Mit einer minimalen Dauer von 2.5 h muss gerechnet werden, da die Anfahrten zum Wildeinstand bereits einige Zeit in Anspruch nimmt.</p>", "url": "https://www.waldwildgmbh.ch", "image": "https://viatpimtsoch.sos-ch-dk-2.exoscale-cdn.com/catalog/8/9/0/a/890a121305ac919918d5b913838d02cd883df75f_steinbock_mirco_scherrer.jpg"}, "geometry": {"type": "Point", "coordinates": ["9.429236899999996", "46.593535349999996"]}}, {"type": "Feature", "properties": {"identifier": "0c9838fd-181c-4780-888d-d17f842e8b18", "name": "Strimer Sport", "description": "Verkauf und Dienstleistungen im Bereich Sportartikel mit Schwerpunkten: Snowboard &amp; Skiartikel, Bergsport, Freizeitbekleidung, Ski- und Snowboardservice. Strimer Sport vemietet auch Ausr\u00fcstung.", "url": "https://sport.strimer-sport.ch", "image": "https://viatpimtsoch.sos-ch-dk-2.exoscale-cdn.com/catalog/7/0/c/9/70c9850065dde78e48e24b91ea2b6170afc9fd9f_strimer_sport_thusis_viamala_tourismus.jpg", "openstreetmap_id": "node/4485700881"}, "geometry": {"type": "Point", "coordinates": ["9.43939357995987", "46.69610040714491"]}}, {"type": "Feature", "properties": {"identifier": "0cc2e214-dc06-4e9c-b926-b0c96a15faf0", "name": "Gasthaus Alpenrose Ferrera", "description": "<p>Herzlich willkommen in der Alpenrose in Innerferrera! </p><p>Geniessen Sie in unserem heimeligen Restaurant oder auf der Sonnenterrasse ein K\u00e4sefondue, Mittagessen oder ein feines Nachtessen zusammen mit Freunden. Die K\u00fcche ist durchgehend ge\u00f6ffnet. </p><p>Parkpl\u00e4tze und Bushaltestelle direkt vor dem Haus. Eine E-Ladestation f\u00fcr Fahrr\u00e4der und Autos befindet sich hinter dem Haus. Wir freuen uns auf Sie!</p>", "url": "http://www.alpenroseferrera.ch", "image": "https://viatpimtsoch.sos-ch-dk-2.exoscale-cdn.com/catalog/7/8/8/d/788d8e606e65aed91403b0aee71d311b19c4c15d_das_gasthaus_alpenrose_in_innerferrera_im_herbst.jpg", "openstreetmap_id": "way/219962901"}, "geometry": {"type": "Point", "coordinates": ["9.443107999999938", "46.521099"]}}, {"type": "Feature", "properties": {"identifier": "0d09ba3d-f54a-4aaa-9721-79f581bb55ff", "name": "viaSpluga - Kulinarik", "description": "<h3><strong>Leistungen</strong></h3><ul><li>6 &Uuml;bernachtungen im Doppelzimmer mit Fr&uuml;hst&uuml;ck in ausgew&auml;hlten &laquo;Kulinarik-Unterk&uuml;nften&raquo;</li><li>Abendessen in jedem Hotel mit vielf&auml;ltigen kulinarischen Highlights</li><li>5 Lunchpakete</li><li>An- und Abreise mit den &ouml;ffentlichen Verkehrsmitteln (Schweiz)</li><li>Gep&auml;cktransport von Hotel zu Hotel</li><li>G&auml;stekarte<ul><li>Freie Fahrt mit dem &ouml;ffentlichen Verkehr in der Region Viamala bis Chiavenna (IT)</li><li>Zutritt zu verschiedenen Erlebnissen entlang der viaSpluga</li></ul></li><li>Dokumentation mit Wanderkarte</li></ul><p><a href=\"https://viamala.ch/files/websites/viamala.ch/objects/prospekte-artikel/verschiedenes/2026_Vertrags-%20und%20Reisebedingungen_Mehrsprachig_DE_EN_IT.pdf\" target=\"_blank\" rel=\"noopener\">Vertrags- und Reisebedingungen</a><br><br></p><h3><strong>Programm</strong></h3><p><strong>1. Tag:</strong>&nbsp;Individuelle Anreise nach Thusis oder F&uuml;rstenau</p><p><strong>2. Tag:</strong> Wanderung Thusis oder F&uuml;rstenau &ndash; Zillis oder Andeer</p><p><strong>3. Tag:</strong>&nbsp;Wanderung Zillis oder Andeer &ndash; Spl&uuml;gen</p><p><strong>4. Tag:</strong>&nbsp;Wanderung Spl&uuml;gen &ndash; Montespluga</p><p><strong>5. Tag:</strong> Wanderung Montespluga &ndash; Campodolcino</p><p><strong>6. Tag:</strong>&nbsp;Wanderung Campodolcino &ndash; Chiavenna</p><p><strong>7. Tag:</strong> Individuelle R&uuml;ckreise via Spl&uuml;genpass<br><br></p><h3><strong>viaSpluga - Individuell</strong></h3><p>M&ouml;chtest du ein abgebildetes Pauschalarrangement individuell anpassen? Gerne k&ouml;nnen wir auf verschiedenste W&uuml;nsche eingehen und das Angebot verl&auml;ngern oder verk&uuml;rzen, einen Ruhetag einplanen, nur eine Teilstrecke buchen oder Leistungen weglassen oder erg&auml;nzen.</p><p>Wir beraten dich gerne und stellen dir ein individuelles Arrangement zusammen.<br><br></p><h3><strong>R&uuml;ckreise von Chiavenna</strong></h3><p>Die R&uuml;ckreise von Chiavenna &uuml;ber den Spl&uuml;genpass nach Thusis ist bereits in der G&auml;stekarte <em>Via Mia Pass</em> unter &laquo;Viamala Mobil&raquo; enthalten und muss nicht separat gebucht werden.<br>Die Heimreise ab Thusis mit den &ouml;ffentlichen Verkehrsmitteln ist inbegriffen. Von dort reist du bequem und kostenlos mit dem &ouml;ffentlichen Verkehr in der ganzen Schweiz zur&uuml;ck nach Hause.<br><br></p><h3><strong>Preise &amp; G&uuml;ltigkeit</strong></h3><ul><li><strong>Preis&nbsp;pro Person:</strong> ab CHF 1'188.00</li><li><strong>G&uuml;ltigkeit:</strong>&nbsp;13. Juni bis 20. September 2026<br><br></li></ul><p><strong>Kindererm&auml;ssigung</strong></p><p>Kinder bis und mit 11 Jahre im Elternzimmer erhalten 30 % Erm&auml;ssigung.<br><br></p><p><strong>Optionen</strong></p><ul><li>Einzelzimmer</li><li>Zusatzn&auml;chte<br><br></li></ul><p><strong>Vorausbuchungsfrist</strong></p><p>Das Arrangement kann bis sp&auml;testens 3 Arbeitstage (Mo-Sa) vor Anreise bei uns gebucht werden, sofern noch Zimmer verf&uuml;gbar sind. Wir empfehlen eine fr&uuml;hzeitige Reservation.</p>", "url": "https://viamala.ch/de/", "image": "https://viatpimtsoch.sos-ch-dk-2.exoscale-cdn.com/catalog/e/9/3/8/e938ece44030ae9d5d6454d5894d10cf1362ed8d_crotti_di_chiavenna_ombra.jpg"}, "geometry": {"type": "Point", "coordinates": ["9.439702033996584", "46.695737968322376"]}}, {"type": "Feature", "properties": {"identifier": "0dd2bd32-4fb6-4715-8723-3211f848259e", "name": "Portein", "description": "<p>Portein geh\u00f6rt seit 1.1.2010 zur Gemeinde Cazis. Es liegt am \u00e4usseren Heinzenberg auf 1'167 m \u00fc.M. und z\u00e4hlt rund 20 Einwohner.</p>\n<ul>\n<li><a href=\"https://www.cazis.ch/\">Website Gemeinde Cazis</a></li>\n<li><a href=\"http://www.hls-dhs-dss.ch/textes/d/D1488.php\">Link zum historischen Lexikon der Schweiz</a></li>\n<li><a href=\"http://shop.graubuenden.ch/Viamala/ukv/?date_unknown=1&amp;doSearch=1&amp;locationIDs[]=TDS00020010527381530&amp;globalReset=1&amp;persistentParameters=1&amp;lang=de\">Unterk\u00fcnfte am Heinzenberg</a></li>\n</ul>", "url": "https://www.cazis.ch", "image": "https://viatpimtsoch.sos-ch-dk-2.exoscale-cdn.com/catalog/e/1/f/c/e1fcab9f7c1c2f3baed6b785870703422d6cd13b_portein_dorf_heinzenberg_sommer_demateo.jpg", "openstreetmap_id": "node/7963636450"}, "geometry": {"type": "Point", "coordinates": ["9.407076", "46.711934"]}}, {"type": "Feature", "properties": {"identifier": "0e0250f8-cca9-46c4-8fd1-ff50046a26c0", "name": "Bodhi Camping", "description": "<p>Im Sommer internationaler Treffpunkt der Kletterszene, welche dem Sport im nahe gelegenen Waldst\u00fcck Magic Wood nachgehen. Im Winter als Ausgangspunkt f\u00fcr Skitouren oder Eisklettern im Tal.</p><p><span style=\"font-weight: bold;\">Infrastruktur:</span></p><ul><li>Kleiner Shop in der Reception</li><li>Toiletten/Duschen (CHF 1.-/4min)</li><li>Unterstand mit Sp\u00fchlbecken und Recycling-Station</li><li>Feuerstelle</li></ul>", "url": "https://www.valferrera.com/bodhi-camping", "image": "https://viatpimtsoch.sos-ch-dk-2.exoscale-cdn.com/catalog/4/5/6/9/4569d53ef78bbeca7ff242f92f7a6f696822b833_bodhi_camping.jpg", "openstreetmap_id": "way/695087838"}, "geometry": {"type": "Point", "coordinates": ["9.438318014144897", "46.56841483777947"]}}, {"type": "Feature", "properties": {"identifier": "0e2d0918-2f49-4e64-9060-cf95df587d0b", "name": "Reformierte Kirche Sufers", "description": "Der Ursprung des Kirchenbaus geht auf das Jahr 841 zur\u00fcck, als sie durch eine Stiftung von Lothar I. errichtet wurde. Die Kirche ist dem Patrozinium von Jesus als Heiland gewidmet (lateinisch: Salvator). Das heutige Geb\u00e4ude wurde w\u00e4hrend der Anfangszeit der B\u00fcndner Wirren (1618\u20131625) als Neubau errichtet und verf\u00fcgt \u00fcber einen Turm, dessen im Vergleich zum Kirchenschiff auff\u00e4llige Breite und dessen spitz zulaufender Zwiebelhelm das Ortsbild pr\u00e4gen. Im Inneren befindet sich hinter einem zweistufigen Aufgang zum Chor ein steinerner Taufstein, der gem\u00e4ss der reformierten Konfession sowohl als Taufbecken als auch als Abendmahlstisch genutzt wird.", "url": "https://www.kirche-rheinwald.ch/kontakte", "image": "https://viatpimtsoch.sos-ch-dk-2.exoscale-cdn.com/catalog/b/d/1/9/bd198ba8d95cf6976d81dacfbdaaabecb60a252a_sufers_im_rheinwald.jpg", "openstreetmap_id": "way/209226480"}, "geometry": {"type": "Point", "coordinates": ["9.366469", "46.569897"]}}, {"type": "Feature", "properties": {"identifier": "0eca3778-c5d7-4da1-89b0-b5147b9126e3", "name": "Minigolf  Beverin", "description": "<p>Die homologierte Anlage wird t\u00e4glich gepflegt und l\u00e4dt zum Spielen und Verweilen ein. Im Anschluss an das Minigolfspielen l\u00e4sst sich der Ausflug im angrenzenden Restaurant La Plazza bei einem feinen Glace-Coupe oder einem St\u00fcck Kuchen ausklingen. Ob Einheimisch, Feriengast oder B\u00fcndner - die Minigolfanlage steht Jung und Junggebliebenen f\u00fcr erholsame Stunden von April bis Oktober t\u00e4glich offen. Ambitionierte Sportlerinnen und Sportler k\u00f6nnen auf der Profi-Minigolfanlage trainieren oder sich im Wettbewerb messen. Der Minigolfsport vermag jedoch einiges mehr: Kinder, Eltern und Grosseltern k\u00f6nnen gemeinsam oder einzeln unvergessliche Spielmomente und ein Freizeitvergn\u00fcgen der besonderen Art erleben. F\u00fcr Gruppen, Vereine, Schulklassen oder Firmen stellen wir ein individuelles Programm zusammen, das aus Spiel, Spass und kulinarischen Leckereien besteht. Wir beraten Sie gerne. <a href=\"tel:+41582253535\">Rufen</a>&nbsp;Sie uns an oder schreiben Sie eine <a href=\"mailto:info@pdgr.ch\">E-Mail</a>.</p>", "url": "https://www.pdgr.ch/freizeitangebote", "image": "https://viatpimtsoch.sos-ch-dk-2.exoscale-cdn.com/catalog/a/a/b/b/aabb14bb7ede3e4467af344c08393374b178d2e2_minigolf_anlage_klinik_beverin.jpg", "openstreetmap_id": "way/1152682869"}, "geometry": {"type": "Point", "coordinates": ["9.428099", "46.731633"]}}, {"type": "Feature", "properties": {"identifier": "0ed04d1c-ec99-4bfb-84c0-f72d00d90979", "name": "Restaurant Bergm\u00fchle", "description": "<p>Die Bergm\u00fchle Masein ist ein Treffpunkt f\u00fcr Jung und Alt, Einheimische und G\u00e4ste. Bei uns k\u00f6nnen Sie ein Feierabend \u2013 Bier geniessen oder etwas Warmes oder Kaltes essen. Das Restaurant hat eine sch\u00f6ne Sonnenterrasse. </p><p>Der separate Saal, eignet sich gut f\u00fcr Familien \u2013 oder Vereinszusammenk\u00fcnfte. Am letzten Sonntag im Monat k\u00f6nnen Sie bei uns einen feinen Brunch mit regionalen und hausgemachten Produkten geniessen.</p>", "url": "http://www.bergmuehle-masein.ch", "image": "https://viatpimtsoch.sos-ch-dk-2.exoscale-cdn.com/catalog/9/5/f/f/95ff385903c1b6581204cd69ea2f3785d3be7c13_restaurant_bergmuehle_masein_heinzenberg_aussen_sommer_1.jpg", "openstreetmap_id": "node/12198854545"}, "geometry": {"type": "Point", "coordinates": ["9.424681663513185", "46.70151058221724"]}}, {"type": "Feature", "properties": {"identifier": "1031886b-023d-4d1e-881a-ff677e38baf5", "name": "Sakral-Landschaft Graub\u00fcnden: Kirchen und Kultur erleben", "description": "<h3>Kirchenf&uuml;hrungen</h3><p>Erlebe Kirchenf&uuml;hrungen, die alle Sinne ansprechen und Raum f&uuml;r Unerwartetes lassen. Die F&uuml;hrungen k&ouml;nnen kreativ erweitert werden, z. B. mit Ap&eacute;ros, Spazierg&auml;ngen, musikalischen Darbietungen oder anderen Ideen.</p><ul><li><span style=\"font-weight: bold;\">Kirchen/Kapellen:</span> <a href=\"https://viamala.ch/de/map/poi/kapelle-st-maria-magdalena-9736e021-7190-44cc-a509-b1756eabae69.html\">Kapelle St. Maria Magdalena</a>&nbsp;in Dusch/Paspels, Kirche Tomils,&nbsp;<a href=\"https://viamala.ch/de/map/poi/steinkirche-cazis-a0673c88-9dbb-4596-9bbb-4fb2568973c2.html\">Steinkirche Cazis</a>, <a href=\"https://www.kath-albula.ch/mistail\" target=\"_blank\" rel=\"noopener\">Kirche St. Peter Mistail</a> in Tiefencastel/Alvaschein</li><li><span style=\"font-weight: bold;\">Zielgruppen:</span>&nbsp;Einzelpersonen, Familien, Gruppen, Kirchgemeinden (bis max. 25 Personen)</li><li><span style=\"font-weight: bold;\">Dauer:&nbsp;</span>0.45&ndash;1.5 Stunden</li><li><span style=\"font-weight: bold;\">Kosten:&nbsp;<br></span>CHF 25.00 pro Person<br>CHF 100.00 pauschal f&uuml;r Gruppen (exkl. Spesen)<br>CHF 150.00 halber Tag (exkl. Spesen)</li></ul><p><a href=\"https://www.wandern-mit-kultur.ch/kirchen-fuehrungen/\" target=\"_blank\" rel=\"noopener\">Mehr erfahren</a><br><br></p><h3>Tagesangebote</h3><p>Diese Angebote kombinieren Wanderungen, Kirchenf&uuml;hrungen und kulturelle/kulinarische Elemente und sind flexibel auf eure W&uuml;nsche abgestimmt.</p><ul><li><span style=\"font-weight: bold;\">Standardpakete:&nbsp;</span>Auf den Spuren des Schulmeisters und Wandmalers Hans Ard&uuml;ser / Zu Fuss mit Hans Ard&uuml;ser vom Albulatal ins Domleschg</li><li><span style=\"font-weight: bold;\">Zielgruppen:</span>&nbsp;Einzelpersonen, Familien, Gruppen, Kirchgemeinden (bis max. 15 Personen)</li><li><span style=\"font-weight: bold;\">Kosten:</span>&nbsp;CHF 300.00 pro Tag (exkl. Spesen)</li><li><span style=\"font-weight: bold;\">Vorbereitung:</span>&nbsp;mindestens 1 Monat Vorlaufzeit</li></ul><p><a title=\"Mehr erfahren\" href=\"https://www.wandern-mit-kultur.ch/tagesangebot/\" target=\"_blank\" rel=\"noopener\">Mehr erfahren</a><br><br></p><h3>Mehrt&auml;gige Angebote</h3><p>F&uuml;r Kirchgemeinden und Interessengruppen werden 2- bis 4-t&auml;gige Programme angeboten, die Kirchenf&uuml;hrungen, Wanderungen und gemeinsames Erleben umfassen. Die Organisation beinhaltet Aktivit&auml;ten, Transfers, Verpflegung und mehr.</p><ul><li><span style=\"font-weight: bold;\">Standardpakete:&nbsp;</span>Vielf&auml;ltige Ferientage in der Region Viamala / Albula und M&uuml;nstertal im Wandel der Zeit</li><li><span style=\"font-weight: bold;\">Zielgruppen:</span>&nbsp;Kirchgemeinden und weitere Gruppen (bis max. 15 Personen)</li><li><span style=\"font-weight: bold;\">Kosten:&nbsp;</span>CHF 300.00 pro Tag (An- und Abreisetag nach Absprache, exkl. Spesen)</li><li><span style=\"font-weight: bold;\">Planung:&nbsp;</span>detaillierte Vorbereitung und regelm&auml;ssiger Austausch</li></ul><p><a title=\"Mehr erfahren\" href=\"https://www.wandern-mit-kultur.ch/mehrtaegige-angebote/\" target=\"_blank\" rel=\"noopener\">Mehr erfahren</a></p><p>Die Angebote von Sakral-Landschaft Graub&uuml;nden stehen f&uuml;r kreative und pers&ouml;nliche Erlebnisse in einer einzigartigen Landschaft.</p>", "url": "https://www.wandern-mit-kultur.ch/", "image": "https://viatpimtsoch.sos-ch-dk-2.exoscale-cdn.com/catalog/6/4/7/7/64771c8fa4cae4b06c7c84d24a37cf2dc348afbb_kapelle_st_maria_magdalena_paspels_fruehling.jpg"}}, {"type": "Feature", "properties": {"identifier": "10d0d2af-e14f-45b1-b8e4-de7c285aa97b", "name": "Parc da Moviment", "description": "Jeder Parc da moviment besteht aus einem abgerundeten und immer ersichtlichen Gesamtkonzept mit jeweils mindestens 3 bis 5 Stationen pro motorische Basisf\u00e4higkeit (Kraft, Schnelligkeit, Koordination, Ausdauer), die \u2013 abh\u00e4ngig von den Gel\u00e4ndevorgaben und den jeweiligen Zielstellungen \u2013 von der Reihenfolge und Anordnung sportwissenschaftlich abgestimmt sind. Die Stationsnamen machen neugierig, haben einen hohen Aufforderungscharakter und weisen auf die Trainingszielsetzung hin. Der Kanton Graub\u00fcnden hat im Jahre 2018 das Projekt \u00abParc da moviment Graub\u00fcnden\u00bb lanciert.", "url": "https://www.viamala.ch", "image": "https://viatpimtsoch.sos-ch-dk-2.exoscale-cdn.com/catalog/5/a/5/d/5a5dcab75b14e2707631eaa3e49d538d5d698f75_parc_da_movment_obergmeind_heinzenberg_sommer_demateo.jpg", "openstreetmap_id": "node/12114133917"}, "geometry": {"type": "Point", "coordinates": ["9.359529165796516", "46.69211585639632"]}}, {"type": "Feature", "properties": {"identifier": "10fb75a5-6d25-4833-a731-b03bd3f52eae", "name": "Sinnesoase B\u00f6deli", "description": "Fastetg, Ravetsch, Curnatsch: So poetisch klingen die r\u00e4toromanischen Ortsbezeichnungen in Rothenbrunnen. Etwas schlichter t\u00f6nt \"B\u00f6deli\", die Bezeichnung f\u00fcr diese Anh\u00f6he. Der alte, r\u00e4toromanische Name \"Plaun digl Bogn\" bringt jedoch klangvoll zum Ausdruck, um was f\u00fcr einen Ort es sich hier handelt: um die Ebene \u00fcber dem Bad. / Dieses Bad wird von zwei Quellen gespiesen: von der Aua Alva, dem weissen Wasser, und der Fontana rossa, der Quelle mit dem r\u00f6tlichen (Brunnen-)Wasser. Dieser eisen- und jodhaltigen Quelle verdankt Rothenbrunnen seinen Namen und seine einstige Bedeutung als Kurort.\u00a0 / Das alte Kurhaus von Rothenbrunnen lockt heute mit Blumen statt mit Badekuren. Die prachtvollen G\u00e4rten des Kurhauses stimmen zudem auf das Domleschg ein: Die Talschaft gilt als Obstgarten Graub\u00fcndens.", "url": "http://rothenbrunnen.ch/", "image": "https://viatpimtsoch.sos-ch-dk-2.exoscale-cdn.com/catalog/0/3/2/6/03260b40f85208314a0e961707bdcfe72d0b9c40_DSC08464.jpg", "openstreetmap_id": "way/253522705"}, "geometry": {"type": "Point", "coordinates": ["9.426226615905762", "46.77094781837669"]}}, {"type": "Feature", "properties": {"identifier": "10fb9d85-5085-4310-8775-711896e62ca3", "name": "Mittner 2-Rad Technik", "description": "<p>Im Jahre 1985 gr\u00fcndeten Hennie und Christophe Mittner-Muilerman in einem ehemaligen B\u00e4ckers- und Schnappsbrennerei-H\u00e4uschen auf 36 m2 eine Reparaturwerkstatt. Die Auswahl an Fahrzeugen und die Kundschaft wuchs und somit wurde im Jahre 1992 das heutige Gesch\u00e4ftsgeb\u00e4ude - mit grosser Werkstatt erbaut.</p>\n<p>Am 1. Januar 2016 \u00fcbernahmen Tobias &amp; Anita Simeon-Mittner das Gesch\u00e4ft.</p>", "url": "https://www.mittner2rad.ch", "image": "https://viatpimtsoch.sos-ch-dk-2.exoscale-cdn.com/catalog/5/8/9/b/589b483835dfc54b34cfd7f008ab2f2fdcf44425_mittner_2_rad_technik_pratval.jpg", "openstreetmap_id": "node/9497185669"}, "geometry": {"type": "Point", "coordinates": ["9.445903301239014", "46.7322593149716"]}}, {"type": "Feature", "properties": {"identifier": "12a7ae7e-f6cb-473b-a3c2-69e1e21f57dd", "name": "Surettaseen", "description": "<p>Am oberen Surettasee auf 2272 m liegt die Seeh\u00fctte, die f\u00fcr eine \u00dcbernachtung gebucht werden kann und ein Ruderboot, welches f\u00fcr eine Seerunde gerne benutzt werden darf. Die stille Atmosph\u00e4re ist wohltuend und wenn sich dann die umliegenden Bergspitzen vom Seehorn bis zum Surettahorn im See spiegeln, wird der Ausflug zu einem unvergesslichen Erlebnis.</p><p><strong>Seeh\u00fctte</strong></p><p>Die Seeh\u00fctte kann im Sommer f\u00fcr eine \u00dcbernachtung gebucht werden (nicht bewirtet):</p><p>Frank Simmen</p><p>Italienische Strasse 19</p><p>7435 Spl\u00fcgen</p><p>Tel. <a href=\"+41 76 506 66 68\" rel=\"noopener noreferrer\" target=\"_blank\">+41 76 506 66 68</a></p><p>E-Mail:<a href=\"mailto:frank.simmen@gmail.com\" rel=\"noopener noreferrer\" target=\"_blank\"> frank.simmen@gmail.com</a></p><p><strong>Fischen</strong></p><p>Die Surettaseen stehen unter Pacht vom Fischereiverein Rheinwald und erfordern eine spezielle Lizenz. Diese kann neu direkt bei den Bergseen an der Infotafel mittels QR Code bezogen werden. Zu beachten sind auch die privaten Fischereibetriebsvorschriften.</p>", "url": "https://www.viamala.ch", "image": "https://viatpimtsoch.sos-ch-dk-2.exoscale-cdn.com/catalog/b/9/8/3/b983160c5a7d5bc0f3ad27a10cddea5dcfe6d630_oberer_surettasee_spluegen_rheinwald_sommer_viamala_tourismus.jpg", "openstreetmap_id": "way/293964348"}, "geometry": {"type": "Point", "coordinates": ["9.35275286231149", "46.539072770704095"]}}, {"type": "Feature", "properties": {"identifier": "12cb2ff0-9102-483d-a1eb-7558b5d20ba9", "name": "Spielplatz Kindergarten / Scoleta Zillis", "description": "<p>Der Spielplatz liegt unmittelbar neben der Schule/Kindergarten in Zillis und verf&uuml;gt &uuml;ber folgende Ausstattung:&nbsp;</p>\n<ul>\n<li>Tisch mit etwa 8 Sitzpl&auml;tzen</li>\n<li>kleiner Brunnen mit Trinkwasser</li>\n<li>vielf&auml;ltige Auswahl an Spielger&auml;ten</li>\n</ul>", "url": "https://www.viamala.ch", "image": "https://viatpimtsoch.sos-ch-dk-2.exoscale-cdn.com/catalog/1/8/e/b/18eb5f65550072333e96d3985ba4ec7500d26905_Spielplatz_Kindergarten__Scoleta_Zillis.jpg", "openstreetmap_id": "node/12075132542"}, "geometry": {"type": "Point", "coordinates": ["9.441422", "46.633465"]}}, {"type": "Feature", "properties": {"identifier": "12f74ecc-916a-47ef-b498-d596d379e71c", "name": "Einfach f\u00fcr Retour Graub\u00fcnden", "description": "<p>Das &Ouml;V-Angebot <strong>&laquo;Einfach f&uuml;r Retour Graub&uuml;nden&raquo;</strong> belohnt nachhaltige Anreise: Wer mit dem &ouml;ffentlichen Verkehr zu einer mit &laquo;Einfach f&uuml;r Retour&raquo; gekennzeichneten Veranstaltung im Naturpark Beverin anreist, erh&auml;lt die R&uuml;ckfahrt gratis.</p><p>Und so funktioniert&rsquo;s: Einfach ein normales <strong>Einfach-Billett</strong> f&uuml;r die Hinfahrt kaufen, dieses am Veranstaltungsort abstempeln lassen &ndash; und schon ist es auch f&uuml;r die R&uuml;ckfahrt g&uuml;ltig. G&uuml;ltig ist das Angebot f&uuml;r Fahrten mit der <strong>Rh&auml;tischen Bahn, PostAuto und Bustaxi</strong> (nach Fahrplan) ab allen Einstiegsorten in Graub&uuml;nden.<br><br></p><h4>Wichtig zu wissen:</h4><ul><li>Digitale Tickets sind g&uuml;ltig &ndash; hier <strong>braucht es eine Teilnehmerbest&auml;tigung</strong> vom Veranstalter</li><li><strong>Gruppentickets</strong> k&ouml;nnen ebenfalls abgestempelt werden</li><li>Keine R&uuml;ckerstattung bei bereits retour gel&ouml;sten Tickets</li><li><strong>Nicht kumulierbar</strong> mit anderen Angeboten wie Kombitickets</li><li>Das Angebot ist <strong>w&auml;hrend der Sommersaison 2025 g&uuml;ltig</strong> und macht Veranstaltungen im Naturpark einfach, g&uuml;nstig und umweltfreundlich erreichbar.</li></ul><p>&nbsp;</p><p><a href=\"https://www.fahrtziel-natur.ch/de/reiseangebote/einfachfuerretour.php\" target=\"_blank\" rel=\"noopener\">Mehr Infos</a></p>", "url": "https://www.naturpark-beverin.ch/", "image": "https://viatpimtsoch.sos-ch-dk-2.exoscale-cdn.com/catalog/a/3/d/f/a3df1e296ff742ed2961645a9c471e2e847b5885_Postauto_Schams_Yasmin_Spengler.jpg_compressed.JPEG"}}, {"type": "Feature", "properties": {"identifier": "13670a15-bb36-4dfd-8f91-7a99c3e61e37", "name": "Feuerstelle Tamboboden", "description": "<p>Zu Fuss \u00fcber den Themenweg&nbsp;Rheinquellweg Transit&nbsp;von Spl\u00fcgen Richtung Medels. Nach ca. 20 Minuten erreichen Sie die Feuerstelle welche sich direkt neben der Tambobr\u00fccke, am Hinterrhein befindet. Es gibt keinen Zugang zum Hinterrhein.</p><p><span style=\"font-weight: bold;\">Ausstattung</span></p><ul><li>1 Feuerstelle</li><li>Rost vorhanden</li><li>Brennholz vorhanden</li><li>3 B\u00e4nke um die Feuerstelle (je 3-4 Sitzpl\u00e4tze)</li><li>1 Granittisch mit 8 Sitzpl\u00e4tzen<br><br></li></ul><p>Bitte allf\u00e4llige Weisungen z.B. bez\u00fcglich <a href=\"https://www.gr.ch/DE/institutionen/verwaltung/diem/awn/aktuelles/Waldbrandgefahr/Seiten/aktuelle_waldbrandgefahr.aspx\" target=\"_blank\">Waldbrandgefahr </a>beachten.</p>", "url": "https://www.viamala.ch", "image": "https://viatpimtsoch.sos-ch-dk-2.exoscale-cdn.com/catalog/b/8/2/c/b82c2368ad4ccd25899bc5c0153fe060c473de0e_Feuerstelle_Tamboboden_Spl__gen.jpg", "openstreetmap_id": "node/9804412296"}, "geometry": {"type": "Point", "coordinates": ["9.306439161300661", "46.546583205071634"]}}, {"type": "Feature", "properties": {"identifier": "1399ca8e-d0c3-442e-8838-dc68cd99cda2", "name": "Casa Caminada", "description": "<p>In der traditionellen Beiz der Casa Caminada werden u.a. B\u00fcndner Spezialit\u00e4ten, wie Capuns Tatta, Maluns, Kalbsvoressen und Ravioli von ged\u00f6rrten Birnen serviert. Lokale Produkte, wie Wurst, K\u00e4se und Gem\u00fcse stammen von regionalen Produzenten und das Holzofen Brot aus der hauseigenen B\u00e4ckerei.</p>\n<p>Nebst der Beiz geh\u00f6ren zur Casa Caminada weiter ein Laden mit kulinarischen Spezialit\u00e4ten, eine Holzofenb\u00e4ckerei und ein Wurst- und K\u00e4se-Reiferaum.</p>\n<p>In der Casa Caminada kann auch \u00fcbernachtet werden! Reisende und Aktivurlauber f\u00fchlen sich in den 10 schlicht-sch\u00f6nen Doppel- und Familienzimmern sehr wohl.</p>\n<p>Die Architektur der Casa Caminada ist Graub\u00fcnden pur \u2013 geplant und gebaut vom&nbsp;renommierten Architekten Gion A. Caminada. Die Casa Caminada&nbsp;ist ein touristischer Anziehungspunkt f\u00fcr die ganze Region.</p>\n<h4>Sitzpl\u00e4tze</h4>\n<ul>\n<li>Restaurant: 40 Sitzpl\u00e4tze</li>\n<li>Gartenrestaurant: 30 Sitzpl\u00e4tze</li>\n</ul>", "url": "https://www.casacaminada.com", "image": "https://viatpimtsoch.sos-ch-dk-2.exoscale-cdn.com/catalog/2/e/0/d/2e0d62ac0da32844ccd8655a479198d94928f96f_casa_caminada_restaurant_fuerstenau_gaudenz_danuser.jpg", "openstreetmap_id": "node/9084835926"}, "geometry": {"type": "Point", "coordinates": ["9.445312999999942", "46.720895"]}}, {"type": "Feature", "properties": {"identifier": "139edb63-bddc-4906-ade8-9fbd0af9842a", "name": "E-Bike-Ladestation Sufers", "description": "<p><span style=\"font-weight: bold;\">Vorhandene Anschl\u00fcsse </span></p><ul><li>Bosch </li><li>Yamaha </li><li>Impulse-Brose </li><li>Shimano 1 &amp; 2 </li><li>Panasonic-Flyer 1 &amp; 2 </li><li>Schweizer Steckdose&nbsp;T13 </li></ul><p><br></p><p><span style=\"font-weight: bold;\">Unsere Tipps f\u00fcr Sie w\u00e4hrend der Wartezeit </span></p><ul><li>St\u00e4rken Sie sich im <a href=\"https://www.seeblick-sufers.ch/\">Hotel Restaurant Seeblick</a>. </li><li>M\u00f6chten Sie in Sufers \u00fcbernachten, stehen Ihnen verschiedene Unterk\u00fcnfte zur Wahl. So z.B. im Hotel Seeblick, in B&amp;B's und Ferienwohnungen. <a href=\"https://tportal.tomas.travel/Viamala/ukv/?date_unknown=1&amp;%3FdoSearch=1&amp;ukv_result_order=1&amp;serviceProviderTypes%5B0%5D&amp;locationIDs%5B0%5D=TDS00020010527381592&amp;reset=1\">Hier </a>geht's zum Online-Shop. </li><li>F\u00fcr den Einkauf des Proviants besuchen Sie den <a href=\"https://sufers.ch/gewerbe-landwirtschaft/\">Dorfladen Sufers</a>.&nbsp;</li></ul>", "url": "https://sufers.ch", "image": "https://viatpimtsoch.sos-ch-dk-2.exoscale-cdn.com/catalog/4/e/d/b/4edbe27b3aab0939dbe48a0fdc896d6767ee4372_e_bike_ladestation_sufers_rheinwald_naturpark_beverin.jpg", "openstreetmap_id": "node/6315767451"}, "geometry": {"type": "Point", "coordinates": ["9.368687868118286", "46.56987709924822"]}}, {"type": "Feature", "properties": {"identifier": "143554e6-0fe3-497d-a0a6-272c91424fcd", "name": "Feuerstelle Abzweigung Valle di Lei", "description": "<p><span style=\"font-weight: bold;\">Ausstattung</span></p><ul><li>1 Feuerstelle</li><li>alter Grillrost vorhanden</li><li>1 Tisch mit B\u00e4nke (8 Sitzpl\u00e4tze)</li><li>Brennholz vorhanden<br></li></ul><p><br>Bitte allf\u00e4llige Weisungen z.B. bez\u00fcglich <a href=\"https://www.gr.ch/DE/institutionen/verwaltung/diem/awn/aktuelles/Waldbrandgefahr/Seiten/aktuelle_waldbrandgefahr.aspx\" target=\"_blank\">Waldbrandgefahr </a>beachten.</p>", "url": "https://www.viamala.ch", "image": "https://viatpimtsoch.sos-ch-dk-2.exoscale-cdn.com/catalog/e/2/c/b/e2cb5f95c8e52a12975ba96c33ca382670fae88f_Grillstelle_Abzweigung_Valle_di_Lei_Avers.jpg", "openstreetmap_id": "node/10092004528"}, "geometry": {"type": "Point", "coordinates": ["9.472176999999988", "46.49507"]}}, {"type": "Feature", "properties": {"identifier": "14384c68-feb7-476b-8c9a-abb8d57bd81a", "name": "Restaurant Viamala", "description": "<p>Die Speisekarte des Restaurants bietet eine vielf&auml;ltige Auswahl an Getr&auml;nken, darunter Kaffee, Tee, alkoholfreie Getr&auml;nke, Bier und Wein. Perfekt f&uuml;r eine Pause auf der Reise, einen Aperitif oder einen gem&uuml;tlichen Abend.</p><p>Zu den kulinarischen Highlights geh&ouml;ren:</p><ul><li>Capuns Grischun: vegetarisch oder mit Fleisch</li><li>Pommes Frites: Als Beilage oder mit Pouletbrust-Nuggets.</li><li>Klassiker: Eglifilet-Knusperli, Salat-Bowls und Els&auml;sser Flammkuchen.</li><li>Desserts: Hausgemachte Fruchtw&auml;hen oder Kuchen nach Tagesangebot.</li></ul><p>Restaurant Viamala gibt es eine herrliche Sonnenterrasse, auf der Sie bei sch&ouml;nem Wetter verweilen k&ouml;nnen. Wenn das Wetter jedoch schlecht ist, haben Sie auch die M&ouml;glichkeit, drinnen zu sitzen und die gem&uuml;tliche Atmosph&auml;re zu genie&szlig;en. Das Restaurant bietet sowohl Innen- als auch Au&szlig;enbereiche, sodass Sie unabh&auml;ngig vom Wetter eine angenehme Zeit haben k&ouml;nnen.</p>", "url": "https://tcs-camping.ch/thusis", "image": "https://viatpimtsoch.sos-ch-dk-2.exoscale-cdn.com/catalog/8/1/6/a/816a101ce7ffc0b3747a5c0e7af9b12eb7441d5c_restaurant_viamala_tcs_camping_thusis.jpg", "openstreetmap_id": "node/12187760600"}, "geometry": {"type": "Point", "coordinates": ["9.445377", "46.69955"]}}, {"type": "Feature", "properties": {"identifier": "14f06d61-c5cc-48ea-83c1-3602de6e9c4a", "name": "Stellplatz Seeblick Sufers", "description": "<p>Die Speisekarte finden Sie auf der <a href=\"https://www.seeblick-sufers.ch/\">Webseite</a>&nbsp;vom Hotel. Es gibt immer&nbsp;spezielle Tagesgerichte und feine hausgemachte Desserts. WomoDinner k\u00f6nnen Sie <a href=\"tel:+41816641186\">telefonisch</a> oder per <a href=\"mailto:info@seeblick-sufers.ch\">E-Mail</a> reservieren. Am Mittag und am Abend verw\u00f6hnt Sie das Restaurant&nbsp;gerne mit feinen Gerichten. Durchreisende d\u00fcrfen ab 17 Uhr bis morgens 10 Uhr auf dem Parkplatz f\u00fcr CHF 25.- \u00fcbernachten. Bei Konsumation ab CHF 50.- entf\u00e4llt der \u00dcbernachtungspreis.&nbsp;WCs k\u00f6nnen zu \u00d6ffnungszeiten im Restaurant ben\u00fctzt werden.</p>", "url": "https://www.seeblick-sufers.ch", "image": "https://viatpimtsoch.sos-ch-dk-2.exoscale-cdn.com/catalog/3/3/7/b/337b3af231c919a1ffebcafecce7d5c21ce711eb_sufers_dorf_rheinwald_sommer.jpg", "openstreetmap_id": "node/8747425926"}, "geometry": {"type": "Point", "coordinates": ["9.36873346567154", "46.56993426125404"]}}, {"type": "Feature", "properties": {"identifier": "153b8af0-c79b-446d-a1c2-20bc063130e6", "name": "Valle di Lei - KHR Staumauer", "image": "https://viatpimtsoch.sos-ch-dk-2.exoscale-cdn.com/catalog/a/f/1/4/af1456ea029f40d57aa2667ada0b38c1726757f9_staumauer_und_stausee_valle_di_lei_viamala_tourismus.jpg", "openstreetmap_id": "way/365808667"}, "geometry": {"type": "Point", "coordinates": ["9.456835985183718", "46.4835891691578"]}}, {"type": "Feature", "properties": {"identifier": "15a56a04-3238-41b9-954f-61054cb4fc4e", "name": "Lai la Scotga", "url": "https://www.viamala.ch", "image": "https://viatpimtsoch.sos-ch-dk-2.exoscale-cdn.com/catalog/5/a/7/1/5a712c4d51c2e64214518b5f8490409225f17151_lai_la_scotga_schamserberg_carnusapass_demateo.com__2_.jpg", "openstreetmap_id": "way/322997240"}, "geometry": {"type": "Point", "coordinates": ["9.34179179545447", "46.63753155964071"]}}, {"type": "Feature", "properties": {"identifier": "165a7416-04fe-402b-ad17-b13437a0f011", "name": "Lai da Calandari", "url": "https://www.viamala.ch", "image": "https://viatpimtsoch.sos-ch-dk-2.exoscale-cdn.com/catalog/d/f/9/c/df9c58a7ebd90a2bb7bdf61226dc43cf15c8e010_lai_da_calandari__2_.jpg", "openstreetmap_id": "way/319356459"}, "geometry": {"type": "Point", "coordinates": ["9.356165128249017", "46.59911825459325"]}}, {"type": "Feature", "properties": {"identifier": "17853c80-3938-4faf-96e4-17650f26abbc", "name": "Gasthaus Edelweiss", "description": "Das Gasthaus Edelweiss am Eingang zum Avers beeindruckt mit seiner heimeligen Atmosph\u00e4re und einer einzigartigen kulinarischen Mischung aus einfacher einheimischer K\u00fcche und thail\u00e4ndischen Einfl\u00fcssen. Die gem\u00fctliche Gaststube und die moderne Climbing Lounge laden G\u00e4ste zum Verweilen und Geniessen ein, w\u00e4hrend sie gleichzeitig Raum f\u00fcr gesellige Treffen und aktive Erlebnisse bieten.", "url": "https://www.valferrera.com", "image": "https://viatpimtsoch.sos-ch-dk-2.exoscale-cdn.com/catalog/6/7/6/7/67678bbb43c34c0b2b1eefc7026d843366c460a4_gasthaus_edelweiss_innerferrera_sommer.jpg", "openstreetmap_id": "node/2218609917"}, "geometry": {"type": "Point", "coordinates": ["9.43953", "46.558177"]}}, {"type": "Feature", "properties": {"identifier": "1834528a-dbbe-4205-b1ad-fabf16bf354e", "name": "Migalhas Restaurant Bar Thusis", "description": "<p>Das Migalhas Restaurant Bar bringt portugiesische K&uuml;che und Gastfreundschaft nach Thusis. Freue dich auf traditionelle Gerichte, mediterrane Aromen und ein unkompliziertes Ambiente zum Geniessen und Verweilen.</p>", "image": "https://viatpimtsoch.sos-ch-dk-2.exoscale-cdn.com/catalog/3/c/a/7/3ca78503228aa7a98e39d0ff34803f3839efd6fe_Portugiesische_Gerichte_Beispielbild_ChatGPT_neu.png", "openstreetmap_id": "node/13903775449"}, "geometry": {"type": "Point", "coordinates": ["9.439771771430971", "46.69674243380327"]}}, {"type": "Feature", "properties": {"identifier": "18743e41-c386-4e81-9ab4-09866caaa210", "name": "Berggasthaus Parsiras", "description": "<p data-start=\"69\" data-end=\"221\">Von der Terrasse aus geniesst du ein atemberaubendes Panorama auf das Domleschg, das Albulatal, den Piz Beverin und die ferne Bergwelt des Engadins.</p>\n<p data-start=\"223\" data-end=\"331\">Mit viel Herzblut und echter Gastfreundschaft wirst du mit regionalen und saisonalen Spezialit&auml;ten verw&ouml;hnt.</p>\n<p data-start=\"333\" data-end=\"414\"><strong data-start=\"333\" data-end=\"414\">Parsiras &ndash; eingebettet in die eindrucksvolle Alpenlandschaft des Heinzenbergs<br></strong>Ein Ort der Ruhe und Erholung: Ob nach einer Wanderung aus dem Safiental, einer aussichtsreichen Mountainbike-Tour aus dem Pr&auml;ttigau oder einer Tour aus dem Rheinwald &ndash; im Parsiras wirst du herzlich empfangen und kulinarisch verw&ouml;hnt.</p>\n<p data-start=\"652\" data-end=\"946\">Im Sommer erreichst du das Berggasthaus bequem mit dem Auto. Im Winter liegt es mitten im familienfreundlichen Skigebiet Sarn-Heinzenberg und kann direkt mit den Skiern angefahren werden. Zahlreiche Winterwanderwege f&uuml;hren dich von Lescha, Tschappina, Oberurmein oder vom Glaspass zum Parsiras.</p>\n<p data-start=\"948\" data-end=\"1136\">Auch &uuml;bernachten kannst du im Parsiras: Zwei charmante Zimmer mit je drei Betten stehen bereit. H&uuml;ttenzauber pur &ndash; mit spektakul&auml;rer Aussicht! Buchungen erfolgen direkt &uuml;ber die Betreiber.</p>", "url": "https://parsiras-heinzenberg.ch", "image": "https://viatpimtsoch.sos-ch-dk-2.exoscale-cdn.com/catalog/e/7/a/d/e7ad3d217722c9af875430238c33c9a69e3fa7b7_berggasthaus_parsiras_heinzenberg_sommer.jpg", "openstreetmap_id": "node/2408249838"}, "geometry": {"type": "Point", "coordinates": ["9.369946", "46.716977"]}}, {"type": "Feature", "properties": {"identifier": "188e19e3-e54e-4a79-9604-c377002e5524", "name": "Schaller's Taxi", "description": "<p>\"Z'Taxi vo do\", ein aufstrebendes Taxiunternehmen aus Rh\u00e4z\u00fcns, das Gastfreundschaft und Komfort vereint. Mit dem klaren Ziel, den Service stetig zu verbessern, bietet das Unternehmen Platz f\u00fcr bis zu vier Fahrg\u00e4ste in einem modernen Fahrzeug. Der pers\u00f6nliche Touch des jungen und kommunikativen Fahrers verspricht eine angenehme Reise, w\u00e4hrend die Flexibilit\u00e4t, Fahrten ausserhalb der regul\u00e4ren \u00d6ffnungszeiten anzubieten, den Bed\u00fcrfnissen der Kunden gerecht wird.</p><p>Das Unternehmen ist in Rh\u00e4z\u00fcns ans\u00e4ssig und bietet auch Fahrten in der Ferienregion Viamala an. Dabei konzentriert es sich auf l\u00e4ngere Strecken und f\u00fchrt keine Kurzfahrten durch. Von Montag bis Samstag von 9 bis 21 Uhr steht \"z'Taxi vo do\" bereit, um Reisende sicher ans Ziel zu bringen. Die Buchung erfolgt telefonisch. Ein zuvorkommender Service ist garantiert.</p><p>Tauche ein in die Welt von \"z'Taxi vo do\" und erlebe eine freundliche und zuverl\u00e4ssige Fahrt durch die malerische Landschaft.</p>", "image": "https://viatpimtsoch.sos-ch-dk-2.exoscale-cdn.com/catalog/0/5/3/0/053097ae1e4c3127ab766fa0d21d521c00d68188_schaller_s_taxi_thusis.jpg", "openstreetmap_id": "node/12121759021"}, "geometry": {"type": "Point", "coordinates": ["9.440109729766847", "46.69839809537952"]}}, {"type": "Feature", "properties": {"identifier": "18f13cac-170a-4c63-bbea-bd4f0b093d25", "name": "Aussichtspunkt Sardona", "description": "Die Tektonikarena Sardona erlaubt einzigartige Einblicke in die Entstehungsgeschichte der alpinen Berge und T\u00e4ler. Entlang der weit herum sichtbaren Linie, der Glarner Haupt\u00fcberschiebung, auch&nbsp;\u00abmagische Linie\u00bb genannt, schoben sich 250-300 Millionen Jahre alte auf viel j\u00fcngere, zum Teil \u00abnur\u00bb 35-50 Millionen Jahre alte Gesteine. Dies geschah vor 10-20 Millionen Jahren weit unter der damaligen Erdoberfl\u00e4che.", "url": "https://www.viamala.ch", "image": "https://viatpimtsoch.sos-ch-dk-2.exoscale-cdn.com/catalog/3/9/2/0/3920a40c3a57514aacc37635573d5b1c0f048ab8_aussichtspunkt_sardona_feldis_sommer_viamala_tourismus.jpg", "openstreetmap_id": "node/11882328572"}, "geometry": {"type": "Point", "coordinates": ["9.431902170181274", "46.798289420753534"]}}, {"type": "Feature", "properties": {"identifier": "190a6ea0-878e-4a40-b271-9981a157a1fc", "name": "Curling-Natureisfeld H\u00fcschera Spl\u00fcgen", "description": "<p><span style=\"font-weight: bold;\">Miete pro Bahn:&nbsp;</span>CHF 150 </p><ul><li>Einf\u00fchrung und Erkl\u00e4rung durch ein Mitglied des Curling Clubs Spl\u00fcgen</li><li>Match \u00fcber 6 Ends mit st\u00e4ndiger Betreuung (Spielzeit ca. 1.5 Stunden)</li><li> Personenzahl pro Bahn 6-10 Personen </li></ul><p><br></p><p>Nach dem beendeten Match ist es m\u00f6glich, sich in der H\u00fcschera Bar mit einem warmen Getr\u00e4nk aufzuw\u00e4rmen und ein Fondue oder Raclette zu geniessen.</p>", "url": "https://www.hueschera.ch/curling/", "image": "https://viatpimtsoch.sos-ch-dk-2.exoscale-cdn.com/catalog/2/9/7/1/2971767394c1aaf5ffe4dc4db8a1ce45cde16ca2_curling_natureisfeld_hueschera_spluegen_rheinwald_winter_viamala_tourismus.jpg", "openstreetmap_id": "node/12112375089"}, "geometry": {"type": "Point", "coordinates": ["9.322001", "46.547779"]}}, {"type": "Feature", "properties": {"identifier": "19291d09-1010-4a3a-927e-e9483a1ce46a", "name": "Reformierte Kirche Medels", "description": "<p>Im Jahr 1530 schloss sich Medels zusammen mit den anderen Gemeinden des Rheinwalds der Reformation an und l\u00f6ste sich damit endg\u00fcltig von der langj\u00e4hrigen Bindung an das Misox, das am alten Glauben festhielt. Die Kirche wurde im Jahr 1708 erbaut und diente von 1726 bis 1886 als Pfarrkirche einer eigenst\u00e4ndigen Kirchgemeinde, bis Medels sich wieder mit Spl\u00fcgen vereinte. </p><p>Der Kirchturm ist mit einem Zeltdach versehen und befindet sich hangseitig, um den Eingangsbereich vor Lawinen oder Schneerutschungen zu sch\u00fctzen. Das schlichte Innere wird von einer Kanzel ohne Schalldeckel und einem Tauf- und Abendmahlstisch in der Mitte des Chores dominiert.</p>", "url": "https://www.kirche-rheinwald.ch/kontakte", "image": "https://viatpimtsoch.sos-ch-dk-2.exoscale-cdn.com/catalog/4/1/0/2/41029de76ab2d953c4dcabdd8851d2f590d71414_medels_im_rheinwald.jpg", "openstreetmap_id": "way/214747535"}, "geometry": {"type": "Point", "coordinates": ["9.293784", "46.546277"]}}, {"type": "Feature", "properties": {"identifier": "1a38035d-c0df-4a67-adf5-cf7ebadeb09a", "name": "Spielplatz Donat", "description": "<p><strong>Ausstattung:</strong></p>\n<ul>\n<li>Rutschbahnen</li>\n<li>Kletterm\u00f6glichkeit</li>\n<li>Pingpongtisch</li>\n<li>Schaukeln</li>\n</ul>", "url": "http://viamala.ch", "image": "https://viatpimtsoch.sos-ch-dk-2.exoscale-cdn.com/catalog/f/a/7/d/fa7d6671862bd7996dc04229f24220b8d4631fc7_spielplatzfotos_folgen.png", "openstreetmap_id": "way/116391697"}, "geometry": {"type": "Point", "coordinates": ["9.428737163543703", "46.62823229407524"]}}, {"type": "Feature", "properties": {"identifier": "1b1a83f7-349b-46bf-972b-9ead66419ed8", "name": "Ausstellung Kirche St. Martin", "description": "<p>Mit zeitgem&auml;ssen museologischen Mitteln tr&auml;gt die Ausstellung zum Verst&auml;ndnis von Kirchendecke und mittelalterlicher Bilderwelt bei. Die Besucherinnen und Besucher erhalten Auskunft &uuml;ber das geschichtliche und geographische Umfeld, in dem ein solches Kunstwerk entstehen konnte. Die Ausstellung gibt Einblick in die Malerwerkstatt eines mittelalterlichen K&uuml;nstlers. Sie zeigt die besondere Konstruktion der Decke und berichtet &uuml;ber Erhaltungszustand und &uuml;ber die Altersbestimmung der Bildtafeln. In einem Kurzfilm werden das Bildprogramm und die Bedeutung der Bilder erkl&auml;rt. Einzelne Themen der Bilderdecke werden vertieft dargestellt. Die Ausstellung l&auml;dt zur Auseinandersetzung mit dem Weltbild des Mittelalters ein.</p><p><strong> Die Themen der Ausstellung</strong></p><ul><li>Der Weg nach Zillis</li><li>Das mittelaterliche Weltbild</li><li>Kirche St. Martin</li><li>Deckenkonstruktion</li><li>Alterbestimmung</li><li>Bildprogramm</li><li>Zeichen und Gesten</li><li>Sonderausstelung zu Themen mit Bezug zur Region</li></ul><p><strong>&nbsp;</strong></p><p><strong>Gruppen&nbsp;</strong><br>Bei Gruppenbesuchen der Ausstellung ist eine vorg&auml;ngige Anmeldung via Tel.: <a href=\"tel:+41 81 661 22 55\">+41 81 661 22 55</a> oder Mail an <a href=\"mailto:ausstellung@zillis-st-martin.ch\">ausstellung@zillis-st-martin.ch</a>&nbsp;erforderlich. Auf Voranmeldung kann auch eine F&uuml;hrung vereinbart werden, siehe unten.</p><p><strong>F&uuml;hrungen Ausstellung/Kirche</strong><br>F&uuml;r Individualg&auml;ste: Im Juli und August, jeden Dienstag um 15.00 Uhr. Keine Anmeldung erforderlich. Kosten CHF 10.00 pro Erwachsener, CHF 6.00 pro Kind. Treffpunkt: Vor der Ausstellung, Hauptstrasse 28, Zillis.<br>F&uuml;r Gruppen: Jederzeit nach Voranmeldung. Preis CHF 120.00, zuz&uuml;glich Eintritte. Reservation Tel.: <a href=\"tel:+41 81 661 22 55\">+41 81 661 22 55</a> oder Mail an <a href=\"mailto:ausstellung@zillis-st-martin.ch\">ausstellung@zillis-st-martin.ch</a>.</p><p><strong>Hunde</strong><br>In der Austellung sind Hunde nicht erlaubt. Ausnahme sind kleine Hunde, die in einer Tasche mitgetragen werden k&ouml;nnen.</p><p><strong>Projekt &laquo;Tgea da Schons&raquo;</strong><br>Die Kirchendecke der Kirche St. Martin in Zillis, auch bekannt als \"Sixtina der Alpen\", besteht aus 153 einzigartigen quadratischen Bildtafeln, die im 12. Jahrhundert geschaffen wurden. J&auml;hrlich besuchen etwa 20.000 Menschen dieses Kunstwerk in der Berggemeinde s&uuml;dlich der Viamala-Schlucht. Um das Kulturerlebnis zu vertiefen und das Kulturgut zu sch&uuml;tzen, soll das historische Talmuseum &laquo;Tgea da Schons&raquo; erweitert werden. Eine permanente Ausstellung zur romanischen Bilderdecke der Kirche St. Martin wird das kulturelle Verst&auml;ndnis f&ouml;rdern und das Bewusstsein f&uuml;r den Erhalt der Decke sch&auml;rfen. Weitere Ausstellungen werden sich mit der Geschichte der Val Schons als S&auml;umerort sowie mit der Wohnkultur der Region befassen. Diese Ausstellungen sollen sich erg&auml;nzen und Synergien schaffen. Ein Kulturraum neben der Kirche soll als Ort der Begegnung und Inspiration dienen und Seminare, Kurse und kulturelle Veranstaltungen beherbergen. Ein Caf&eacute; ist als Treffpunkt f&uuml;r Besucher der Ausstellungen und Einheimische geplant, um den regionalen Austausch zu f&ouml;rdern und das Dorfleben zu beleben.</p><ul><li><a href=\"https://tgea-da-schons.ch/\">Weitere Informationen zum Projekt</a></li></ul>", "url": "https://zillis-st-martin.ch/", "image": "https://viatpimtsoch.sos-ch-dk-2.exoscale-cdn.com/catalog/4/5/6/8/4568476da4fcce8b331826652ce72f3b32090618_ausstellung_kirche_st_martin_zillis_reischen_schams.jpg", "openstreetmap_id": "node/4620754933"}, "geometry": {"type": "Point", "coordinates": ["9.44474", "46.634774"]}}, {"type": "Feature", "properties": {"identifier": "1b36bb10-b0b0-4460-b342-977eaa6eaf16", "name": "Naturpark Beverin", "description": "<p>Stolz leben die K\u00f6nige der Alpen in den Felsw\u00e4nden rund um den Piz Beverin (2998 m \u00fc. M.) und wachen \u00fcber die wilde, einzigartige Landschaft des 413 Quadratkilometer grossen Naturparks. Das Fundament des Naturpark Beverin bilden die rund 3000 Einwohnerinnen und Einwohner der elf politischen Gemeinden.</p>\n<p>Gemeinsam mit den Parkgemeinden und der Bev\u00f6lkerung arbeitet der Naturpark an der Zukunft der Region. Innovative, kreative L\u00f6sungen sollen der Region eine nachhaltige Entwicklung erm\u00f6glichen.</p>\n<p>Die <a href=\"https://viamala.ch/de/erleben/ausflugsziele/viamala-schlucht.html\">Viamala</a>- und <a href=\"https://www.rofflaschlucht.ch\">Rofflaschlucht</a>, die alpine Gebirgslandschaft rund um den Piz Beverin, die Ruhe und Abgeschiedenheit des Safientals, die glasklaren Bergseen und die artenreichen Trockenwiesen geh\u00f6ren zu den eindr\u00fccklichen Naturwerten im Parkgebiet.</p>\n<p><strong>Wanderbusse</strong><br>Der Naturpark Beverin betreibt im Schams und Rheinwald mittlerweile sechs Wanderbusangebote. In der Rheinschlucht/Ruinaulta verkehrt das gleichnamige Cabrio-PostAuto mit erweitertem Angebot. Weitere Informationen finden Sie <a href=\"https://www.naturpark-beverin.ch/de/angebote-aktuelles/veranstaltungen-angebote/wanderbus-angebote\">hier</a>.</p>\n<p><strong>Naturpark-Menu</strong><br>Ausgew\u00e4hlte Gastrobetriebe bieten ein Naturpark-Menu an. Es erwarten Sie K\u00f6stlichkeiten aus regionalen Produkten. Weitere Informationen finden Sie <a href=\"https://www.naturpark-beverin.ch/de/produkte-partner/naturpark-menus\">hier</a>.</p>\n<p><strong>Capricorn Ausstellung, Wergenstein</strong><br>Capricorns wird der K\u00f6nig der Alpen - der Steinbock - auf vielseitige Art thematisiert. Erfahren Sie wieso der Steinbock erst seit sechzig Jahren wieder im Naturpark Beverin anzutreffen ist und wie man einen Steinbock von einer Steingeiss unterscheiden kann. Mit interaktiven Elementen, wie einem Steinbocksuchspiel, ist die Ausstellung auch f\u00fcr Kinder attraktiv. Weitere Informationen finden Sie <a href=\"https://www.naturpark-beverin.ch/de/capricorn-ausstellung\">hier</a>.</p>\n<p><strong>Capricorn Pirsch, Wergenstein </strong><br>Die digitale Schatzsuche ist ein halbt\u00e4giges Wandererlebnis f\u00fcr die ganze Familie. Mit der <a href=\"https://de.actionbound.com/download/\">Actionbound APP</a> begebt ihr euch auf die Steinbock Pirsch. Auch wenn ihr keine echten Steinb\u00f6cke antreffen werdet, erfahrt ihr viel Spannendes \u00fcber die K\u00f6nige der Alpen. Es erwarten euch vielseitige R\u00e4tsel zum Steinbock, die ihr l\u00f6sen m\u00fcsst, um am Schluss den Schatz zu finden. Unterwegs l\u00e4dt eine Feuerstelle zur Mittagsrast ein. Weitere Informationen finden Sie <a href=\"https://mybusiness.outdooractive.com/de/r/23419968/\" data-type=\"tour\" data-id=\"23419968\">hier</a>.</p>\n<p><strong>48-Stunden-Programm<br></strong>Unterwegs in Naturlandschaften, wo wildes Gew\u00e4sser lockt und Steinb\u00f6cke heimisch sind. Entdecke jetzt, was alles in 48 Stunden im Naturpark Beverin erlebt werden kann:&nbsp;<a href=\"https://www.viamala.ch/de/48-stunden-naturpark-beverin\">Programm</a>.</p>", "url": "https://www.naturpark-beverin.ch", "image": "https://viatpimtsoch.sos-ch-dk-2.exoscale-cdn.com/catalog/e/0/a/a/e0aa35730482257aa099733d0d07b270eb32fa01_steinwild_steinboecke_naturpark_beverin_rheinwald_rheinquellregion_zapporthuette_sac_sommer_dem.jpg", "openstreetmap_id": "relation/2818257"}, "geometry": {"type": "Point", "coordinates": ["9.379505", "46.612393"]}}, {"type": "Feature", "properties": {"identifier": "1c423d1d-f078-4bb8-88f2-267e09b0ef00", "name": "Flerden", "description": "<p>Flerden liegt am inneren Heinzenberg auf 1'244 m &uuml;.M. und z&auml;hlt rund 250 Einwohner.</p>\n<ul>\n<li><a href=\"https://www.flerden.ch/\">Website Gemeinde Flerden</a></li>\n<li><a href=\"http://www.hls-dhs-dss.ch/textes/d/D1486.php\">Link zum historischen Lexikon der Schweiz</a></li>\n<li><a href=\"http://shop.graubuenden.ch/Viamala/ukv/?date_unknown=1&amp;doSearch=1&amp;locationIDs[]=TDS00020010346588712&amp;globalReset=1&amp;persistentParameters=1&amp;lang=de\">Unterk&uuml;nfte in Flerden</a></li>\n</ul>", "url": "https://www.flerden.ch", "image": "https://viatpimtsoch.sos-ch-dk-2.exoscale-cdn.com/catalog/8/5/4/7/85479fdc8d49ca5893bcb2a131a4112391f305f7_flerden_im_sommer_heinzenberg_demateo.jpg", "openstreetmap_id": "ChIJ-TSiqtHrhEcRvETb0oaRspU"}, "geometry": {"type": "Point", "coordinates": ["9.406579", "46.700479"]}}, {"type": "Feature", "properties": {"identifier": "1da2b8fe-088a-4eee-bd88-bc4e114b8aaf", "name": "Trans", "description": "<p>Trans geh\u00f6rt seit 1.1.2015 zur Gemeinde Domleschg. Es liegt auf 1'470 m \u00fc.M. und z\u00e4hlt rund 60 Einwohner.</p>\n<ul>\n<li><a href=\"http://www.domleschg.ch/\">Website Gemeinde Domleschg</a></li>\n<li><a href=\"http://www.hls-dhs-dss.ch/textes/d/D1481.php\">Link zum historischen Lexikon der Schweiz</a></li>\n<li><a href=\"http://shop.graubuenden.ch/Viamala/ukv/?date_unknown=1&amp;doSearch=1&amp;locationIDs[]=TDS00020010347148131&amp;globalReset=1&amp;persistentParameters=1&amp;lang=de\">Unterk\u00fcnfte in Trans</a></li>\n</ul>", "url": "https://www.domleschg.ch", "image": "https://viatpimtsoch.sos-ch-dk-2.exoscale-cdn.com/catalog/8/b/a/9/8ba971355d274cec10b0fae06f14865d80d5acc3_trans_dorf_domelschg_sommer_demateo.jpg", "openstreetmap_id": "node/2202573835"}, "geometry": {"type": "Point", "coordinates": ["9.46093", "46.764497"]}}, {"type": "Feature", "properties": {"identifier": "1dd80371-96e2-4dc4-98e6-efcd48024cd3", "name": "G\u00e4steinformation Viamala, Infostelle Andeer", "url": "https://www.viamala.ch", "image": "https://viatpimtsoch.sos-ch-dk-2.exoscale-cdn.com/catalog/5/0/0/9/50093e1c4a83e800bd9b00dae862e136ffe690d8_andeer_dorf_reformierte_kirche_mineralbad_schams_herbst_markus_mueller.jpg", "openstreetmap_id": "node/2238796065"}, "geometry": {"type": "Point", "coordinates": ["9.426666", "46.605278"]}}, {"type": "Feature", "properties": {"identifier": "1eb4d612-b30b-4f62-b58d-efc317a37c80", "name": "Pumptrack Val Schons", "description": "<p>Im Herbst 2021 hatten drei F\u00fcnftkl\u00e4ssler die vision\u00e4re Idee, in Andeer einen Pumptrack zu realisieren. Ihre Begeisterung f\u00fcr diesen Trendsport war der Anstoss f\u00fcr ein Gemeinschaftsprojekt, das zur Gr\u00fcndung eines Vereins f\u00fchrte. Die Gemeinde Andeer zeigte sich von Anfang an offen gegen\u00fcber diesem Vorhaben und unterst\u00fctzte es tatkr\u00e4ftig.</p><p>Nach intensiver Planung und Zusammenarbeit mit der renommierten Firma Velosolutions konnte das Projekt im Sommer 2024 erfolgreich umgesetzt werden. Der Pumptrack Val Schons befindet sich zentral auf dem Schulplatz Andeer und ist durch seine N\u00e4he zu den \u00f6ffentlichen Verkehrsmitteln leicht erreichbar.</p><p>Der Pumptrack ist so gestaltet, dass er Menschen fast jeden Alters anspricht, von Kindern \u00fcber Jugendliche bis hin zu Erwachsenen. Ob mit dem Fahrrad, Skateboard oder Scooter \u2013 der Track bietet Spass und sportliche Herausforderung f\u00fcr Anf\u00e4nger*innen wie auch Fortgeschrittene. Zudem ist die Anlage frei zug\u00e4nglich, sodass jeder die M\u00f6glichkeit hat, sich hier auszutoben und seine F\u00e4higkeiten zu verbessern.</p><p>Der Pumptrack Val Schons ist somit nicht nur ein sportlicher Treffpunkt, sondern auch ein Symbol f\u00fcr das Engagement und den Gemeinschaftssinn der jungen Generation in Andeer.</p>", "url": "https://www.gemeinde-andeer.ch/", "image": "https://viatpimtsoch.sos-ch-dk-2.exoscale-cdn.com/catalog/a/2/3/6/a23653bd7f88778b28f5def567053eab95b96ff5_profis_bei_der_eroeffnung_des_pumptracks_val_schons_im_september_2024.jpg", "openstreetmap_id": "way/214121847"}, "geometry": {"type": "Point", "coordinates": ["9.4253082", "46.602327"]}}, {"type": "Feature", "properties": {"identifier": "1f162294-5315-4728-80ae-aab4209d9ae4", "name": "Reitstall Thusis", "description": "Laura Korell ist ausgebildete Bereiterin mit eidg. F\u00e4higkeitsausweis und verf\u00fcgt \u00fcber langj\u00e4hrige Erfahrung in den Bereichen Reitschule, Ausbildung von Pferden und reiten. Erleben Sie unvergessene Ausritte in der Region Heinzenberg/Domleschg zu jeder Jahreszeit oder nehmen Sie an einer der lehrreichen Reitstunden teil - ob Anf\u00e4nger oder Profi, man lernt nie aus... Die kleinen G\u00e4ste erwartet ein imposantes Ponyreiten. Das Angebot ist vielf\u00e4ltig: Reitstunden auf dem Reitplatz (20 x 40 m), Longenstunden, gef\u00fchrte Ausritte und Ponyreiten. Bitte um telefonische Voranmeldung. Versicherung ist Sache der Reitsch\u00fcler.", "url": "https://www.reitstall.gr", "image": "https://viatpimtsoch.sos-ch-dk-2.exoscale-cdn.com/catalog/1/c/5/e/1c5efc9580302d2afb975671ed20ac5408c1482e_24147715.jpg", "openstreetmap_id": "way/294164139"}, "geometry": {"type": "Point", "coordinates": ["9.435705", "46.7122593"]}}, {"type": "Feature", "properties": {"identifier": "1f971a24-44a1-4685-98c3-fafbe0a1d6aa", "name": "Caf\u00e9 Konditorei Iselin", "description": "<p>Das Caf\u00e9 Konditorei Iselin lockt Einheimische und Touristen gleichermassen mit seiner einladenden Atmosph\u00e4re und seinem breiten Angebot an kulinarischen K\u00f6stlichkeiten. G\u00e4ste k\u00f6nnen sich auf eine Auswahl an perfekt zubereiteten Kaffeespezialit\u00e4ten freuen, begleitet von frisch gebackenen Leckereien und raffinierten Desserts. Besonders hervorzuheben sind die handgefertigten Schokoladenkreationen, die mit feinsten Zutaten und viel Liebe zum Detail hergestellt werden. Ein Besuch im Caf\u00e9 Konditorei Iselin verspricht Genussmomente in gem\u00fctlicher Atmosph\u00e4re.</p><p><span style=\"font-weight: bold;\">Anzahl Sitzpl\u00e4tze</span></p><ul><li>Restaurant: 25 Pl\u00e4tze</li><li>Gartenrestaurant: 10 Pl\u00e4tze</li><li>Terrasse: 12 Pl\u00e4tze</li></ul>", "url": "https://cafe-iselin.ch", "image": "https://viatpimtsoch.sos-ch-dk-2.exoscale-cdn.com/catalog/e/6/3/2/e632c4b018d3b8c9989ca75a7f96359bd2a6d5e6_cafe_konditorei_iselin_andeer_im_sommer_viamala_tourismus.jpg", "openstreetmap_id": "node/2238796077"}, "geometry": {"type": "Point", "coordinates": ["9.4266312", "46.6022458"]}}, {"type": "Feature", "properties": {"identifier": "1fbebd58-467b-4769-8923-4a1da4ba50bb", "name": "\u00d6ffentliche Toilette Spielplatz Andeer", "description": "Das Toilettenh\u00e4uschen ist mit zwei separaten Bereichen ausgestattet: eine T\u00fcr f\u00fchrt zur Toilette, die andere zum Waschbecken. Zus\u00e4tzlich ist das H\u00e4uschen mit einer Wickelunterlage ausgestattet.", "url": "https://viamala.ch", "image": "https://viatpimtsoch.sos-ch-dk-2.exoscale-cdn.com/catalog/d/f/4/a/df4ae0ee3ffedc5fc1bd5c8823c2d2b8a944eac4_toilette_beim_spielplatz_andeer.jpg", "openstreetmap_id": "way/71833609"}, "geometry": {"type": "Point", "coordinates": ["9.422396421432497", "46.60281486644623"]}}, {"type": "Feature", "properties": {"identifier": "2093a8b8-d67e-4b2c-8666-e5efcbea5899", "name": "Spital Thusis", "description": "Das Spital Thusis ist bekannt f\u00fcr seine hohe Qualit\u00e4t in der medizinischen Versorgung und seinen patientenorientierten Ansatz. Es arbeitet eng mit anderen Gesundheitseinrichtungen in der Region zusammen, um eine umfassende Betreuung sicherzustellen. Das Krankenhaus spielt eine wichtige Rolle in der Gesundheitsversorgung der lokalen Bev\u00f6lkerung und bietet auch spezialisierte Dienstleistungen in Zusammenarbeit mit gr\u00f6sseren Zentren an.", "url": "https://www.spitalthusis.ch", "image": "https://viatpimtsoch.sos-ch-dk-2.exoscale-cdn.com/catalog/e/7/1/3/e713e9a0d6a1fa166cc6a1bdc2ace0c69acddf03_spital_thusis_im_sommer_demateo.jpg", "openstreetmap_id": "way/677013731"}, "geometry": {"type": "Point", "coordinates": ["9.43701", "46.697204"]}}, {"type": "Feature", "properties": {"identifier": "2117c299-724a-4c2f-a3e6-33216cbb9904", "name": "Laada am Berg", "description": "<p>Es werden lokale Produkte sowie zahlreiche Spezialit&auml;ten aus der unmittelbaren Umgebung verkauft. Du findest auch Geschenkartikel und Arbeiten der gesch&uuml;tzten Werkst&auml;tte ARBES.</p>", "image": "https://viatpimtsoch.sos-ch-dk-2.exoscale-cdn.com/catalog/1/8/1/7/1817ada62fae6d470d2a7115be0d1f74b937d2ce_das_breite_angebot_vom_laada_am_berg_in_oberurmein.jpg", "openstreetmap_id": "node/2899764093"}, "geometry": {"type": "Point", "coordinates": ["9.385873", "46.697728"]}}, {"type": "Feature", "properties": {"identifier": "2181ee00-9a9b-4c9b-a372-1f6bded3c50c", "name": "Boulderparadies Magic Wood", "description": "<p>Das Klettergebiet liegt mitten im Gebiet \u00abPar\u00e9 da Miezgi\u00bb am \u00abRagn da Ferrera\u00bb, vollst\u00e4ndig im Wald. </p><p>Das Bouldergebiet erstreckt sich auf ca. 250 m Breite und 500 m L\u00e4nge. Mittlerweile hat die Gemeinde Ferrera den Zugang zum \u00abMagic Wood\u00bb mit einer Br\u00fccke erschlossen. Boulderer, welche nicht auf dem \u00dcbernachtungsplatz campieren m\u00f6chten, haben die M\u00f6glichkeit, im Gasthaus Edelweiss in&nbsp;Ausserferrera&nbsp;mit dazugeh\u00f6rigen Touristenhaus GENEROSO oder im Gasthaus Alpenrose in Innerferrera&nbsp;zu n\u00e4chtigen. </p><p>Beim Bodhi Camping ist es m\u00f6glich, Crash Pads (Bouldermatten) und Kletterschuhe zu mieten. </p><ul><li><a href=\"https://www.thecrag.com/climbing/switzerland/alpen/graubunden/magic-wood-averstal\" target=\"_blank\">Boulderf\u00fchrer Magic Wood</a> </li><li><a href=\"https://www.valferrera.com/magic-wood\">Mehr Informationen Magic Wood</a> </li></ul><p><br></p><p><span style=\"font-weight: bold;\">Gemeinsam f\u00fcr Magic Wood: Unterst\u00fctze die Rettung! </span></p><p>Gemeinsam k\u00f6nnen wir \u00abMagic Wood\u00bb vor der drohenden Schliessung bewahren und daf\u00fcr sorgen, dass dieser magische Ort weiterhin f\u00fcr uns alle zug\u00e4nglich bleibt. Wir rufen die gesamte Kletter-Community dazu auf, sich diesem Aufruf anzuschliessen und Magic Wood zu retten. Deine Unterst\u00fctzung ist jetzt entscheidend, um diesen einzigartigen Ort f\u00fcr kommende Generationen zu bewahren. Lass uns gemeinsam sicherstellen, dass \u00abMagic Wood\u00bb weiterhin ein Ort der Magie, Freude und Herausforderung bleibt.&nbsp;</p><ul><li> <a href=\"https://www.magicwood.app\" target=\"_blank\">Weitere Informationen&nbsp;</a></li></ul>", "url": "https://www.valferrera.com/magic-wood", "image": "https://viatpimtsoch.sos-ch-dk-2.exoscale-cdn.com/catalog/7/4/0/8/7408cd41857520fffdc910ca8469b33b84133b94_boulderer_magic_wood_am_ragn_da_ferrera_markus_mueller.jpg", "openstreetmap_id": "way/211937237"}, "geometry": {"type": "Point", "coordinates": ["9.438502", "46.568506"]}}, {"type": "Feature", "properties": {"identifier": "21928c1e-85de-48e1-b7a7-0666c7a16838", "name": "Canovasee", "description": "<p>Im Burgen- und Obstland Domleschg liegt der Badesee, romantisch und warm, im Sommer mit weit &uuml;ber 20 Grad. Ein Besuch l&auml;sst sich bestens mit einem Spaziergang nach Almens verbinden, welcher eine einmalige Aussicht auf den Heinzenberg verspricht.</p><p>Die Naturbadi verf&uuml;gt &uuml;ber eine grosse Liegewiese, einen Kiosk, zwei Grillstellen, Umkleidekabinen und Toiletten.</p><p>Die Badesaison beginnt Anfang Mai. Am Kiosk gibt es Glac&eacute; und Getr&auml;nke, Hot Dog und verschiedene S&uuml;ssigkeiten. Es gibt auch eine Feuerstelle, um mitgebrachte W&uuml;rste zu grillieren.</p><p>Der Badesee liegt auf einer H&ouml;he von 777 Metern &uuml;ber Meer und ist knapp 200 Meter lang und 100 Meter breit. Sowohl Zu- als auch Abfluss des Seeleins sind unterirdisch.</p><p>Bestaunen Sie auf dem Weg von der Dorfstrasse hinauf zum lieblichen Weiher auch gleich die &uuml;berlebensgrosse und vielfotografierte Skulptur vor dem Ateliers des bekannten K&uuml;nstlers Robert Indermaur.</p>", "url": "https://www.canovasee.com", "image": "https://viatpimtsoch.sos-ch-dk-2.exoscale-cdn.com/catalog/7/4/0/2/74028478559413cc4a4dd8b3322cea015561cf48_canovasee_paspels_sommer_demateo.com__5_.jpg", "openstreetmap_id": "way/110962522"}, "geometry": {"type": "Point", "coordinates": ["9.45076", "46.746473"]}}, {"type": "Feature", "properties": {"identifier": "22259ad6-bd33-46d3-b4ab-6424e5485c10", "name": "Ruine Hasensprung", "description": "<p>Es ist davon auszugehen, dass die Burg urspr\u00fcnglich dem Geschlecht der Vazer geh\u00f6rte. Dass sie dann in der Schamserfehde gebrochen worden ist, ist ebenfalls nur Mutmassung. Urkundlich ist die Burg nicht bezeugt.</p>\n<p>Im Urbar des Domkapitels um 1370 wird jedoch der H\u00fcgel Hasensprung erw\u00e4hnt.</p>\n<p>Auf der Burgstelle liegen heute betr\u00e4chtliche Schuttmassen. Dadurch ist der Grundriss nicht mehr erkennbar. Vermutlich handelte es sich um einen Turm mit westlich anschliessendem Bering. Vom Turm steht noch ein Mauerwinkel, welcher aus einem ausgezeichneten Verband aus lagerhaft geschichteten Bl\u00f6cken besteht.</p>\n<p>Drei Scharten sind ganz erhalten, wovon die oberen eine gerade, die untersten eine schr\u00e4ge Bank aufweisen. An den Abbruchpartien sind Spuren weiterer Scharten sowie Teile eines Kamins mit schr\u00e4gem Rauchkanal ersichtlich.</p>\n<p>Am s\u00fcdlichen Plateaurand befinden sich k\u00fcnstlich ausgeschottete Felspartien. Der Zugang erfolgte m\u00f6glicherweise von S\u00fcden her (unsichere Spuren einer Rampe).</p>\n<p>&nbsp;</p>\n<p><strong>Zugang</strong></p>\n<p>Hasensprung ist nur \u00fcber Privatgrund erreichbar. Die Anlage ist vom&nbsp;<a href=\"https://mybusiness.outdooractive.com/de/r/23419810/\" data-type=\"tour\" data-id=\"23419810\">Burgenweg Domleschg</a>&nbsp;aus sichtbar.</p>", "url": "https://www.viamala.ch", "image": "https://viatpimtsoch.sos-ch-dk-2.exoscale-cdn.com/catalog/e/2/f/8/e2f8b8a22eb6bcba8e58666e1c68dafb6ca206b6_ruine_hasensprung_rodels_domleschg_sommer.jpg", "openstreetmap_id": "node/6757301379"}, "geometry": {"type": "Point", "coordinates": ["9.443959", "46.731471"]}}, {"type": "Feature", "properties": {"identifier": "22fe22b8-36c1-4f5f-b6a1-c0f5fb7fbe55", "name": "Museum Rheinwald", "description": "<p>Das Konzept des Museums zeichnet sich durch seine innovativen Vermittlungsmethoden aus. Die Ausstellung ist dreisprachig gestaltet (DE, IT, EN) und spricht eine breite Zielgruppe an &ndash; von kulturinteressierten Erwachsenen bis hin zu Familien mit Kindern. Die Ausstellung im unbetreuten Museum ist intuitiv zug&auml;nglich und kann selbstst&auml;ndig erlebt werden.</p>\n<ul>\n<li><a href=\"https://www.museum-rheinwald.ch/\" target=\"_blank\" rel=\"noopener noreferrer\">Aktuelle Ausstellung</a><br><br></li>\n</ul>\n<h3><strong>Kinder</strong></h3>\n<p><span class=\"cf0\">F&uuml;r die kleinen </span><span class=\"cf0\">Besucher:innen</span><span class=\"cf0\"> gibt es einen spannenden Kinder-Museumsf&uuml;hrer, welcher sie durch das Museum begleitet und mit R&auml;tseln zu einer Entdeckungstour einl&auml;dt. Diese Brosch&uuml;re ist in drei Sprachen (DE, EN und IT) im Museumseingang erh&auml;ltlich.<br><br></span></p>\n<h3><strong>F&uuml;hrungen</strong></h3>\n<p><span class=\"cf0\">Gruppenf&uuml;hrungen </span>(DE/EN) auf Anfrage via <a href=\"mailto:info@museum-rheinwald.ch?subject=Anfrage%20Gruppenf%C3%BChrung%20%E2%80%93%20DE&amp;body=Liebes%20Museums-Team%0A%0AIch%20interessiere%20mich%20f%C3%BCr%20eine%20Gruppenf%C3%BChrung%20im%20Museum%20Rheinwald.%20Wir%20w%C3%A4ren%20ca.%E2%80%AF%5BAnzahl%5D%20Personen%20und%20w%C3%BCrden%20gerne%20im%20Zeitraum%20von%20%5BDatum%2FZeitspanne%5D%20kommen.%20K%C3%B6nntet%20ihr%20mir%20bitte%20weitere%20Informationen%20zu%20m%C3%B6glichen%20Terminen%20und%20Kosten%20zukommen%20lassen%3F%E2%80%A8%0A%0AFreundliche%20Gr%C3%BCsse%E2%80%A8%0A%5BDein%20Name%5D%0A\">Mail</a>.<br><br></p>\n<h3><strong>Eintritt</strong></h3>\n<ul>\n<li><strong>Erwachsene:</strong> 5 CHF / &euro;</li>\n<li><strong>Familien:</strong> 10 CHF / &euro;</li>\n</ul>\n<p>Zahlung: Bar oder Twint</p>", "url": "https://www.museum-rheinwald.ch/", "image": "https://viatpimtsoch.sos-ch-dk-2.exoscale-cdn.com/catalog/2/5/4/a/254adeca43ff820d87d0e0135b19501978e44422__W9A7619.jpg", "openstreetmap_id": "node/12100538052"}, "geometry": {"type": "Point", "coordinates": ["9.32218", "46.553864"]}}, {"type": "Feature", "properties": {"identifier": "23b675db-22a9-45e2-a289-a925ef9cc513", "name": "Schauenstein Schloss Hotel Restaurant", "description": "<p>Spannende und ungewohnte Kombinationen, ungew\u00f6hnliche D\u00fcfte und Gew\u00fcrze, zubereitet in h\u00f6chster Qualit\u00e4t. Alles aus der Schauenstein-K\u00fcche ist mit viel Liebe und Leidenschaft frisch zubereitet. Abgerundet wird das gute Essen mit einer auserlesenen Weinkarte. Das Weinangebot erstreckt sich \u00fcber die besten Anbaugebiete. </p><p>Eine fr\u00fchzeitige <a href=\"https://schauenstein.ch/reservation\">Reservation&nbsp;</a>ist unerl\u00e4sslich.</p>", "url": "https://www.schauenstein.ch", "image": "https://viatpimtsoch.sos-ch-dk-2.exoscale-cdn.com/catalog/2/e/5/9/2e59c714242a611afc8955a28b7c5c1d281b5df4_schloss_schauenstein_fuerstenau_sommer_grf_tolisart.jpg", "openstreetmap_id": "node/3812603364"}, "geometry": {"type": "Point", "coordinates": ["9.44599", "46.72125"]}}, {"type": "Feature", "properties": {"identifier": "23dcfeb8-6e3e-4d83-a5fe-38c96dfb91f5", "name": "Feldis - Richtung Casealas", "image": "https://viatpimtsoch.sos-ch-dk-2.exoscale-cdn.com/catalog/4/e/f/c/4efc80daf8411bab3754a0a3c58c9e96b16854e7_feldis_dorf_im_winter.jpg", "openstreetmap_id": "node/240035995"}, "geometry": {"type": "Point", "coordinates": ["9.43132281303406", "46.793288241230684"]}}, {"type": "Feature", "properties": {"identifier": "251ca05f-d479-4c9f-b9c7-07d77e957414", "name": "Restaurant Pizzeria Altes Zollhaus", "description": "<p>Das Restaurant Pizzeria Altes Zollhaus in Spl\u00fcgen liegt zentral im Dorf und hat eine reiche Geschichte, die bis ins Jahr 1822 zur\u00fcckreicht. Urspr\u00fcnglich erbaut als Zoll- und Warenlagerhaus sowie als Durchfahrt f\u00fcr Pferdefuhrwerke, wurde das Geb\u00e4ude im Laufe der Zeit umgebaut und renoviert. Der s\u00fcdwestliche Teil des Alten Zollhauses wurde Anfang des 20. Jahrhunderts abgerissen, gefolgt von einem weiteren Abriss im Jahr 1983 des n\u00f6rdlichen Hofs. Der Wiederaufbau erfolgte im traditionellen Baustil mit Tuffsteinb\u00f6gen, die dem Geb\u00e4ude einen charmanten Charakter verleihen. </p><p>Heute beherbergt das Alte Zollhaus eine Bankagentur sowie die Pizzeria, die G\u00e4ste mit einer vielf\u00e4ltigen Auswahl an Gerichten verw\u00f6hnt. Besonders bekannt sind ihre leckeren Pizzen, die von vielen G\u00e4sten&nbsp;empfohlen&nbsp;werden. Das freundliche Personal tr\u00e4gt zu einer angenehmen Atmosph\u00e4re bei und ist besonders aufmerksam, auch gegen\u00fcber den kleinen G\u00e4sten. Ein Besuch im Restaurant Pizzeria Altes Zollhaus ist daher ein Genuss f\u00fcr alle Sinne und wird sicherlich ein unvergessliches kulinarisches Erlebnis bieten.</p>", "url": "https://www.hai-fame.ch", "image": "https://viatpimtsoch.sos-ch-dk-2.exoscale-cdn.com/catalog/f/4/5/b/f45be2587b21a101777ec767fbce8e6ba746780f_restaurant_pizzeria_altes_zollhaus_spluegen_im_sommer.jpg", "openstreetmap_id": "node/5981811503"}, "geometry": {"type": "Point", "coordinates": ["9.324253", "46.553289"]}}, {"type": "Feature", "properties": {"identifier": "25da4626-0b5c-45a8-a6c5-8384b7a23d26", "name": "Lounge STORY Thusis", "description": "<p>Triff Freunde und Gleichgesinnte nach getaner Arbeit oder einem Sporterlebnis. L&ouml;sch in Ruhe den grossen Durst oder still den kleinen Hunger. Die Lounge verwandelt sich immer wieder zur Eventlocation, wo auch mal ein Konzert stattfindet und du deine pers&ouml;nliche Party feiern kannst.</p><ul><li><a href=\"https://story-thusis.ch/\" target=\"_blank\" rel=\"noopener\">Weitere Infos zur Story Thusis</a></li></ul><h3>Fr&uuml;hst&uuml;ck</h3><p>T&auml;glich von 8 bis 10 Uhr, am Samstag und Sonntag sogar bis 11 Uhr, bietet die Story auf Voranmeldung ein feines Fr&uuml;hst&uuml;cksbuffet mit regionalen Produkten an.</p><ul><li><a href=\"https://story-thusis.ch/lounge/verpflegung/\" target=\"_blank\" rel=\"noopener\">Weitere Infos</a></li></ul><h3>Fix, Donnerstag</h3><p>Fast wie Freitagabend, nur besser &ndash; jeden Donnerstag bis 23 Uhr. Entspannte Atmosph&auml;re, Ap&eacute;rol, Chips und Community. Ab f&uuml;nf Getr&auml;nken gibt&rsquo;s eine Packung Zweifel-Chips dazu.</p><ul><li><a href=\"https://story-thusis.ch/events/fix-donnerstag/\" target=\"_blank\" rel=\"noopener\">Weitere Infos</a></li></ul><h3>Story Znacht</h3><p>Ein festlich gedeckter Tisch, gutes Essen und gesellige Runden &ndash; jeden dritten Samstag im Monat gibt es ein wechselndes 3-Gang-Men&uuml; zum gemeinsamen Geniessen.</p><ul><li><a href=\"https://story-thusis.ch/events/story-znacht/\" target=\"_blank\" rel=\"noopener\">Weitere Infos</a></li></ul><h3>Verpflegung f&uuml;r Gruppen</h3><p>F&uuml;r Teams im Coworking oder bei Team-Events bietet die STORY auf Voranmeldung ein einfaches 2- oder 3-Gang-Men&uuml; mit regionalen, saisonalen Zutaten &ndash; unkompliziert und gem&uuml;tlich.</p><ul><li><a href=\"https://story-thusis.ch/lounge/verpflegung/\" target=\"_blank\" rel=\"noopener\">Weitere Infos</a></li></ul>", "url": "https://story-thusis.ch/lounge/", "image": "https://viatpimtsoch.sos-ch-dk-2.exoscale-cdn.com/catalog/7/7/3/d/773d3a5c1a7c141c45d3e1d13471e1594f0c5e78_die_bar_in_der_story_thusis.jpg", "openstreetmap_id": "node/12126228739"}, "geometry": {"type": "Point", "coordinates": ["9.440344", "46.692688"]}}, {"type": "Feature", "properties": {"identifier": "25fd56a9-772a-4737-8991-eb708c5904ef", "name": "Feuerstelle Bruchalp", "description": "<p>Vom Glaspass aus erreicht man die Feuerstelle zu Fuss in ca. 5 Minuten. Es geht der kleinen Strasse entlang Talw\u00e4rts bis zur Feuerstelle.</p><p><span style=\"font-weight: bold;\">Ausstattung</span></p><ul><li>2 Feuerstellen</li><li>Rost vorhanden</li><li>Brennholz vorhanden</li><li>2 Tische mit je 6 Sitzpl\u00e4tzen</li><li>2 B\u00e4nke</li><li>Abfallentsorgung vorhanden<br></li></ul><p><br>Bitte allf\u00e4llige Weisungen z.B. bez\u00fcglich <a href=\"https://www.gr.ch/DE/institutionen/verwaltung/diem/awn/aktuelles/Waldbrandgefahr/Seiten/aktuelle_waldbrandgefahr.aspx\" target=\"_blank\">Waldbrandgefahr </a>beachten.</p><p><span style=\"font-weight: bold;\">Tipp des Autors</span><br>Je nach Saison wird auf der Bruchalp Alpk\u00e4se verkauft.&nbsp;</p>", "url": "https://www.viamala.ch", "image": "https://viatpimtsoch.sos-ch-dk-2.exoscale-cdn.com/catalog/c/9/0/4/c904f5477844c7fcf0a4e8ecda8da09ba76dc9a4_Feuerstelle_Bruchalp_Tschappina_Glaspass.jpg", "openstreetmap_id": "node/12074896044"}, "geometry": {"type": "Point", "coordinates": ["9.35134767548334", "46.67899087515079"]}}, {"type": "Feature", "properties": {"identifier": "271b28c0-a546-4680-9687-42c310609ac7", "name": "Guida Viamala - private F\u00fchrungen", "description": "Ob Schluchten, Br\u00fccken, Kirchen oder Burgen, ob Schulreise, Gesch\u00e4ftsausflug oder Wandertag: Eine gef\u00fchrte Exkursion macht den Tag in der Destination Viamala zum unvergesslichen Erlebnis. / Die Guida Viamala sind eine Gruppe von ausgebildeten Kultur- und Wanderleitern und kennen die Region und ihre Geschichten bestens. Die Highlights sind nat\u00fcrlich die Viamala-Schlucht, die Kirche Zillis oder auch der Traversinersteg. Wer diese bereits kennt, kann sich von vielen weiteren Ausflugszielen \u00fcberraschen lassen. / Wir beraten Sie gerne.", "url": "https://www.viamala.ch", "image": "https://viatpimtsoch.sos-ch-dk-2.exoscale-cdn.com/catalog/2/1/1/d/211db6570dc95b505628fdb2019f92252072e949_bilderdecke_kirche_st.jpg"}, "geometry": {"type": "Point", "coordinates": ["9.448575", "46.661818"]}}, {"type": "Feature", "properties": {"identifier": "2778281a-391b-4ac1-8457-9587bfcf3548", "name": "Burg Haselstein", "description": "Um 1273 wurde die Burg von Heinrich von Reischen erbaut. Ca. mitte 14. Jahrhundert wurde sie vermutlich aufgegeben und ist ist dann \u00fcber die Jahre verfallen. Ab 1970 wurde sie mit den originalen Mauerresten rekonstruiert.\u00a0Seit 2016 befindet sich die burg im Besitz von der Institution Pro Castellis. Die Burg ist nur auf Anfrage zug\u00e4nglich.", "url": "https://pro-castellis.ch", "image": "https://viatpimtsoch.sos-ch-dk-2.exoscale-cdn.com/catalog/d/b/c/b/dbcb96d0700f514c6076d50643996ba2073ecb3f_die_burg_haselstein_bei_zillis_im_sommer_demateo.com.jpg", "openstreetmap_id": "way/318899890"}, "geometry": {"type": "Point", "coordinates": ["9.455403685569763", "46.64213703464904"]}}, {"type": "Feature", "properties": {"identifier": "294764f7-8511-497f-8e64-7b2fb3821445", "name": "TCS Camping Thusis Viamala", "description": "Die Stellpl\u00e4tze unter grossen, schattenspendenden Nadelb\u00e4umen lassen Sie die Anlage als versonnene Waldidylle erleben. Auf dem Weg in den S\u00fcden, bevor Sie den San Bernardino passieren, bietet sich der Camping geradezu an, um eine Pause einzulegen und die atemberaubende B\u00fcndner Natur richtig zu geniessen. Erleben Sie die faszinierende und spektakul\u00e4re Reise mit dem Bernina Express auf der h\u00f6chstgelegenen Bahnstrecke der Alpen. Am nahe gelegenen Bahnhof k\u00f6nnen Sie zusteigen und sich von dort bis ins sonnige Italien bringen lassen.", "url": "https://www.tcs-camping.ch/thusis", "image": "https://viatpimtsoch.sos-ch-dk-2.exoscale-cdn.com/catalog/b/7/8/0/b780ed04361408e82b539aaf8e2621b6c631fc52_tcs_camping_thusis_viamala_mietunterkunft_tipis_camper.jpg", "openstreetmap_id": "way/438886348"}, "geometry": {"type": "Point", "coordinates": ["9.445141553878784", "46.699619525744154"]}}, {"type": "Feature", "properties": {"identifier": "2a344377-c68f-487b-b482-342b69a6e0c0", "name": "B\u00fcndner Arena Cazis", "description": "<p><strong>Eventhalle</strong><br>Funktionalit\u00e4t und Wohlbefinden: Der im Dezember 2015 er\u00f6ffnete Neubau bringt viel Tageslicht in die Halle und kann beheizt werden. Somit werden Werte wie Funktionalit\u00e4t, aber auch Wohlbefinden, mit zweckm\u00e4ssigen Materialien und einer unkomplizierten Bauweise umgesetzt. Nebst der Tiervermarktungseinrichtung, welche sich optisch abgrenzen l\u00e4sst, stehen total 910&nbsp;m\u00b2&nbsp;Nutzungsfl\u00e4che fu\u0308r verschiedene Anl\u00e4sse zur Verfu\u0308gung. Die neue, fix installierte Vorrichtung fu\u0308r individuelle Licht- und Sound-Anlagen bringen gute Voraussetzungen fu\u0308r perfekt inszenierte Momente.</p>\n<p>Die Anlage ist ideal f\u00fcr: Konzerte, Firmenanl\u00e4sse, Workshops, Bankett-Veranstaltungen, Ausstellungen, Messen, Hochzeits- und Geburtstagsfeiern.</p>\n<p><strong>Arena</strong><br>Die B\u00fcndner Arena gilt als Herzst\u00fcck auf dem Gel\u00e4nde. Mit ihren einzigartigen Zuschauerterrassen und der perfekten Akustik, macht sie jede Tagung oder Konzertveranstaltung zum Erlebnis. Die Nutzungsfl\u00e4che des Arenarings misst 15 x 12 m und kann sowohl befahren oder mit einem Teppich ausgestattet werden. Das Volumen umfasst 500 Sitzpl\u00e4tze. Trotz der Gr\u00f6sse eignet sich die Arena auch f\u00fcr kleinere Anl\u00e4sse. Durch das Holz und die W\u00e4rme, die die Arena ausstrahlt, f\u00fchlt man sich nie Verloren. Angrenzend zur Arena steht das ehemalige Restaurant als weiterer Raum zur Verf\u00fcgung. F\u00fcr einen Empfang und Ap\u00e9ro-Raum, klassisch als Restaurant oder f\u00fcr kleinere Feiern, kann der Raum individuell genutzt und eingerichtet werden.</p>\n<p><strong>Virtueller Besuch in der B\u00fcndner Arena</strong><br>Die B\u00fcndner Arena hat neben den verschiedenen R\u00e4umlichkeiten einen grossen Aussenplatz, welcher als Parkplatz oder f\u00fcr Anl\u00e4sse im Freien benutzbar ist.</p>\n<ul>\n<li><a href=\"https://360.3dswissmedia.com/f3d5c9\">360\u00b0 Tour</a></li>\n</ul>\n<p><strong><br></strong></p><p><strong>Preise</strong></p>\n<p><strong>DV, GV, Weihnachtsfeier, Firmenfest, Konzert,\u2026</strong></p>\n<p>Infrastruktur:</p>\n<ul>\n<li>Raum</li>\n<li>Bestuhlung</li>\n<li>Eventtechnik</li>\n<li>B\u00fchnentechnik</li>\n</ul>\n<p>ab 200 Personen \u2013 85.00 Franken pro Person*</p>\n<p>ab 500 Pesonen \u2013 77.00 Franken pro Person*</p>\n<p>ab 800 Personen \u2013 75.00 Franken pro Person*</p>\n<p><strong>Vortr\u00e4ge / Infoveranstaltung</strong></p>\n<p>Infrastruktur:</p>\n<ul>\n<li>Raum</li>\n<li>Beschallung/Beamer/Leinwand</li>\n<li>Rednerpult</li>\n</ul>\n<p>bis 200 Personen ab 600.00 Franken pro Tag*</p>\n<p><strong>Familienfest / Geburtstagsfeier<br></strong>Infrastruktur:</p>\n<ul>\n<li>Raum</li>\n<li>Bestuhlung</li>\n<li>Catering</li>\n</ul>\n<p>bis 140 Personen ab 70.00 Franken pro Person*</p>\n<p><strong>Firmenanl\u00e4sse<br></strong>Infrastruktur:</p>\n<ul>\n<li>Raum</li>\n<li>Bestuhlung</li>\n<li>Beschallung/Beamer/Leinwand</li>\n<li>Catering</li>\n</ul>\n<p>bis 80 Personen ab 85.00 Franken pro Person*</p>\n<p><strong>Konzert / Theater<br></strong>Infrastruktur:</p>\n<ul>\n<li>Raum</li>\n<li>Bestuhlung</li>\n<li>Beschallung/Beamer/Leinwand</li>\n</ul>\n<p>bis 200 Personen ab 600.00 Franken pro Tag*<br><br>*dies sind Richtpreise und gelten nicht als verbindliche Offerte</p>\n<ul>\n<li><a href=\"https://graubuendenvieh.ch/kalender/\">Belegungsplan</a></li>\n</ul>", "url": "https://www.buendnerarena.ch", "image": "https://viatpimtsoch.sos-ch-dk-2.exoscale-cdn.com/catalog/a/6/6/4/a6642d1c22f6cc501d92a623f9a608735178e6c9_die_arena_der_buendner_arena_cazis.jpg", "openstreetmap_id": "way/363475065"}, "geometry": {"type": "Point", "coordinates": ["9.42404329776764", "46.75325169503738"]}}, {"type": "Feature", "properties": {"identifier": "2a40dafb-b8d5-4b68-b0ed-f5c2df60ebd3", "name": "Camping Andeer", "description": "<p>Im Sommer befinden sich die Tennispl&auml;tze sowie das Freibad gleich nebenan und der Camping Andeer ist auch idealer Ausgangsort zum Wandern oder Biken im Naturpark Beverin. Auch im Winter gibt es einiges zu entdecken. Die umliegenden Wintersportgebiete und die Schlittel- und Winterwanderwege am Schamserberg bieten abwechslungsreiche Ferientage f&uuml;r grosse und kleine Schneefans.</p><p><strong>Im Campinghaus finden Sie folgende Einrichtungen vor:</strong></p><ul><li>Ap&eacute;ro-/Caf&eacute;bar und Snacks</li><li>Gartenterrasse mit Sonnenschirmen</li><li>Aufenthaltsraum</li><li>Toiletten- und Duschr&auml;ume</li><li>Waschk&uuml;che (Waschmaschine, Trockner)</li><li>Informationswand mit Ausflugstipps</li><li>Geschirrsp&uuml;lraum</li></ul><p><strong>Weitere Infrastrukturen:</strong></p><ul><li>Ein Mehrbettzimmer &agrave; 4 Betten</li><li>S&auml;mtliche Pl&auml;tze mit Stromanschluss</li><li>Verkauf von Gasflaschen</li><li>Ausguss f&uuml;r Chemietoiletten</li><li>Entsorgungsstation f&uuml;r Wohnmobile</li><li>WLAN</li></ul><p><a href=\"https://www.viamala.ch/sites/viamala/files/2021-05/Flyer_Camping_Andeer_21.pdf\" target=\"_blank\" rel=\"noopener noreferrer\">Camping-Flyer</a></p><p><strong>Sommerfest f&uuml;r Camper:&nbsp;</strong>Samstag, 28, Juni 2025</p>", "url": "http://www.campingandeer.ch", "image": "https://viatpimtsoch.sos-ch-dk-2.exoscale-cdn.com/catalog/f/2/f/d/f2fd45a0c5307377d8ef4a1f0b83fdb81b3c31b4_camping_andeer_im_winter_mit_kirche_viamala_tourismus.jpg", "openstreetmap_id": "node/2928874309"}, "geometry": {"type": "Point", "coordinates": ["9.426301717758179", "46.6064226671558"]}}, {"type": "Feature", "properties": {"identifier": "2a62c5e2-6280-4d39-8674-8600838d3122", "name": "Kiosk Camping Andeer", "description": "<p>Im gem&uuml;tlichen Bistro des Camping Andeer erwarten dich feine Speisen, regionale Spezialit&auml;ten und erfrischende Getr&auml;nke. Auf der kleinen, aber sorgf&auml;ltig zusammengestellten Karte findest du unter anderem lokales Bier, Ap&eacute;rol und weitere beliebte Drinks. Die Zutaten stammen gr&ouml;sstenteils von Produzenten aus der Region &ndash; frisch, lokal und mit Liebe zubereitet.</p>\n<p>Ideal f&uuml;r eine genussvolle Pause &ndash; nicht nur f&uuml;r Campingg&auml;ste!</p>", "url": "http://www.campingandeer.ch", "image": "https://viatpimtsoch.sos-ch-dk-2.exoscale-cdn.com/catalog/8/8/7/6/887620f603c3665cefce3e21d5d4b4ca33fe0d68_camping_andeer.jpg", "openstreetmap_id": "node/2928874309"}, "geometry": {"type": "Point", "coordinates": ["9.4257419", "46.6070346"]}}, {"type": "Feature", "properties": {"identifier": "2b560a5f-0819-4fb3-8b83-41afc050b176", "name": "G\u00e4steinformation Viamala, Infostelle Thusis", "url": "https://www.viamala.ch", "image": "https://viatpimtsoch.sos-ch-dk-2.exoscale-cdn.com/catalog/c/0/4/b/c04b3be5120d6b294693a8474aa44cad87234bab_gaestezentrum_gaesteinformation_thusis_im_sommer_viamala_tourismus_1.jpg", "openstreetmap_id": "node/9807491949"}, "geometry": {"type": "Point", "coordinates": ["9.43963", "46.695795"]}}, {"type": "Feature", "properties": {"identifier": "2c90f585-f990-40a9-b5ee-50be91847117", "name": "Spielplatz Paspels Schulhaus", "description": "<p><strong>Ausstattung:</strong></p>\n<ul>\n<li>Abfallentsorgung</li>\n<li>Spielturm mit Rutsche und Kletternetz</li>\n<li>Nestschaukel</li>\n<li>Schaukel und Korbschaukel</li>\n<li>Rutsche</li>\n<li>R\u00f6hre</li>\n<li>Spielturm mit Wasserspiel</li>\n<li>Holz Auto</li>\n<li>Sitzgruppe/Bank</li>\n</ul>", "url": "https://www.viamala.ch", "image": "https://viatpimtsoch.sos-ch-dk-2.exoscale-cdn.com/catalog/3/a/5/b/3a5b1b0b5fb18cd27eff0e45967da8afd2f04019_Spielplatz_Paspels_Schulhaus.jpg", "openstreetmap_id": "node/12075145596"}, "geometry": {"type": "Point", "coordinates": ["9.447088837623598", "46.74948810177506"]}}, {"type": "Feature", "properties": {"identifier": "2cb49e59-c066-450e-b83e-9f987b6fefd4", "name": "Feuerstelle Cagliatscha Davains", "description": "<p>Die Feuerstelle liegt direkt an der wenig befahrenen Bergstrasse. Die Stromleitung f\u00fchrt direkt \u00fcber die Feuerstelle, trotzdem l\u00e4dt die Feuerstelle mit der grossartigen Aussicht f\u00fcr einen gem\u00fctlichen Rast ein. </p><p><span style=\"font-weight: bold;\">Ausstattung</span></p><ul><li>1 Feuerstelle</li><li>Grillrost vorhanden (verstellbarer Glutrost 45x70cm)</li><li>Brennholz vorhanden</li><li>1 Tisch mit 8 Sitzpl\u00e4tzen</li><li>Brunnen mit Trinkwasser</li><li>Abfallentsorgung vorhanden<br><br></li></ul><p>Bitte allf\u00e4llige Weisungen bez\u00fcglich <a href=\"https://www.gr.ch/DE/institutionen/verwaltung/diem/awn/aktuelles/Waldbrandgefahr/Seiten/aktuelle_waldbrandgefahr.aspx\" target=\"_blank\">Waldbrandgefahr </a>beachten. <br></p>", "url": "https://www.viamala.ch", "image": "https://viatpimtsoch.sos-ch-dk-2.exoscale-cdn.com/catalog/6/d/f/5/6df513bde6302e36a24b411b26d7006ab64528d3_Feuerstelle_Cagliatscha_Davains.jpg", "openstreetmap_id": "node/4027345691"}, "geometry": {"type": "Point", "coordinates": ["9.419625699520111", "46.60978415468624"]}}, {"type": "Feature", "properties": {"identifier": "2dc19c93-a2e6-41e7-9c0b-99ff03eaf848", "name": "Schloss Rietberg", "description": "<p>Durch Conrad Ferdinand Meyers Roman \u201eJ\u00fcrg Jenatsch\u201c ist Schloss Rietberg, wie kaum ein anderes Schloss im Kanton Graub\u00fcnden, weit \u00fcber die Landesgrenzen hinaus bekannt geworden.</p>\n<p>Die Geschichte der Festung, deren Namen von den ehemals sumpfigen Wiesen der Umgebung abgeleitet wird, beginnt mit dem Bau des imposanten, f\u00fcnfgeschossigen Burgturms, der als Kern der Anlage wohl in der zweiten H\u00e4lfte des 12. Jahrhunderts von den Herren von Rietberg ausgef\u00fchrt wurde. Diese erscheinen in den Urkunden erstmals 1268 mit Ulrich und Simon von Rietberg als Inhaber einer kleinen Herrschaft, zu der die Familie bis zum 14. Jahrhundert noch weitere Rechte in der Umgebung und die Burg Oberjuvalta erwerben konnte.</p>\n<p><strong>Das Schicksal von Pompejus Planta<br></strong>Johannes, der letzte m\u00e4nnliche Spross derer von Rietberg, vermachte seinen Besitz seinem Vetter Hermann von Landenberg. Vom Ende des 14. Jahrhunderts weg verpf\u00e4ndete der Bischof die Burg der Reihe nach verschiedenen Familien. Um die Mitte des 16. Jahrhunderts gelangte der Sitz in einen Zweig der Familie von Salis und wurde 1617 zwischen Herkules von Salis und Pompejus von Planta, dessen Gattin Catherina ein Salis-Rietberg war, geteilt.</p>\n<p>Pompejus von Planta war zusammen mit seinem auf Wildenberg bei Zernez wohnenden Bruder Rudolf in den B\u00fcndner Wirren der f\u00fchrende Kopf der spanisch-\u00f6sterreichischen Partei. Er wurde 1618 vom fragw\u00fcrdigen Thusner Strafgericht auf Antrag der venezianisch gesinnten Gegenpartei unter F\u00fchrung der Pr\u00e4dikanten in Abwesenheit auf ewig verbannt, sein Verm\u00f6gen konfisziert. Nach dem grausamen Veltlinermord und der Besetzung des Veltlins durch Spanien wagte der Herr von Rietberg wieder zur\u00fcckzukehren. Doch die Gegenpartei blieb nicht m\u00fcssig. Am 25. Februar 1621 drang eine Gruppe, die sich selbst als \u201edie Gutherzigen\u201c bezeichnete, unter F\u00fchrung von Georg Jenatsch in Rietberg ein, erschlug in Gegenwart der Tochter den verhassten Schlossherrn und riss ihm Herz und Eingeweide aus dem Leib. Die \u00dcberlieferung weiss im Schloss noch die Stelle zu zeigen, wo die M\u00f6rder ihr Opfer niederstreckten.</p>\n<p>1664 ver\u00e4usserte Anton von Salis seinen Anteil an Rietberg dem Obersten Christoph von Rosenroll aus Thusis, dessen S\u00f6hne ihn 1670 an Ulrich Buol von Dusch verkauften. 1758 erwarben die Buol-Schauenstein auch den Anteil der Planta, aber schon 1798 verkaufte Johann von Buol-Schauenstein Rietberg an seinen Bruder, den Churer Bischof Karl Rudolf von Buol. Zu Beginn des 19. Jahrhunderts kam Rietberg an Gr\u00e4fin Emilie von Travers, wechselte hierauf mehrmals den Besitzer, bis es 1822 Pfarrer Christian Casparis erwarb. Von dessen Nachfahren gelangte das Schloss 1917 durch die Heirat an die Familie Rudolf Planta-Casparis, die es noch heute mit viel Geschmack betreuen.</p>\n<p><strong>Gestalt aus dem 17. Jahrhundert<br></strong>Die ganze Anlage hat ihre Gestalt in den westlichen Z\u00fcgen im 17. Jahrhundert erhalten. Dies gilt einmal f\u00fcr den aus dem 12. Jahrhundert stammenden Bergfried, welcher, wie der Chronist Sererhard bemerkt, eines recht extraordin\u00e4r dicken Gem\u00e4uers ist. Sein Innenausbau und sein Dachgeschoss mit den typischen \u201eOchsenaugen\u201c gehen auf das 17. Jahrhundert zur\u00fcck. Aber auch der Turm mit Schl\u00fcssellochscharten, der im Hof \u00fcber der in Fels gehauenen Zisterne errichtet wurde, sowie die Wohngeb\u00e4ude am Rande des Tobels sind unter Einbezug \u00e4lterer Teile in der gleichen Zeit entstanden.</p>\n<p><strong>Im Schloss \u00fcbernachten<br></strong>Sie wollten schon immer einmal in einem Schloss \u00fcbernachten? In einer sehr exklusiven, aufw\u00e4ndig sanierten Schlossresidenz&nbsp;im Schloss Rietberg ist dies m\u00f6glich. Weitere Informationen finden Sie&nbsp;<a href=\"http://www.airbnb.ch/rooms/34354671?source_impression_id=p3_1595921811_VOA4SH0Ic%2FfBQuLr\">hier.</a></p>\n<p><strong>Zugang<br></strong>Das Schloss Rietberg befindet sich in Privatbesitz und ist nur auf Anfrage zug\u00e4nglich. Die Anlage liegt direkt am&nbsp;<a href=\"https://mybusiness.outdooractive.com/de/r/23419810/\" data-type=\"tour\" data-id=\"23419810\">Burgenweg Domleschg</a>.</p>", "url": "http://www.domleschg.ch", "image": "https://viatpimtsoch.sos-ch-dk-2.exoscale-cdn.com/catalog/5/b/3/5/5b35505e0977fc28062549bdd50308afb453cca8_schloss_rietberg_pratval_rodels_domleschg_sommer_viamala_tourismus__4_.jpg", "openstreetmap_id": "way/136341434"}, "geometry": {"type": "Point", "coordinates": ["9.448086", "46.735789"]}}, {"type": "Feature", "properties": {"identifier": "2e08fb0c-4900-46d1-b124-b039cb5f6d49", "name": "Feuerstelle Summaprada", "description": "<p>Die Feuerstelle liegt praktisch gelegen, an mehreren Wanderrouten an&nbsp;der Weggabelung Mathon-Dros und Lohn-Dros. Die Zufahrt ist auch mit dem PW m\u00f6glich.&nbsp;Ab Lohn fa\u0308hrt man Richtung Ustreia Orta und folgt dieser Strasse bis zur na\u0308chsten Weggabelung. Dort befindet sich die Feuerstelle.</p><p><span style=\"font-weight: bold;\">Ausstattung</span></p><ul><li>1 Feuerstelle</li><li>Grillrost vorhanden</li><li>2 Sitzb\u00e4nke<br><br></li></ul><p>Es ist kein Brennholz vorhanden.<br>Bitte allf\u00e4llige Weisungen z.B. bez\u00fcglich <a href=\"https://www.gr.ch/DE/institutionen/verwaltung/diem/awn/aktuelles/Waldbrandgefahr/Seiten/aktuelle_waldbrandgefahr.aspx\" target=\"_blank\">Waldbrandgefahr </a>beachten.</p>", "url": "https://www.viamala.ch", "image": "https://viatpimtsoch.sos-ch-dk-2.exoscale-cdn.com/catalog/7/2/7/f/727f13eb92078f26c3f9d4789356a92b82d8c22e_Feuerstelle_Summaprada_Schamserberg.jpg", "openstreetmap_id": "node/7825671519"}, "geometry": {"type": "Point", "coordinates": ["9.417732", "46.646645"]}}, {"type": "Feature", "properties": {"identifier": "2e128bff-d193-4577-8452-87fbc355ec86", "name": "Reformierte Kirche Wergenstein", "description": "<p>In sp\u00e4tmittelalterlicher Zeit ist die Kirche unter dem Patrozinium von Calixt bezeugt. Wergenstein nahm die Reformation vor 1538 an. In diesem Jahr wurde die Kirche erweitert und bereits als reformierte Predigtkirche konzipiert. </p><p>Der zur Talseite hin angebrachte Turm ist von einem&nbsp;Zeltdach&nbsp;bedeckt und hat eine einst\u00f6ckige Glockenstube. Vor dem von einem&nbsp;Rippengew\u00f6lbe&nbsp;gezierten&nbsp;Chor&nbsp;korrespondieren linksseitig die erh\u00f6hte,&nbsp;schalldeckellose&nbsp;Kanzel&nbsp;und rechtsseitig die&nbsp;Orgel, w\u00e4hrend inmitten des Chors ein&nbsp;Tauftisch&nbsp;steht, auf dem auch das&nbsp;Abendmahl&nbsp;gefeiert wird.</p>", "url": "https://zillis-st-martin.ch/kirchgemeinde-zillis-schamserberg/", "image": "https://viatpimtsoch.sos-ch-dk-2.exoscale-cdn.com/catalog/7/d/7/f/7d7fc2724d8785f1399a47d30fee2416d8fe93f7_kirche_wergenstein_im_sommer.jpg", "openstreetmap_id": "way/329763059"}, "geometry": {"type": "Point", "coordinates": ["9.408196806907654", "46.62657798683154"]}}, {"type": "Feature", "properties": {"identifier": "2e9a6002-49c7-49a3-bf96-0fc12af18ec8", "name": "Feuerstelle Zipfa", "description": "<p>Zu Fuss erreicht man die Feuerstelle \u00fcber einen kurzen Spaziergang von ca. 1.2 km ab dem Dorf Spl\u00fcgen. Beim Volg im Dorf wird der Weg ausgeschildert und f\u00fchrt Sie auf einer einfachen Wanderung zur Feuerstelle. Der Weg ist f\u00fcr Kinder sehr geeignet, jedoch nicht Kinderwagentauglich. Die Feuerstelle Zipfa liegt unweit der A13 und einer Hochspannungsleitung. Sie ist dennoch verh\u00e4ltnism\u00e4ssig ruhig und bietet f\u00fcr Familien eine gute Rastmo\u0308glichkeit. Nebst einem Feuerherd, Holz und zwei B\u00e4nken hat die Feuerstelle einen sch\u00f6nen Steintisch. Die Feuerstelle liegt in der N\u00e4he des Hinterrheins, dieser ist zum Baden aufgrund der Str\u00f6mung nicht geeignet.</p><p><span style=\"font-weight: bold;\">Ausstattung</span></p><ul><li>Brennholz vorhanden</li><li>Rost vorhanden</li><li>1 Tisch mit ca. 8 Sitzpl\u00e4tzen</li><li>1 Feuerstelle mit ca. 6&nbsp;Sitzpl\u00e4tzen</li><li>kleiner Kletterpark f\u00fcr Kinder<br></li></ul><p><br>Auf Holz- und Steinb\u00e4nken kann man sich niederlassen.</p><p>Bitte allf\u00e4llige Weisungen z.B. bez\u00fcglich <a href=\"https://www.gr.ch/DE/institutionen/verwaltung/diem/awn/aktuelles/Waldbrandgefahr/Seiten/aktuelle_waldbrandgefahr.aspx\" target=\"_blank\">Waldbrandgefahr </a>beachten.</p>", "url": "https://www.viamala.ch", "image": "https://viatpimtsoch.sos-ch-dk-2.exoscale-cdn.com/catalog/9/b/4/1/9b41d8e9bc21653fd7b196c172fedae852f6d93b_Feuerstelle_Zipfa_Spl__gen.jpg", "openstreetmap_id": "node/6102935049"}, "geometry": {"type": "Point", "coordinates": ["9.334146", "46.554393"]}}, {"type": "Feature", "properties": {"identifier": "2f484bca-1d2d-4978-8325-cb2c4849256f", "name": "Bergh\u00fctte Alp Raguta", "description": "<p>Die Bergh&uuml;tte Raguta liegt &uuml;ber dem Nebelmeer auf 1952 m &uuml;. M. in der Gemeinde Domleschg. 5 Minuten von der Bergstation der Sesselbahn Feldis - Mutta entfernt.</p><p>Die Bergh&uuml;tte mit der Natureisbahn ist ein Winterangebot, das du von Mitte Dezember bis Ende M&auml;rz geniessen kannst. Das Haus kann jedoch das ganze Jahr &uuml;ber f&uuml;r private Anl&auml;sse gemietet werden &ndash; inklusive Verpflegung und Naturerlebnis. Buchungen nimmt Evi Attinger unter <a href=\"tel:+41448219357\">+41 44 821 93 57</a> oder <a href=\"tel:+41794804056\">+41 79 480 40 56</a> entgegen.</p>", "url": "https://www.alpraguta.ch", "image": "https://viatpimtsoch.sos-ch-dk-2.exoscale-cdn.com/catalog/f/1/3/5/f135aed8dffa6defa1e0204a6221ab0294942786_natureisfeld_alp_raguta.png", "openstreetmap_id": "way/324909769"}, "geometry": {"type": "Point", "coordinates": ["9.460185", "46.796277"]}}, {"type": "Feature", "properties": {"identifier": "3033e1ff-429a-43a1-9191-69c5b219d85f", "name": "Cafeteria Spital Thusis", "description": "Verwandte und Familienmitglieder k\u00f6nnen, nach Absprache mit dem Zimmerservice, gemeinsam mit ihren Angeh\u00f6rigen das Mittagessen einnehmen.", "url": "https://www.spitalthusis.ch", "image": "https://viatpimtsoch.sos-ch-dk-2.exoscale-cdn.com/catalog/c/4/c/0/c4c0d06521fcb8886df048f43e4a67a5220554b5_spital_thusis_im_sommer_demateo.jpg", "openstreetmap_id": "node/12187923504"}, "geometry": {"type": "Point", "coordinates": ["9.437095", "46.69709"]}}, {"type": "Feature", "properties": {"identifier": "3222bdca-48b8-4e5d-a0ba-e0594f7f7fc9", "name": "Holzkirche Obermutten", "description": "<p>Der&nbsp;Dachreiter&nbsp;wurde 1830 anl\u00e4sslich einer Restauration aufgesetzt.&nbsp;Im schlichten Inneren steht eine&nbsp;Toggenburger&nbsp;Hausorgel&nbsp;von 1807. Sie wurde von Heinrich Amman erbaut und gem\u00e4ss Inschrift von Friedrich und Anthoni Michel gestiftet. 1975 wurde sie restauriert. Im Zentrum steht ein holzgefertigter, mobiler&nbsp;Tauf- und&nbsp;Abendmahlstisch. Alle Holzbestandteile, auch die Holzpfeifen, sind urspr\u00fcnglich. Die zwei Glocken im Dachreiter hingen zuvor unter dem Dachvorsprung an der Front. </p><p>In den Sommermonaten Juli und August finden regelm\u00e4ssig Gottesdienste in der Holzkirche statt.&nbsp;</p>", "url": "https://www.kirche-sils.ch/gemeinden/kirche-obermutten/", "image": "https://viatpimtsoch.sos-ch-dk-2.exoscale-cdn.com/catalog/0/a/0/e/0a0ec8c0ee6018e6d155cfca14ab0aaee5557c9b_obermutten_im_herbst.jpg", "openstreetmap_id": "way/318276917"}, "geometry": {"type": "Point", "coordinates": ["9.483566880226135", "46.672017817671765"]}}, {"type": "Feature", "properties": {"identifier": "32d00b38-cd9d-4450-a02f-2251d69e3b4c", "name": "Lady Patricia", "description": "<p>An dieser eindr&uuml;cklichen Stelle unterhalb des Dreib&uuml;ndensteins st&uuml;rzte 1944 der amerikanische Bomber &laquo;Lady Patricia&raquo; ab. Heute erinnert ein schlichter Gedenkstein mit Metalltafel an das historische Ereignis. Der Ort ist &uuml;ber einen aussichtsreichen Wanderweg erreichbar und bietet nicht nur Geschichtsinteressierten, sondern auch Wanderern und Mountainbikern ein lohnendes Ziel. Vom Gedenkstein geniesst man eine atemberaubende Aussicht auf das m&auml;chtige Calanda-Massiv und tief unten auf das Churer Rheintal &ndash; rund 1&rsquo;400 Meter unterhalb der Panorama-Route.</p><p><strong>R&auml;tselwanderung zur &laquo;Lady Patricia&raquo;</strong></p><p>Die Geschichte der &laquo;Lady Patricia&raquo; l&auml;sst sich neu auch spielerisch entdecken: Auf der R&auml;tselwanderung mit Actionbound f&uuml;hren spannende Aufgaben und Hinweise Schritt f&uuml;r Schritt zum historischen Ort unterhalb des Dreib&uuml;ndensteins. Ideal f&uuml;r alle, die Natur, Aussicht und Geschichte auf unterhaltsame Weise verbinden m&ouml;chten.</p><p><a href=\"https://de.actionbound.com/bound/lady-patricia\" target=\"_blank\" rel=\"noopener\">Hier geht es zur R&auml;tselwanderung</a></p>", "image": "https://viatpimtsoch.sos-ch-dk-2.exoscale-cdn.com/catalog/1/1/1/c/111c817f4ada540cf3280047552948b3115b28fd_lady_patricia_dreibuendenstein_sommer.jpg", "openstreetmap_id": "node/11178679276"}, "geometry": {"type": "Point", "coordinates": ["9.495663642883303", "46.80774074342739"]}}, {"type": "Feature", "properties": {"identifier": "3377ab69-88a4-431b-8d7a-37bd8fe94e37", "name": "B\u00fcndner Bauernverband BBV", "description": "<p><span style=\"font-weight: bold;\">Vision</span><br>B\u00e4uerinnen und Bauern erzielen mit der Produktion von gesunden Nahrungsmitteln ein gerechtes Einkommen. Dieses bietet den Bauernfamilien soziale Sicherheit und Lebensqualit\u00e4t. So wird das langfristige \u00dcberleben einer vielf\u00e4ltigen Landwirtschaft in Graub\u00fcnden gesichert.</p><p><span style=\"font-weight: bold;\">Ziele</span><br>Das Ziel vom Bauernverband&nbsp;ist es, mit einem selbstbewussten und positiven Auftritt den Stellenwert und die Leistungen der B\u00fcndner Landwirtschaft aufzuzeigen. Der Verband will&nbsp;in der Gesellschaft und bei seinen Kunden das Bild einer modernen und produzierenden Landwirtschaft verankern und als Partner in der Gesellschaft anerkannt sein. Die nachhaltige Bewirtschaftung des Bodens, eine artgerechte Haltung der Tiere und faire Preise f\u00fcr die Produkte sind ein grosses Anliegen.</p><p><span style=\"font-weight: bold;\">Leistungen</span><br>Die B\u00fcndner Landwirtschaft produziert Nahrungsmittel von hervorragender Qualit\u00e4t; naturbedingt - der Kanton Graub\u00fcnden ist ein Graskanton - vor allem Milch und Fleisch.<br></p><p>Durch die nachhaltige Fl\u00e4chennutzung sichert die Landwirtschaft die Erhaltung der Kulturlandschaft und stellt so Einheimischen und G\u00e4sten einen vielf\u00e4ltigen und gepflegten Erholungsraum zur Verf\u00fcgung.</p><p>B\u00e4uerinnen und Bauern tragen viel zur Besiedlung und zur Stabilit\u00e4t der Gesellschaft im l\u00e4ndlichen Raum bei. Die Bewirtschaftung der Wiesen, Weiden und Alpen sch\u00fctzt die T\u00e4ler vor Naturgefahren und macht diese dadurch bewohnbar<br></p><p>Durch Investitionen in Geb\u00e4ude, Melorationen, Erschliessungen usw. tr\u00e4gt die Landwirtschaft zur regionalen Wirtschaft und damit zur Wirtschaftsf\u00f6rderung bei. Vor- und nachgelagerte Gewerbe- und Dienstleistungsbetriebe sowie der Tourismus profitieren von einer gesunden B\u00fcndner Landwirtschaft.</p><p><span style=\"font-weight: bold;\">Kommunikation</span><br>Der B\u00fcndner Bauerverein will&nbsp;gegen\u00fcber all den Ansprechpartnern eine offene und verst\u00e4ndliche Kommunikation pflegen.<br><br>Mit der Vollintegration zur Marke \"graub\u00fcnden\" bekennt sich die B\u00fcndner Landwirtschaft dazu, \"ein St\u00fcck Graub\u00fcnden\" zu sein und nutzt die M\u00f6glichkeit, im Markenkleid aktive \u00d6ffentlichkeitsarbeit zu leisten.<br><br>Die verbandseigene Wochenzeitschrift \"B\u00fcndner Bauer\" und die Webseite bieten dem Verband die M\u00f6glichkeit, seine Anliegen laufend zu kommunizieren und Mitgliedern, Interessierten und nicht zuletzt auch den Medien Hintergrundinformationen und Grundlagenmaterial zur B\u00fcndner Landwirtschaft zur Verf\u00fcgung zu stellen.<br><br>Mit einer kontinuierlichen Berichterstattung, einem professionellen Auftritt und aktiver Medienarbeit (Presseartikel, Medienkonferenzen, usw.) m\u00f6chten sie das Image einer modernen, nat\u00fcrlichen, aber auch innovativen und zukunftsgerichteten B\u00fcndner Landwirtschaft aufbauen und pflegen.</p>", "url": "https://www.landwirtschaft-gr.ch", "image": "https://viatpimtsoch.sos-ch-dk-2.exoscale-cdn.com/catalog/d/2/b/1/d2b12c0c1866d8ae86f8620f629a5be8f9a62564_buendner_arena_in_cazis.jpg", "openstreetmap_id": "way/363475065"}, "geometry": {"type": "Point", "coordinates": ["9.424107670783997", "46.75344017310798"]}}, {"type": "Feature", "properties": {"identifier": "34067c0e-ceaf-4b13-a635-3cf22a5aeab3", "name": "Mutten", "description": "<p>Mutten liegt geographisch genau zwischen den beiden Schluchten Schin und Viamala auf 1'395 m \u00fc.M.. Es z\u00e4hlt rund 70 Einwohner und geh\u00f6rt seit 1.1.2018 zur Gemeinde Thusis.</p>\n<ul>\n<li><a href=\"https://thusis.ch/\">Website Gemeinde Thusis</a></li>\n<li><a href=\"http://www.hls-dhs-dss.ch/textes/d/D1411.php\">Link zum historischen Lexikon der Schweiz</a></li>\n<li><a href=\"http://shop.graubuenden.ch/Viamala/ukv/?date_unknown=1&amp;doSearch=1&amp;locationIDs[]=TDS00020010346592110&amp;globalReset=1&amp;persistentParameters=1&amp;lang=de\">Unterk\u00fcnfte in Mutten</a></li>\n</ul>", "url": "https://thusis.ch/portrait/fraktion-mutten", "image": "https://viatpimtsoch.sos-ch-dk-2.exoscale-cdn.com/catalog/b/4/a/6/b4a66509f0647f1b7cba82b5fe67a5fee4646623_obermutten_dorf_holzkirche_sommer_demateo.jpg", "openstreetmap_id": "relation/1684124"}, "geometry": {"type": "Point", "coordinates": ["9.499859", "46.678503"]}}, {"type": "Feature", "properties": {"identifier": "3407e79c-0a5c-4597-abad-fdd37ff38549", "name": "viaSpluga - Bike", "description": "<h3><strong>Leistungen</strong></h3><ul><li>5 &Uuml;bernachtungen im Doppelzimmer mit Fr&uuml;hst&uuml;ck</li><li>4 Lunchpakete</li><li>An- und Abreise mit den &ouml;ffentlichen Verkehrsmitteln (Schweiz)</li><li>Gep&auml;cktransport von Hotel zu Hotel</li><li>G&auml;stekarte<br>- Freie Fahrt mit dem &ouml;ffentlichen Verkehr in der Region Viamala bis Chiavenna (IT)<br>- Zutritt zu verschiedenen Erlebnissen entlang der viaSpluga</li><li>Dokumentationen</li></ul><p><a href=\"https://viamala.ch/files/websites/viamala.ch/objects/prospekte-artikel/verschiedenes/2026_Vertrags-%20und%20Reisebedingungen_Mehrsprachig_DE_EN_IT.pdf\" target=\"_blank\" rel=\"noopener\">Vertrags- und Reisebedingungen</a><br><br></p><h3><strong>Programm</strong></h3><p><strong>1. Tag:</strong>&nbsp;Individuelle Anreise nach Thusis&nbsp;</p><p><strong>2. Tag:</strong> Tour von Thusis &ndash; Andeer</p><p><strong>3. Tag:</strong>&nbsp;Tour von Andeer &ndash; Sufers oder Spl&uuml;gen</p><p><strong>4. Tag:</strong>&nbsp;Tour von Sufers oder Spl&uuml;gen &ndash; Montespluga</p><p><strong>5. Tag:</strong>&nbsp;Tour von Montespluga &ndash; Chiavenna&nbsp;</p><p><strong>6. Tag:</strong> Individuelle R&uuml;ckreise via Engadin/St. Moritz<br><br></p><h3><strong>viaSpluga - Individuell</strong></h3><p>M&ouml;chtest du ein abgebildetes Pauschalarrangement individuell anpassen? Gerne k&ouml;nnen wir auf verschiedenste W&uuml;nsche eingehen und das Angebot verl&auml;ngern oder verk&uuml;rzen, einen Ruhetag einplanen, nur eine Teilstrecke buchen oder Leistungen weglassen oder erg&auml;nzen.</p><p>Wir beraten dich gerne und stellen dir ein individuelles Arrangement zusammen.<br><br></p><h3><strong>R&uuml;ckreise von Chiavenna nach Thusis</strong></h3><p>Die R&uuml;ckreise von Chiavenna mit den &ouml;ffentlichen Verkehrsmitteln ist f&uuml;r den Personentransport inbegriffen. Bitte beachte, dass f&uuml;r den Bike-Transport eine Reservation beim Ticketkauf erforderlich ist und die Kosten selbst zu tragen sind. Der Zugangscode f&uuml;r den Ticketkauf ist in der G&auml;stekarte <em>Via Mia Pass</em> hinterlegt. Wir empfehlen die R&uuml;ckreise mit dem Postauto und der Rh&auml;tischen Bahn via St. Moritz / Engadin. &Uuml;ber den Spl&uuml;genpass kann der Transport nicht garantiert werden.<br><br></p><h3><strong>Preise &amp; G&uuml;ltigkeit</strong></h3><ul><li><strong>Preis pro Person:</strong> ab CHF 710.00</li><li><strong>G&uuml;ltigkeit:</strong>&nbsp;13. Juni bis 25. Oktober 2026<br><br></li></ul><p><strong>Kindererm&auml;ssigung</strong></p><p>Kinder bis und mit 11 Jahre im Elternzimmer erhalten 30 % Erm&auml;ssigung.<br><br></p><p><strong>Optionen</strong></p><ul><li>Halbpension</li><li>Einzelzimmer</li><li>Zusatzn&auml;chte<br><br></li></ul><p><strong>Vorausbuchungsfrist</strong></p><p>Das Arrangement kann bis sp&auml;testens 3 Arbeitstage (Mo-Sa) vor Anreise bei uns gebucht werden, sofern noch Zimmer verf&uuml;gbar sind. Wir empfehlen eine fr&uuml;hzeitige Reservation.</p>", "url": "https://www.viamala.ch/", "image": "https://viatpimtsoch.sos-ch-dk-2.exoscale-cdn.com/catalog/5/a/8/b/5a8b6e50c06709dca1726e5db61f3cc2db5b64c1_gravelbike_hinterrhein_actionbild_2.jpg_compressed.JPEG"}, "geometry": {"type": "Point", "coordinates": ["9.439707398414612", "46.695741635368876"]}}, {"type": "Feature", "properties": {"identifier": "34513f15-4d18-4452-8946-7b3fdf18e3e6", "name": "Leseb\u00e4nkli Lescha", "description": "<p>Genau das k&ouml;nnen Sie nun in der Gemeinde Cazis tun. Bei vier idyllisch gelegenen B&auml;nkli steht eine Kiste bereit. Diese ist gef&uuml;llt mit B&uuml;chern und Zeitschriften f&uuml;r Jung und Alt. Sie sind herzlich eingeladen die B&uuml;cher anzuschauen, zu lesen und darin zu schm&ouml;ckern. Falls Sie sich einmal so sehr in ein Buch vertieft haben, dass Sie davon nicht mehr loskommen, leihen Sie es sich f&uuml;r ein paar Tage aus oder kommen Sie einfach wieder zur&uuml;ck aufs B&auml;nkli, zum Weiterlesen.</p>", "url": "https://cazis.ch", "image": "https://viatpimtsoch.sos-ch-dk-2.exoscale-cdn.com/catalog/b/5/d/c/b5dcf506a59dfb45aa352f3ea58a4794444da4a6_lesebaenkli_lescha_heinzenberg_viamala_tourismus.jpg", "openstreetmap_id": "node/12097066500"}, "geometry": {"type": "Point", "coordinates": ["9.401625396870486", "46.7185044249957"]}}, {"type": "Feature", "properties": {"identifier": "34d62b62-0f42-4751-acc7-6b99ecbdd304", "name": "Lai Lung", "url": "https://www.viamala.ch", "image": "https://viatpimtsoch.sos-ch-dk-2.exoscale-cdn.com/catalog/0/8/4/8/08483c5508fa4cc9f7120a09d658323b7b4ed552_lai_lung_herbst_schams_demateo.com__2_.jpg", "openstreetmap_id": "way/219554998"}, "geometry": {"type": "Point", "coordinates": ["9.398425390593275", "46.578128318511034"]}}, {"type": "Feature", "properties": {"identifier": "354a00b7-9a0f-45ae-a1c4-03f31e73ec80", "name": "Camping Spl\u00fcgen", "description": "<p>Im Winter ist der Camping idealer Ausgangspunkt zum Skifahren (Skigebiet Spl\u00fcgen-Tambo), zum Langlaufen (direkter Loipenanschluss) und zum Winterwandern. Im Sommer bietet die Region eine grosse Vielfalt an Wanderwegen (viaSpluga, Walserweg) und Freizeitaktivit\u00e4ten. Das direkt beim Campingplatz gelegene Ferienlager bietet zus\u00e4tzlich Bed&amp;Breakfast-\u00dcbernachtungen (Zimmer mit Etagenduschen/WC). F\u00fcr Gruppen (bis 38 Personen) steht das gesamte Haus inkl. Selbstversorger-K\u00fcche zur Verf\u00fcgung.</p><p>Im Campinghaus finden Sie folgende Einrichtungen vor:</p><ul><li>Ap\u00e9ro- und Caf\u00e9bar</li><li>Camping-Shop mit diversen Lebensmitteln und Alltags-Artikeln</li><li>Fr\u00fchst\u00fccksservice:<ul><li>T\u00e4glich frische Backwaren auch f\u00fcr Nicht-Campingg\u00e4ste</li><li>Das Angebot variiert, es gibt immer eine glutenfreie</li><li>Bestellungen bis 18.00 Uhr am Vortag per <a href=\"mailto:camping@spluegen.ch\" target=\"_blank\" rel=\"noopener\">E-Mail</a>,&nbsp;<a href=\"tel:+41816641476\" target=\"_blank\" rel=\"noopener\">Telefon</a>&nbsp;oder direkt im Camping-Shop</li></ul></li></ul><ul><li>Aufenthaltsraum mit B\u00fccherauswahl und Spielen</li><li>Geschirrsp\u00fclraum</li><li>Toiletten- und Duschr\u00e4ume</li><li>Waschk\u00fcche (Waschmaschinen, Trockner)</li></ul><p><strong><br>Weitere Infrastrukturen:</strong></p><ul><li>S\u00e4mtliche Pl\u00e4tze mit Stromanschluss</li><li>Parkplatz f\u00fcr Autos vor dem Campingplatz</li><li>Verkauf Gasflaschen</li><li>Grill-Ecke (\u00fcberdacht), Kochraum</li><li>Spielplatz mit Sandkasten</li><li>Tennispl\u00e4tze (Sommer), Natureisfeld und Loipenanschluss (Winter)</li><li>Ferienlager mit 38 Betten davon 1 Doppelzimmer und 1 Einzelzimmer</li><li>Ausguss f\u00fcr Chemietoilette</li><li>WLAN</li></ul>", "url": "http://www.campingsplugen.ch", "image": "https://viatpimtsoch.sos-ch-dk-2.exoscale-cdn.com/catalog/7/2/3/5/723543740d61c11218789cf650c4e823fb0ca071_camping_spluegen_auf_dem_sand_sommer_markus_mueller.jpg", "openstreetmap_id": "way/132374006"}, "geometry": {"type": "Point", "coordinates": ["9.313785", "46.549092"]}}, {"type": "Feature", "properties": {"identifier": "3559e1a3-2728-4eb2-95a9-ee690f0f8c01", "name": "\u00c4lplibar", "description": "Die \u00c4lplibar befindet sich bei der Alph\u00fctte Sarneralp auf rund 1'950 Meter \u00fcber Meer und liegt direkt an der Skipiste.", "url": "https://aelpli-bar.clubdesk.com", "image": "https://viatpimtsoch.sos-ch-dk-2.exoscale-cdn.com/catalog/e/c/8/0/ec800f5a36f23c5abe175bbf7bab2700292fa0b0_aelplibar_sarn_winter.JPG", "openstreetmap_id": "node/12198653208"}, "geometry": {"type": "Point", "coordinates": ["9.374267", "46.731274"]}}, {"type": "Feature", "properties": {"identifier": "367c5f2c-0c68-45d3-9c9e-fdeb77f5f350", "name": "Wohnmobil-Stellplatz +plus+ Heinzenberg-Lescha", "description": "<h4>Sanit&auml;ranlagen</h4><p>WC, Dusche, Waschgelegenheit und Abwaschbecken erf&uuml;llen alle Erwartungen, sind zweckm&auml;ssig und sauber.</p><h4>Kafi St&uuml;bali</h4><p>Euer Camper Treff mit Sonnenterrasse ist t&auml;glich ge&ouml;ffnet und l&auml;dt bei Fr&uuml;hst&uuml;ckskaffee oder Ap&eacute;ro zum gem&uuml;tlichen Verweilen bei interessanten Gespr&auml;chen mit Gleichgesinnten ein (<a title=\"weitere Informationen\" href=\"https://viamala.ch/de/map/poi/kafi-stubali-763e7893-aac1-455a-a274-cbe576580925.html\" target=\"_blank\" rel=\"noopener\">weitere Informationen</a>).</p><h4>Hofl&auml;dali</h4><p>Eine exklusive Auswahl regionaler Spezialit&auml;ten von einheimischen Produzenten wartet darauf, von euch entdeckt zu werden.</p><h4>Ver-/Entsorgung</h4><p>Auf dem Stellplatz +plus+ findet ihr alle notwendigen Einrichtungen f&uuml;r die Ver- und Entsorgung:</p><ul><li>Frischwasser</li><li>Stromanschluss</li><li>Grauwasser und WC Abfluss</li><li>Glas, Alu, PET, Kehricht</li><li>Robidog</li></ul><h4>Preise</h4><p>Die Preise variieren.</p><ul><li><a href=\"https://www.stellplatzplus-heinzenberg.ch/angebot\">Preisinformationen</a></li></ul>", "url": "https://www.stellplatzplus-heinzenberg.ch/", "image": "https://viatpimtsoch.sos-ch-dk-2.exoscale-cdn.com/catalog/6/c/b/7/6cb7c734053cb5c1030992b02a6e9a429223a751_aussicht_vom_stellplatz_plus_heinzenberg_lescha.jpg", "openstreetmap_id": "node/11866172581"}, "geometry": {"type": "Point", "coordinates": ["9.404415", "46.724098"]}}, {"type": "Feature", "properties": {"identifier": "38413887-e426-4b10-a71f-2ffd689baf8a", "name": "Burgruine Heinzenberg", "description": "Von der vermutlich durch die Freiherren von\u00a0Vaz\u00a0um 1200 gegr\u00fcndeten Anlage sind noch ein Mauerzahn des f\u00fcnfeckigen Wohnturms, die westseitige Ringmauer und Spuren weiterer Bauten zu sehen. Bei der Ruine befindet sich ein gut eingerichteter\u00a0Rastplatz mit Feuerstelle, Sitzgelegenheiten und einem Brunnen.", "url": "https://www.viamala.ch", "image": "https://viatpimtsoch.sos-ch-dk-2.exoscale-cdn.com/catalog/2/f/8/2/2f82ddb41a456e02521c883804e31c56ab6cde35_burgruine_heinzenberg_praez_im_sommer.jpg", "openstreetmap_id": "node/5593295129"}, "geometry": {"type": "Point", "coordinates": ["9.408642053604126", "46.74001132775683"]}}, {"type": "Feature", "properties": {"identifier": "38fa01ba-2ba8-407c-8b94-9acf1de6bc6e", "name": "Care Move & Bloom \u2013 Frauenwochenende in der STORY Thusis", "description": "<p>G&ouml;nn dir eine Auszeit voller Bewegung, Begegnung und Inspiration im Care Move &amp; Bloom Frauenwochenende im STORY Thusis. Dieses besondere Retreat l&auml;dt dich ein, dich selbst in den Mittelpunkt zu stellen, neue Energie zu tanken und gemeinsam mit anderen Frauen ein vielseitiges Programm aus Yoga, Outdoor-Aktivit&auml;ten, Training, Entspannung und Celebration zu erleben. Ein Wochenende, das dich st&auml;rkt, ber&uuml;hrt und zum Bl&uuml;hen bringt.<br><br></p><h4><strong>Leistungen</strong></h4><ul><li>2 &Uuml;bernachtungen im Mehrbettzimmer in der <a href=\"https://story-thusis.ch/en/lodge/\" target=\"_blank\" rel=\"noopener\">STORY Thusis</a></li><li>Fr&uuml;hst&uuml;ck am Holztisch</li><li>Abendessen am Freitag</li><li>Ap&eacute;ro mit Wildberry Lillet &amp; Fruchtspiessli</li><li>Eintritt zur <a href=\"https://story-thusis.ch/events/ladies-night-disco/\" target=\"_blank\" rel=\"noopener\">Ladies-Night-Disco</a> mit DJane</li><li>Yoga-, Wander-, Trailrunning-, Crossfit- und weitere Bewegungs- und Workshop-Einheiten gem&auml;ss Programm</li><li>Vortrag &bdquo;Du funktionierst &ndash; aber bl&uuml;hst du auch?&ldquo;</li><li>Faszienkurs und Mental-Workshop &bdquo;Mental to go&ldquo;</li><li>Bike Shuttle zur Ladies Night</li></ul><p><a href=\"https://story-thusis.ch/events/her-to-her-care-move-and-bloom/\" target=\"_blank\" rel=\"noopener\">Detailliertes Programm &amp; Weitere Informationen</a></p>", "url": "https://story-thusis.ch/", "image": "https://viatpimtsoch.sos-ch-dk-2.exoscale-cdn.com/catalog/3/1/8/0/3180d0b1e9a89774d3825fc19613ea2f71c8d016_care_move_and_bloom_story_thusis.jpg"}, "geometry": {"type": "Point", "coordinates": ["9.440222382545473", "46.69261042419321"]}}, {"type": "Feature", "properties": {"identifier": "393721c1-28d4-450d-8f2f-67804ee0d99a", "name": "Festungsmuseum Crestawald", "description": "<p>Im September 1939 wurde mit dem Bau der Festungsanlage in Crestawald begonnen. 1940 waren die gewaltigen Artillerie-Gesch\u00fctze feuerbereit. Ziel dieses Bollwerks war die Sperrung der Nord-S\u00fcd-Transitachse durch Graub\u00fcnden. Lange Zeit waren die in den Fels gehauenen Bunkeranlagen strengster Geheimhaltung unterstellt. Mit der Umstrukturierung der Schweizer Armee und deren Anpassung an neue Bedrohungsformen, gab es f\u00fcr die Artilleriefestungen nahe der Landesgrenzen keine Verwendung mehr. 1995 wurde die Anlage aufgelassen und im Jahr 2000 wurde die Geheimhaltung aufgehoben.</p>\n<p>Im selben Jahr wurde die Festungsanlage vom Verein Festungsmuseum Crestawald zum \u00f6ffentlich zug\u00e4nglichen Museum umgewandelt. Bei der Festung Crestawald handelt es sich im Vergleich zu anderen Artilleriewerken um eine kleine, \u00fcberschaubare Anlage. Dank der Kompaktheit der Festung ist es m\u00f6glich, in vern\u00fcnftiger Zeit die Besucher s\u00e4mtliche Bereiche einer Festungsanlage hautnah erleben zu lassen. Auch \u00e4ltere Besucher und Besucherinnen, die nicht mehr so gut zu Fuss sind, sind in der Anlage herzlich willkommen und k\u00f6nnen mit wenigen Ausnahmen die gesamte Festung besichtigen.</p>\n<p>Heute ist die Anlage f\u00fcr Individualbesucher oder f\u00fcr gef\u00fchrte Besichtigungen offen. Die Festung verf\u00fcgt \u00fcber einen Seminarraum, \u00dcbernachtungsm\u00f6glichkeiten (nur f\u00fcr Gruppen) sowie \u00fcber ein Gastronomieangebot im \"Festungsbeizli\".</p>\n<p><strong>Audioguide</strong><br>Auf Wunsch k\u00f6nnen Sie am Festungseingang f\u00fcr CHF 5.- einen elektronischen Audioguide mieten, der Sie in deutscher, italienischer, englischer, franz\u00f6sischer oder r\u00e4toromanischer Sprache durch das Festungsmuseum f\u00fchrt.</p>\n<p><strong>Festungsbus<br></strong>Der Festungsbus Crestawald f\u00e4hrt vom 5. Juli bis 10. August 2025 jeweils Mittwoch, Freitag, Samstag und Sonntag von Andeer, Rofflaschlucht aber auch von Sufers, Postautohaltestelle bis zum Festungsmuseum Crestawald (Reservation erforderlich).</p>\n<ul>\n<li><a href=\"https://www.naturpark-beverin.ch/de/festungsbus-crestawald\">Fahrplan und weitere Informationen zum&nbsp;Festungsbus</a></li>\n</ul>", "url": "https://www.crestawald.ch", "image": "https://viatpimtsoch.sos-ch-dk-2.exoscale-cdn.com/catalog/1/7/5/f/175f8086b410d687f97619c3b5968a9f337757e5_festungsmuseum_crestawald_sufers_von_aussen_viamala_tourismus.jpg", "openstreetmap_id": "way/633482613"}, "geometry": {"type": "Point", "coordinates": ["9.389819", "46.569464"]}}, {"type": "Feature", "properties": {"identifier": "39aec06c-55be-46d0-b9ab-d7cba1121e1b", "name": "Pignia", "description": "<p>Pignia ist seit der Gemeindefusion vom 1. Januar 2009 ein Ortsteil der Gemeinde Andeer. Der Ort liegt auf der rechten Talseite auf 1\u2019054 m \u00fc.M. und z\u00e4hlt rund 100 Einwohner.</p>\n<ul>\n<li><a href=\"http://www.gemeinde-andeer.ch/\">Website Gemeinde Andeer</a></li>\n<li><a href=\"http://www.hls-dhs-dss.ch/textes/d/D1510.php\">Link zum historischen Lexikon der Schweiz</a></li>\n<li><a href=\"http://shop.graubuenden.ch/Viamala/ukv/?date_unknown=1&amp;doSearch=1&amp;locationIDs[]=TDS00020010527381593&amp;globalReset=1&amp;persistentParameters=1&amp;lang=de\">Unterk\u00fcnfte im Schams</a></li>\n</ul>", "url": "https://www.gemeinde-andeer.ch", "image": "https://viatpimtsoch.sos-ch-dk-2.exoscale-cdn.com/catalog/d/1/2/5/d12595e15118f2bb79a25dcf77b8a1a3264e0ca5_pignia_dorf_im_sommer_schams_demateo.jpg", "openstreetmap_id": "node/240066709"}, "geometry": {"type": "Point", "coordinates": ["9.43836", "46.612911"]}}, {"type": "Feature", "properties": {"identifier": "39e51482-190b-4d1c-aada-ecf9c9621a10", "name": "Obergmeind - Richtung Piz Beverin", "image": "https://viatpimtsoch.sos-ch-dk-2.exoscale-cdn.com/catalog/f/0/7/f/f07f2da697557ca7bade5d4911778e0bec2e7e82_obergemeind_skipiste_skilifte_tschappina_winter_demateo.jpg", "openstreetmap_id": "way/1043475493"}, "geometry": {"type": "Point", "coordinates": ["9.359359990848187", "46.69092448692598"]}}, {"type": "Feature", "properties": {"identifier": "3a5f7bb7-b787-4997-a07f-12898bea9098", "name": "7408 Cazis", "description": "<p>Das Klosterdorf Cazis liegt am \u00e4usseren Heinzenberg auf 660 bis 1'200 m \u00fc.M.. Die Gemeinde Cazis besteht aus den Fraktionen Cazis, Tartar, Sarn, Portein und Pr\u00e4z.</p>\n<ul>\n<li><a href=\"https://www.cazis.ch/\">Website Gemeinde Cazis</a></li>\n<li><a href=\"http://www.hls-dhs-dss.ch/textes/d/D1485.php\">Link zum historischen Lexikon der Schweiz</a></li>\n<li><a href=\"http://shop.graubuenden.ch/Viamala/ukv/?date_unknown=1&amp;doSearch=1&amp;locationIDs[]=TDS00020010346586688&amp;globalReset=1&amp;persistentParameters=1&amp;lang=de\">Unterk\u00fcnfte in&nbsp;Cazis</a></li>\n</ul>", "url": "https://fasnacht-cazis.ch/", "image": "https://viatpimtsoch.sos-ch-dk-2.exoscale-cdn.com/catalog/1/a/8/9/1a89dd80ff5ae5f84dd7238cf328a4d69c5740fd_domleschg_heinzenberg.jpg", "openstreetmap_id": "relation/1684061"}, "geometry": {"type": "Point", "coordinates": ["9.4290288", "46.7207667"]}}, {"type": "Feature", "properties": {"identifier": "3b5c48e2-c7fc-4b54-a8f2-e1030ab33814", "name": "Stellplatz Valle di Lei", "description": "<p>Die Zufahrt erfolgt \u00fcber ein Tunnelportal in welchem auch gr\u00f6ssere Fahrzeuge zul\u00e4ssig sind. Eine \u00f6ffentliche Toilette befindet sich hinter dem Inforama der KHR. Auf der gegen\u00fcberliegenden Seite der Staumauer befindet sich das italienische Restaurant&nbsp;<a href=\"https://www.maps.viamala.ch/de/gastro/provinz-sondrio-valtellina/restaurant-baita-del-capriolo/60979016/\">Baita del Capriolo</a>.</p>\n<p><strong>Zahlung</strong><br>Direkt \u00fcber die App <a href=\"https://www.parknsleep.app/ps/19409448\">Parkn'Sleep</a>.</p>", "url": "https://gemeindeavers.ch/", "image": "https://viatpimtsoch.sos-ch-dk-2.exoscale-cdn.com/catalog/a/b/6/b/ab6b9583d2e4ffb407fdfb665889fdf8ce523fca_stausee_stauamuer_valle_die_lei_viamala_tourismus.jpg", "openstreetmap_id": "node/12098814997"}, "geometry": {"type": "Point", "coordinates": ["9.457533359527588", "46.480856345564554"]}}, {"type": "Feature", "properties": {"identifier": "3dd66219-2a9a-457a-ac9e-a37f169ba1de", "name": "Lai Pintg", "url": "https://www.viamala.ch", "image": "https://viatpimtsoch.sos-ch-dk-2.exoscale-cdn.com/catalog/4/0/d/5/40d5d757004e3299c5b149931eb42b5c6d8a9917_lai_pintg_schamserberg_moorlandschaft_anarosa_sommer_demateo.com.jpg", "openstreetmap_id": "way/326478155"}, "geometry": {"type": "Point", "coordinates": ["9.336111689727886", "46.60455097613025"]}}, {"type": "Feature", "properties": {"identifier": "3e167eec-b642-4a96-a24f-0c83c17728fe", "name": "Feuerstelle Plaun da Glenna", "description": "<p>Vom Dorfkern in Almens liegt die Feuerstelle ca. 600 Meter entfernt. Dieser Weg kann zu Fuss oder mit dem Bike zur\u00fcckgelegt werden. Zu dieser Feuerstelle d\u00fcrfen Hunde mitgebracht werden.</p><p><span style=\"font-weight: bold;\">Ausstattung</span></p><ul><li>1 Feuerstelle mit 3 B\u00e4nke um die Feuerstelle (9 Sitzpl\u00e4tze)</li><li>Grillrost vorhanden</li><li>Brennholz vorhanden</li><li>Brunnen mit Trinkwasser</li><li>Abfallentsorgung vorhanden</li><li>2 weitere B\u00e4nke mit 8 Sitzpl\u00e4tzen</li><li>Die Holzb\u00e4nke umrahmen die Feuerstelle<br></li></ul><p><br>Bitte allf\u00e4llige Weisungen z.B. bez\u00fcglich <a href=\"https://www.gr.ch/DE/institutionen/verwaltung/diem/awn/aktuelles/Waldbrandgefahr/Seiten/aktuelle_waldbrandgefahr.aspx\" target=\"_blank\">Waldbrandgefahr </a>beachten.</p>", "url": "https://www.viamala.ch", "image": "https://viatpimtsoch.sos-ch-dk-2.exoscale-cdn.com/catalog/5/7/c/8/57c8a31fafd2494b4c13733dcd8ec841ec17cb28_Feuerstelle_Plaun_da_Glenna_Almens.jpg", "openstreetmap_id": "node/12074955186"}, "geometry": {"type": "Point", "coordinates": ["9.459684491157532", "46.74019514189892"]}}, {"type": "Feature", "properties": {"identifier": "3e26e84a-2a8b-448d-86b5-96af7e700ab2", "name": "Bergbau-Museum Innerferrera", "description": "<p data-start=\"68\" data-end=\"387\">Tr&auml;ger des Museums ist der Verein Erzminen Hinterrhein, der sich f&uuml;r den Erhalt, die Erforschung und die Vermittlung des bergbaulichen Erbes der Region engagiert. Das Museum versteht sich als Ort der Erinnerung, der Auseinandersetzung mit der Vergangenheit und der Begegnung mit einer pr&auml;genden Epoche des Schamsertals.</p><p data-start=\"389\" data-end=\"556\">Gef&uuml;hrte Besichtigungen und thematische Angebote erg&auml;nzen das Museumsangebot. F&uuml;r F&uuml;hrungen ist eine Anmeldung erforderlich, Gruppenf&uuml;hrungen sind auf Anfrage m&ouml;glich.</p><p data-start=\"558\" data-end=\"588\"><strong data-start=\"558\" data-end=\"588\">Neu gestaltete Ausstellung<br></strong>Das Bergbau-Museum Innerferrera pr&auml;sentiert sich mit einer neu gestalteten Ausstellung. Sie l&auml;dt dazu ein, die Geschichte des Bergbaus in Ferrera und im Schams auf einem historischen Rundgang neu zu entdecken.</p><p data-start=\"801\" data-end=\"895\" data-is-last-node=\"\" data-is-only-node=\"\">Die Ausstellung ist t&auml;glich vom 1. April bis 31. Oktober 2026 von 8.30 bis 18.00 Uhr ge&ouml;ffnet.</p>", "url": "https://www.erzminen-hinterrhein.ch", "image": "https://viatpimtsoch.sos-ch-dk-2.exoscale-cdn.com/catalog/b/d/9/1/bd91a4300199c753b90f8a1adf600aaad187ed97_bergbaumuseum_innerferrera_herbst.jpg", "openstreetmap_id": "node/9981414070"}, "geometry": {"type": "Point", "coordinates": ["9.442812", "46.521113"]}}, {"type": "Feature", "properties": {"identifier": "3ef6bf8f-b736-40ce-ba7f-62b36c835e6f", "name": "Restaurant Freibad Andeer", "description": "Der Kiosk verkauft Snacks, Pommes Frites, Hamburger und Wienerli. Der Kiosk ist nur w\u00e4hrend den \u00d6ffnungszeiten des Freibades Andeer ge\u00f6ffnet. Dieses ist von Juni bis August von 10.00 - 19.00 Uhr t\u00e4glich bei guter Witterung ge\u00f6ffnet.", "image": "https://viatpimtsoch.sos-ch-dk-2.exoscale-cdn.com/catalog/5/f/1/7/5f178345cd077c0d82afdb2bf7ec94eb67a770ad_freibad_andeer_restaurant_viamala_tourismus.jpg", "openstreetmap_id": "node/12122078598"}, "geometry": {"type": "Point", "coordinates": ["9.42501", "46.60532"]}}, {"type": "Feature", "properties": {"identifier": "3f6615e1-075b-47b1-8780-37d80e1847c3", "name": "Beobachtungsbank Summapunt", "description": "Diese Sitzbank in der N\u00e4he des Maiens\u00e4ss Summapunt bietet einen atemberaubenden Blick \u00fcber das Schams. Unter der Bank befindet sich eine Schublade, die ein Fernglas und weitere Instrumente zur Beobachtung der Landschaft, Natur und Fauna enth\u00e4lt. Zus\u00e4tzlich informieren bereitgestellte Materialien \u00fcber ausgew\u00e4hlte Tier- und Pflanzenarten.", "url": "https://www.viamala.ch", "image": "https://viatpimtsoch.sos-ch-dk-2.exoscale-cdn.com/catalog/f/b/e/8/fbe8608f6a578d393deaaf20442a04b0e03ecb92_beobachtungsbank_mit_aussicht_in_die_val_schons_bei_summapunt.jpg", "openstreetmap_id": "node/3441049103"}, "geometry": {"type": "Point", "coordinates": ["9.421741962432863", "46.66169783544232"]}}, {"type": "Feature", "properties": {"identifier": "400ab238-6f84-4231-8303-25fde0add41c", "name": "Paspels", "description": "<p>Paspels geh\u00f6rt seit 1.1.2015 zur Gemeinde Domleschg. Es liegt auf 780 m \u00fc.M. und z\u00e4hlt rund 470 Einwohner.</p>\n<ul>\n<li><a href=\"http://www.domleschg.ch/\">Website Gemeinde Domleschg</a></li>\n<li><a href=\"http://www.hls-dhs-dss.ch/textes/d/D1474.php\">Link zum historischen Lexikon der Schweiz</a></li>\n<li><a href=\"http://shop.graubuenden.ch/Viamala/ukv/?date_unknown=1&amp;doSearch=1&amp;locationIDs[]=TDS00020010346592279&amp;globalReset=1&amp;persistentParameters=1&amp;lang=de\">Unterk\u00fcnfte in Paspels</a></li>\n</ul>", "url": "https://www.domleschg.ch", "image": "https://viatpimtsoch.sos-ch-dk-2.exoscale-cdn.com/catalog/4/9/d/e/49de97c656b3453310d30b887c479a75152deebf_paspels_dorf_domleschg_sommer_demateo.com.jpg", "openstreetmap_id": "node/1351083516"}, "geometry": {"type": "Point", "coordinates": ["9.44463", "46.748749"]}}, {"type": "Feature", "properties": {"identifier": "411ccf1b-1c52-47a4-90f3-52e73ed18a47", "name": "Feuerstelle Patrutgsee", "description": "<p>Der See liegt auf 1590 m \u00fc.M., unmittelbar am Waldrand, mit Spiel- und Liegewiese, Feuerstellen mit Sitzgruppen, Spielplatz, Kinderbadesee, Boots- und Badesteg sowie rollstuhlg\u00e4ngiger WC-Anlage. Ein Ruderboot und ein kleines Floss warten darauf, mit Klein und Gross ein paar Runden zu drehen. Rund um das Gel\u00e4nde f\u00fchrt ein kinderwagentauglicher Spazierweg. Auch am See liegt die H\u00fctte des Eisstockclubs Patrutg. Sind Mitglieder des Eisstockklubs vor Ort, gibt es manchmal u.a. Glac\u00e9 und Getr\u00e4nke zu kaufen! Die H\u00fctte kann f\u00fcr Firmen-, Vereins- und Familienfeste gemietet werden. Der See ist erreichbar mit dem Privatwagen via Urmein und Oberurmein in Richtung L\u00fcsch (ca. 20 Fahrminuten ab Thusis) oder zu Fuss bzw. Bike.</p><p>Es wird kein Eintritt zum See erhoben.<br></p>", "url": "https://www.viamala.ch", "image": "https://viatpimtsoch.sos-ch-dk-2.exoscale-cdn.com/catalog/5/6/0/8/5608ffc533640ad4359f056dcda35fb00086b131_Feuerstelle_Patrutgsee_Oberurmein.jpg", "openstreetmap_id": "node/12074931743"}, "geometry": {"type": "Point", "coordinates": ["9.384334", "46.702003"]}}, {"type": "Feature", "properties": {"identifier": "4198e36a-d1a6-478c-be8c-6cfdde3e595c", "name": "Tartar", "description": "<p>Tartar geh\u00f6rt seit 1.1.2010 zur Gemeinde Cazis. Es liegt am \u00e4usseren Heinzenberg auf 995 m \u00fc.M. und z\u00e4hlt rund 160 Einwohner.</p>\n<ul>\n<li><a href=\"https://www.cazis.ch/\">Website Gemeinde Cazis</a></li>\n<li><a href=\"http://www.hls-dhs-dss.ch/textes/d/D1491.php\">Link zum historischen Lexikon der Schweiz</a></li>\n<li><a href=\"http://shop.graubuenden.ch/Viamala/ukv/?date_unknown=1&amp;doSearch=1&amp;locationIDs[]=TDS00020010346790706&amp;globalReset=1&amp;persistentParameters=1&amp;lang=de\">Unterk\u00fcnfte in Tartar</a></li>\n</ul>", "url": "https://www.cazis.ch", "image": "https://viatpimtsoch.sos-ch-dk-2.exoscale-cdn.com/catalog/a/e/0/d/ae0d0c29429d463f062381a0b907fee71cec1e70_tartar_im_sommer.jpg", "openstreetmap_id": "node/240029452"}, "geometry": {"type": "Point", "coordinates": ["9.418115", "46.718663"]}}, {"type": "Feature", "properties": {"identifier": "41b1b91c-d63c-4b16-8b00-e3ab4582bf4e", "name": "Feuerstelle Crusch", "description": "<p>Zu Fuss ist die Feuerstelle Crusch in 25 Gehminuten ab Pr\u00e4z erreichbar.</p><p><span style=\"font-weight: bold;\">Ausstattung</span></p><ul><li>1 Feuerstelle</li><li>Rost vorhanden</li><li>Brennholz vorhanden</li><li>2 Tische und 4 B\u00e4nke</li><li>Bunnen vorhanden<br><br></li></ul><p>Bitte allf\u00e4llige Weisungen z.B. bez\u00fcglich <a href=\"https://www.gr.ch/DE/institutionen/verwaltung/diem/awn/aktuelles/Waldbrandgefahr/Seiten/aktuelle_waldbrandgefahr.aspx\" target=\"_blank\">Waldbrandgefahr </a>beachten.</p>", "url": "https://www.viamala.ch", "image": "https://viatpimtsoch.sos-ch-dk-2.exoscale-cdn.com/catalog/d/7/b/2/d7b209858b872904472ac3786a8b667c42e94eb6_Feuerstelle_Crusch_Pr__z__2_.jpg", "openstreetmap_id": "node/12074964985"}, "geometry": {"type": "Point", "coordinates": ["9.402988", "46.74761"]}}, {"type": "Feature", "properties": {"identifier": "41e29896-59d8-4630-9e65-15279811ef5e", "name": "Natureisfeld Spl\u00fcgen Dorf", "description": "<p><span style=\"font-weight: bold;\">Schlittschuhmiete</span><span style=\"font-weight: 700;\"><br></span>Spl\u00fcgen Sport, Tel. <a href=\"tel:+41816641919\">+41 81 664 19 19</a>, <a href=\"http://spluegensport.ch/\" target=\"_blank\">www.spluegensport.ch</a></p><p>Eintritt frei.</p>", "url": "https://www.rheinwald.ch", "image": "https://viatpimtsoch.sos-ch-dk-2.exoscale-cdn.com/catalog/f/5/5/c/f55c8ec6763a007bb4ae92e011846a8bfb751ec2_spluegen_dorf_sonnenuntergang_im_winter_silvan_widler.jpg", "openstreetmap_id": "node/12112484235"}, "geometry": {"type": "Point", "coordinates": ["9.320212", "46.552113"]}}, {"type": "Feature", "properties": {"identifier": "41f55619-5a95-45ae-b57e-facc5a6c255b", "name": "Bandseen", "description": "Der untere Bandsee liegt auf 2599 m \u00fc.M., der obere auf 2643 m \u00fc.M.&nbsp;Die Seen sind von Avers-Cresta&nbsp;aus erreichbar. Weitere Informationen zur Wanderung finden Sie <a href=\"https://mybusiness.outdooractive.com/de/r/23419833/\" target=\"_blank\">hier</a>.", "url": "https://www.viamala.ch", "image": "https://viatpimtsoch.sos-ch-dk-2.exoscale-cdn.com/catalog/c/4/b/2/c4b2c0ee4b8357c6c2f5ac7e677bdcfce00e803d_oberer_bandsee_avers.jpg", "openstreetmap_id": "way/246902645"}, "geometry": {"type": "Point", "coordinates": ["9.555884599685669", "46.470246368350764"]}}, {"type": "Feature", "properties": {"identifier": "41fe71ad-e37e-44c8-a135-2ecac73c801e", "name": "Feuerstelle Pardisla", "description": "<p>Vom Dorf Rodels erreicht man die Feuerstelle auf halbem Weg Richtung Bahnhof Rodels (Abzweigung&nbsp; Forstgarten).</p><p><span style=\"font-weight: bold;\">Ausstattung</span></p><ul><li>1 Feuerstelle</li><li>Grillrost vorhanden</li><li>Brennholz vorhanden</li><li>3 Tische mit B\u00e4nke</li><li>Brunnen mit Trinkwasser</li><li>Abfallentsorgung vorhanden</li><li>TOI TOI - Toilette (von Mai bis Oktober)<br><br></li></ul><p>Bitte allf\u00e4llige Weisungen z.B. bez\u00fcglich <a href=\"https://www.gr.ch/DE/institutionen/verwaltung/diem/awn/aktuelles/Waldbrandgefahr/Seiten/aktuelle_waldbrandgefahr.aspx\" target=\"_blank\">Waldbrandgefahr </a>beachten.</p>", "url": "https://www.viamala.ch", "image": "https://viatpimtsoch.sos-ch-dk-2.exoscale-cdn.com/catalog/e/9/3/f/e93fca197126e6a4874234d712421139c9e8d9f7_feuerstelle_pardisla_rodels.jpg", "openstreetmap_id": "node/9999756038"}, "geometry": {"type": "Point", "coordinates": ["9.436311847712545", "46.73915474559034"]}}, {"type": "Feature", "properties": {"identifier": "42291e4e-49da-4d36-b372-fad2e7da581d", "name": "Kloster der Dominikanerinnen", "description": "<p><strong> Fr\u00fchmittel- und Hochmittelalter<br></strong>Das Stift wird um 700 durch den Churer Bischof Viktor II. gegr\u00fcndet. Cazis ist das erste Frauenstift in Churr\u00e4tien. Wegen der Abh\u00e4ngigkeit vom Bischofssitz Chur sind die \u00abmoniales\u00bb, wie sie in den Quellen genannt werden, eher Kanonissen oder gemeinschaftlich nach der Aachener Regel von 816 lebende Chorfrauen ohne Gel\u00fcbde, aber mit einer rechtlichen Bindung an das Stift und die Klausur. Diese Lebensweise ist von 1045 bis 1156 eindeutig bezeugt. 1156 erfolgte die Einf\u00fchrung der Augustinerregel. Allerdings waren laut Urkunde nur wenige Kanonissen bereit, Augustinerinnen zu werden und sich auf jene strengere Lebensweise zu verpflichten.</p>\n<p><strong> Reformation: das vorl\u00e4ufige Ende<br></strong>Der zweite Ilanzerbrief von 1526 unterstellt die Verwaltung der Kl\u00f6ster der weltlichen Obrigkeit und verbietet die Aufnahme von Novizen. Damit erlischt das Klosterleben und 1570, nach dem Tod der letzten Augustinerin, wird das Kloster aufgehoben. In den Klosterr\u00e4umen wohnen anfangs die Schauenstein, sp\u00e4ter die Planta, schliesslich wird es bauf\u00e4llig und steht leer. Ein Kapuzinerpater schildert: \u00abDas Kloster machte nicht mehr den Eindruck eines Ordenshauses, vielmehr eines Waldes f\u00fcr wilde Tiere. Das morsche Dach fiel zusammen infolge des Alters. Die Klosterh\u00f6fe waren voll von Steinen und Tr\u00fcmmer, so dass einem die Tr\u00e4nen kamen beim Anblick.\u00bb</p>\n<p><strong> 17. Jahrhundert: Neugr\u00fcndung <br></strong>1647 beruft Bischof Johann VI. die Chorfrau Johanna Gauwin aus dem Dominikanerinnenkloster in Bludenz zur Neugr\u00fcndung und Leitung des Frauenklosters Cazis. Johann VI. hat dabei vor allem schulische Absichten. Die kleine Schar von Dominikanerinnen - zu Beginn sind es sechs Schwestern - hat lange Zeit einen Existenzkampf zu f\u00fchren. Um den Weiterbestand der Gemeinschaft zu sichern, sind die Churer Bisch\u00f6fe immer wieder gen\u00f6tigt, sich f\u00fcr das materielle Wohl der Schwestern einzusetzen. Dazu f\u00fchrt 1768 ein Brand das Kloster beinahe in den Ruin.</p>\n<p><strong>Ein Ort f\u00fcr die M\u00e4dchenbildung</strong><br>Bis 1919 geh\u00f6ren die Dominikanerinnen zum sogenannten zweiten Orden, dann aber, mit der \u00dcbernahme neuer Konstitutionen, treten sie in den dritten Orden \u00fcber. Dadurch ist es der Gemeinschaft m\u00f6glich, ihren Wirkungskreis ausserhalb der Klausur zu entfalten. Die Schule St. Catharina, die 1866 eine kurze Bl\u00fctezeit erlebt hat, wird neu ins Leben gerufen. So kann die Gr\u00fcndungsabsicht des Bischofs Johann VI. verwirklicht werden, der 1647 mehrfach in seinen Urkunden betont hat, er wolle mit den Dominikanerinnen in Cazis einen Ort f\u00fcr M\u00e4dchenbildung in Graub\u00fcnden schaffen. Diesem Anliegen entspricht auch die Lehrt\u00e4tigkeit der Schwestern in den verschiedenen Gemeinden. 2002 sind mehrere Schwestern aus dem Kloster Cazis nach Bludenz entsendet worden. Wie das dortige Dominikanerinnenkloster um 1647 den Fortbestand des Cazner Konvents gesichert hat, so sollen sich heute die Schwestern aus Cazis um den Fortbestand des inzwischen fast leer stehenden Bludenzer Klosters k\u00fcmmern.</p>\n<p>Heute leben&nbsp;45 Schwestern im Kloster. Sie sind nicht nur innerhalb der Klostermauern sehr engagiert. Das Kloster Cazis bietet eine breite Auswahl an Kursen an. Ein detailliertes Programm kann auf der klostereigenen <a href=\"https://kloster-cazis.ch/\">Homepage</a> bezogen werden. Im Kloster werden verschiedene Produkte aus hauseigener Produktion verkauft, vom Bienenhonig bis hin zu Kunstgegenst\u00e4nden.</p>", "url": "https://www.kloster-cazis.ch", "image": "https://viatpimtsoch.sos-ch-dk-2.exoscale-cdn.com/catalog/c/1/6/3/c1637681cc43b2a176717d0d38811f9dfae6483f_dominikanerinnenkloster_cazis_im_fruehling_sommer_demateo.jpg", "openstreetmap_id": "way/142185914"}, "geometry": {"type": "Point", "coordinates": ["9.42962", "46.72094"]}}, {"type": "Feature", "properties": {"identifier": "423adefc-44f9-4df9-8e98-245f9704f88f", "name": "Elektroauto-Verleih Andeer und Wergenstein", "description": "<p>Die einfachste Variante f&uuml;r einen Kurztrip, Tagesausflug oder eine l&auml;ngere Mietdauer &ndash; engiro machts m&ouml;glich. Unverbindliche Beratung und Offerte nach Ihren W&uuml;nschen.</p>\n<p><strong>Welche Autos stehen zur Verf&uuml;gung?<br /></strong>In Andeer steht das eher sportliche Elektroauto Hyundai IONIQ und in Wergenstein das kompakte Elektroauto Renault ZOE zur Verf&uuml;gung. Beide haben eine Vollelektroantrieb und fahren sich sogar einfacher wie mit herk&ouml;mmlichen Automatikgetriebe.</p>", "url": "https://www.engiro.ch", "image": "https://viatpimtsoch.sos-ch-dk-2.exoscale-cdn.com/catalog/3/0/2/7/3027944c3110064bcf699a62a917784f0594f6e0_engiro_elektroauto.jpg", "openstreetmap_id": "way/1091362991"}, "geometry": {"type": "Point", "coordinates": ["9.427138566970827", "46.605195375246176"]}}, {"type": "Feature", "properties": {"identifier": "42794c50-3173-42c3-b1f1-6d867e51f37f", "name": "Package \u00abTrailrunning\u00bb im Hotel Capricorns in Wergenstein", "description": "<p>Das Trailrunning-Package im Hotel Capricorns bietet ideale Bedingungen f&uuml;r alle, die aktiv unterwegs sein und gleichzeitig neue Energie tanken m&ouml;chten. Zwischen aussichtsreichen Trails, alpiner Ruhe und wohltuender Entspannung findest du genau das, worauf es beim Trailrunning wirklich ankommt.</p><h4>Leistungen</h4><ul><li>2 &Uuml;bernachtungen im Doppelzimmer Piz Grisch im Hotel Capricorns in Wergenstein</li><li>Power-Ap&eacute;ro an der Capricorns Bar</li><li>genussvolles 4-Gang Znacht (exkl. Getr&auml;nke)</li><li>reichhaltiges, regionales Zmorge-Buffet</li><li>energiereiches Lunchpaket mit Lieblingsgetr&auml;nk</li><li>Naturpark Beverin Trailrunning-Karte</li><li>Wellnessbereich La Calma zur freien Nutzung</li><li>20% Rabatt auf den Eintritt ins Mineralbad Andeer</li><li>Capricorns &Uuml;berraschungsgeschenk</li><li>WLAN</li><li>Aussenparkplatz</li></ul><h4>G&uuml;ltigkeit</h4><section class=\"sect-top\"><div class=\"container\"><div class=\"txt-box\"><p class=\"p2\"><span class=\"s1\">Buchbar von Juni bis Oktober (Anreisetag von Sonntag bis Mittwoch).</span></p></div></div></section>", "url": "https://capricorns.ch/", "image": "https://viatpimtsoch.sos-ch-dk-2.exoscale-cdn.com/catalog/d/d/2/a/dd2aa5da66679a555e838e9ec5112d86edcb8921_trailrunning_schamserberg_carnusapass_demateo.com.JPEG"}, "geometry": {"type": "Point", "coordinates": ["9.40735459327698", "46.6263311519914"]}}, {"type": "Feature", "properties": {"identifier": "42f8292c-3544-4795-94f5-de2a34ebbb39", "name": "Bergsportschule Grischa", "description": "<p>Die Bergsportschule Grischa wird von einheimischen Berg- und Skif\u00fchrern mit anerkannter Zertifizierung betrieben. Jenseits der markierten Pisten sind sie in ihrem Element und kennen als Einheimische die verborgenen Winkel und malerischsten Abfahrten in der Destination Viamala. Die Bergsportschule bietet als Experte in den Bereichen Freeride, Skitouren, Schneeschuhwanderungen und Eisklettern eine Vielzahl von Angeboten, von Kursen \u00fcber Gruppenausfl\u00fcge und Firmenevents bis hin zu individuellem Guiding, um alle W\u00fcnsche zu erf\u00fcllen. </p><p>Die Destination Viamala bietet&nbsp;zahlreiche M\u00f6glichkeiten f\u00fcr unvergessliche Erlebnisse in der faszinierenden Berglandschaft. Die Bergsportakademie plant nach den Vorstellungen der Teilnehmer und begleitet Sie durch ein unvergessliches Abenteuer.</p>", "url": "https://bergsportschulegrischa.ch", "image": "https://viatpimtsoch.sos-ch-dk-2.exoscale-cdn.com/catalog/a/b/b/2/abb2c989f3687a235bfdb725eb963e0f1d8a8243_die_bergfuehrerinnen_der_bergsportschule_grischa_sommer.jpg", "openstreetmap_id": "node/12114459352"}, "geometry": {"type": "Point", "coordinates": ["9.537029", "46.45871"]}}, {"type": "Feature", "properties": {"identifier": "437559bf-45f9-47c2-bf0e-a8325b70c460", "name": "Kirche St. Martin", "description": "<p>In der romanischen Epoche - anfangs des 12. Jahrhunderts - wurde dieses heute weltweit einzige noch erhaltene Werk geschaffen. Die Kirchendecke besteht aus 153 quadratischen Bildtafeln (neun Reihen \u00e0 17 Tafeln) von je rund 90 Zentimetern Seitenl\u00e4nge.</p><p>Die Randfelder stellen seltsame Fabelwesen als Sinnbild des B\u00f6sen sowie Szenen aus der Jonas-Geschichte dar. Ferner sind Engel als Personifikation der vier Winde und Verk\u00fcnder des J\u00fcngsten Gerichts angeordnet. Die inneren Bilder sind Themen aus dem Leben Christi gewidmet. Die letzte Bilderreihe berichtet aus dem Leben des heiligen Martin.</p><p>Es lohnt sich auf jeden Fall, erst die Ausstellung zur Kirche zu besuchen und dann die Kirche. Die Ausstellung befindet sich an der Hauptstrasse, nur knapp 5 Gehminuten von der Kirche entfernt. Mit zeitgem\u00e4ssen museologischen Mitteln tr\u00e4gt die Ausstellung zum Verst\u00e4ndnis der Kirchendecke und der mittelalterlichen Bilderwelt bei.</p><p></p><p><strong>F\u00fchrungen Ausstellung/Kirche</strong></p><p>Jederzeit auf\u00a0Voranmeldung m\u00f6glich. Preis CHF 120.00, zuz\u00fcglich Eintritte. Reservation Tel.:\u00a0<a href=\"tel:+41 81 661 22 55\" rel=\"noopener noreferrer\" target=\"_blank\">+41 81 661 22 55</a> oder Mail\u00a0<a href=\"mailto:ausstellung@zillis-st-martin.ch\" rel=\"noopener noreferrer\" target=\"_blank\">ausstellung@zillis-st-martin.ch</a>\u00a0an.</p>", "url": "https://zillis-st-martin.ch/", "image": "https://viatpimtsoch.sos-ch-dk-2.exoscale-cdn.com/catalog/0/4/a/0/04a07be6f2d58beeb00fbb66fc2dbaae488ed148_kirche_st__2_.jpg", "openstreetmap_id": "way/130994028"}, "geometry": {"type": "Point", "coordinates": ["9.441649317741394", "46.63430650107123"]}}, {"type": "Feature", "properties": {"identifier": "44181b9c-e03f-4e96-af72-6c9985d6788d", "name": "Rothenbrunnen", "description": "<p>Rothenbrunnen im Domleschger Talboden liegt auf 630 m \u00fc.M. und z\u00e4hlt rund 300 Einwohner. Seinen Namen verdankt der Ort der warmen jodeisenhaltigen Heil- und Mineralquelle.</p>\n<ul>\n<li><a href=\"https://rothenbrunnen.ch/\">Website der Gemeinde Rothenbrunnen</a></li>\n<li><a href=\"http://www.hls-dhs-dss.ch/textes/d/D1477.php\">Link zum historischen Lexikon der Schweiz</a></li>\n<li><a href=\"http://shop.graubuenden.ch/Viamala/ukv/?date_unknown=1&amp;doSearch=1&amp;locationIDs[]=TDS00020010527381530&amp;globalReset=1&amp;persistentParameters=1&amp;lang=de\">Unterk\u00fcnfte im Domleschg</a></li>\n</ul>", "url": "http://rothenbrunnen.ch", "image": "https://viatpimtsoch.sos-ch-dk-2.exoscale-cdn.com/catalog/b/4/1/a/b41afbd98ddbccb4132add21830c93e1d7a7a296_rothenbrunnen_dorf_domleschg_sommer_demateo.jpg", "openstreetmap_id": "relation/1684141"}, "geometry": {"type": "Point", "coordinates": ["9.426014", "46.768961"]}}, {"type": "Feature", "properties": {"identifier": "44583901-ccf2-40a8-91b7-1a70dcff5c1e", "name": "Alpersch\u00e4lli-Seeli", "description": "<p>Sp\u00e4testens nach dem steilen Aufstieg von der Alp Biggenmad hoch zum Alpersch\u00e4lli geh\u00f6rt der Feldstecher griffbereit. Denn hier lassen sich die Steinb\u00f6cke besonders oft beobachten.</p><p></p><p>Auf dem Weg \u2013 der gr\u00f6sste Teil des Aufstiegs zur Farcletta digl Lai Grand (2659 m \u00fc. M.) ist geschafft \u2013 gleitet der Blick \u00fcbers Alpersch\u00e4lli-Seeli. Man k\u00f6nnte das kleine, klare Seeli unr\u00fchmlich als Pf\u00fctze abtun, pr\u00e4sentierte es sich nicht als zauberhafter Farbtupfer inmitten der kargen, steinigen Landschaft. Und es liegt an einem willkommenen Ort, denn hier m\u00f6chte man pausieren. Auf einem Stein sitzend \u2013 nein, f\u00fcr ein Bad ist das von Schmelzwasser gespiesene Seeli zu frostig \u2013 holt man nun genussvoll Leckereien aus dem Rucksack. Ja, auch diese geh\u00f6ren zur Standartausr\u00fcstung. Beim Picknicken schliesslich geniesst man das aufkommende Bewusstsein, dass man sich hier vollkommen alleine inmitten der Bergwelt befindet. Alleine? Vielleicht ja. Oder doch nicht? Denn gut m\u00f6glich, dass es hier zu einer Begegnung mit dem Capricorn, dem K\u00f6nig der Alpen, kommt.</p>", "url": "https://www.viamala.ch", "image": "https://viatpimtsoch.sos-ch-dk-2.exoscale-cdn.com/catalog/7/a/6/9/7a693602d6cfdc4206fe9208002d43d4342e4e57_alperschaelli_seeli_sommer_schamserberg_nico_schaerer.jpg", "openstreetmap_id": "way/1243307563"}, "geometry": {"type": "Point", "coordinates": ["9.317709803581238", "46.606894394726645"]}}, {"type": "Feature", "properties": {"identifier": "4479982f-4910-4d31-a431-2b82d6b16c79", "name": "Talmuseum Tgea da Schons, Zillis", "description": "<p>Wie lebte man im Schams, als es noch keinen Strom aus der Steckdose gab? Wie wurde fr\u00fcher das Heu zu Tal gebracht? Wie wurde gebaut, als Handwerkzeuge noch Handwerkzeuge waren? Wie wurde gekocht? Was brachte eine Braut als Aussteuer in die Ehe mit? Auf all diese Fragen weiss die Ausstellung im Talmuseum Schams Antworten.</p>\n<p><strong>Projekt \u00abTgea da Schons\u00bb</strong><br>Die Kirchendecke der Kirche St. Martin in Zillis, auch bekannt als \"Sixtina der Alpen\", besteht aus 153 einzigartigen quadratischen Bildtafeln, die im 12. Jahrhundert geschaffen wurden. J\u00e4hrlich besuchen etwa 20.000 Menschen dieses Kunstwerk in der Berggemeinde s\u00fcdlich der Viamala-Schlucht. Um das Kulturerlebnis zu vertiefen und das Kulturgut zu sch\u00fctzen, soll das historische Talmuseum \u00abTgea da Schons\u00bb erweitert werden. Eine permanente Ausstellung zur romanischen Bilderdecke der Kirche St. Martin wird das kulturelle Verst\u00e4ndnis f\u00f6rdern und das Bewusstsein f\u00fcr den Erhalt der Decke sch\u00e4rfen. Weitere Ausstellungen werden sich mit der Geschichte der Val Schons als S\u00e4umerort sowie mit der Wohnkultur der Region befassen. Diese Ausstellungen sollen sich erg\u00e4nzen und Synergien schaffen. Ein Kulturraum neben der Kirche soll als Ort der Begegnung und Inspiration dienen und Seminare, Kurse und kulturelle Veranstaltungen beherbergen. Ein Caf\u00e9 ist als Treffpunkt f\u00fcr Besucher der Ausstellungen und Einheimische geplant, um den regionalen Austausch zu f\u00f6rdern und das Dorfleben zu beleben.</p>\n<ul>\n<li><a href=\"https://tgea-da-schons.ch/\">Weitere Informationen zum Projekt</a></li>\n</ul>", "url": "https://tgea-da-schons.ch", "image": "https://viatpimtsoch.sos-ch-dk-2.exoscale-cdn.com/catalog/0/1/5/9/01599447d3a9a86ab55e193d0cf69a7772d17131_talmuseum_tgea_da_schons.jpg", "openstreetmap_id": "node/4620754918"}, "geometry": {"type": "Point", "coordinates": ["9.442834854125977", "46.63423283121691"]}}, {"type": "Feature", "properties": {"identifier": "454b609a-8af5-4b5a-bd59-da0d6d3df5c1", "name": "Restaurant Travers", "description": "Mit Platz f\u00fcr 35 G\u00e4ste verspricht das Travers eine intime Atmosph\u00e4re und unvergessliche Gaumenfreuden.", "url": "https://www.casagiovanoli.com/", "image": "https://viatpimtsoch.sos-ch-dk-2.exoscale-cdn.com/catalog/f/f/c/d/ffcd7090370513b91849e93860277a66eae52402_restaurant_travers_casa_giovanoli_tomils.jpg", "openstreetmap_id": "node/12285033790"}, "geometry": {"type": "Point", "coordinates": ["9.44144", "46.762107"]}}, {"type": "Feature", "properties": {"identifier": "45cf9ae6-1942-41d2-9ee2-08c47f78f709", "name": "Hotel Suretta", "description": "<p>Das Restaurant bietet eine grosse Auswahl an traditionellen Gerichten.<br><br></p><h4>Anzal Sitzpl&auml;tze</h4><ul><li>Restaurant: 45 Pl&auml;tze</li><li>Gartenrestaurant: 50 Pl&auml;tze</li><li>Saal: 45 Pl&auml;tze</li></ul>", "url": "https://www.suretta.ch", "image": "https://viatpimtsoch.sos-ch-dk-2.exoscale-cdn.com/catalog/5/2/4/7/5247b829368c4b6c101d0253f0bfd1965e9dce19_hotel_suretta_spluegen_rheinwald_rommer_viamala_tourismus.jpg", "openstreetmap_id": "node/574611573"}, "geometry": {"type": "Point", "coordinates": ["9.323111", "46.552937"]}}, {"type": "Feature", "properties": {"identifier": "45de8114-ef1b-421d-a537-c0563f20f9e0", "name": "Zapporth\u00fctte SAC", "description": "<p>Die Zapporth&uuml;tte, 1872 am Gletscherrand erbaut, liegt auf 2'276 m &uuml;.M. Die H&uuml;tte ist ab Ende Februar bis Mitte Mai und ab Ende Juni bis Mitte Oktober bewartet. Die &uuml;brige Zeit ist sie (mit Kochm&ouml;glichkeit) offen. Bitte beachten Sie, dass der Weg von Hinterrhein bis zur H&uuml;tte ein sehr anspruchsvoller Bergwanderweg ist (Dauer ca. 3.5 Stunden). Da der erste Teil der Wanderung &uuml;ber das Gebiet des Panzerschiessplatz der Schweizer Armee f&uuml;hrt, m&uuml;ssen die milit&auml;rischen Schiesspublikationen unbedingt beachtet werden, Tel. +41 58 482 11 11. F&uuml;r weitere Ausk&uuml;nfte und Reservationen steht Ihnen die H&uuml;ttenwartin Daniela Zwyer gerne zur Verf&uuml;gung. Siehe Kontakt Information.</p><p>&nbsp;</p><p><strong><span style=\"color: #ff0000;\">Shuttle - Taxi</span></strong></p><p><span style=\"color: #ff0000;\"><span style=\"color: #000000;\"><span style=\"color: #000000;\">Ab Postautohaltestelle \"San Bernardino Nordportal\" bequem</span> &uuml;ber den vier Kilometer langen Schiessplatz mit einem privaten Taxi-Fahrdienst?&nbsp; pro Fahrt (4-5 Personen) CHF 30.-.</span><br></span></p><p><span style=\"color: #000000;\">Egger: 078 858 49 11&nbsp; &nbsp; &nbsp;Trepp: 078 746 35 74</span></p><p><span style=\"color: #000000;\">M&ouml;glich ist das ausserhalb den Betriebszeiten vom Panzerschiessplatz: Montag bis Freitag <strong>vor</strong> oder <strong>nach</strong> den Schiesszeiten, Samstag und Sonntag <strong>durchgehend</strong>.</span></p>", "url": "https://www.zapporthuette.ch", "image": "https://viatpimtsoch.sos-ch-dk-2.exoscale-cdn.com/catalog/e/b/f/4/ebf45ca31bbaf96ad926f3dc8325b19009e0e420_zapporthuette_sac_im_sommer_demateo.jpg", "openstreetmap_id": "node/502559961"}, "geometry": {"type": "Point", "coordinates": ["9.093888", "46.50007"]}}, {"type": "Feature", "properties": {"identifier": "45f296d1-c2eb-47c6-86f5-f542171851df", "name": "Kulinarischer Wochenendgenuss im Hotel Post Andeer", "description": "<p><span style=\"font-weight: bold;\">Leistungen</span></p><ul><li>Zwei &Uuml;bernachtungen (Freitag - Sonntag) in einem der modernen Zimmer im <a href=\"https://www.hotelpostandeer.ch/\" target=\"_blank\" rel=\"noopener\">Hotel Post in Andeer</a></li><li>Begr&uuml;ssungsgetr&auml;nk bei Ankunft</li><li>T&auml;glich reichhaltiges Fr&uuml;hst&uuml;ck</li><li>Erster Abend: 3-Gang Men&uuml; zum Abendessen in unserer Beiz</li><li>Zweiter Abend: 5-Gang Men&uuml; Abendessen in unserem Gourmetrestaurant inkl. Weinbegleitung</li><li>Eintritt in das <a href=\"https://mineralbad-andeer.ch/\" target=\"_blank\" rel=\"noopener\">Hallen- und Freibad Mineralbad</a> Andeer (einmal Pro Person pro Aufenthalt)</li><li>Aussenparkplatz (inkl. Ladestation f&uuml;r Elektro-Auto)</li><li>Luxuri&ouml;se Feuerstein Essentials Badprodukte</li><li>Service, MwSt. und Taxen</li></ul>", "url": "https://www.hotelpostandeer.ch/", "image": "https://viatpimtsoch.sos-ch-dk-2.exoscale-cdn.com/catalog/b/f/1/1/bf11f3ed77ffd9e7e8f6e37552959b62485a98f2_hotel_post_andeer_gourmetrestaurant_schams.jpg"}, "geometry": {"type": "Point", "coordinates": ["9.427101016044617", "46.601933435026254"]}}, {"type": "Feature", "properties": {"identifier": "461552ef-ef54-4d7c-ae9a-379e3e522ba1", "name": "Feuerstelle Trailcenter Thusis", "description": "<p><span style=\"font-weight: bold;\">Ausstattung</span></p><ul><li>1 Feuerstelle</li><li>2 Tische mit B\u00e4nke (20 Sitzpl\u00e4tze)</li><li>4 Steine um die Feuerstelle, die als Sitzm\u00f6glichkeiten dienen</li><li>Abfallentsorgung vorhanden</li><li>Brennholz vorhanden</li></ul><p><br>Bitte allf\u00e4llige Weisungen z.B. bez\u00fcglich <a href=\"https://www.gr.ch/DE/institutionen/verwaltung/diem/awn/aktuelles/Waldbrandgefahr/Seiten/aktuelle_waldbrandgefahr.aspx\" target=\"_blank\">Waldbrandgefahr </a>beachten.</p><p><span style=\"font-weight: bold;\">Trailcenter<br></span><a href=\"https://mybusiness.outdooractive.com/de/r/52496421/\" target=\"_blank\">Das Trailcenter</a> ist das ideale \u00dcbungsgel\u00e4nde f\u00fcr Mountainbiker \u2013 egal ob Einsteiger, Ge\u00fcbte, Kinder oder Erwachsene. Zwei Rundkurse, sechs Linien mit verschiedenen Hindernissen und ein Platz mit \u00dcbungselementen bieten den perfekten Zugang zum Mountainbiken.</p><p><br></p>", "url": "https://www.viamala.ch", "image": "https://viatpimtsoch.sos-ch-dk-2.exoscale-cdn.com/catalog/7/b/9/5/7b95d2150fb7b7541f409f3351c780fee26f474d_Feuerstelle_Trailcenter_Thusis__3_.jpg", "openstreetmap_id": "node/12074779105"}, "geometry": {"type": "Point", "coordinates": ["9.447083473205566", "46.70370310822184"]}}, {"type": "Feature", "properties": {"identifier": "472a525e-4bd3-4c7f-b36c-f96c34ed44f2", "name": "Aussichtspunkt Burgruine Obertagstein", "description": "<p>Der Felsen, auf dem die Burg thront, f\u00e4llt auf allen Seiten steil ab und er\u00f6ffnet eine spektakul\u00e4re Rundumsicht auf die umliegende Landschaft. Die exponierte Lage der Ruine zeugt von der strategischen Bedeutung, die dieser Ort einst hatte.</p><p>1322 erstmals als \u201eTaxstein\u201c erw\u00e4hnt, bietet der Ort nicht nur beeindruckende Aussichten, sondern auch faszinierende Einblicke in die Baukunst vergangener Jahrhunderte. Die m\u00e4chtige Schildmauer und die in mehreren Phasen errichtete Anlage weisen auf eine lange Nutzung hin. Besonders interessant ist das teilweise erhaltene Mauerwerk im Stil des <strong>Opus spicatum</strong>, einer speziellen Technik, bei der Steine in einem schr\u00e4g versetzten Muster angeordnet wurden, das einem \u00c4hrenmuster \u00e4hnelt.</p>\n<p>Ob f\u00fcr Geschichtsinteressierte oder Naturfreundinnen und -freunde \u2013 der Aussichtspunkt Burg Obertagstein l\u00e4dt dazu ein, die Sch\u00f6nheit der Region aus luftiger H\u00f6he zu geniessen.</p>", "image": "https://viatpimtsoch.sos-ch-dk-2.exoscale-cdn.com/catalog/5/7/7/e/577e91427b3031cd315a981b0d21e9f25f4bd110_aussicht_obertagstein_daniela_gredig_viamala_tourismus.jpeg", "openstreetmap_id": "node/1573128624"}, "geometry": {"type": "Point", "coordinates": ["9.427701", "46.685074"]}}, {"type": "Feature", "properties": {"identifier": "477c5c0d-7a7c-4eb0-8463-e7d9cb0051c7", "name": "Restaurant Baita del Capriolo", "description": "Unkompliziertes Restaurant mit typisch italienischem Ambiente\u00a0an sch\u00f6ner Lage mit Blick auf die Staumauer. Das spezielle Restaurant gilt als Geheimtipp.", "image": "https://viatpimtsoch.sos-ch-dk-2.exoscale-cdn.com/catalog/b/0/0/f/b00f6aa30a8f4339a2b8ba43c0a4f7d7b35ff8fe_baita_del_capriolo_valle_di_lei_sommer.jpg", "openstreetmap_id": "node/3540781359"}, "geometry": {"type": "Point", "coordinates": ["9.449610114097595", "46.48874702879859"]}}, {"type": "Feature", "properties": {"identifier": "4788e9a7-2647-498f-94e9-a2c5fd0e9bc2", "name": "Ferrera", "description": "<p>Die Gemeinde Ferrera wird von den beiden Fraktionen Ausser- und Innerferrera gebildet. Sie liegt zwischen 1\u2019316 m \u00fc.M. und 1\u2019486 m \u00fc.M. und z\u00e4hlt rund 90 Einwohner.</p>\n<ul>\n<li><a href=\"https://ferrera.ch/\">Website Gemeinde Ferrera</a></li>\n<li><a href=\"http://www.hls-dhs-dss.ch/textes/d/D49443.php\">Link zum historischen Lexikon der Schweiz</a></li>\n<li><a href=\"http://shop.graubuenden.ch/Viamala/ukv/?date_unknown=1&amp;doSearch=1&amp;locationIDs[]=TDS00020010527381509&amp;globalReset=1&amp;persistentParameters=1&amp;lang=de\">Unterk\u00fcnfte in&nbsp;Avers/Ferrera</a></li>\n</ul>", "url": "https://ferrera.ch", "image": "https://viatpimtsoch.sos-ch-dk-2.exoscale-cdn.com/catalog/2/4/b/3/24b3b0115ca5a315f59434aa0dfaebbe6bed48bf_ausserferrera_dorf_luftaufnahme_markus_mueller.jpg", "openstreetmap_id": "relation/1684076"}, "geometry": {"type": "Point", "coordinates": ["9.442853", "46.521065"]}}, {"type": "Feature", "properties": {"identifier": "47fa4af8-04a3-404d-9ffa-727d7fa52974", "name": "Gef\u00fchrte Wanderung Paradieslilien im Walserdorf Obermutten", "description": "<p><span style=\"font-weight: bold;\">\u00d6V Anreise</span><br>M\u00f6glich ab Uster 6:09 Uhr \u00fcber Pf\u00e4ffikon-Chur-Thusis (Kleinbus auf Vorreservation: Stafel Mutten ) Ankunft: 9:09 Uhr</p><p> <br><span style=\"font-weight: bold;\">Treffpunkt\n</span><br>Bushaltestelle und Parkplatz Stafel.<br><br></p><p><span style=\"font-weight: bold;\">Kondition\n</span><br>Es handelt sich um eine einfache Bergwanderung T2, Kondition gering. Bei Fragen <a href=\"https://happywandern.ch/index.php/kontakt/\" target=\"_blank\">kontaktiere </a>mich!\n</p><p><br><span style=\"font-weight: bold;\">Mitnehmen\n</span><br>Tagesrucksack mit Lunch und ausreichend Getr\u00e4nken. Eigene Medikamente/ Notfalldecke. Passende Bergkleidung, es kann in den Bergen stets rasch frisch sein. Gute Laune und Freude an der Natur und Kultur. Interesse am Wandern in einer Kleingruppe.</p><p><br></p><p><span style=\"font-weight: bold;\">\nAnmeldung</span><span style=\"font-weight: 700;\"><br></span>Bis Mitte Mai 2025. <a href=\"https://happywandern.ch/index.php/2024/10/05/paradieslilien-im-walserdorf-obermutten/\" target=\"_blank\">Hier </a>kannst du dich anmelden.<br></p><p><br><span style=\"font-weight: bold;\">Versicherung\n</span><br>Versicherung ist Sache des Teilnehmers.</p>", "url": "https://happywandern.ch", "image": "https://viatpimtsoch.sos-ch-dk-2.exoscale-cdn.com/catalog/7/e/b/7/7eb7c1427e5777e1a93c7dca30fe536eb249795e__AD_8685.jpg"}}, {"type": "Feature", "properties": {"identifier": "484b47a3-fba2-445d-81ef-029543c965f5", "name": "Die Dreizehn", "description": "<p>Eindr\u00fccklich und stolz stehen sie in der weiten Landschaft, als st\u00fcnden sie da schon immer. Dass ihre nackten K\u00f6rper verwittern, st\u00f6rt die Frauen nicht. Sie sind Teil der Natur geworden und werden es f\u00fcr immer bleiben. Kraftvoll. Ber\u00fchrend.</p>\n<p>In Gruppen zu dritt und zu viert reden diese Frauen gelegentlich miteinander. Sie erz\u00e4hlen, wie Feuer, Erde, Luft und Wasser \u00fcber Feldis gebieten, wie die Elemente das Leben am Berg erleichtern und erschweren zugleich. Die Gespr\u00e4che wurden belauscht und sind auf Tafeln festgehalten.</p>\n<p>Der Plastiker Stefan H\u00fcbscher erschuf mit seiner Motors\u00e4ge die archaisch anmutenden Frauen. Er wohnt in Basel, sein Atelier steht im Elsass. Christine Wullschleger, die den Frauen zugeh\u00f6rt und ihre Gespr\u00e4che aufgeschrieben hat, lebt in Z\u00fcrich. Beide sind als Ferieng\u00e4ste seit Jahren mit Feldis eng verbunden.</p>", "url": "https://www.viamala.ch", "image": "https://viatpimtsoch.sos-ch-dk-2.exoscale-cdn.com/catalog/a/7/3/c/a73c761fe0316d9f5bafd9a309ae894d1f324cad_dreizehn_feldis_domleschg_kunstinstallation_herbst_demateo.jpg", "openstreetmap_id": "node/12108311876"}, "geometry": {"type": "Point", "coordinates": ["9.458391666412354", "46.80061761719459"]}}, {"type": "Feature", "properties": {"identifier": "48d8be90-fd49-49ee-a846-c76cc26a65f9", "name": "Schwarzseen", "description": "Der See ist ein beliebtes Ziel bei Wanderern und Bergseefischern. Der Aufstieg vom Parkplatz beim Hohenhaus im Val Madrisch dauert ca. 2.5 Stunden.", "url": "https://www.viamala.ch", "image": "https://viatpimtsoch.sos-ch-dk-2.exoscale-cdn.com/catalog/4/2/e/d/42eda848418b8930eb51a273daed54ba0ca3b6b2_schwarzseen_avers_madrisatal_sommer_demateo.com.jpg", "openstreetmap_id": "way/319180455"}, "geometry": {"type": "Point", "coordinates": ["9.465022087097168", "46.42070085775866"]}}, {"type": "Feature", "properties": {"identifier": "48fd0f82-2067-4206-8f94-80f16abca0e3", "name": "Spielplatz Schulhaus Tartar", "description": "<p><strong>Ausstattung:</strong></p>\n<ul>\n<li>Rutschbahn</li>\n<li>Kletternetz</li>\n<li>Sandkasten</li>\n<li>Tisch und Bank</li>\n</ul>", "url": "https://www.viamala.ch", "image": "https://viatpimtsoch.sos-ch-dk-2.exoscale-cdn.com/catalog/f/8/d/c/f8dced149e5d41ad3895507555fb2e4a8c95a72b_Spielplatz_Schulhaus_Tartar.jpg", "openstreetmap_id": "node/12075133484"}, "geometry": {"type": "Point", "coordinates": ["9.41869", "46.717339"]}}, {"type": "Feature", "properties": {"identifier": "48fd5544-789c-4744-9379-5e1faef9ea3f", "name": "Beiz Hotel Post Andeer", "description": "<p>Im Hotel Post&nbsp;kannst du in alles Wunderbare eintauchen, das die Natur zu bieten hat, w\u00e4hrend du dich dem Komfort eines Boutique Hotels hingibst. </p><p>Nach einer vollst\u00e4ndigen Renovierung freuen sich die Gastgeber, dich Zuhause fern von zu Hause zu empfangen. Mit grossem Respekt f\u00fcr die Werte und Traditionen der Region geben sie ihre&nbsp;lokalen und internationalen Erfahrungen mit Leidenschaft und Herz an die G\u00e4ste weiter.</p><p><a href=\"https://www.hotelpostandeer.ch/\" target=\"_blank\">Weitere Informationen</a></p>", "url": "https://hotelpostandeer.ch", "image": "https://viatpimtsoch.sos-ch-dk-2.exoscale-cdn.com/catalog/7/2/e/a/72eab16a87bdeee6b88ce6920169f7d9500219df_hotel_post_014.jpg_compressed.JPEG", "openstreetmap_id": "node/2238796086"}, "geometry": {"type": "Point", "coordinates": ["9.42709", "46.60193"]}}, {"type": "Feature", "properties": {"identifier": "49151253-d87d-454b-8f08-011b4d87922a", "name": "Papej Kebab & Pizza", "description": "Die Terrasse l\u00e4dt bei sch\u00f6nem Wetter zum Verweilen ein. Perfekt um ein erfrischendes Eis oder ein Bier zu geniessen.\u00a0 Es ist schlechtes Wetter und Sie wollen lieber zuhause bleiben? Gar kein Problem:\u00a0Papej liefert in der Region Thusis und Umgebung auch zu Ihnen nach Hause.", "url": "https://www.papej-kebab.ch", "image": "https://viatpimtsoch.sos-ch-dk-2.exoscale-cdn.com/catalog/c/b/0/5/cb05af9565288094038e8778ee16a6ae338be0db_papej_kebab_pizza_in_thusis.jpg", "openstreetmap_id": "node/12122066867"}, "geometry": {"type": "Point", "coordinates": ["9.440162", "46.703613"]}}, {"type": "Feature", "properties": {"identifier": "4992b4a6-bb1b-4552-bfba-fa7f7277183a", "name": "Natureisfeld Camping Spl\u00fcgen", "description": "<p>Jeden Donnerstagabend ab 19.00 Uhr ist das ganze Spielfeld frei f\u00fcr Eishockey und es stehen Original-Tore zur Verf\u00fcgung. Geheizte Garderobe, Getr\u00e4nke und Verpflegung beim Campingkiosk. </p><p><span style=\"font-weight: bold;\">Schlittschuhmiete</span></p><p>Spl\u00fcgen Sport </p><p>Talstation Bergbahnen Spl\u00fcgen-Tambo </p><p>Tel. <a href=\"tel:+41 81 664 19 19\">+41 81 664 19 19</a></p><p>E-Mail <a href=\"mailto:spluegen@spluegensport.ch\">spluegen@spluegensport.ch</a></p><p>Web&nbsp;<a href=\"http://spluegensport.ch/\">www.spluegensport.ch</a></p><p><br></p><p>Eintritt frei.</p>", "url": "https://www.spluegen.ch/campingplatz/allgemein", "image": "https://viatpimtsoch.sos-ch-dk-2.exoscale-cdn.com/catalog/e/f/8/5/ef851a3ee763614fec9cb2ed10e7d04c97794f4d_natureisfeld_spluegen_camping_winter_viamala_tourismus.jpg", "openstreetmap_id": "node/12112520317"}, "geometry": {"type": "Point", "coordinates": ["9.314517", "46.549192"]}}, {"type": "Feature", "properties": {"identifier": "4b24a31a-d174-4010-a945-972ad5c22c25", "name": "Muttner H\u00f6hi", "description": "<p>Die Muttner H\u00f6hi thront majest\u00e4tisch auf einem Bergsporn \u00fcber dem Zusammenfluss von Hinterrhein und Albula und ist bekannt f\u00fcr ihre spektakul\u00e4ren Aussichten und botanische Vielfalt. Dieser besondere Aussichtspunkt \u00fcber das Domleschg und den Heinzenberg gilt als einer der sch\u00f6nsten der Schweiz und l\u00e4dt mit gleich drei idyllischen B\u00e4nken zum Verweilen ein \u2013 zwei mit Blick in eine Richtung und eine in die andere. Von Obermutten aus f\u00fchrt ein einfacher Wanderweg in 25 Minuten zum Gipfel, ideal f\u00fcr Familien und Gelegenheitswanderer, da nur 140 H\u00f6henmeter zu \u00fcberwinden sind. Am Gipfel geniesst man eine 360-Grad-Rundumsicht, und die B\u00e4nke sowie eine Grillstelle laden zur Pause ein.</p><p>F\u00fcr diejenigen, die eine <a href=\"https://www.maps.viamala.ch/s/GZhWT\" target=\"_blank\">kleine Rundwanderung</a> bevorzugen, bietet sich eine Route an, die in etwa 50 Minuten von Obermutten zum Aussichtspunkt und wieder zur\u00fcck f\u00fchrt. Obermutten selbst ist ein charmantes Bergd\u00f6rfli mit einer einzigartigen Holzkirche und dem Berggasthaus Post mit einer aussichtsreichen Sonnenterrasse.&nbsp;</p><p>Die Muttner H\u00f6hi bietet Ruhe, Natur, Flora und eine unvergessliche Aussicht f\u00fcr alle Besucher.</p>", "url": "https://www.viamala.ch/", "image": "https://viatpimtsoch.sos-ch-dk-2.exoscale-cdn.com/catalog/d/a/f/2/daf2a0d95b00aa7e2844e48a922eec62a2ac89db_aussicht_von_der_muttner_hoehi_richtung_heinzenberg_domleschg.jpg", "openstreetmap_id": "node/331942125"}, "geometry": {"type": "Point", "coordinates": ["9.480428695678713", "46.67953131306017"]}}, {"type": "Feature", "properties": {"identifier": "4bdd5136-db46-4ed2-a666-61c5689d0168", "name": "\u00d6ffentliche Toilette Spl\u00fcgen", "description": "<p>Die Toilette ist ganzj\u00e4hrig durchgehend ge\u00f6ffnet und barrierefrei zug\u00e4nglich.<br></p>", "url": "https://www.viamala.ch", "image": "https://viatpimtsoch.sos-ch-dk-2.exoscale-cdn.com/catalog/2/1/5/b/215b6cce5d0a171a04dcad8095eed8b32eba62c8_steinplattendaecher_spluegen.jpg", "openstreetmap_id": "way/19367055"}, "geometry": {"type": "Point", "coordinates": ["9.319469332695009", "46.552083504588815"]}}, {"type": "Feature", "properties": {"identifier": "4c03a9fc-01fb-4f5c-917c-9150a167bd27", "name": "Vegi Restaurant OZ", "description": "<p>Das Oz ist eine&nbsp;grosse B\u00fchne f\u00fcrs Gem\u00fcse. Was K\u00fcchenchef Timo Fritsche bei seinen Streifz\u00fcgen durch den Garten ins Auge sticht, liegt wenige Stunden sp\u00e4ter schon auf dem Teller \u2013 mit viel Fantasie und Liebe in Szene gesetzt. Im neuen vegetarischen Restaurant&nbsp;wirst du \u00fcberrascht und begeistert. Ganz so, wie es die Natur Tag f\u00fcr Tag mit uns tut.</p>", "url": "https://www.oz-restaurant.com", "image": "https://viatpimtsoch.sos-ch-dk-2.exoscale-cdn.com/catalog/f/a/b/5/fab551fb22fb1427815a1b0457b053c03cf8149f_restaurant_oz_fuerstenau.jpg", "openstreetmap_id": "node/12218762170"}, "geometry": {"type": "Point", "coordinates": ["9.44616749882698", "46.72101101558227"]}}, {"type": "Feature", "properties": {"identifier": "4c33b8fe-9876-4ad3-b68e-f04690b003d2", "name": "Hinterrhein", "description": "<p>Das Passdorf Hinterrhein liegt auf 1\u2019624 m \u00fc.M. Meer und z\u00e4hlt rund 60 Einwohner. Per 1. Januar 2019 bildet Hinterrhein mit Nufenen, Medels und Spl\u00fcgen die Gemeinde Rheinwald.</p>\n<ul>\n<li><a href=\"https://www.rheinwald.ch/\">Website Gemeinde Rheinwald</a></li>\n<li><a href=\"http://www.hls-dhs-dss.ch/textes/d/D1496.php\">Link zum historischen Lexikon der Schweiz</a></li>\n<li><a href=\"http://shop.graubuenden.ch/Viamala/ukv/?date_unknown=1&amp;doSearch=1&amp;locationIDs[]=TDS00020010346589183&amp;globalReset=1&amp;persistentParameters=1&amp;lang=de\">Unterk\u00fcnfte in Hinterrhein</a></li>\n</ul>", "url": "https://www.rheinwald.ch", "image": "https://viatpimtsoch.sos-ch-dk-2.exoscale-cdn.com/catalog/5/e/c/9/5ec95c8e21010fdff68e2d0e873c3bf8a2406017_hinterrhein_dorf_rheinwald_luftaufnahme_markus_mueller.jpg", "openstreetmap_id": "node/4429021370"}, "geometry": {"type": "Point", "coordinates": ["9.199432", "46.530792"]}}, {"type": "Feature", "properties": {"identifier": "4c4ecf82-a7a2-46a1-9595-68f543580e45", "name": "Beni's Backroad Beiz", "description": "<p>Im Beni's gibt es regelm\u00e4ssig Live-Konzerte. Weitere Informationen findest du unter: <a href=\"http://www.benis-backroad-beiz.ch\" target=\"_blank\">benis-backroad-beiz.ch</a><a href=\"http://www.benis-backroad-beiz.ch\"></a>.</p>", "url": "https://www.benis-backroad-beiz.ch", "image": "https://viatpimtsoch.sos-ch-dk-2.exoscale-cdn.com/catalog/e/b/e/4/ebe48cc101affe56aa442e9e1f7cc225aa7738c1_beni_s_backroad_beiz.jpg", "openstreetmap_id": "node/12285338809"}, "geometry": {"type": "Point", "coordinates": ["9.448896646499634", "46.702213188241174"]}}, {"type": "Feature", "properties": {"identifier": "4c4f7dfd-50ec-4320-bf05-5eaec64c1fd7", "name": "Fliegenfischen mit SPELUCA-Flair", "description": "<p>&nbsp;</p><h3><strong>Schnupperkurs</strong></h3><p>An einem halben Tag f&uuml;hrt dich David von der Theorie zur Praxis: Du lernst Materialkunde, Insektenkunde und Gew&auml;sserkunde, &uuml;bst den &Uuml;berkopfwurf und den Rollwurf und pr&auml;sentierst am Schluss deine erste Fliege am Hinterrhein. Alles Schritt f&uuml;r Schritt, mit pers&ouml;nlicher Begleitung.</p><p><strong>Daten 2026:</strong> 16. Mai / 17. Mai / 11. Juli / 12. Juli</p><p>&nbsp;</p><h3><strong>Anf&auml;ngerkurs</strong></h3><p>Du lernst verschiedene Fliegenfischen-Techniken, Knotenkunde, Insektenkunde sowie Gew&auml;sser- und Fischkunde &ndash; von Fischarten &uuml;ber Schonzeiten bis zu gesetzlichen Mindestmassen. Nach den Trocken&uuml;bungen geht es ans Wasser: Rollwurf und &Uuml;berkopfwurf, Fliegenwahl und Pr&auml;sentation &ndash; bis hin zu Drill, schonendem Landen und der entscheidenden Frage: Wo stehen die Fische?</p><p><strong>Daten 2026:</strong> 15. &amp; 16. Juli / 22. &amp; 23. August</p><p>&nbsp;</p><h3><strong>Anf&auml;nger-Intensivkurs</strong></h3><p>Du lernst verschiedene Fliegenfischen-Techniken, Knotenkunde, Insektenkunde sowie Gew&auml;sser- und Fischkunde &ndash; von Fischarten &uuml;ber Schonzeiten bis zu gesetzlichen Mindestmassen. Nach den Trocken&uuml;bungen geht es ans Wasser: Rollwurf und &Uuml;berkopfwurf, Fliegenwahl und Pr&auml;sentation &ndash; bis hin zu Drill, schonendem Landen und der entscheidenden Frage: Wo stehen die Fische? Dank vier Tagen am Wasser bleibt mehr Zeit zum &Uuml;ben, Vertiefen und Geniessen.</p><p><strong>Daten 2026:</strong> 17. - 20. Juli / 13. - 16. August</p><p>&nbsp;</p><h3><strong>Fortgeschrittenen-Kurs</strong></h3><p>Du festigst deine Grundw&uuml;rfe &ndash; Rollwurf und &Uuml;berkopfwurf &ndash; und lernst den Doppelzugwurf. Du vertiefst verschiedene Fliegenfischen-Techniken, entwickelst ein Gef&uuml;hl f&uuml;r die passende Taktik je nach Wasserstand und erweiterst dein Wissen in Insektenkunde. Und wenn der Moment kommt: Du landest deinen Troph&auml;enfisch sicher und sorgf&auml;ltig.</p><p><strong>Daten 2026:</strong> 2. &amp; 3. Mai / 5. &amp; 6. September</p><p>&nbsp;</p><h3><strong>Wandern &amp; Fliegenfischen</strong></h3><p>Nach dem Transfer geht es zu Fuss hinauf zu ausgew&auml;hlten Bergseen in Graub&uuml;nden, dem Tessin oder dem nahen Italien. Am Wasser angekommen, heisst es: Rute zusammensetzen, durchatmen &ndash; und fischen. David begleitet dich den ganzen Tag mit pers&ouml;nlichem Guiding direkt am Wasser.</p><p><strong>Daten 2026:</strong> 23. Juli / 24. Juli / 12. August / 4. September</p><p>&nbsp;</p><h3><strong>Pers&ouml;nliches Coaching und Fliegenbinden</strong></h3><p>Du kannst an keinem der oben genannten Daten teilnehmen oder m&ouml;chtest lieber ein individuelles Coaching ganz nach deinen W&uuml;nschen? Kein Problem &ndash; die Speluca stellt dir gerne ein passendes Angebot zusammen.</p><p>Und wer schon immer wissen wollte, wie eine Fliege entsteht: David Jedlicka zeigt dir das Fliegenbinden gerne auf Anfrage &ndash; eine faszinierende Kunst, die dein Fliegenfischen auf eine ganz neue Ebene bringt.</p>", "url": "https://www.speluca.ch/fliegenfischen/", "image": "https://viatpimtsoch.sos-ch-dk-2.exoscale-cdn.com/catalog/3/8/f/b/38fbb6043cf9ecd9fcfcfa5cc31905f7205cf7b5_Guiding_Fliegenfischen.jpeg", "openstreetmap_id": "way/214746349"}, "geometry": {"type": "Point", "coordinates": ["9.324856", "46.5534454"]}}, {"type": "Feature", "properties": {"identifier": "4c5ec508-6ba7-4544-bbad-f8e45a5752bc", "name": "Zeit zu zweit im Hotel Fravi in Andeer", "description": "<h3>Leistungen</h3><ul><li>2 N&auml;chte Aufenthalt inkl. Fr&uuml;hst&uuml;ck und Candlelight-Dinner im Hotel Fravi in Andeer</li><li>&Uuml;bernachtung in einer romantisch dekorierten Juniorsuite</li><li>T&auml;glicher Eintritt ins Mineralbad Andeer und die Saunalandschaft</li><li>1 Flasche Champagner (0.75 l) im Zimmer</li><li>1 Fr&uuml;chteteller im Zimmer</li><li>2 Candlelight-Dinner</li></ul><h3><strong>Datum</strong></h3><p id=\"h-ganzjahrig-nach-verfugbarkeit-ausgenommen-festtage-2-ubernachtungen\" class=\"wp-block-heading\">Ganzj&auml;hrig nach Verf&uuml;gbarkeit (ausgenommen Festtage).</p><ul><li class=\"wp-block-heading\"><a href=\"https://www.simplebooking.it/ibe2/hotel/7319/package/74485?hid=7319&amp;lang=DE&amp;cur=CHF\" target=\"_blank\" rel=\"noopener\">Jetzt reservieren</a></li></ul>", "url": "https://fravi-hotel.ch/", "image": "https://viatpimtsoch.sos-ch-dk-2.exoscale-cdn.com/catalog/6/9/3/a/693ad314289b4b10a2b355009173eb26ab04476a_mineralbad_andeer_innenbecken_sommer_andrea_badrutt.jpg"}, "geometry": {"type": "Point", "coordinates": ["9.426500201225283", "46.604708812030744"]}}, {"type": "Feature", "properties": {"identifier": "4cda672f-1006-4140-a52d-92c78ff1a5b5", "name": "Walserama", "description": "<p>Die einzigartigen, kulturhistorischen Exponate geben dem Besucher einen Einblick in den historischen Alltag der alten Walser. Sie umfassen unter anderem den Personentransport &uuml;ber die Rheinwalder P&auml;sse zur Zeit der Postkutschen und Schlitten, das h&auml;usliche Leben, die traditionelle Sennerei, das Holzhandwerk, die Buuchi und vieles mehr.</p>", "url": "https://stiftung-walserkultur.jimdofree.com/", "image": "https://viatpimtsoch.sos-ch-dk-2.exoscale-cdn.com/catalog/b/e/e/d/beeda05876e8dcfbaff1f7df253a1981595ee929_walserama_museum_nufenen_sommer_markus_mueller.jpg", "openstreetmap_id": "node/12100311067"}, "geometry": {"type": "Point", "coordinates": ["9.247541806065442", "46.54056375644541"]}}, {"type": "Feature", "properties": {"identifier": "4d9d9a4a-afe7-4b81-bd3b-3a9edb5d7ab9", "name": "Schloss Schauenstein", "description": "<p>Das Obere oder Schauensteinsche Schloss geht wie das Untere auf ein Wehrelement der bisch&ouml;flichen Burgenstadt des Mittelalters zur&uuml;ck. Die Freiherren von Schauenstein, die am Heinzenberg wie auch im Domleschg reiche G&uuml;ter besassen, machten den ehemaligen Festungsturm zum Eckpfeiler des von ihnen zwischen 1667 und 1676 erbauten Schlosses.</p><p>Am Portal des Westfl&uuml;gels erinnern neben der Jahreszahl 1667 die Initialen und Allianzwappen des Freiherren Johann Rudolf und seiner Gattin Emilie, geborene Molina an die Erbauer der Anlage. Der Letzte aus dem Stamm Schauenstein verkaufte Schloss und G&uuml;ter 1732 an Carl Ulysses von Stampa. Nach dem Grossbrand von 1742, der auch dieses Schloss zur Ruine gemacht hatte, wurde nur der &ouml;stliche Teil in herrschaftlichem Gepr&auml;ge wieder hergestellt, w&auml;hrend der westliche wesentlich einfacher gestaltet wurde.</p><p><strong>Vom Herrensitz zum Internat...</strong></p><p>1769 erwarb Barbara von Planta Schloss Schauenstein f&uuml;r ihren abenteuerlichen Sohn, Major Friedrich von Planta. Er brachte, vermutlich aus Frankreich, jene k&ouml;stlichen, auf Leinwand gemalten Sch&auml;ferszenen vor feinen Landschaften mit, die heute noch die W&auml;nde des Saales im Osttrakt schm&uuml;cken und dessen wohnliche Atmosph&auml;re pr&auml;gen.</p><p>Bald ging der Herrensitz des unruhigen &bdquo;Ziska&ldquo;, wie Friedrich von Planta mit seinem &Uuml;bernamen allgemein genannt wurde, an den Gesandten Peter Conradin von Planta. Dessen Witwe liess sich nach seinem Tod aus dem Westfl&uuml;gel ein Internat machen, in dem sich romanische und italienischsprachige Sch&uuml;ler auf den Eintritt in die Kantonsschule vorbereiten konnten. Aber 1840 wurde die Schule wieder geschlossen, und Schauenstein blieb seinem Schicksal &uuml;berlassen, bis es 1865 Peter von Planta kaufte, der dann 1876 auch das bisch&ouml;fliche Schloss erwarb.</p><p>... zum K&uuml;nstler- und Gourmethaus</p><p>Peters ber&uuml;hmtester Sohn, Robert, folgte dem Vater als Besitzer auf Schauenstein. Er liess das Schloss 1910-1912 ganz erneuern und machte es zu einem gern besuchten Treffpunkt f&uuml;r K&uuml;nstler und Wissenschaftler von Rang und Namen. Zentrum des geistvollen Kreises war stets der gelehrte und gastfreundliche Hausherr. Wenige Jahre nach dem Tod Roberts im Jahr 1937 verkaufte Gaudenz von Planta 1941 den Sitz an Rudolf Schoeller, der ihn 1961 an die Emser Werke ver&auml;usserte. Heute wird das Schloss als Restaurant und Hotel mit 19 Gault-Millau-Punkten von Starkoch Andreas Caminada als international beachtetes Gourmethaus gef&uuml;hrt.</p><p><strong>Zugang</strong></p><p>Das Schloss Schauenstein wird als Restaurant und Hotel genutzt. Die Anlage liegt direkt am&nbsp;<a href=\"https://mybusiness.outdooractive.com/de/r/23419810/\" data-type=\"tour\" data-id=\"23419810\">Burgenweg Domleschg</a>.</p>", "url": "https://www.schauenstein.ch", "image": "https://viatpimtsoch.sos-ch-dk-2.exoscale-cdn.com/catalog/0/b/b/2/0bb2e2b007270dc3ec2968a9ff484668ca3f3a48_schloss_schauenstein_fuerstenau_domleschg_sommer_grf_tolisart.com.jpg", "openstreetmap_id": "node/1500554009"}, "geometry": {"type": "Point", "coordinates": ["9.44607", "46.721337"]}}, {"type": "Feature", "properties": {"identifier": "4dc765d3-40b4-4ef3-b826-040930bedc31", "name": "Retos Winterbeizli Sufers", "description": "Retos Winterbeizli in der G\u00e4rtnerei Heinz in Sufers l\u00e4dt G\u00e4ste ein, gem\u00fctliche Stunden zu verbringen. Von 13.00 bis 16.30 Uhr werden hausgemachte Kuchen sowie Getr\u00e4nke mit und ohne Alkohol angeboten. Abends ab 18.00 Uhr k\u00f6nnen Fondue- und Racletteabende auf Voranmeldung genossen werden. Das Beizli bleibt an Silvester geschlossen. Auf Anfrage sind Fondue und Raclette auch ausserhalb der regul\u00e4ren \u00d6ffnungszeiten m\u00f6glich.", "image": "https://viatpimtsoch.sos-ch-dk-2.exoscale-cdn.com/catalog/d/9/5/6/d956fa5d0e6dc9bfe99ab62e7831381f371a1ddc_retos_winterbeizli_sufers.jpg", "openstreetmap_id": "way/214747238"}, "geometry": {"type": "Point", "coordinates": ["9.36688332753046", "46.57090015"]}}, {"type": "Feature", "properties": {"identifier": "4dfebff1-c85a-454d-bef2-01dbea654498", "name": "Pratval", "description": "<p>Pratval geh\u00f6rt seit 1.1.2015 zur Gemeinde Domleschg. Es liegt auf 690 m \u00fc.M. und z\u00e4hlt rund 240 Einwohner.</p>\n<ul>\n<li><a href=\"http://www.domleschg.ch/\">Website Gemeinde Domleschg</a></li>\n<li><a href=\"http://www.hls-dhs-dss.ch/textes/d/D1475.php\">Link zum historischen Lexikon der Schweiz</a></li>\n<li><a href=\"http://shop.graubuenden.ch/Viamala/ukv/?date_unknown=1&amp;doSearch=1&amp;locationIDs[]=TDS00020010346592926&amp;globalReset=1&amp;persistentParameters=1&amp;lang=de\">Unterk\u00fcnfte in Pratval</a></li>\n</ul>", "url": "https://www.domleschg.ch", "image": "https://viatpimtsoch.sos-ch-dk-2.exoscale-cdn.com/catalog/2/9/9/5/299507a40058fa3187ec5f39812318a083e68176_pratval_dorf_fruehling_demateo.jpg", "openstreetmap_id": "node/240055690"}, "geometry": {"type": "Point", "coordinates": ["9.445403", "46.732934"]}}, {"type": "Feature", "properties": {"identifier": "4e6e523e-1df8-4af4-b204-15071dd5a7b0", "name": "Kraftwerke Zervreila AG", "description": "<p>Die Kraftwerke Zervreila AG nutzt die Wasserkr\u00e4fte eines 200 km2 grossen Einzugsgebietes im oberen Valsertal und des Safientals. Kern der Anlagen ist der Speichersee Zervreila mit seiner 151 m hohen Bogenstaumauer von 504 m Kronenl\u00e4nge und 100 Mio. m3 Fassungsverm\u00f6gen. Dieser Stausee erlaubt die Sommerzufl\u00fcsse des Valserrheins oberhalb der Sperrstelle sowie der rechtsufrigen Seitenb\u00e4che bis zum Peilerbach zu speichern. Erstmals genutzt wird das Speicherwasser in der am Fusse der Staumauer gelegenen Zentrale Zervreila. Durch den \u00dcberleitstollen mit einer Schluckf\u00e4higkeit von 20 m3/s gelangt es zur weiteren Nutzung ins Ausgleichsbecken Wanna im hinteren Safiental. Durch einen weiteren Druckstollen wird das Nutzwasser aus dem Ausgleichsbecken Safien Platz talausw\u00e4rts und schliesslich durch den Heinzenberg ins Domleschg geleitet, wo es in der Zentrale Rothenbrunnen mit rund 673 m Gef\u00e4lle verarbeitet wird. Drei horizontale Maschinens\u00e4tze mit Zwillings-Peltonturbinen erbringen je 44 MW Leistung. Die Energie aller Werkstufen wird nach der Transformation auf 220 kV in der Freiluftschaltanlage Rothenbrunnen dem schweizerischen Hochspannungsnetz \u00fcbergeben.</p>\n<h4>Gef\u00fchrte Besichtigungen</h4><p>Montag - Freitag. Anmeldung online unter:&nbsp;<a href=\"http://www.kwz.ch/besichtigung/anfrage-besichtigung/\">www.kwz.ch</a></p>", "url": "https://www.kwz.ch", "image": "https://viatpimtsoch.sos-ch-dk-2.exoscale-cdn.com/catalog/0/a/3/6/0a3694df36abe882ebfd533a1ea517b30dcc1c95_stauanlage_zervreila.jpg", "openstreetmap_id": "node/1672430474"}, "geometry": {"type": "Point", "coordinates": ["9.41824", "46.76596"]}}, {"type": "Feature", "properties": {"identifier": "4ebed2c8-059a-4a96-bce0-f05275280bc3", "name": "Feuerstelle Im Ried Masein", "description": "<p>Zu Fuss ist die Feuerstelle ab der Postauto-Haltestelle Cresta in ca. 10 Minuten erreichbar.&nbsp;Von der Bushaltestelle Cresta gehen Sie nach einigen Metern rechts Richtung Schloss Untertagstein. Kurz darauf biegen Sie links ab und folgen der Strasse. Sie unterqueren die Hauptstrasse und kommen bereits zum Dorfbach. Auf der rechten Seite befindet sich die Feuerstelle.</p><p><span style=\"font-weight: bold;\">Ausstattung</span></p><ul><li>Brennholz vorhanden</li><li>Rost vorhanden</li><li>2 Tische mit je 8 Sitzpl\u00e4tze</li><li>Brunnen mit Trinkwasser</li><li>Sandkasten</li><li>Weidentipi<br><br></li></ul><p>Bitte allf\u00e4llige Weisungen z.B. bez\u00fcglich <a href=\"https://www.gr.ch/DE/institutionen/verwaltung/diem/awn/aktuelles/Waldbrandgefahr/Seiten/aktuelle_waldbrandgefahr.aspx\" target=\"_blank\">Waldbrandgefahr </a>beachten.</p>", "url": "https://www.viamala.ch", "image": "https://viatpimtsoch.sos-ch-dk-2.exoscale-cdn.com/catalog/c/e/8/0/ce80d06ab85bd4b69fa2fc582b8e5ec6cf54e1c3_Feuerstelle_Im_Ried_Masein.jpg", "openstreetmap_id": "node/12074879933"}, "geometry": {"type": "Point", "coordinates": ["9.431055", "46.702136"]}}, {"type": "Feature", "properties": {"identifier": "4ef96999-eb8e-43c4-9cc5-70a82f0ede0c", "name": "Pschuuri", "description": "<p>Am Aschermittwoch gleicht Spl\u00fcgen einem Ameisenhaufen. An allen Winkeln und Ecken erscheinen Schulkinder und ledige M\u00e4dchen, die im Nu wieder im Dunkeln untertauchen. Schuld an diesem Treiben sind die \u00abPschuurirolli\u00bb, die ledigen Burschen, die in Felle geh\u00fcllt, den Aschensack gef\u00fcllt, den Jugendlichen nachstellen.</p>\n<p>Die Saumrolle, ein Ledergurt mit kugelf\u00f6rmigen Schellen besetzt, die die \u00abMaschg\u00e4r\u00e4\u00bb (Masken) um die H\u00fcfte gebunden haben, verr\u00e4t sie und gibt den Opfern einen kleinen Vorsprung, der meistens nicht gen\u00fcgt. Im ganzen Dorf laufen dann die M\u00e4dchen und Kinder mit russschwarzen Gesichtern herum, als w\u00e4ren sie Schornsteinfeger von Beruf.</p>\n<p>Bis zum Sonnenuntergang m\u00fcssen sie alle \u00abpschuuret\u00bb (geschw\u00e4rzt) sein. Die Rezeptur, nach der die schwarze Aschenmasse angemacht wird, ist ein gut geh\u00fctetes Geheimnis, das nur eine kleine Gruppe Eingeweihter kennt. Am Abend wandelt sich das Bild. Die Gef\u00fcrchteten, nun als \u00abMannli und Wibli\u00bb verkleidet, ziehen von Haus zu Haus, wo sie Eier heischen. \u00abMannli und Wibli\u00bb bleiben bei den Besuchen in den H\u00e4usern der Dorfbewohner solange maskiert und verstellen die Stimme, bis der Hausherr die Jugendlichen erkennt.</p>\n<p>Oft kommt es vor, dass das Bettelpaar unerkannt in der Dunkelheit mit der gemachten Beute wieder verschwindet. Aus den gesammelten Eiern wird Eiersalat und \u00abResim\u00e4da\u00bb, ein Trunk aus Wein, Eiern und weiteren Zutaten, hergestellt.&nbsp;Diese K\u00f6stlichkeiten werden&nbsp;ab Mitternacht beim \u00abEierschmaus\u00bb serviert. Zu diesem Fest sind alle eingeladen.&nbsp;Der \u00dcberlieferung nach sollen diese Eierspeisen und Getr\u00e4nke die heiratsf\u00e4hige Jugend st\u00e4rken und die Fruchtbarkeit dieser Generation und die der Felder f\u00f6rdern.</p>\n<p><strong>Ablauf</strong></p>\n<ul>\n<li><strong>Vormittags</strong> kost\u00fcmieren sich die Vorschulkinder und Erst- und Zweit-Kl\u00e4ssler und&nbsp;ziehen gruppenweise von Haus zu Haus und betteln mit dem Spruch \u00abPschuuri, Pschuuri Mittwuch\u00e4, \u00e4s Eischi oder \u00e4s Meitschi\u00bb. Sie erhalten S\u00fcssigkeiten, Mandarinen, N\u00fcsse oder eine Wurst. Um die Mittagszeit kehren sie heim.</li>\n<li><strong>Um 13 Uhr</strong> tauchen die \u00abPschuurirolli\u00bb, auch \u00abMaschgger\u00e4\u00bb (Masken) genannt, in den Gassen auf und versuchen bis zum Sonnenuntergang m\u00f6glichst alle ledigen M\u00e4dchen und Kinder zu schw\u00e4rzen.</li>\n<li><strong>Ab 19 Uhr</strong>&nbsp;ziehen die Burschen zusammen mit den sp\u00e4ter angereisten Mitgliedern der Jungmannschaft und sammeln Eier, aus denen Eiersalat und das traditionelle Getr\u00e4nk \u00abResim\u00e4da\u00bb zubereitet wird. Die M\u00e4dchen, Einheimischen und G\u00e4ste sind zum Fest in einem alten Stall eingeladen.</li>\n<li><strong>Um Mitternacht </strong>legen die \u00abMaschgger\u00e4\u00bb ihre Larven ab, der Eierschmaus beginnt und es wird bis in die fr\u00fchen Morgenstunden gefeiert.</li>\n</ul>", "url": "https://www.viamala.ch", "image": "https://viatpimtsoch.sos-ch-dk-2.exoscale-cdn.com/catalog/6/b/f/c/6bfca68fa49fa33ec831f509a2af2fdb0f39a4e5_pschuuri_spluegen_sobald_die_kirchenglocke_laeutet_laufen_die_maschgaerae_los_und_verteilen_sic.jpg", "openstreetmap_id": "node/4429008093"}, "geometry": {"type": "Point", "coordinates": ["9.3234097", "46.553071"]}}, {"type": "Feature", "properties": {"identifier": "4f1c072e-9e5d-4664-9c43-0ed96f0bf5d3", "name": "Hotel Restaurant Albula", "image": "https://viatpimtsoch.sos-ch-dk-2.exoscale-cdn.com/catalog/2/a/f/e/2afe9453bfb4e6dea103d4057f2af37aedc3f8cb_hotel_restaurant_albula_thusis_im_sommer.jpg", "openstreetmap_id": "node/2992366835"}, "geometry": {"type": "Point", "coordinates": ["9.43967", "46.6987"]}}, {"type": "Feature", "properties": {"identifier": "4f4b9d8c-3ace-457c-9c99-6d47e6f30ba1", "name": "Burgruine Spl\u00fcgen", "description": "Die Burgruine liegt unweit \u00f6stlich des Dorfes auf einer Gel\u00e4ndeterrasse \u00fcber dem Hinterrhein. Der wehrhafte Palas mit zwingerartigem Vorhof steht am alten Talweg und an einer Letzi, die hier einst den Durchgang versperrte. \u00dcber die Bauherrschaft besteht keine Klarheit. Die \u00e4ltere Literatur weist die Burg dem sp\u00e4ten 13. Jhdt. und den Freiherren von\u00a0Vaz\u00a0zu. Gem\u00e4ss neueren Forschungsergebnissen ist es aber wahrscheinlicher, dass sie erst um 1340 durch die Grafen von\u00a0Werdenberg-Sargans\u00a0errichtet wurde.", "url": "https://www.viamala.ch", "image": "https://viatpimtsoch.sos-ch-dk-2.exoscale-cdn.com/catalog/8/f/9/c/8f9ca44a530dddb34ecb00a391326a26cf60f79b_burgruine_spluegen_rheinwald_sommer_demateo.com.jpg", "openstreetmap_id": "node/1888132778"}, "geometry": {"type": "Point", "coordinates": ["9.334301948547363", "46.55725757306483"]}}, {"type": "Feature", "properties": {"identifier": "508c1e63-9e15-4249-af3d-76cfebb2fab2", "name": "Romanisch-Kurswoche (Sutsilvan) f\u00fcr Anf\u00e4nger sowie leicht Fortgeschrittene", "description": "<p>W&auml;hrend dieser Kurswoche lernst du die Grundlagen des Romanischen in entspannter Atmosph&auml;re &ndash; ganz ohne Vorkenntnisse.</p><p>Du lernst Sutsilvan von Grund auf &ndash; praxisnah, interaktiv und in einer angenehmen Lernatmosph&auml;re.</p><ul><li><a href=\"https://viamala.ch/informieren/aktuelles/events/romanisch-wochenende.html\" target=\"_blank\" rel=\"noopener\">Weitere Informationen</a></li></ul><p>&nbsp;</p><h3>Datum</h3><p>Die Kurswoche beginnt mit der Ankunft am Sonntag, 30. August 2026, und dauert bis Freitag, 4. September. Der Kursunterricht findet jeweils von 09.00 bis 12.00 Uhr statt.</p>", "url": "https://viamala.ch/informieren/aktuelles/events/romanisch-wochenende.html", "image": "https://viatpimtsoch.sos-ch-dk-2.exoscale-cdn.com/catalog/e/9/c/c/e9cc20216722df1b9ddd15e177229e9fca300187_wergenstein_am_schamserberg_im_sommer_reformierte_kirche_graubuenden_ferien.jpg"}, "geometry": {"type": "Point", "coordinates": ["9.407386779785158", "46.626308913300505"]}}, {"type": "Feature", "properties": {"identifier": "50d0be1b-994f-4bd5-ae2c-65a3f87f26df", "name": "Leseb\u00e4nkli Cazis", "description": "Genau das k\u00f6nnen Sie nun\u00a0in der Gemeinde Cazis tun. Bei\u00a0vier idyllisch gelegenen B\u00e4nkli steht eine Kiste bereit. Diese ist gef\u00fcllt mit B\u00fcchern und Zeitschriften f\u00fcr Jung und Alt. Sie sind herzlich eingeladen die B\u00fccher anzuschauen, zu lesen und darin zu schm\u00f6ckern. Falls Sie sich einmal so sehr in ein Buch vertieft haben, dass Sie davon nicht mehr loskommen, leihen Sie es sich f\u00fcr ein paar Tage aus oder kommen Sie einfach wieder zur\u00fcck aufs B\u00e4nkli, zum Weiterlesen.", "url": "https://cazis.ch", "image": "https://viatpimtsoch.sos-ch-dk-2.exoscale-cdn.com/catalog/b/8/e/8/b8e8b5fa8f95e9d8d0c7f8bc9e7a6ff15dfe0d5d_lesebaenkli_cazis_viamala_tourismus.jpg", "openstreetmap_id": "node/12097048214"}, "geometry": {"type": "Point", "coordinates": ["9.433779724688861", "46.723785423110435"]}}, {"type": "Feature", "properties": {"identifier": "50f4eded-7dcf-4148-9cc0-c709026124bd", "name": "Feuerstelle Libi", "description": "<p>Die Feuerstelle ist zu Fuss&nbsp;ab Mathon oder Lohn in ca. 1.5 Stunden erreichbar. Der Aufstieg \u00fcber die Wanderwege erfordert gutes Schuhwerk.&nbsp;Es sind ein Tisch und diverse Sitzgelegenheiten um die Feuerstelle vorhanden. Die Blumenpracht auf den Bergwiesen um den See ist gerade im Fr\u00fchling ein echtes Naturschauspiel. Zudem kann man sich im Bergsee die Fu\u0308sse ku\u0308hlen, beispielsweise nach einer Wanderung auf den angrenzenden Piz Beverin (2998 m u\u0308. M.).&nbsp;Dieser ist einer der ber\u00fchmtesten Aussichtsberge Graub\u00fcndens.</p><p><span style=\"font-weight: bold;\">Ausstattung</span></p><ul><li>Rost vorhanden</li><li>1 Tisch mit 6 Sitzpl\u00e4tzen</li><li>1 Feuerstelle</li><li>2 B\u00e4nke um die Feuerstelle<br></li></ul><p><br>Bitte allf\u00e4llige Weisungen z.B. bez\u00fcglich <a href=\"https://www.gr.ch/DE/institutionen/verwaltung/diem/awn/aktuelles/Waldbrandgefahr/Seiten/aktuelle_waldbrandgefahr.aspx\" target=\"_blank\">Waldbrandgefahr </a>beachten.</p>", "url": "https://www.viamala.ch", "image": "https://viatpimtsoch.sos-ch-dk-2.exoscale-cdn.com/catalog/3/d/7/1/3d717bbb198f9bb5898c2095b36e49d1f179aac8_Libi_See_Lohn_Schamserberg.jpg", "openstreetmap_id": "node/12074983081"}, "geometry": {"type": "Point", "coordinates": ["9.402889", "46.652032"]}}, {"type": "Feature", "properties": {"identifier": "5161a78a-267f-4dce-a48a-9b757a66aa9a", "name": "Feuerstelle D\u00fcrrab\u00fcel", "description": "<p>Die Feuerstelle liegt auf dem Walserweg Nr. 35 auf der Etappe 1 San Bernardino - Hinterrhein. Vom San Bernardinopass sowie von Hinterrhein ist die Feuerstelle in ca. 1h Fussmarsch erreichbar.</p><p><span style=\"font-weight: bold;\">Ausstattung</span></p><ul><li>1 Feuerstelle</li><li>Grillrost vorhanden</li><li>Brennholz vorhanden</li><li>1 Tisch mit ca. 14 - 16 Sitzpl\u00e4tzen (gedeckt)<br></li></ul><p><br>Bitte allf\u00e4llige Weisungen bez\u00fcglich <a href=\"https://www.gr.ch/DE/institutionen/verwaltung/diem/awn/aktuelles/Waldbrandgefahr/Seiten/aktuelle_waldbrandgefahr.aspx\" target=\"_blank\">Waldbrandgefahr </a>beachten.&nbsp;</p>", "url": "https://www.viamala.ch", "image": "https://viatpimtsoch.sos-ch-dk-2.exoscale-cdn.com/catalog/f/6/5/b/f65b920966ec6576aa851616490ae69c7a474050_Feuerstelle_D__rrab__el_Unterstand.jpg", "openstreetmap_id": "node/9111654039"}, "geometry": {"type": "Point", "coordinates": ["9.186286926269533", "46.51777926504069"]}}, {"type": "Feature", "properties": {"identifier": "5176c4f7-d850-4439-9786-b7dd401b4d5e", "name": "Gasthaus Post", "description": "<p>Seit \u00fcber 100 Jahren geniessen Einheimische und Durchreisende die Gastfreundschaft des Gasthauses Post. Das Team freut sich, diese Tradition mit Ihnen weiterf\u00fchren zu d\u00fcrfen. Unter der Woche werden Ihnen saisonale Mittags-Men\u00fcs serviert, welche von regionalen Einfl\u00fcssen inspiriert werden. Am Abend und am Wochenende wird Ihnen die Vielfalt der thail\u00e4ndischen K\u00fcche pr\u00e4sentiert. Der grosse Saal l\u00e4dt zum Feiern ein: ob Geburtstage, Taufen, Familienfeiern, \u00f6ffentliche Veranstaltungen oder Firmenessen - Das Gasthaus Post hat&nbsp;bestimmt das passende Angebot f\u00fcr Ihren Anlass.</p><p> </p><p><span style=\"font-weight: bold;\">Anzahl Sitzpl\u00e4tze</span></p><ul><li>Restaurant: 42 Pl\u00e4tze </li><li>Gartenrestaurant: 24 Pl\u00e4tze </li><li>Saal: 60 Pl\u00e4tze</li></ul>", "url": "https://www.post-sils.ch", "image": "https://viatpimtsoch.sos-ch-dk-2.exoscale-cdn.com/catalog/f/5/c/b/f5cb17cd697eb4683f3aa080baa57f71424c17ae_gasthaus_post_sils_im_domleschg_sommer_herbst_viamala_tourismus.jpg", "openstreetmap_id": "node/6416517759"}, "geometry": {"type": "Point", "coordinates": ["9.453627", "46.700273"]}}, {"type": "Feature", "properties": {"identifier": "51c57dd0-b1f8-49af-8896-e40a128db0d9", "name": "Urmein", "description": "<p>Urmein liegt am Heinzenberg auf 1'264 m \u00fc.M. und z\u00e4hlt rund 150 Einwohner.</p>\n<ul>\n<li><a href=\"https://www.urmein.ch/\">Website Gemeinde Urmein</a></li>\n<li><a href=\"http://www.hls-dhs-dss.ch/textes/d/D1494.php\">Link zum historischen Lexikon der Schweiz</a></li>\n<li><a href=\"http://shop.graubuenden.ch/Viamala/ukv/?date_unknown=1&amp;doSearch=1&amp;locationIDs[]=TDS00020010141062637&amp;globalReset=1&amp;persistentParameters=1&amp;lang=de\">Unterk\u00fcnfte in Urmein</a></li>\n</ul>", "url": "https://www.urmein.ch", "image": "https://viatpimtsoch.sos-ch-dk-2.exoscale-cdn.com/catalog/2/9/a/7/29a722e63ff4285daab15ebdf7d27336c550b5a6_oberurmein_dorf_heinzenberg_sommer_aclas_demateo.jpg", "openstreetmap_id": "relation/1684199"}, "geometry": {"type": "Point", "coordinates": ["9.401428", "46.691542"]}}, {"type": "Feature", "properties": {"identifier": "51f23c97-431b-4d63-9072-b8b243bc3985", "name": "Andeer - Richtung Norden", "image": "https://viatpimtsoch.sos-ch-dk-2.exoscale-cdn.com/catalog/0/f/e/6/0fe6c6eea4d04345bc7de3750e9752b48e622a9c_andeer_mit_hotel_fravi_und_reformierte_kirche_im_winter_viamala_tourismus.jpg", "openstreetmap_id": "node/2238796065"}, "geometry": {"type": "Point", "coordinates": ["9.426178336143495", "46.60512550789521"]}}, {"type": "Feature", "properties": {"identifier": "52270982-22c4-4944-b61b-64b2f817a9ac", "name": "Camping Rania", "description": "<p>Die Lage an der San Bernardino Nord-S\u00fcd Verbindungsroute ist praktisch f\u00fcr Durchreisende und ideal als Ausgangspunkt f\u00fcr viele Aktivit\u00e4ten, Ausfl\u00fcge und Naturerlebnisse. Eine Postautostation befindet sich vor dem Haus.</p><p>Der Campingplatz ist ganzj\u00e4hrig ge\u00f6ffnet und verf\u00fcgt \u00fcber alle \u00fcblichen Annehmlichkeiten. Die \u00d6ffnungszeiten des Restaurants entnehmen Sie bitte der Webseite <a href=\"https://www.campingrania.ch/\" target=\"_blank\">www.campingrania.ch</a>. In Fussdistanz liegt das spannende Viamala Besucherzentrum und die weltbekannte St. Martin Kirche aus dem 12. Jahrhundert. Wenig weiter befinden sich das vielseitig heilende Mineralbad in Andeer, die Rofflaschlucht als Eingang ins idyllische Averstal und vieles mehr. Die einzigartige Region Viamala bietet unz\u00e4hlige Sehensw\u00fcrdigkeiten, eindr\u00fcckliche Naturschaupl\u00e4tze, spannende Outdooraktivit\u00e4ten, Canyoning im Hinterrhein, \u00fcberw\u00e4ltigende Wander- und Bikerwegnetze, H\u00e4ngebr\u00fccken, Burgen etc.</p><p><span style=\"font-weight: bold;\">\u00d6ffnungsmonate:</span><br>Januar - Dezember</p>", "url": "http://www.campingrania.ch", "image": "https://viatpimtsoch.sos-ch-dk-2.exoscale-cdn.com/catalog/0/b/7/8/0b788b54d94f09d747ef1e9ba6ae5c2337c7606d_camping_rania_zillis_schams_viamala_tourismus_1.jpg", "openstreetmap_id": "way/438886349"}, "geometry": {"type": "Point", "coordinates": ["9.44802761077881", "46.65012087040107"]}}, {"type": "Feature", "properties": {"identifier": "5272d248-70b4-4644-9c77-7949364d49fa", "name": "Zillis-Reischen", "description": "<p>Die Gemeinde am s\u00fcdlichen Eingang zur Viamala-Schlucht wird von den beiden Ortsteilen Zillis (945 m \u00fc.M.) und Reischen (1\u2019024 m \u00fc.M.) gebildet. Es z\u00e4hlt rund 390 Einwohner.</p>\n<ul>\n<li><a href=\"https://www.zillis-reischen.ch/\">Website Gemeinde Zillis-Reischen</a></li>\n<li><a href=\"http://www.hls-dhs-dss.ch/textes/d/D45874.php\">Link zum historischen Lexikon der Schweiz</a></li>\n<li><a href=\"https://shop.graubuenden.ch/Viamala/ukv/result?tt=qerkmsicqjn6dq2e5l1qsil7tr\">Unterk\u00fcnfte in Zillis-Reischen</a></li>\n</ul>", "url": "https://zillis-reischen.ch", "image": "https://viatpimtsoch.sos-ch-dk-2.exoscale-cdn.com/catalog/6/0/3/9/6039a42af9c4b90d4ac41a2f48a2f3e98e5fc8e8_zillis_reischen_dorf_sommer_demateo.jpg", "openstreetmap_id": "relation/1684211"}, "geometry": {"type": "Point", "coordinates": ["9.445457", "46.634904"]}}, {"type": "Feature", "properties": {"identifier": "53694ef8-18d3-4b5d-8eee-18313553784b", "name": "Avers - Juf Westen", "image": "https://viatpimtsoch.sos-ch-dk-2.exoscale-cdn.com/catalog/3/b/1/c/3b1c09eed569f0ab573ee5cb9bfc6e0f73b12b93_gasthaus_alpenrose_im_winter_1.jpg", "openstreetmap_id": "node/6329310381"}, "geometry": {"type": "Point", "coordinates": ["9.580013751983644", "46.44552356536379"]}}, {"type": "Feature", "properties": {"identifier": "5485e6fe-db2d-48bd-ba04-db3903e3a1e5", "name": "G\u00e4steinformation Viamala, Infostelle Avers", "url": "https://www.viamala.ch", "image": "https://viatpimtsoch.sos-ch-dk-2.exoscale-cdn.com/catalog/4/4/4/7/4447c01eca1b92e0ab07c83c4d698dedc01aa223_blick_in_das_averstal_mit_cresta_im_sommer_demateo.jpg", "openstreetmap_id": "node/12114218990"}, "geometry": {"type": "Point", "coordinates": ["9.512743949890138", "46.47268114499922"]}}, {"type": "Feature", "properties": {"identifier": "55068bbd-4a28-4ae2-a23e-a9a64873cead", "name": "Wohlf\u00fchlbereich Hotel Weiss Kreuz", "description": "<p>Sauna 85 \u00b0C / trocken, Sanariun 65 \u00b0C / feucht (40 % Luftfeuchtigkeit), Dampfbad 45 \u00b0C / nass.</p>\n<h4><br>Reservation</h4><p>Empfehlenswert.</p><p><br></p>\n<h4>Leistung</h4><p>Ben\u00fctzung Sauna, Sanarium, Dampfbad, 1 Waffeltuch (Ausgabe an der R\u00e9ception), Frotteetuch (liegt im Wohlf\u00fchlkeller auf), Ben\u00fctzung Garderobe mit Wertsachenschliessfach.</p>", "url": "https://www.weisskreuz.ch", "image": "https://viatpimtsoch.sos-ch-dk-2.exoscale-cdn.com/catalog/a/e/d/a/aeda9c2692d70003aa193de6947f97e4af07a0c0_sauna_hotel_weiss_kreuz_thusis.jpg", "openstreetmap_id": "way/289615759"}, "geometry": {"type": "Point", "coordinates": ["9.439652", "46.696475"]}}, {"type": "Feature", "properties": {"identifier": "550a3085-a7b5-47c8-a447-42240ee3c737", "name": "Restaurant La Plazza, Klinik Beverin", "description": "<p>Das Restaurant liegt bei der Minigolfanlage Beverin. Vor oder nach einer Minigolfpartie kannst du dich auf dem sonnigen Zentrumsplatz oder drinnen verk\u00f6stigen lassen. </p><p><span style=\"font-weight: bold;\">Anzahl Sitzpl\u00e4tze</span><br>Restaurant: 140 Pl\u00e4tze <br>Terrasse: 50 Pl\u00e4tze</p>", "url": "https://www.pdgr.ch/restauration-und-seminarmoeglichkeiten/#Beverin", "image": "https://viatpimtsoch.sos-ch-dk-2.exoscale-cdn.com/catalog/5/4/2/d/542d7944707b311f4d7702cd738e96271ce27687_restaurant_la_plazza_klinik_beverin_cazis_sommer.jpg", "openstreetmap_id": "node/12198924168"}, "geometry": {"type": "Point", "coordinates": ["9.42883299999994", "46.730551"]}}, {"type": "Feature", "properties": {"identifier": "55290989-041a-474b-a706-73e7c75daa0b", "name": "viaSpluga \u2013 Auf R\u00f6merspuren mit Tumasch Planta", "description": "<p>Den Menschen, die dazu Genaueres erfahren m&ouml;chten, bietet Tumasch Planta eine kompetente F&uuml;hrung in 2.5 Tagen (von Freitag Mittag bis Sonntag) zu den wichtigsten und interessantesten Teilstrecken der viaSpluga.<br><br></p><h3><strong>Leistungen</strong></h3><ul><li>Fachkundliche Begleitung durch Tumasch Planta, Mitentdecker der ersten Stunde auf Kulturwanderungen, die dem Gast einen Einblick in die Arbeit der Wegforschung von seinem Vater Armon Planta geben sollen</li><li>Zwei &Uuml;bernachtung inkl. Halbpension</li><li>Billett auf Teilstrecken und R&uuml;ckfahrt mit den &ouml;ffentlichen Verkehrsmitteln bzw. Kleinbus<br><br></li></ul><h3><strong>Beginn</strong></h3><p>Jeweils freitags 11.30 Uhr am Bahnhof Thusis, Treffpunkt.<br><br></p><h3><strong>Ausr&uuml;stung</strong></h3><p>Wanderausr&uuml;stung (mindestens gute Trekkinschuhe), Lunch.<br><br></p><h3><strong>Anforderung</strong></h3><p>F&auml;hig zu bis zu 4 Stunden Marschzeit.<br><br></p><h3><strong>Unterkunft</strong></h3><p>Inkl. Halbpension im DZ im Hotel Alte Post in Zillis bzw. Locanda Cardinello in Isola (l). EZ-Zuschlag je CHF 30.00 pro Nacht und pro Person.<br><br></p><h3><strong>Transport</strong></h3><p>Inkl. Billet auf Teilstrecken und R&uuml;ckfahrt mit &ouml;.V. bzw. Kleinbus.<br><br></p><h3><strong>Anmeldung</strong></h3><p>Schriftlich oder telefonisch jeweils 3 Wochen vor Beginn der Kulturwanderung, und/oder mit der Anzahlung von CHF 300.00 pro Person.<br><br></p><h3><strong>Preis &amp; Daten</strong></h3><ul><li><strong>Preis pro Person:</strong><ul><li>CHF 720 pro Person bei 4-8 Teilnehmern</li></ul></li><li><strong>Daten: </strong><ul><li>31. Juli - 2. August 2026</li><li>4. - 6. September 2026<br><br></li></ul></li></ul><h3><strong>Programm</strong></h3><ul><li><strong>1. Tag:</strong> Thusis &ndash; Via Mala</li><li><strong>2. Tag:</strong> Spl&uuml;gen &ndash; Spl&uuml;genpass / Cardinello &ndash; Isola</li><li><strong>3. Tag:</strong> Isola &ndash; Scien &ndash; Campodolcino</li></ul>", "url": "https://www.chauennas.ch", "image": "https://viatpimtsoch.sos-ch-dk-2.exoscale-cdn.com/catalog/f/2/8/e/f28e546cec28d4e494ace974789e454c1f9f12ff_ST0051744.jpg_compressed.JPEG", "openstreetmap_id": "relation/1684187"}, "geometry": {"type": "Point", "coordinates": ["9.4390836", "46.6972368"]}}, {"type": "Feature", "properties": {"identifier": "55366ba6-f56c-46ad-8c3d-a07c4f2c2dcf", "name": "Feuerstelle Casealas", "description": "<p>Der Platz befindet&nbsp;sich direkt am Rundweg <a href=\"https://mybusiness.outdooractive.com/de/r/51480426/\" target=\"_blank\">Naturerlebnis Feldis - Element Erde</a>. Rund um die Feuerstelle hat es viel Platz f\u00fcr Kinder zum Spielen und Toben.</p><p><span style=\"font-weight: bold;\">Ausstattung</span></p><ul><li>1 Feuerstelle</li><li>Rost vorhanden</li><li>Brennholz vorhanden</li><li>Ca. 10 Sitzpl\u00e4tze<br><br></li></ul><p>Bitte allf\u00e4llige Weisungen z.B. bez\u00fcglich <a href=\"https://www.gr.ch/DE/institutionen/verwaltung/diem/awn/aktuelles/Waldbrandgefahr/Seiten/aktuelle_waldbrandgefahr.aspx\" target=\"_blank\">Waldbrandgefahr </a>beachten.</p>", "url": "https://www.viamala.ch", "image": "https://viatpimtsoch.sos-ch-dk-2.exoscale-cdn.com/catalog/3/e/d/8/3ed8da61c1537eb02e28d6f08b7c0f225923cc28_Feuerstelle_Casealas_Feldis.jpg", "openstreetmap_id": "node/4335419995"}, "geometry": {"type": "Point", "coordinates": ["9.440211653709412", "46.78641184796132"]}}, {"type": "Feature", "properties": {"identifier": "55ef7d36-0646-4341-bc4b-0e327a63208e", "name": "Nina Massage & Wellness Spl\u00fcgen", "description": "<p><strong>\u00dcber Nina</strong><br>Nina Tajariol, geboren in Niederuzwil/SG. Im 2010 machte sie parallel zu ihrer T\u00e4tigkeit als Masseurin beim EC Wil die Ausbildung zur Berufsmasseurin und Sporttherapeutin. Nach bestandener Pr\u00fcfung habe&nbsp;sie sich entschlossen, sich als Masseurin selbstst\u00e4ndig zu machen. Aufgrund des hohen Pensums, welcher die Betreuung der Eishockeymannschaft sowie der Schweizer Inlinehockey-Nationalmannschaft mitsichbrachte, entschloss sich Nina in der Selbstst\u00e4ndigkeit k\u00fcrzerzutreten. Im 2015 zog es sie nach Spl\u00fcgen, wo sie bis jetzt wohnhaft ist. Seither war sie bei der Ochsner Hockey Academy und der finnischen Frauen Inlinenationalmannschaft engagiert. Immer wieder versp\u00fcrte Nina, dass sie zur\u00fcck zur Selbstst\u00e4ndigkeit gehen m\u00f6chte. Deshalb&nbsp;hat sie im Jahr 2021 das Massagestudio in Spl\u00fcgen wieder er\u00f6ffnet.</p>\n<p>Nina ist&nbsp;beim&nbsp;<strong><a href=\"https://emr.ch/\">EMR</a>&nbsp;</strong>registriert und somit bei den Krankenkassen anerkannt. Erkundigen Sie sich bei Ihrer Krankenkasse \u00fcber eine m\u00f6gliche Kostenbeteiligung.</p>\n<p>S\u00e4mtliche Preise finden Sie<strong> <a href=\"https://nina-massage.ch/\">HIER</a></strong>.</p>", "url": "https://nina-massage.ch", "image": "https://viatpimtsoch.sos-ch-dk-2.exoscale-cdn.com/catalog/9/d/c/4/9dc41ba2fcde3a9f63fa99e4d4330f156dd85e2d_massagepraxis_nina_spluegen_rheinwald.jpg", "openstreetmap_id": "node/12114166811"}, "geometry": {"type": "Point", "coordinates": ["9.316278845071793", "46.55073576372241"]}}, {"type": "Feature", "properties": {"identifier": "561909d3-30a4-41cf-95ae-1cb2f34150de", "name": "Imbiss Treff Thusis", "description": "Der Imbiss Treff bietet Kebab, Lamacun, Hamburger und diverse Tellergerichte zu fairen Preisen und ist ein Beliebter Treffpunkt in Thusis.", "image": "https://viatpimtsoch.sos-ch-dk-2.exoscale-cdn.com/catalog/4/3/6/a/436aef42fd06838cd3c4b3a866d811525b1e55a8_imbiss_treff_thusis_an_der_neudorfstrasse_im_winter_viamala_tourismus.jpg", "openstreetmap_id": "node/9807491963"}, "geometry": {"type": "Point", "coordinates": ["9.439659", "46.696946"]}}, {"type": "Feature", "properties": {"identifier": "575af3fc-27d1-44ee-b672-5df142fc6e48", "name": "Stellplatz Avers-Juppa", "description": "<p><strong>Sanit&auml;ranlage<br></strong>&Ouml;ffentliche Toilette in unmittelbarer N&auml;he</p><p><strong>Kosten<br></strong>25.00 CHF pro Fahrzeug und Nacht inkl. G&auml;steabgabe</p><p><strong>Zahlung<br></strong>Direkt &uuml;ber die App&nbsp;<a href=\"https://www.parknsleep.app/ps/20029919\" target=\"_blank\" rel=\"noopener\">Parkn'Sleep</a>.</p><p><strong>Maximaler Aufenthalt</strong><br>3 N&auml;chte</p><p><strong>Abfall</strong><br>Keine M&ouml;glichkeit f&uuml;r Abfallentsorgung</p>", "url": "https://gemeindeavers.ch/", "image": "https://viatpimtsoch.sos-ch-dk-2.exoscale-cdn.com/catalog/a/3/d/3/a3d365e44554a2ebd2b81b09b5a5b2aaeca1dc0e_avers_juf_und_juppa_sommer_herbst_demateo.jpg", "openstreetmap_id": "node/12098824466"}, "geometry": {"type": "Point", "coordinates": ["9.551180005073547", "46.4492715409318"]}}, {"type": "Feature", "properties": {"identifier": "58f2f980-171b-4f44-944e-586bcf0943bd", "name": "Berghaus Obergmeind", "description": "<p>Das Berghaus Obergmeind liegt idyllisch am Heinzenberg und bietet die perfekte Einkehrm&ouml;glichkeit f&uuml;r aktive G&auml;ste wie auch f&uuml;r Geniesserinnen und Geniesser. Ob ein schnelles Mittagessen zwischen zwei Abfahrten, ein st&auml;rkendes Men&uuml; nach einer Wanderung oder ein geselliger Abend mit Freunden &ndash; hier l&auml;sst sich der Tag in entspannter Atmosph&auml;re geniessen.</p><p>Die warme Gaststube und die grossz&uuml;gige Sonnenterrasse laden dazu ein, den Blick &uuml;ber die umliegende Bergwelt schweifen zu lassen und den Moment zu geniessen. Serviert wird eine bodenst&auml;ndige, regionale K&uuml;che mit klassischen Schweizer Gerichten, saisonalen Tagesangeboten und passenden Speisen f&uuml;r den kleinen oder grossen Hunger.</p>", "url": "https://www.berghausobergmeind.ch/", "image": "https://viatpimtsoch.sos-ch-dk-2.exoscale-cdn.com/catalog/e/9/6/f/e96ffc15724f1b064cc0dfff75abd8304ffe2885_berghaus_obergmeind_im_winter.jpg", "openstreetmap_id": "node/1792249645"}, "geometry": {"type": "Point", "coordinates": ["9.359912", "46.691976"]}}, {"type": "Feature", "properties": {"identifier": "596edaa9-72c9-4bcd-8457-be620acf980e", "name": "Pistenbully selbst fahren", "description": "<p>Eine \"coole\" Tour auf der Pistenraupe, die Geschick, &Uuml;bersicht und manchmal auch ein wenig Mut abverlangt. Beim fachkundigen Briefing mit dem erfahrenen Pistenchef lernen Sie sowohl die Grundlagen wie auch die wichtigsten Funktionen des Cockpits kennen. Auch die Verhaltens- und Sicherheitsregeln f&uuml;r einen Pisten-Bully Fahrer werden besprochen. Diese sind wichtig, schliesslich haben Sie es hier mit einem richtigen Giganten zu tun.</p><p>Anschliessend werden Sie als Beifahrer lernen, wie das 330 PS starke Pistenfahrzeug zu fahren ist. Die Schwerpunkte Ihres eigenen Fahrerlebnisses werden je nach Fahrk&ouml;nnen und Fortschritten festgelegt und individuell bestimmt.</p><p>Nach erfolgreichem \"Pistenbully fahren\" erhalten Sie ein kleines Erinnerungsgeschenk und Ihr pers&ouml;nliches Diplom. Schenken Sie Ihren Liebsten, Kindern, Bekannten, Freunden, Gesch&auml;ftskollegen dieses unvergessliche Erlebnis.</p><p><strong>Teilnahmevoraussetzungen</strong><br>Normale physische und psychische Verfassung, Besitz und mitf&uuml;hren des PKW-F&uuml;hrerscheins, befolgen der Anweisungen des Instruktors.</p><p><strong>Teilnehmer&nbsp;</strong><br>1 Person&nbsp;</p><p><strong>Zuschauer</strong><br>Herzlich willkommen (ausserhalb des Fahrzeugs, da darin neben dem Fahrer nur der Instruktor erlaubt ist).</p><p><strong>Ausr&uuml;stung</strong><br>Festes Schuhwerk<br>Warme Winterkleidung</p><p><strong>Leistungen</strong></p><ul><li>Fachkundiges Briefing</li><li>Pistenbully mitfahren und selbst steuern</li><li>Erinnerungsgeschenk</li><li>Pers&ouml;nliches Diplom</li></ul><p><strong>Preis &amp; G&uuml;ltigkeit</strong></p><ul><li>Preis: CHF 420.00</li><li>G&uuml;ltigkeit:&nbsp;Das Angebot ist nach Absprache ab 17.00 Uhr w&auml;hrend der Wintersaison der Sesselbahn und Skilifte Feldis buchbar.</li><li>Dauer:&nbsp;ca. 90 Minuten, davon ca. 30 Minuten selbst fahren (Details nach Absprache).</li><li>Durchf&uuml;hrung: F&uuml;r Saison 26/27 ausverkauft</li></ul>", "url": "https://bergbahnen-feldis.ch", "image": "https://viatpimtsoch.sos-ch-dk-2.exoscale-cdn.com/catalog/3/1/b/1/31b198662e5c096720a835005117331c8e3bd8ea_pistenbully_fahrt.jpg"}, "geometry": {"type": "Point", "coordinates": ["9.45603132247925", "46.79660754267421"]}}, {"type": "Feature", "properties": {"identifier": "5a17ca8e-bcd9-4aae-8b33-5a649b6cf1da", "name": "Reformierte Kirche Feldis", "description": "<p>Die Kirche ist ersturkundlich in einem Dokument ungef\u00e4hr aus dem Jahr 1400 erw\u00e4hnt und stand unter dem&nbsp;Patrozinium&nbsp;von&nbsp;Hippolyt. M\u00f6glicherweise geht der&nbsp;r\u00e4toromanische&nbsp;Dorfname&nbsp;Veulden&nbsp;etymologisch&nbsp;auf den Namen dieses Heiligen zur\u00fcck. Die Annahme der&nbsp;Reformation&nbsp;erfolgte relativ sp\u00e4t 1583. </p><p>Das von aussen unverputzte Kirchenschiff tr\u00e4gt ein&nbsp;Walmdach. Dem&nbsp;Kirchturm&nbsp;eingebaut ist eine eingeschossige Glockenstube. Im Inneren stehen im Mittelpunkt eine holzschnittverzierte&nbsp;polygonale&nbsp;Kanzel&nbsp;ohne&nbsp;Schalldeckel, ein symmetrisch im Zentrum des durch zwei Stufen erh\u00f6hten&nbsp;Chores&nbsp;stehender&nbsp;Tauf-&nbsp;und&nbsp;Abendmahlstisch&nbsp;und eine&nbsp;dreiprospektige&nbsp;Orgel&nbsp;an der abschliessenden Chorwand. </p><p>Die&nbsp;Evangelisch-reformierte Landeskirche Graub\u00fcnden&nbsp;f\u00fchrt&nbsp;Feldis/Veulden&nbsp;als&nbsp;Predigtst\u00e4tte&nbsp;der <a href=\"https://www.ekga.ch/\">Kirchgemeinde Ausserdomleschg.</a></p>", "url": "https://www.ekga.ch/Unsere-Kirchen/Feldis-Veulden/", "image": "https://viatpimtsoch.sos-ch-dk-2.exoscale-cdn.com/catalog/1/a/2/a/1a2aa335add4a115c17bbedf6148b2dd2d89c6a6_feldis_dorf_mit_reformierter_kirche_sommer_demateo.jpg", "openstreetmap_id": "way/362855353"}, "geometry": {"type": "Point", "coordinates": ["9.431931674480438", "46.79355560032749"]}}, {"type": "Feature", "properties": {"identifier": "5a874ffe-91d8-4d97-bbfe-b9d14cfbfd9f", "name": "Natureisfeld Alp Raguta", "description": "<p>F\u00fcnf Fussminuten von der Bergstation der Sesselbahn Feldis-Mutta entfernt, vor gewaltigem Alpen-Panorama, besteht im Winter bereits seit dem Jahr 2002 eine&nbsp;Natureisbahn&nbsp;(20x44 m) zum Schlittschuhlaufen, Eisstockschiessen und Curling spielen.</p><p> </p><p><span style=\"font-weight: bold;\">Schlittschuhmiete</span><span style=\"font-weight: 700;\"><br></span>Vor Ort m\u00f6glich.</p><p><span style=\"font-weight: bold;\">Curling</span><span style=\"font-weight: 700;\"><br></span>Fortgeschrittene k\u00f6nnen die Ausr\u00fcstung vor Ort mieten. Anf\u00e4ngerInnen empfehlen wir einen Kurs (ab 8 Personen), mit Spassgarantie, zu buchen.&nbsp; <span style=\"font-weight: bold;\">Eisstockschiessen</span></p><p>Dies ist vor allem im Alpenraum verbreitet und hat eine gewisse \u00c4hnlichkeit mit Curling, ist aber nicht ganz so anspruchsvoll. Die Eisfl\u00e4che kann reserviert werden oder ein Kurs kann gebucht werden. </p><p>Bitte beachten Sie, dass das Eisfeld f\u00fcr alle zur Verf\u00fcgung steht und es auch kurzfristig vorkommen kann, dass den Schlittschuhfahrer/innen nur ein Teil des Eisfelds geg\u00f6nnt werden kann.</p><p><span style=\"font-weight: bold;\">Preise</span><span style=\"font-weight: 700;\"><br></span>F\u00fcr Curling und Eisstockschiessen werden spezielle Kurse angeboten. Anmeldungen bei Evi Attinger, Tel. <a href=\"tel:+41794804056\">+41 79 480 40 56</a>.</p><p style=\"margin: 6px 0px;\">Alle Preise finden Sie <a href=\"https://www.alpraguta.ch/angebot/preise\">hier</a>.</p>", "url": "https://www.alpraguta.ch", "image": "https://viatpimtsoch.sos-ch-dk-2.exoscale-cdn.com/catalog/1/d/b/b/1dbb4b6bee18e8e67939a012c4b73433ffb8f41e_alp_raguta_natureisfeld_feldiser_hochland_drohnenaufnahme_switzerland_tourism.jpg", "openstreetmap_id": "node/7496968630"}, "geometry": {"type": "Point", "coordinates": ["9.460121", "46.796312"]}}, {"type": "Feature", "properties": {"identifier": "5b5f8a3b-a2c3-41b8-82d6-0b67920e9641", "name": "Outdoor-Kartbahn Cazis", "description": "<p>Kommt vorbei in Cazis und geniesst echtes Rennsport-Feeling auf der wundersch\u00f6nen Anlage von Driving Graub\u00fcnden.&nbsp;Dort betreiben wir unsere&nbsp;vollelektrischen Karts mit denen ihr mit ein bisschen fahrerischem Geschick 60 km/h erreichen k\u00f6nnt. Egal ob ein spontanes 8-Minuten-Ticket, ein organisiertes Rennen gegen andere Kartfahrer oder euer ganz exklusiven und individuellen Event. Wir haben f\u00fcr alle&nbsp;ein passendes Angebot. </p><p>Weitere Infos finden Sie auf unserer <a href=\"https://outdoorkart.ch/\">Webseite</a>.</p>", "url": "https://outdoorkart.ch/", "image": "https://viatpimtsoch.sos-ch-dk-2.exoscale-cdn.com/catalog/4/6/c/5/46c5bbf9295bf81f78314736e95bacc2b7751962_outdoor_kartbahn_cazis.jpg", "openstreetmap_id": "way/996303265"}, "geometry": {"type": "Point", "coordinates": ["9.420583248138428", "46.761730144050105"]}}, {"type": "Feature", "properties": {"identifier": "5c09c6b0-b1fb-4ffb-b103-1c9823014f28", "name": "Feuerstelle Sumas Artgas", "description": "<p>Von der&nbsp;Feuerstelle hat man eine herrliche&nbsp;Aussicht auf das UNESCO Welterbe Sardona mit einer weltweit einzigartigen&nbsp;Sichtbarkeit der Gebirgsbildung. Etwas unterhalb der Stelle befindet sich zudem eine Panoramatafel mit Informationen zum UNESCO Welterbe Sardona.</p><p><span style=\"font-weight: bold;\">Ausstattung</span></p><ul><li>1 Feuerstelle</li><li>Grillrost vorhanden</li><li>1 Tisch&nbsp;mit B\u00e4nke (8 Sitzpl\u00e4tze)</li><li>Brennholz vorhanden</li></ul><p><br>Bitte allf\u00e4llige Weisungen z.B. bez\u00fcglich <a href=\"https://www.gr.ch/DE/institutionen/verwaltung/diem/awn/aktuelles/Waldbrandgefahr/Seiten/aktuelle_waldbrandgefahr.aspx\" target=\"_blank\">Waldbrandgefahr </a>beachten.</p>", "url": "https://www.viamala.ch", "image": "https://viatpimtsoch.sos-ch-dk-2.exoscale-cdn.com/catalog/9/1/8/a/918a870e22ea144f1d7207e837c93822e5fd2f38_Feuerstelle_Sumas_Artgas_Feldis.jpg", "openstreetmap_id": "node/12074986220"}, "geometry": {"type": "Point", "coordinates": ["9.434224963188171", "46.79953064842845"]}}, {"type": "Feature", "properties": {"identifier": "5cc0575b-f481-4e21-bd87-2b27dec50419", "name": "Restaurant Edelweiss", "description": "Kleiner Saal f\u00fcr 15 Personen, mit dem Restaurant zusammen sind Arrangements f\u00fcr bis zu 30 Personen m\u00f6glich - Anmeldung erforderlich. Verkauf von Milch, Alpk\u00e4se und Fleisch aus dem angeschlossenen Bergbauernbetrieb \u00fcber die Gasse.", "image": "https://viatpimtsoch.sos-ch-dk-2.exoscale-cdn.com/catalog/d/7/9/2/d792c2e78babd0a4805508ec63daae62a8a27284_trans_sommer_domleschg_demateo.com.jpg", "openstreetmap_id": "node/12285039022"}, "geometry": {"type": "Point", "coordinates": ["9.46161", "46.763538"]}}, {"type": "Feature", "properties": {"identifier": "5d361433-1aee-4b38-98d7-05ff3b941b7e", "name": "Schneeschuhwandern im winterlichen Naturpark Beverin", "description": "<p>Wer die winterliche Stille der B\u00fcndner Alpen geniessen m\u00f6chte, findet hier das perfekte Angebot. Ob im Rheinwald, im Avers oder am Schamserberg \u2013 die Schneeschuhwanderungen f\u00fchren durch unber\u00fchrte Natur und laden dazu ein, die faszinierende Bergwelt auf ruhigen Pfaden zu erkunden. Interessierte k\u00f6nnen ihr Wunschdatum direkt im Anmeldeformular ausw\u00e4hlen und sich auf eine unvergessliche Tour freuen.</p><p><strong>Auch Halbtageswanderungen m\u00f6glich</strong></p><p>F\u00fcr alle, die nur einen halben Tag Zeit haben, gibt es ebenfalls passende Angebote. Eine kurze Anfrage gen\u00fcgt, um eine individuell zugeschnittene Wanderung zu arrangieren.</p><h3><strong>Anmeldung</strong></h3><p>Bis zwei Tage vorher</p><h3><strong>Teilnehmerzahl</strong></h3><p>Min. 4 /\u00a0max. 8 Personen</p>", "image": "https://viatpimtsoch.sos-ch-dk-2.exoscale-cdn.com/catalog/8/6/0/f/860ff42c6113d3a37be3892c0f70f1e0f4601cfa_DSC_6764.jpg"}, "geometry": {"type": "Point", "coordinates": ["9.186801910400392", "46.52578546939352"]}}, {"type": "Feature", "properties": {"identifier": "5d4c2cc9-b4c5-4495-b57c-82380b6bd13a", "name": "G\u00e4steinformation Viamala, Infostelle Spl\u00fcgen", "url": "https://www.viamala.ch", "image": "https://viatpimtsoch.sos-ch-dk-2.exoscale-cdn.com/catalog/d/2/f/5/d2f58235b515e25b37c7d33dbccd5c46f2d916c0_spluegen_dorf_rheinwald_sommer_marco_hartmann.jpg", "openstreetmap_id": "node/1888132797"}, "geometry": {"type": "Point", "coordinates": ["9.320054054260256", "46.552570834338816"]}}, {"type": "Feature", "properties": {"identifier": "5d56a683-38b9-4a55-80bc-eca9883df69a", "name": "Gourmetrestaurant Hotel Post Andeer", "description": "<p>Im Hotel Post&nbsp;kannst du in alles Wunderbare eintauchen, das die Natur zu bieten hat, w&auml;hrend du dich dem Komfort eines Boutique Hotels hingibst.</p><p>Nach einer vollst&auml;ndigen Renovierung freuen sich die Gastgeber, dich Zuhause fern von zu Hause zu empfangen. Mit grossem Respekt f&uuml;r die Werte und Traditionen der Region geben sie ihre&nbsp;lokalen und internationalen Erfahrungen mit Leidenschaft und Herz an die G&auml;ste weiter.</p><p><a href=\"https://www.hotelpostandeer.ch/\" target=\"_blank\" rel=\"noopener\">Weitere Informationen</a></p>", "url": "https://hotelpostandeer.ch", "image": "https://viatpimtsoch.sos-ch-dk-2.exoscale-cdn.com/catalog/8/b/6/7/8b67b75add45424c6496d317f87e62171502f138_hotel_post_029.jpg_compressed.JPEG", "openstreetmap_id": "node/2238796086"}, "geometry": {"type": "Point", "coordinates": ["9.4270711", "46.6019547"]}}, {"type": "Feature", "properties": {"identifier": "5d68bea8-1125-47ec-9136-9fb255df2619", "name": "Kunsteisbahn Viamala Sils i.D.", "description": "<p>Willkommen in Sils i.D. &ndash; dort, wo Wintertr&auml;ume aufs Eis kommen. Die neue Kunsteisbahn bringt Bewegung, Spass und Abwechslung in die kalte Jahreszeit. Der Eisverein Viamala sorgt mit viel Herzblut daf&uuml;r, dass Schlittschuhlaufen, Pirouetten, Hockeymatches und Wintervergn&uuml;gen einen festen Platz in unserer Region haben.</p>", "url": "https://www.eisbahnviamala.ch", "image": "https://viatpimtsoch.sos-ch-dk-2.exoscale-cdn.com/catalog/0/5/f/2/05f299ef8fee2f982ecfc0dca889dedb47ceebc7_DSC_0196.jpg", "openstreetmap_id": "node/12112527454"}, "geometry": {"type": "Point", "coordinates": ["9.45103168487549", "46.70018975354878"]}}, {"type": "Feature", "properties": {"identifier": "5e1c1a53-b962-49e7-9107-950d99d4e107", "name": "Spielplatz Nufenen", "description": "<p><strong>Ausstattung:</strong></p>\n<ul>\n<li>Abfallentsorgung</li>\n<li>Sitzbank</li>\n<li>Sandkasten</li>\n<li>Schaukel</li>\n<li>Rutschbahn</li>\n<li>Spielturm</li>\n<li>Fussballtore</li>\n</ul>", "url": "https://www.viamala.ch", "image": "https://viatpimtsoch.sos-ch-dk-2.exoscale-cdn.com/catalog/8/0/1/b/801bd6cb54dbe3dd6df20164df919d6b31d7d4b8_Spielplatz_Nufenen.jpg", "openstreetmap_id": "node/12075139133"}, "geometry": {"type": "Point", "coordinates": ["9.244344", "46.53967"]}}, {"type": "Feature", "properties": {"identifier": "5e8fc63a-8b47-4172-9bf5-72b0fb6613b9", "name": "Gasthaus Waldheim", "description": "<p>Im burgenreichen Domleschg, nahe der bekannten Viamala-Schlucht, im Herzen Graub\u00fcndens freut sich das Waldheim-Team auf deinen Besuch. Zu jeder Jahreszeit, f\u00fcr jedes Alter, jegliche Art von kulturell interessanten Objekten. Sportm\u00f6glichkeiten, die wenigen Menschen mit unerf\u00fcllten W\u00fcnschen offen l\u00e4sst. Wellness, Gesundheitskuren, oder einfach einmal nichts tun und \"nur\" die wunderbare Natur geniessen. Das alles findest du in weniger als einer Autostunde vom Gasthaus Waldheim. Wissenswertes \u00fcber das Waldheim, welche kulinarische K\u00f6stlichkeiten dich erwarten d\u00fcrfen und was die Region im Fr\u00fchling, Sommer, Herbst und Winter f\u00fcr dich zu bieten hat, findest du auf unserer Homepage. </p><p>\nJeweils am zweiten Sonntag im Monat Konzerte mit volkst\u00fcmliche Formationen aus der Region. </p><p><span style=\"font-weight: bold;\">Mit passenden R\u00e4umlichkeiten f\u00fcr jeden Anlass: </span><br>Saal (mit B\u00fchne und ca. 80 Pl\u00e4tze) <br>\u00e0 la carte-S\u00e4li (ca. 40 Pl\u00e4tze) <br>St\u00fcbli (ca. 20 Pl\u00e4tze) <br>Dorfbeizli (ca. 20 Pl\u00e4tze)&nbsp;</p>", "url": "http://www.gasthauswaldheim.ch", "image": "https://viatpimtsoch.sos-ch-dk-2.exoscale-cdn.com/catalog/f/0/d/0/f0d0d279c841883b8006a4a52521590300eb918f_gasthaus_waldheim.jpg", "openstreetmap_id": "node/1806930929"}, "geometry": {"type": "Point", "coordinates": ["9.450011", "46.714345"]}}, {"type": "Feature", "properties": {"identifier": "5e954e6a-97ee-4b86-b8bc-763d51e2325e", "name": "Burg Innerjuvalt", "description": "Die Burganlage wurde vermutlich um 1250 durch die Herren von Juvalt errichtet. Sie befand sich bis 1515 in ihrem Besitze und wurde 1550 als Ruine erw\u00e4hnt. Die Burg wurde seit 1979 schrittweise renoviert und in einen m\u00f6glichst urspr\u00fcnglichen Zustand versetzt. An der h\u00f6chsten Stelle des Felsens steht ein dreigeschossiger Turm. <br>Der vorgesetzte Innenhof, welcher gegen das Tal von einer Br\u00fcstungsmauer umgeben ist, entstand sp\u00e4ter. Die faszinierende Burganlage, die sich im Besitze des Burgenvereins Domleschg befindet und oft auch als Oberjuvalt bezeichnet wird, ist dank dieser umfassenden Renovationsarbeiten wieder zug\u00e4nglich.", "url": "https://www.viamala.ch", "image": "https://viatpimtsoch.sos-ch-dk-2.exoscale-cdn.com/catalog/4/e/9/5/4e950f3e8834542c788665baae23c8d25c0bfa0f_burg_oberjuvalt_rothenbrunnen_sommer.jpg", "openstreetmap_id": "way/136035570"}, "geometry": {"type": "Point", "coordinates": ["9.43164", "46.768315"]}}, {"type": "Feature", "properties": {"identifier": "5ed2ac02-435a-4b52-ab5f-8f7519c03687", "name": "Restaurant Beverin", "description": "Das Restaurant Beverin in Thusis ist ein gem\u00fctlicher Treffpunkt f\u00fcr alle Liebhaber der portugiesischen K\u00fcche.&nbsp;Das Restaurant bietet eine famili\u00e4re Atmosph\u00e4re und herzlichen Service. Das junge Wirtepaar f\u00fchrt den Betrieb mit Leidenschaft und serviert neben traditionellen portugiesischen Gerichten auch schweizerische und italienische Spezialit\u00e4ten. Ein Ort zum Geniessen und Wohlf\u00fchlen!", "image": "https://viatpimtsoch.sos-ch-dk-2.exoscale-cdn.com/catalog/7/0/4/8/704869bed8e8bb598d3e62152695dc18b6d2213f_restaurant_beverin_thusis_sommer.jpg", "openstreetmap_id": "node/1216746370"}, "geometry": {"type": "Point", "coordinates": ["9.439559", "46.692837"]}}, {"type": "Feature", "properties": {"identifier": "5f231a24-dac4-4597-8db7-b3ce9b722861", "name": "Sils im Domleschg", "description": "<p>Sils liegt im s\u00fcdlichen Domleschg am Eingang zur Viamala-Schlucht auf 630 m \u00fc. M. und z\u00e4hlt rund 940 Einwohner.</p>\n<ul>\n<li><a href=\"https://www.sils-id.ch/\">Website Gemeinde Sils i.D.</a></li>\n<li><a href=\"http://www.hls-dhs-dss.ch/textes/d/D1480.php\">Link zum historischen Lexikon der Schweiz</a></li>\n<li><a href=\"http://shop.graubuenden.ch/Viamala/ukv/?date_unknown=1&amp;doSearch=1&amp;locationIDs[]=TDS00020010346781867&amp;globalReset=1&amp;persistentParameters=1&amp;lang=de\">Unterk\u00fcnfte in Sils i.D.</a></li>\n</ul>", "url": "https://www.sils-id.ch", "image": "https://viatpimtsoch.sos-ch-dk-2.exoscale-cdn.com/catalog/a/b/7/4/ab7497ac8215318cb37f7e28051abfa67d37c0cb_sils_im_domleschg_sommer_demateo.jpg", "openstreetmap_id": "relation/1684168"}, "geometry": {"type": "Point", "coordinates": ["9.451924", "46.700083"]}}, {"type": "Feature", "properties": {"identifier": "601168e7-e3f3-4199-9b99-25353494799b", "name": "Aussichtspunkt K\u00e4nzeli Thusis", "description": "Das K\u00e4nzeli&nbsp;ist von Thusis oder Rongellen erreichbar und bietet eine herrliche Aussicht ins Tal.<br>Zu Fuss f\u00fchrt ein steiler Weg von \u00dcbernolla durch das \u00dcbernollaw\u00e4ldli hoch zum Aussichtspunkt. Es sind Trittsicherheit und Schwindelfreiheit erforderlich. Mit dem Bike f\u00fchrt ein Weg von \u00dcbernolla entlang dem Saissabach oder \u00fcber Rongellen hoch zum K\u00e4nzeli.", "url": "https://www.viamala.ch", "image": "https://viatpimtsoch.sos-ch-dk-2.exoscale-cdn.com/catalog/a/b/1/c/ab1c01752a34ce5ed7c6fc976a16d0dba72d5a0b_aussichtspunkt_kaenzeli_thusis.jpg", "openstreetmap_id": "node/12083306151"}, "geometry": {"type": "Point", "coordinates": ["9.439038187265396", "46.68971857407498"]}}, {"type": "Feature", "properties": {"identifier": "60c11e5c-bd6d-4431-bdb5-07a0b3149d82", "name": "Hotel Bodenhaus", "description": "<p>Lokale und regionale Speziali\u00e4ten sind im Hotel Bodenhaus sehr gefragt. Auf dem Bodenhauspl\u00e4ttli werden B\u00fcndnerfleisch, Salsiz, B\u00fcndner Rohschinken von regionalen Anbietern sowie der Bergk\u00e4se aus der Sennerei Spl\u00fcgen serviert. Die B\u00fcndner Spezialit\u00e4ten \"Capuns\" und \"B\u00fcndner Nusstorte\" werden hier noch in der Hotelk\u00fcche nach alten \u00fcberlieferten Rezepten hergestellt. \u00c0 propos Rezepten: Nicht zu Unrecht heisst es in Graub\u00fcnden: Es gibt so viele verschiedene Capuns-Rezepte wie es Haushalte gibt. Fr\u00fcher richteten sich die Zutaten nach dem, was gerade vorr\u00e4tig war. Die hausgemachte B\u00fcndner Nusstorte wird von den Stammg\u00e4sten \u00fcbrigens als \"die Beste\" bewertet.</p><p>In den drei Restaurants wird zudem eine abwechslungsreiche, leichte und kreative K\u00fcche mit Gourmetmen\u00fcs serviert. Je nach Saison stehen auch Fisch-, Spargel-, Steak- und Wildspezialit\u00e4ten zur Auswahl. Das Angebot an Weinen ist vielf\u00e4ltig. F\u00fcr gr\u00f6ssere Gesellschaften steht ein Bankettsaal f\u00fcr bis zu hundert Personen zur Verf\u00fcgung. Auch private Seminarr\u00e4ume sind vorhanden.</p><p><span style=\"font-weight: bold;\">Anzahl Sitzpl\u00e4tze</span></p><ul><li>Restaurant: 100 Pl\u00e4tze</li><li>Terrasse: 60 Pl\u00e4tze</li><li>Saal: 120 Pl\u00e4tze</li><li>Lobby: 25 Pl\u00e4tze</li></ul>", "url": "https://hotel-bodenhaus.ch", "image": "https://viatpimtsoch.sos-ch-dk-2.exoscale-cdn.com/catalog/a/2/e/4/a2e442551feb0cadf66903ae86945d052b4c702b_Bodenhaus_Aussenansicht_Sommer_2025.jpg", "openstreetmap_id": "7755811745"}, "geometry": {"type": "Point", "coordinates": ["9.324290000000019", "46.55353"]}}, {"type": "Feature", "properties": {"identifier": "61b25c76-94ca-4051-8157-ff725fda32fc", "name": "\u00d6ffentliche Toilette Mineralbad Andeer", "description": "Die Toilette ist ganzj\u00e4hrig durchgehend ge\u00f6ffnet und barrierefrei zug\u00e4nglich.", "url": "http://www.viamala.ch", "image": "https://viatpimtsoch.sos-ch-dk-2.exoscale-cdn.com/catalog/3/e/7/9/3e797d9c563787c1d2382be6d084e865fe6dc4dd_toilette_parkplatz_mineralbad.jpg", "openstreetmap_id": "node/12470937771"}, "geometry": {"type": "Point", "coordinates": ["9.426848888397219", "46.60552688840546"]}}, {"type": "Feature", "properties": {"identifier": "63c8200d-a5a3-4ff2-9586-99bf7a9e8f93", "name": "Nufenen", "description": "<p>Nufenen liegt auf 1\u2019568 m \u00fc.M. und z\u00e4hlt rund 150 Einwohner. Seit 1. Januar 2019 bildet der Ort mit Hinterrhein, Medels und Spl\u00fcgen die Gemeinde Rheinwald.</p>\n<ul>\n<li><a href=\"https://www.rheinwald.ch/\">Website Gemeinde Rheinwald</a></li>\n<li><a href=\"http://www.hls-dhs-dss.ch/textes/d/D1498.php\">Link zum historischen Lexikon der Schweiz</a></li>\n<li><a href=\"http://shop.graubuenden.ch/Viamala/ukv/?date_unknown=1&amp;doSearch=1&amp;locationIDs[]=TDS00020010346592173&amp;globalReset=1&amp;persistentParameters=1&amp;lang=de\">Unterk\u00fcnfte in Nufenen</a></li>\n</ul>", "url": "https://www.rheinwald.ch", "image": "https://viatpimtsoch.sos-ch-dk-2.exoscale-cdn.com/catalog/9/6/a/3/96a3b7d4c1583e5ab70b29cb2e7378a21ef6258f_nufenen_dorf_sommer_markus_mueller.jpg", "openstreetmap_id": "node/2442670944"}, "geometry": {"type": "Point", "coordinates": ["9.243459", "46.539388"]}}, {"type": "Feature", "properties": {"identifier": "63ccf75c-07f8-416b-8bb9-1457ab982b69", "name": "S\u00e4umerweg Avers via Juppa", "description": "<h3>Leistungen</h3><ul><li>6 &Uuml;bernachtungen im Doppelzimmer mit Fr&uuml;hst&uuml;ck</li><li>5 Lunchpakete</li><li>An- und Abreise mit den &ouml;ffentlichen Verkehrsmitteln (Schweiz)</li><li>Gep&auml;cktransport von Hotel zu Hotel</li><li>G&auml;stekarte<ul><li>Freie Fahrt mit dem &ouml;ffentlichen Verkehr in der Region Viamala bis Chiavenna (IT)</li><li>Zutritt zu verschiedenen Erlebnissen entlang des S&auml;umerwegs Avers</li></ul></li><li>Soglio-Produkt \"Valser-Balsam\"</li></ul><p><a href=\"https://viamala.ch/files/websites/viamala.ch/objects/prospekte-artikel/verschiedenes/2026_Vertrags-%20und%20Reisebedingungen_S%C3%A4umerweg%20Avers.pdf\" target=\"_blank\" rel=\"noopener\">Vertrags- und Reisebedingungen</a><br><br></p><h3>Programm</h3><p><strong>1. Tag:&nbsp;</strong>Individuelle Anreise nach Thusis&nbsp;</p><p><strong>2. Tag:</strong> Wanderung Thusis &ndash; Andeer</p><p><strong>3. Tag:&nbsp;</strong>Wanderung Andeer &ndash; Innerferrera</p><p><strong>4. Tag:&nbsp;</strong>Wanderung Innerferrera &ndash; Juppa</p><p><strong>5. Tag:</strong> Wanderung Juppa &ndash; Soglio</p><p><strong>6. Tag:</strong> Wanderung Soglio &ndash; Chiavenna</p><p><strong>7. Tag:&nbsp;</strong>Individuelle R&uuml;ckreise via Spl&uuml;genpass</p><p>&nbsp;</p><h3>Gep&auml;cktransport</h3><p>Ihr Gep&auml;ck (max. 15kg) wird von Thusis bis Chiavenna mit einem Unternehmen transportiert. Von Juppa wird es direkt nach Chiavenna transportiert. F&uuml;r die Pass&uuml;berquerung, den Aufenthalt in Soglio und die Wanderung nach Chiavenna packen Sie bitte das Notwendige in Ihren Tagesrucksack (Ersatzw&auml;sche, K&ouml;rperpflege, Medikamente und Zahnb&uuml;rste).</p><p>&nbsp;</p><h3>Individuell</h3><p>M&ouml;chtest du ein abgebildetes Pauschalarrangement individuell anpassen? Gerne k&ouml;nnen wir auf verschiedenste W&uuml;nsche eingehen und das Angebot verl&auml;ngern oder verk&uuml;rzen, einen Ruhetag einplanen, nur eine Teilstrecke buchen oder Leistungen weglassen oder erg&auml;nzen.</p><p>Wir beraten dich gerne und stellen dir ein individuelles Arrangement zusammen.</p><p>&nbsp;</p><h3>R&uuml;ckreise von Chiavenna</h3><p>Die R&uuml;ckreise von Chiavenna &uuml;ber den Spl&uuml;genpass nach Thusis ist bereits in der G&auml;stekarte Via Mia Pass unter &laquo;Viamala Mobil&raquo; enthalten und muss nicht separat gebucht werden.<br>Die Heimreise ab Thusis mit den &ouml;ffentlichen Verkehrsmitteln ist inbegriffen. Von dort reist du bequem und kostenlos mit dem &ouml;ffentlichen Verkehr in der ganzen Schweiz zur&uuml;ck nach Hause.</p><p>&nbsp;</p><h3>Preise &amp; G&uuml;ltigkeit</h3><ul><li><strong>Preis pro Person:</strong> ab CHF 888.00</li><li><strong>G&uuml;ltigkeit: </strong>Anfang/Mitte Juli bis Mitte Oktober (je nach Schneeverh&auml;ltnissen)</li></ul><p>&nbsp;</p><p><strong>Kindererm&auml;ssigung</strong></p><p>Kinder bis und mit 11 Jahre im Elternzimmer erhalten 30 % Erm&auml;ssigung.</p><p>&nbsp;</p><p><strong>Optionen</strong></p><ul><li>Halbpension</li><li>Einzelzimmer</li><li>Zusatzn&auml;chte</li></ul><p>&nbsp;</p><p><strong>Vorausbuchungsfrist</strong></p><p>Das Arrangement kann bis sp&auml;testens 4 Arbeitstage (Mo-Sa) vor Anreise bei uns gebucht werden, sofern noch Zimmer verf&uuml;gbar sind. Wir empfehlen eine <strong>kurzfristige</strong> Reservation, da eine <strong>stabile Wetterlage</strong> Voraussetzung f&uuml;r die Tour ist.</p>", "url": "https://www.viamala.ch/", "image": "https://viatpimtsoch.sos-ch-dk-2.exoscale-cdn.com/catalog/6/f/7/8/6f782dc110fd426f9876d5c8dc066d2531a84eee_Alte_Averserstrasse.JPEG"}, "geometry": {"type": "Point", "coordinates": ["9.439653754234316", "46.695767424751956"]}}, {"type": "Feature", "properties": {"identifier": "64ee3009-f39b-44e0-a552-eef4ce08197b", "name": "Stellplatz Camping Thusis", "description": "<p><strong>Infrastruktur</strong><br>Direkter Stromanschluss (16 A, Eurostecker), Ausguss f\u00fcr Chemietoiletten. Keine Schneer\u00e4umung. Im Preis inbegriffen: Stellplatz, Strom. Max. 2 Haustiere.</p>\n<p><strong>Parkn'Sleep</strong><br>Die Stellpl\u00e4tze&nbsp;k\u00f6nnen direkt \u00fcber die <a href=\"https://www.parknsleep.app/ps/35493963\">Parkn'Sleep</a>&nbsp;App gebucht und bezahlt werden.</p>", "url": "http://www.tcs-camping.ch/thusis", "image": "https://viatpimtsoch.sos-ch-dk-2.exoscale-cdn.com/catalog/0/3/d/6/03d6211ff2eccd6ab77f1d635a98a01f24d4e4dc_tcs_camping_thusis_viamala__2_.jpg", "openstreetmap_id": "node/12098883600"}, "geometry": {"type": "Point", "coordinates": ["9.445538520812988", "46.69979427996883"]}}, {"type": "Feature", "properties": {"identifier": "653c15b8-126c-4a1c-a2e3-629b7086e323", "name": "H\u00fcschera-Bar", "description": "<p>Geniessen Sie unbeschwerte Stunden in der H\u00fcschera-Bar, wo Sie feine Drinks und kleine Speisen geniessen k\u00f6nnen. Auf Anfrage wird das beliebte H\u00fcschera-Fondue serviert. Regelm\u00e4ssig finden hier auch&nbsp;<a href=\"https://www.hueschera.ch/events/\" target=\"_blank\" rel=\"noopener\">Events und Konzerte</a>&nbsp;statt.</p>\n<h4>Curling-Eisfeld</h4><p>Das Eisfeld wird bei entsprechenden Temperaturen vom Curling Club Spl\u00fcgen erstellt und kann auf Voranmeldung f\u00fcr Gruppen gebucht werden.</p>\n<h4>Private Anl\u00e4sse</h4><p>Sie suchen eine besondere Location f\u00fcr Ihr Geburtstagsfest, Ihre Betriebs- oder Jubil\u00e4umsfeier? Mieten Sie die moderne, heimelige Bar mit besonderem Ambiente. Der hauseigene Catering-Service verw\u00f6hnt Sie und Ihre G\u00e4ste mit einem reichhaltigen Buffet, k\u00f6stlichen Speisen, auserlesenen Weinen und Getr\u00e4nken aller Art. Das H\u00fcschera-Team sorgt&nbsp;daf\u00fcr, dass Ihr Fest zu einem unvergesslichen Erlebnis wird.</p>", "url": "https://www.hueschera.ch/bar", "image": "https://viatpimtsoch.sos-ch-dk-2.exoscale-cdn.com/catalog/a/4/f/e/a4fe59eec992ae76a1205d98c3561a3d736ed978_huerschera_bar_spluegen_rheinwald.JPG", "openstreetmap_id": "node/12318831715"}, "geometry": {"type": "Point", "coordinates": ["9.321854", "46.547911"]}}, {"type": "Feature", "properties": {"identifier": "654fdaa0-6ade-40c9-bf22-e34b252552b2", "name": "Restaurant Lescha", "description": "<p>Im Restaurant Lescha l\u00e4sst es sich verweilen. Geniesst Euren Aufenthalt in vollen Z\u00fcgen.&nbsp;In unserer K\u00fcche wird ausschliesslich Schweizer Fleisch verwendet, wenn m\u00f6glich aus der Region. F\u00fcr einen Anlass mit bis zu 40 Personen bietet unser Restaurant gen\u00fcgend Platz.&nbsp;Gerne stellen wir Men\u00fcvorschl\u00e4ge f\u00fcr Sie zusammen, angefangen beim Ap\u00e9ro, \u00fcber auserlesene Weine, bis hin zum selbst hergestellten Dessert.&nbsp;</p>\n<h3>Anzahl Sitzpl\u00e4tze</h3><p>Restaurant: 32 Pl\u00e4tze<br>Gartenrestaurant: 20 Pl\u00e4tze<br>Saal: 28 Pl\u00e4tze</p>", "url": "https://www.lescha-restaurant.ch", "image": "https://viatpimtsoch.sos-ch-dk-2.exoscale-cdn.com/catalog/2/0/5/3/20530fe78a59c212f70e9175df120b9d08436c0c_restaurant_lescha_sarn_heinzenberg_sommer.jpg", "openstreetmap_id": "node/1069270172"}, "geometry": {"type": "Point", "coordinates": ["9.404716", "46.721076"]}}, {"type": "Feature", "properties": {"identifier": "655f8be6-d7d8-44db-97c6-dbfc2b4020ff", "name": "Feuerstelle Avers-Juppa", "description": "<p>Die Feuerstelle liegt direkt beim Spielplatz, welcher sehr liebevoll nach dem Thema \"Murmeltier\" gestaltet wurde.</p><p><span style=\"font-weight: bold;\">Ausstattung</span></p><ul><li>1 Feuerstelle</li><li>2 Tische&nbsp;mit ca. 18 Sitzpl\u00e4tzen</li><li>Rost vorhanden</li><li>Feuerholz vorhanden</li><li>Brunnen mit Trinkwasser<br></li><li>Spielplatz</li><li>Abfallentsorgung vorhanden<br></li></ul><p><br>Bitte allf\u00e4llige Weisungen z.B. bez\u00fcglich <a href=\"https://www.gr.ch/DE/institutionen/verwaltung/diem/awn/aktuelles/Waldbrandgefahr/Seiten/aktuelle_waldbrandgefahr.aspx\" target=\"_blank\">Waldbrandgefahr </a>beachten.</p>", "url": "https://www.viamala.ch", "image": "https://viatpimtsoch.sos-ch-dk-2.exoscale-cdn.com/catalog/c/9/d/1/c9d1f43cc732d31e0eca9279a3a102632e1ab43d_Feuerstelle_Avers_Juppa.jpg", "openstreetmap_id": "node/12075003469"}, "geometry": {"type": "Point", "coordinates": ["9.551520645618439", "46.44848848918815"]}}, {"type": "Feature", "properties": {"identifier": "666ce74d-6b02-48c0-95de-34c27a0fd74a", "name": "Reformierte Kirche Nufenen", "description": "<p>Von etwa 1300 bis 1696 waren Nufenen und Hinterrhein in kirchlicher Hinsicht eine Einheit, ehe sich Nufenen bis 1874 selbstst\u00e4ndig machte. Danach fanden beide Gemeinden wieder zusammen. Die Nufener Kirche wurde 1643 gegr\u00fcndet, als die Unruhen in Graub\u00fcnden nachliessen und sich die politische und kirchliche Lage stabilisierte. </p><p>Der schlicht verputzte Kirchturm ist mit einer markanten Zwiebelhaube gekr\u00f6nt. Im Inneren der Kirche fallen eine Kanzel ohne Schalldeckel auf der linken Seite und ein Taufstein im Chorraum auf, auf dem auch das Abendmahl zelebriert wird. Der Chor ist durch einen Segmentbogen vom Kirchenschiff</p>", "url": "https://www.kirche-rheinwald.ch/kontakte", "image": "https://viatpimtsoch.sos-ch-dk-2.exoscale-cdn.com/catalog/a/8/d/c/a8dc44638a7d540644818e8a14ca9933b69e7f5a_nufenen_im_rheinwald.jpg", "openstreetmap_id": "way/214746998"}, "geometry": {"type": "Point", "coordinates": ["9.244510978460312", "46.539565638543515"]}}, {"type": "Feature", "properties": {"identifier": "66e50ccf-23bc-4d60-9f41-1e5824ecf97c", "name": "Kapelle St. Lorenz", "description": "<p>Der Zeitpunkt der Erbauung ist unbekannt. Ausgrabungen zeigten, dass es bereits vor dem Bau eine Begr\u00e4bnisst\u00e4tte auf dem H\u00fcgel gab. Eine erste Kapelle stand wohl schon im 7. Jahrhundert.&nbsp;Blendarkaden&nbsp;im Innern an der s\u00fcdlichen Turmseite deuten auf eine Entstehungszeit im 11. Jahrhundert. 1237 wird die Kapelle als Pfarrkirche von Paspels erstmals urkundlich genannt als ein&nbsp;Leutpriester&nbsp;bestellt wurde. Vermutlich war St. Lorenz zugleich die Hauptkirche der gesamten rechten Talseite. </p><p>Grabungen von&nbsp;Walo Burkart&nbsp;am S\u00fcdrand der obersten Kuppe aus dem Jahr 1933 brachten Reste einer 1 Meter starken Ringmauer zum Vorschein. St. Lorenz war offenbar bewehrt, entwickelte sich im Gegensatz zu&nbsp;Hohen R\u00e4tien&nbsp; oder J\u00f6rgenberg aber nicht zur Feudalburg weiter. </p><p>Die Kapelle geh\u00f6rte im 13. Jahrhundert zu den Besitzungen der&nbsp;Freiherren von Vaz. Aus einer p\u00e4pstlichen&nbsp;Bulle&nbsp;vom 21. April 1464 geht hervor, dass die Patronatrechte von den Vazern an das&nbsp;Pr\u00e4monstratenserstift&nbsp;Churwalden&nbsp;\u00fcbergingen;&nbsp;S. Laurentius probe Baschuals&nbsp;wird dort als dessen Besitz aufgef\u00fchrt.&nbsp;Hier wird die Kirche letztmals als&nbsp;ecclesia parochialis&nbsp;aufgef\u00fchrt. Bereits 1486 wird die Kirche in&nbsp;Tumegl/Tomils&nbsp;als solche genannt. Nach 1513 wird St. Lorenz nur noch als Kapelle erw\u00e4hnt.</p>", "url": "https://www.viamala.ch", "image": "https://viatpimtsoch.sos-ch-dk-2.exoscale-cdn.com/catalog/0/1/6/3/016332ea6d7d09cabcda02713fe90ef66b4208bf_kapelle_sankt_lorenz_paspels_domleschg_fruehling_demateo_1.jpg", "openstreetmap_id": "way/363022093"}, "geometry": {"type": "Point", "coordinates": ["9.436948746442795", "46.756776533580606"]}}, {"type": "Feature", "properties": {"identifier": "674c23e7-395b-478c-be8e-9a0eafcfef9d", "name": "Tomils", "description": "<p>Tomils geh\u00f6rt seit 1.1.2015 zur Gemeinde Domleschg. Es liegt auf 800 m \u00fc.M. und z\u00e4hlt rund&nbsp;380 Einwohner.</p>\n<ul>\n<li><a href=\"http://www.domleschg.ch/\">Website Gemeinde Domleschg</a></li>\n<li><a href=\"https://hls-dhs-dss.ch/de/articles/001482/2016-12-09/\">Link zum historischen Lexikon der Schweiz</a></li>\n<li><a href=\"http://shop.graubuenden.ch/Viamala/ukv/?date_unknown=1&amp;doSearch=1&amp;locationIDs[]=TDS00020010527381530&amp;globalReset=1&amp;persistentParameters=1&amp;lang=de\">Unterk\u00fcnfte im Domleschg</a></li>\n</ul>", "url": "https://www.domleschg.ch", "image": "https://viatpimtsoch.sos-ch-dk-2.exoscale-cdn.com/catalog/b/3/6/1/b361f3ffe5a9582278d79be5516326e1a40913ed_tomils_schloss_ortenstein_sommer_fruehling_demateo.jpg", "openstreetmap_id": "node/240070148"}, "geometry": {"type": "Point", "coordinates": ["9.443537", "46.759476"]}}, {"type": "Feature", "properties": {"identifier": "677c22ab-bda5-4b55-a653-d58cc12cf317", "name": "Pizzeria Bernina AG", "description": "<p>Traditionelle italienische K\u00fcche, leckere Fischspezialit\u00e4ten, hausgemachten Pizzas und dazu ein hervorragender Hauswein. Im Sommer steht eine grosse Sonnenterasse zur Verf\u00fcgung und im Winter ein warmherziger Wintergarten. </p><p><span style=\"font-weight: bold;\">Anzahl Sitzpl\u00e4tze </span></p><ul><li>Restaurant: 45 Pl\u00e4tze </li><li>Gartenrestaurant: 80 Pl\u00e4tze </li><li>Saal: 70 Pl\u00e4tze </li><li>B\u00fcndnerstube: 36 Pl\u00e4tze</li></ul>", "url": "https://www.pizzeriabernina.ch", "image": "https://viatpimtsoch.sos-ch-dk-2.exoscale-cdn.com/catalog/2/6/a/a/26aa0a49babfe5c39bc4e46449fa216a29bb2089_pizzeria_bernina_thusis_sommer_morgenluft.jpg", "openstreetmap_id": "node/3062858704"}, "geometry": {"type": "Point", "coordinates": ["9.439773", "46.699702"]}}, {"type": "Feature", "properties": {"identifier": "67d415cb-d555-42c4-84ac-ee39ece4aebb", "name": "Bergkristalle vom Berufsstrahler Wolfgang Josch\u00e9", "description": "<p>Was in der w\u00e4rmeren Jahreszeit gefunden wird, muss im Winter gereinigt oder auch weiterverarbeitet werden. So kann Wolfgang Josche von Bergkristallen aus Graub\u00fcnden in erstklassiger Sammlerqualit\u00e4t bis hin zu einfachen Souvenirst\u00fccken viele Gesteinsmaterialien anbieten.</p><p>Im Weiteren verarbeitet er w\u00e4hrend des Winters verschiedenste edle B\u00fcndner Gesteine zu diversem Schmuck. Im Angebot finden sich Halsketten, Armb\u00e4nder, und teils in Silber gefasste Anh\u00e4nger, z.B. aus Andeerer Granit, Epidotquarz, Edelserpentin, Smaragdit VS, Pyrit, Dolomit, sowohl als auch gr\u00fcner und heller Quarz (Bergkristall), Spl\u00fcgener Marmor, Parsennstein, Rhodonit.</p><p>Auch verschiedene gegenst\u00e4ndliche Objekte werden verschliffen oder k\u00f6nnen auch im Auftrag angefertigt werden. Zum Beispiel diverse geometrische K\u00f6rper wie W\u00fcrfel, Kugeln, B\u00fccherst\u00fctzen, Briefbeschwerer, Handsteine usw.</p><p><span style=\"font-weight: bold;\">Exkursionen</span><br>Wolfgang Josche bietet im Sommer regelm\u00e4ssig Exkursionen zu den Strahlerkluften an. Die Daten finden Sie im <a href=\"https://www.viamala.ch/de/veranstaltungen\" target=\"_blank\">Online-Veranstaltungskalender</a>. F\u00fcr Gruppen auf Anfrage buchbar.&nbsp;Weitere Informationen zu diesem Angebot finden Sie <a href=\"https://www.naturpark-beverin.ch/de/schatzsuche-am-piz-beverin-exkursionen-zur-strahlerkluft\" target=\"_blank\">hier</a>.</p>", "url": "https://www.josche-mineralien.ch", "image": "https://viatpimtsoch.sos-ch-dk-2.exoscale-cdn.com/catalog/c/1/8/e/c18e623f1fca440dfa69f33ea9d644154e928437_kristallsuche_wolfgang_josche_schamserberg.jpg", "openstreetmap_id": "node/12100210124"}, "geometry": {"type": "Point", "coordinates": ["9.407404214143753", "46.626366155484504"]}}, {"type": "Feature", "properties": {"identifier": "680fb8b5-c0f5-4d65-a030-1638e3c2c54c", "name": "Alpbeizli Alp dil Plaun", "description": "<p>Unser sch&ouml;nes &Auml;lplerparadies befindet sich zwischen Feldis und Scheid auf ca. 1950m &nbsp;&uuml;.M. und ist in einem wundersch&ouml;nen Wandergebiet. Von der Bergstation Felids-Mutta ist es in etwa 30-45 Gehminuten gut erreichbar.</p><p>Hier bewirtschaften wir S&uuml;dtiroler, G&uuml;nther und Nadia, oft unterst&uuml;tzt von Kevin und Sally (an ihren freien Tagen) &nbsp;- diese Alp schon den 17. Alpsommer. Wir melken die K&uuml;he der Bauern aus Scheid und Feldis und stellen daraus feinen B&uuml;ndner Alpk&auml;se sowie Alpbutter her. Neben den Milchk&uuml;hen k&uuml;mmern wir uns auch um rund 40 Schweinchen, die hier ihren Alpsommer verbringen d&uuml;rfen.&nbsp;</p><p>F&uuml;r unsere G&auml;ste kochen und backen wir nat&uuml;rlich unsere Alpprodukte selbst. Wir bieten eine kleine, aber feine Auswahl an kalten und warmen Gerichten. Auf unserer Speisekarte stehen unter anderem Gerstensuppe, Kn&ouml;delsuppe, Bauerntoast (Roggenbrot getoastet), Wienerli, Hausw&uuml;rste, unseren Alpk&auml;se und vieles mehr. Auch bieten wir ab und zu Tagesgerichte an, nat&uuml;rlich alles hausgemacht.&nbsp;</p><p>Zu unseren Highlights z&auml;hlen unsere Desserts, wie Apfelkuchen, Linzertorte und die Buchweizentorte (glutenfrei) und selbstgemachtes Joghurt. Auch viele andere Tagesdesserts bieten wir in der Hochsaison an, wie unsere Himbeerroulade (auch glutenfrei) oder Schwarzw&auml;lder Kirschentorte und vielleich auch mal eine andere Leckerei.</p><p>&nbsp;</p><p><strong>Besondere Angebote</strong></p><p>Brunch: t&auml;glich, mit unseren feinen Alpprodukten. <br>Reservation bis am Vortag erforderlich, da wir ja fast alles selber herstellen. <br>Preis pro Person: CHF 35.00, Kinder bis 12 Jahren CHF 15.00.</p><p>F&uuml;r andere Anl&auml;sse, wie Geburtstage, Familienfeiern oder sonstige besondere Tage kochen wir auch gerne von Ihnen gew&uuml;nschte Gerichte.</p><p>&nbsp;</p><p><strong>Unsere Festtage: </strong></p><ul><li>Freitag 31. Juli und 1. August: Kn&ouml;deltage (Salatteller mit unseren feinen Speck &ndash; oder K&auml;sekn&ouml;del)</li><li>Sonntag, 16. August: Alpfest mit den Scheidner Buaba (nur bei sch&ouml;nem Wetter)</li></ul><p>&nbsp;</p>", "image": "https://viatpimtsoch.sos-ch-dk-2.exoscale-cdn.com/catalog/3/d/d/9/3dd993571c8806dc489acb47f7839a1f45828845_alp_dil_plaun_feldiser_hochland_sommer.jpg", "openstreetmap_id": "node/2355288402"}, "geometry": {"type": "Point", "coordinates": ["9.478654", "46.792728"]}}, {"type": "Feature", "properties": {"identifier": "6837410b-72cc-43ac-bd14-d584a1544252", "name": "Ruine Hochjuvalt", "description": "<!-- ####### HEY, I AM THE SOURCE EDITOR! #########-->\n<p>Die Burg Hochjuvalt war Sitz einer Herrschaft, zu der auch Scheid und Feldis geh\u00f6rten. Die Bedeutung ihrer Situation lag darin, dass der Vogelsang die Strasse von Chur bei ihrem Eintritt ins Domleschg zu sperren vermochte. Sie wurde in der Schamserfehde zerst\u00f6rt, danach aber wieder aufgebaut. 1462 wurde Hoch-Juvalta von Barbara von Juvalta an Junker Pedrut von Wannis verkauft, und anfangs des 16. Jahrhunderts aufgegeben. Die Anlage besteht aus zwei Teilen, der eigentlichen Burg auf dem Felskopf und den Bauten auf der Strasse, in denen wir den Hof Juvalta zu sehen haben. Von der Burg sind nur noch ein Mauerzahn des viergeschossigen Wohnturmes sowie geringe Reste eines Anbaus und des Berings vorhanden. Der \u201eHof\u201c war von einem geschlossenen, nachtr\u00e4glich erweiterten Mauerring umgeben, der die Strasse in zwei Toren durchliess. Teile dieser Mauer und eines Eckgeb\u00e4udes stehen noch aufrecht.</p>\n<p>&nbsp;</p>\n<p><strong>Zugang</strong></p>\n<p>Der Felskopf ist nicht zug\u00e4nglich.</p>", "url": "https://www.viamala.ch", "image": "https://viatpimtsoch.sos-ch-dk-2.exoscale-cdn.com/catalog/4/8/1/f/481f4ab3b7c81c446a17c6a7d85cafc714e6f901_ruine_hochjuvalt_rothenbrunnen_domleschg_sommer_rheinauen_rhaezuen_viamala_tourismus.jpg", "openstreetmap_id": "way/136035003"}, "geometry": {"type": "Point", "coordinates": ["9.420982", "46.778145"]}}, {"type": "Feature", "properties": {"identifier": "683ff9f1-327e-486e-b65b-7ea93ad16f2d", "name": "Feuerstelle Kapellbach", "description": "<p>Das Rauschen der beiden tosenden Gewa\u0308sser ist somit ein steter Begleiter und verleiht dem Cervelat oder dem Quorn-Schnitzel eine ganz besondere Geschmacksnote. Nebst einem kleinen Tisch und Holzlager besticht diese Feuerstelle ganz besonders durch die beiden Flu\u0308sse.&nbsp;Ab Hinterrhein sind es ca. 1.2 km und ab Nufenen 3.5km zu Fuss bis zur Feuerstelle.</p><p><span style=\"font-weight: bold;\">Austattung</span></p><ul><li>1 Feuerstellen</li><li>Rost vorhanden</li><li>Brennholz vorhanden</li><li>1 Tisch&nbsp;und ca. 12 Sitzpl\u00e4tzen</li><li>Wasserfall</li><li>Sch\u00f6ne H\u00e4ngebr\u00fccke (Baujahr 2021)<br></li></ul><p><br>Bitte allf\u00e4llige Weisungen z.B. bez\u00fcglich <a href=\"https://www.gr.ch/DE/institutionen/verwaltung/diem/awn/aktuelles/Waldbrandgefahr/Seiten/aktuelle_waldbrandgefahr.aspx\" target=\"_blank\">Waldbrandgefahr </a>beachten.</p>", "url": "https://www.viamala.ch", "image": "https://viatpimtsoch.sos-ch-dk-2.exoscale-cdn.com/catalog/1/3/2/3/1323dff6d5cb917be94851adf2425f73e87693bc_Feuerstelle_Kapellbach.jpg", "openstreetmap_id": "node/12074811458"}, "geometry": {"type": "Point", "coordinates": ["9.212148785591125", "46.531052034603235"]}}, {"type": "Feature", "properties": {"identifier": "68d13951-25a9-443e-8fb6-52be77355cd7", "name": "Spielplatz Sils i. D.", "description": "<p><strong>Ausstattung:</strong></p>\n<ul>\n<li>Schaukeln</li>\n<li>Klettert\u00fcrme</li>\n<li>Trampolin</li>\n<li>Slackline</li>\n<li>Sandkasten</li>\n<li>Rundlauf</li>\n</ul>", "url": "https://www.viamala.ch", "image": "https://viatpimtsoch.sos-ch-dk-2.exoscale-cdn.com/catalog/0/7/c/2/07c22c33a755dfe203312dac9bf47453cc13f868_spielplatzfotos_folgen.png", "openstreetmap_id": "way/40588775"}, "geometry": {"type": "Point", "coordinates": ["9.451423287391664", "46.70048034440798"]}}, {"type": "Feature", "properties": {"identifier": "69c62b17-f539-4ad8-85e8-b1364876060e", "name": "Golf & Dine in der Casa Caminada in F\u00fcrstenau", "description": "<h4><strong>Leistungen</strong></h4><ul><li>2 &Uuml;bernachtungen im Standard-Doppelzimmer inkl. Fr&uuml;hst&uuml;ck in der <a href=\"https://www.casacaminada.com/\" target=\"_blank\" rel=\"noopener\">Casa Caminada</a></li><li>Zwei 4-Gang Abendessen in der Casa Caminada</li><li>Gratis E-Bike-Verleih</li><li>Zwei Greenfees pro Person auf dem <a href=\"https://www.golfdomatems.ch/\" target=\"_blank\" rel=\"noopener\">Golfclub Domat/Ems</a> oder <a href=\"https://www.bunavistagolf.ch/\" target=\"_blank\" rel=\"noopener\">Buna Vista Golf Sagogn</a><br><br></li></ul><h4><strong>G&uuml;ltigkeit</strong></h4><p>Angebot g&uuml;ltig f&uuml;r Reservationen von April bis Oktober 2026 und jeweils buchbar von Donnerstag bis Samstag. Getr&auml;nke sind in den Pauschalpreisen nicht inbegriffen. Es gelten die <a href=\"https://static1.squarespace.com/static/5b2a2d74e2ccd1021fd92a16/t/67ba171dd342194c04084aa8/1740248861601/Genuss%2BWerkstatt%2BAG_%2BDatenschutz%2B10_2023_DE.pdf\" target=\"_blank\" rel=\"noopener\">AGBs</a> der Casa Caminada. Bereits gebuchte Greenfees k&ouml;nnen unter Umst&auml;nden nicht zur&uuml;ckerstattet werden.</p>", "url": "https://www.casacaminada.com/", "image": "https://viatpimtsoch.sos-ch-dk-2.exoscale-cdn.com/catalog/2/c/5/6/2c56fb8cd1851451bb173e86362e4c1e12c88840_golfplatz_domat_ems.jpg"}, "geometry": {"type": "Point", "coordinates": ["9.44577991962433", "46.72095746968647"]}}, {"type": "Feature", "properties": {"identifier": "69d41767-7c62-46fc-bf1d-c80ff245ffee", "name": "Mathon", "description": "<p>Mathon liegt am Schamserberg auf 1\u2019521 m \u00fc.M. und z\u00e4hlt rund 50 Einwohner. Hier steht das Geburtshaus des bekannten Komponisten Tumasch Dolf.</p>\n<ul>\n<li><a href=\"https://www.mdschons.ch/\">Website Gemeinde Muntogna da Schons</a></li>\n<li><a href=\"http://www.hls-dhs-dss.ch/textes/d/D1508.php\">Link zum historischen Lexikon der Schweiz</a></li>\n<li><a href=\"http://shop.graubuenden.ch/Viamala/ukv/?date_unknown=1&amp;doSearch=1&amp;locationIDs[]=TDS00020010346590066&amp;globalReset=1&amp;persistentParameters=1&amp;lang=de\">Unterk\u00fcnfte in Mathon</a></li>\n</ul>", "url": "https://mdschons.ch", "image": "https://viatpimtsoch.sos-ch-dk-2.exoscale-cdn.com/catalog/8/6/b/7/86b77cb2a9a8ed06974be2bb8216665c360fb140_mathon_muntogna_da_schons_sommer_demateo.jpg", "openstreetmap_id": "relation/6148051"}, "geometry": {"type": "Point", "coordinates": ["9.413933", "46.636625"]}}, {"type": "Feature", "properties": {"identifier": "6a3b0cb5-4280-4ce9-bd84-a8efb5fdc6bf", "name": "Wildtierexkursion mit H\u00fctten\u00fcbernachtung", "description": "<p>Begebt euch auf eine unvergessliche Wildtierexkursion, gef&uuml;hrt von einem erfahrenen einheimischen Ranger, der euch die Geheimnisse der Bergwelt n&auml;herbringt.</p><p>Unser exklusives Paket bietet dir und deinen Freunden die einzigartige Gelegenheit, die majest&auml;tischen Wildtiere der Alpen in Begleitung eines erfahrenen einheimischen Rangers zu erkunden. Lasst euch von den faszinierenden Sichtungen und Geschichten &uuml;ber Steinwild, G&auml;msen, Bartgeier, Adler, Murmeltiere, Bergwild und weiteren heimischen Tieren verzaubern, w&auml;hrend ihr durch atemberaubende Landschaften streift.</p><p>Nach einem aufregenden Tag in der Natur kehrt ihr zur&uuml;ck zum Maiens&auml;ss Bavugls, wo eine exklusive H&uuml;tten&uuml;bernachtung auf euch wartet. Die charmante Bergh&uuml;tte liegt in einer kleinen Bergsiedlung oberhalb Andeer in v&ouml;lliger Abgeschiedenheit.<br><br></p><h3><strong>Programm</strong></h3><p>Bereits die Anfahrt in die hoch gelegene Maiens&auml;ss Siedlung Bavugls ist ein Abenteuer. Ihr werdet mit einem Gel&auml;ndefahrzeug in Andeer abgeholt und zur H&uuml;tte gefahren. Die Bergh&uuml;tte bietet Platz bis 6 Personen. F&uuml;r die Verpflegung in der H&uuml;tte und auf der Exkursion muss selbst gesorgt werden. Es besteht keine M&ouml;glichkeit, Essen und Getr&auml;nke in der n&auml;heren Umgebung zu kaufen. Das Tagesprogramm wird auf eure W&uuml;nsche zugeschnitten.<br><br></p><h3><strong>Leistungen</strong></h3><ul><li>Transport ab Andeer mit einem Gel&auml;ndefahrzeug</li><li>Wildtierexkursion mit dem Ranger (Tagestour)</li><li>&nbsp;Individuelle &Uuml;bernachtung im Maiens&auml;ss in Bavugls 1940 m &uuml;. M.</li><li>&nbsp;Endreinigung &amp; Bettw&auml;sche<br><br></li></ul><h3><strong>Optional</strong></h3><ul><li>M&ouml;glichkeit zur Buchung von Zusatzn&auml;chten (CHF 90.00 / Nacht)</li></ul>", "url": "https://www.waldwildgmbh.ch/", "image": "https://viatpimtsoch.sos-ch-dk-2.exoscale-cdn.com/catalog/9/4/8/4/9484f0355c6063e991a7d532a9dc3fe2a6e9b8a8_steinboecke_am_piz_beverin_0.jpg"}, "geometry": {"type": "Point", "coordinates": ["9.4618997", "46.6043212"]}}, {"type": "Feature", "properties": {"identifier": "6a5d4e32-b171-492c-acbe-0af01034ca9c", "name": "Summerbeizli Solaria", "description": "<p>Die Aussicht auf die B\u00fcndner Bergspitzen und der Naturpark sind beeindruckend und machen die Obergmeind zu einem lohnenden Reiseziel. Auf 1800 Metern \u00fcber Meeresh\u00f6he, frei vom Durchgangsverkehr, kann man bequem mit \u00f6ffentlichen Verkehrsmitteln \u00fcber kurvenreiche Bergstrassen dorthin gelangen. </p><p>Die Obergmeind ist ein friedlicher kleiner Weiler, umgeben von duftenden Alpweiden, ideal f\u00fcr Wanderer und Biker. </p><p>Lassen Sie sich im \u00abSummerbeizli Solaria\u00bb kulinarisch von Ursi und Ernst verw\u00f6hnen!</p>", "image": "https://viatpimtsoch.sos-ch-dk-2.exoscale-cdn.com/catalog/c/4/a/b/c4abf9ae040819c7e8063011d881b59c900ccfa3_summerbeizli_solaria_obergmeind_heinzenberg.jpg", "openstreetmap_id": "node/12198851778"}, "geometry": {"type": "Point", "coordinates": ["9.35915395617485", "46.69154000320041"]}}, {"type": "Feature", "properties": {"identifier": "6a5dce4d-99e3-4cd5-8ebd-5f84ee455279", "name": "E-Bike Ladestation Nufenen", "description": "<p><strong>Unsere Tipps f\u00fcr Sie w\u00e4hrend der Wartezeit</strong></p>\n<ul>\n<li>Werfen Sie einen Blick in den&nbsp;<a href=\"https://www.ferienimschloss.ch/hofladen/\" target=\"_blank\">Hofladen</a>&nbsp;des G\u00e4stehauses&nbsp;<a href=\"https://www.ferienimschloss.ch\" target=\"_blank\">Ferien im Schloss</a>.&nbsp;Oder besuchen Sie ab 10.00 Uhr den&nbsp;<a href=\"https://www.ferienimschloss.ch/schlosskeller/\" target=\"_blank\">Schlosskeller</a>&nbsp;f\u00fcr eine&nbsp;gem\u00fctliche Kaffeepause.</li>\n<li>\n<p>&nbsp;Unterk\u00fcnfte finden Sie unter&nbsp;<a href=\"https://www.viamala.ch/de/buchen/unterkuenfte\" target=\"_blank\">www.viamala.ch</a></p>\n</li>\n</ul>", "url": "https://www.ferienimschloss.ch", "image": "https://viatpimtsoch.sos-ch-dk-2.exoscale-cdn.com/catalog/4/4/d/1/44d16a000516253fd3633b2be199d3bd10d3871b_e_bike_ladestation_nufenen__1_.jpg", "openstreetmap_id": "way/445477821"}, "geometry": {"type": "Point", "coordinates": ["9.2462173", "46.5393209"]}}, {"type": "Feature", "properties": {"identifier": "6ae72794-f85f-4e57-b6a8-7f14b218167d", "name": "Natureisfeld Oberurmein", "description": "<p>Auf dem Natureisfeld in Oberurmein k&ouml;nnen sich Kinder und Erwachsene beim Schlittschuhlaufen austoben. Das gem&uuml;tliche Eisstockschiessen bereitet Jung und Alt viel Spass.</p><h4><strong>Gruppen</strong></h4><p>Der Eisstockclub Patrutg f&uuml;hrt auf Anmeldung f&uuml;r Gruppen ab 15 Personen ein begleitetes Nachteisstockschiessen durch mit anschliessendem Raclette-Plausch in der Clubh&uuml;tte. Eine Anmeldung ist erforderlich an Eisstockclub Patrutg, Philipp Brumm, Tel. <a href=\"tel:+41 79 406 44 33\">+41 79 406 44 33</a>. Das Eisfeld ist nicht beaufsichtigt und es wird jede Haftung abgelehnt.</p><h4><span style=\"font-weight: bold;\">Material </span></h4><p>Eisst&ouml;cke k&ouml;nnen vor Ort gemietet werden.</p><p><strong>Eintritt frei!</strong></p>", "url": "http://www.eisstockclub-urmein.ch", "image": "https://viatpimtsoch.sos-ch-dk-2.exoscale-cdn.com/catalog/4/c/8/3/4c838e1a1280509158cf0a7b384d6633be5a8835_eisstockschiessen_auf_dem_natureisfeld_patrutgsee_oberurmein_heinzenberg_winter.jpg", "openstreetmap_id": "node/12112567118"}, "geometry": {"type": "Point", "coordinates": ["9.384716", "46.70214"]}}, {"type": "Feature", "properties": {"identifier": "6b30814e-93a1-4423-be0e-adeb17ec188b", "name": "E-Bike-Ladestation Zillis", "description": "<p><strong>Unsere Tipps f\u00fcr Sie w\u00e4hrend der Wartezeit</strong></p>\n<ul>\n<li>St\u00e4rken Sie sich im&nbsp;<a href=\"https://alte-post.ch/\">Hotel Alte Post</a>&nbsp;in Zillis</li>\n<li>Besuchen Sie die&nbsp;<a href=\"https://zillis-st-martin.ch/\">Kirche St. Martin</a>&nbsp;und bewundern Sie die \u00fcber 900 Jahre alte Deckenmalerei oder schauen Sie in der Ausstellung zur Kirchendecke vorbei.</li>\n<li>Unterk\u00fcnfte finden Sie unter&nbsp;<a href=\"https://www.viamala.ch/de/buchen/unterkuenfte\">www.viamala.ch</a></li>\n</ul>", "url": "http://www.viamala.ch", "image": "https://viatpimtsoch.sos-ch-dk-2.exoscale-cdn.com/catalog/6/4/d/1/64d1d1100594da0bfbda787742e45927f45f13bc_e_bike_ladestation_zillis.jpg", "openstreetmap_id": "way/329754915"}, "geometry": {"type": "Point", "coordinates": ["9.445018172264101", "46.635072678689156"]}}, {"type": "Feature", "properties": {"identifier": "6b72099f-c344-4154-9d2c-ee303da51dea", "name": "Feuerstelle Schiessstand Tartar", "description": "<p>Die Feuerstelle ist in 15 Gehminuten ab Tartar erreichbar.</p><p><span style=\"font-weight: bold;\">Ausstattung</span></p><ul><li>1 Feuerstelle</li><li>Rost vorhanden</li><li>2 Tische und 5 B\u00e4nke</li><li>Brunnen</li><li>Unterstand</li><li>kleiner See und B\u00e4chlein</li><li>Eingez\u00e4unt auf der Wiese mit B\u00e4umen<br></li></ul><p><br>Bitte allf\u00e4llige Weisungen z.B. bez\u00fcglich <a href=\"https://www.gr.ch/DE/institutionen/verwaltung/diem/awn/aktuelles/Waldbrandgefahr/Seiten/aktuelle_waldbrandgefahr.aspx\" target=\"_blank\">Waldbrandgefahr </a>beachten.</p>", "url": "https://www.viamala.ch", "image": "https://viatpimtsoch.sos-ch-dk-2.exoscale-cdn.com/catalog/e/c/1/6/ec16b4657511ece37be2ff0729a3f6920b944d38_Feuerstelle_alter_Schiessstand_Tartar.jpg", "openstreetmap_id": "node/12074981877"}, "geometry": {"type": "Point", "coordinates": ["9.416412", "46.726809"]}}, {"type": "Feature", "properties": {"identifier": "6d4bbf5b-1d92-48e3-847b-a412b9be287f", "name": "Feuerstelle Thusisblick", "description": "<p><span style=\"font-weight: bold;\">Ausstattung</span></p><ul><li>1 Feuerstelle</li><li>Grillrost vorhanden</li><li>Brennholz vorhanden</li><li>1&nbsp;Tisch mit B\u00e4nke (8 Sitzpl\u00e4tze)</li><li>1 Sitzbank (4 Sitzpl\u00e4tze)</li><li>Diverse weitere Sitzm\u00f6glichkeiten (Baumstamm-Hocker)</li><li>1 Holz-Liegestuhl</li><li>Wasser vorhanden (kein Trinkwasser, Wasserfass zum l\u00f6schen)</li></ul><p><br>Bitte allf\u00e4llige Weisungen z.B. bez\u00fcglich <a href=\"https://www.gr.ch/DE/institutionen/verwaltung/diem/awn/aktuelles/Waldbrandgefahr/Seiten/aktuelle_waldbrandgefahr.aspx\" target=\"_blank\">Waldbrandgefahr </a>beachten.</p>", "url": "https://www.viamala.ch", "image": "https://viatpimtsoch.sos-ch-dk-2.exoscale-cdn.com/catalog/0/f/3/2/0f3294d0f4a88675660c1b3000cb106964393215_Feuerstelle_Thusisblick_Feldis.jpg", "openstreetmap_id": "node/12074999337"}, "geometry": {"type": "Point", "coordinates": ["9.43199872970581", "46.78017452185156"]}}, {"type": "Feature", "properties": {"identifier": "6e2cb6cc-52da-425a-8e20-f7d762168140", "name": "Feuerstelle Dumagns", "description": "Zu Fuss \u00fcber den Bergweg Wergenstein-Dumagns. Gesch\u00fctzt an der Waldgrenze.<br><br>Bitte allf\u00e4llige Weisungen z.B. bez\u00fcglich <a href=\"https://www.gr.ch/DE/institutionen/verwaltung/diem/awn/aktuelles/Waldbrandgefahr/Seiten/aktuelle_waldbrandgefahr.aspx\" target=\"_blank\">Waldbrandgefahr </a>beachten.", "url": "https://www.viamala.ch", "image": "https://viatpimtsoch.sos-ch-dk-2.exoscale-cdn.com/catalog/5/e/6/c/5e6c8e7fdad3f5e2141e05bc49ac775ff2bc92a8_Feuerstelle_Dumagns_Wergenstein.jpg", "openstreetmap_id": "node/12075022317"}, "geometry": {"type": "Point", "coordinates": ["9.39457654953003", "46.628979912114545"]}}, {"type": "Feature", "properties": {"identifier": "6e453f69-3a05-4a4a-b3b6-1929eb206926", "name": "Burgruine La Tur", "description": "<!-- ####### HEY, I AM THE SOURCE EDITOR! #########-->\n<p>Tur als \u00e4ltere der beiden Burgen wird schon 1273 von Heinrich von Reischen aufgelassen, \u00fcber siebenhundert Jahre wird der Turm zur Ruine. Als sich im Winter 2001 die Bresche auf der Schluchtseite weiter vergr\u00f6sserte, musste jederzeit mit dem Einsturz der ganzen Nordh\u00e4lfte gerechnet werden.</p>\n<p>Mit der Erhaltung von der Burg Tur hat sich die Instution&nbsp;<a href=\"https://www.pro-castellis.ch\">Pro Castellis</a>&nbsp;nebem dem Unterhalt der Burg Haselstein&nbsp;eine weitere Aufgabe angenommen.</p>\n<p>2009 wurde die dauerhaft gesicherte Ruine der Gemeinde \u00fcbergeben. Mit zur Sicherung geh\u00f6rte die Erschliessung f\u00fcr das Publikum: Man kann im gepfl\u00e4sterten Turminnern gem\u00fctlich um das Feuer in der m\u00e4chtigen Eisenplastik \u201eTorre in torre\u201c sitzen, Reischener Quellwasser fliesst am Brunnen, eine Informationstafel erz\u00e4hlt die Geschichte der Burg und der Herren von Reischen. Die Ruine liegt am Kultur- und Weitwanderweg&nbsp;<a href=\"https://www.viamala.ch/de/viaspluga\">viaSpluga</a>.</p>", "url": "https://www.viamala.ch", "image": "https://viatpimtsoch.sos-ch-dk-2.exoscale-cdn.com/catalog/5/e/b/2/5eb2fffc4df2db2d14a8bf8e95a13778f82b1ffb_burgruine_la_tur_zillis.jpg", "openstreetmap_id": "way/589327750"}, "geometry": {"type": "Point", "coordinates": ["9.456192255020142", "46.64006717311742"]}}, {"type": "Feature", "properties": {"identifier": "6e45a8b1-4e07-47d5-834a-9da9db3b18c9", "name": "Feuerstelle Querverbindung", "description": "<p>Die Feuerstelle ist ab Thusis in ca. 30 Gehminunten erreichbar.</p><p><span style=\"font-weight: bold;\">Ausstattung</span></p><ul><li>1 Feuerstelle</li><li>Grillrost vorhanden</li><li>2 Tische mit B\u00e4nke (16 Sitzpl\u00e4tze)</li><li>Abfallentsorgung vorhanden</li><li>Brennholz vorhanden<br><br></li></ul><p>Bitte allf\u00e4llige Weisungen z.B. bez\u00fcglich <a href=\"https://www.gr.ch/DE/institutionen/verwaltung/diem/awn/aktuelles/Waldbrandgefahr/Seiten/aktuelle_waldbrandgefahr.aspx\" target=\"_blank\">Waldbrandgefahr </a>beachten.</p>", "url": "https://www.viamala.ch", "image": "https://viatpimtsoch.sos-ch-dk-2.exoscale-cdn.com/catalog/4/2/7/6/4276b51eaf667996dc6106933dac00a1028340b0_Feuerstelle_Querverbindung_Thusis.jpg", "openstreetmap_id": "node/12074764093"}, "geometry": {"type": "Point", "coordinates": ["9.446466565132141", "46.71449920086307"]}}, {"type": "Feature", "properties": {"identifier": "6f44517c-aef8-4474-bbb3-b89357945cff", "name": "Spielplatz Sufers", "description": "<p><strong>Ausstattung:</strong></p>\n<ul>\n<li>Schaukeln</li>\n<li>Nestschaukel</li>\n<li>Sitzgruppe / Sitzbank</li>\n<li>Feuerstelle</li>\n<li>\u00d6ffentliche Toilette</li>\n<li>Sandkasten</li>\n<li>Fussballplatz</li>\n<li>Spielturm zum Klettern mit Rutschbahn</li>\n<li>Kletterstein</li>\n<li>Federwipptiere</li>\n</ul>", "url": "http://viamala.ch", "image": "https://viatpimtsoch.sos-ch-dk-2.exoscale-cdn.com/catalog/0/7/9/f/079fb573a0eec2d01b05764ac8e9190ea48d9496_spielplatz_sufers.jpg", "openstreetmap_id": "way/209226492"}, "geometry": {"type": "Point", "coordinates": ["9.364546537399294", "46.569290514763736"]}}, {"type": "Feature", "properties": {"identifier": "6fd68e81-1b24-42cd-90b6-d35ce584d94b", "name": "Wergenstein", "image": "https://viatpimtsoch.sos-ch-dk-2.exoscale-cdn.com/catalog/a/3/9/8/a398728e39348ea3bafc6ffb104d45494b2f8450_center_da_capricorns_hotel_restaurant_capricorns_wergenstein_winter_dolores_rupa.jpg", "openstreetmap_id": "node/3929077482"}, "geometry": {"type": "Point", "coordinates": ["9.4075071", "46.6262957"]}}, {"type": "Feature", "properties": {"identifier": "71f5979b-0087-48be-9c08-51ea000e91b4", "name": "Bergh\u00fctta Raschuns", "description": "Sch\u00f6ne Terrasse mit herrlicher Aussicht. Grosser Parkplatz.", "url": "https://berghuetta-raschuns.ch", "image": "https://viatpimtsoch.sos-ch-dk-2.exoscale-cdn.com/catalog/d/f/a/e/dfae5ba25303b4cc2ffc387095806641783ffd17_restaurant_raschuns.jpg", "openstreetmap_id": "way/324909785"}, "geometry": {"type": "Point", "coordinates": ["9.44034", "46.79116"]}}, {"type": "Feature", "properties": {"identifier": "7226e8a6-e021-445b-83ef-60c2799a25f5", "name": "Sarn - Mittelstation Dultschinas", "image": "https://viatpimtsoch.sos-ch-dk-2.exoscale-cdn.com/catalog/4/9/3/b/493b3049b8dfba9631d5dc58348fe7c630cda8e7_bergrestaurant_dultschinas_sarn_winter_demateo.jpg", "openstreetmap_id": "node/12197050661"}, "geometry": {"type": "Point", "coordinates": ["9.384008646011354", "46.7242969076248"]}}, {"type": "Feature", "properties": {"identifier": "7236646c-2fb5-407f-a6ea-fbdcbc34d2c3", "name": "Stellplatz Avers-Juf", "description": "<h4>Sanit\u00e4ranlage</h4><p>\u00d6ffentliche Toilette im Dorf</p>\n<h4><br>Kosten</h4><p>25.00 CHF pro Fahrzeug und Nacht inkl. G\u00e4steabgabe</p>\n<h4><br>Zahlung</h4><p>Direkt \u00fcber die App&nbsp;<a href=\"https://www.parknsleep.app/ps/86753612\">Parkn'Sleep</a>.</p>\n<h4><br>Maximaler Aufenthalt</h4><p>3 N\u00e4chte</p>\n<h4><br>Abfall</h4><p>Keine M\u00f6glichkeit f\u00fcr Abfallentsorgung</p>", "url": "https://gemeindeavers.ch/", "image": "https://viatpimtsoch.sos-ch-dk-2.exoscale-cdn.com/catalog/6/9/f/b/69fb0d21ae4a032e42dc4d246e10e7d3a9fdebda_avers_juf_im_sommer_demateo.jpg", "openstreetmap_id": "node/12098755635"}, "geometry": {"type": "Point", "coordinates": ["9.577438831329346", "46.446322000850145"]}}, {"type": "Feature", "properties": {"identifier": "7282c443-b171-46b1-b723-61b142254322", "name": "Viamala Markt", "description": "<p>Naturgewalten und die sanfte Bergidylle sind von Gegens\u00e4tzen gepr\u00e4gt. Dasselbe gilt f\u00fcr unsere Lieferanten der feinen Spezialit\u00e4ten aus unserer Region: So unterschiedlich die Hersteller, so speziell und einzigartig sind die geschmacksorientierten Spezialit\u00e4ten, die sich durch Einfachheit, Geschmack und Kraft auszeichnen. Der angenehme Gedanke dabei ist der willkommene Nebenverdienst f\u00fcr alle lokalen Hersteller der unz\u00e4hligen K\u00f6stlichkeiten. Alle diese Hersteller wissen \u2013 ein Versprechen, das verpflichtet.<br></p>", "url": "https://viamalamarkt.ch", "image": "https://viatpimtsoch.sos-ch-dk-2.exoscale-cdn.com/catalog/1/5/9/e/159ecbf0780cc7698167fa3e81215df460bf0089_der_viamala_markt_in_der_rastst__tte_thusi_ladens.jpg", "openstreetmap_id": "node/12120315067"}, "geometry": {"type": "Point", "coordinates": ["9.445359", "46.712627"]}}, {"type": "Feature", "properties": {"identifier": "72d99f82-9a9c-40fe-82fd-cba71934cd96", "name": "Schloss Ortenstein", "description": "<p>Rund hundertzwanzig Meter &uuml;ber der Domleschger Talsohle erhebt sich rechtsrheinisch auf einem steil abfallenden Felsvorsprung, im Mittelhochdeutschen &bdquo;ort&ldquo; genannt, Schloss Ortenstein. Die Entwicklung des Schlosses begann im fr&uuml;hen 15. Jahrhundert mit dem Bau des markanten Bergfrieds.</p><p>Die Burg wurde sehr wahrscheinlich von den Herren von Vaz erbaut. Sie galt vorerst als bisch&ouml;fliches Lehen, bald aber schon als Eigentum des m&auml;chtigen Geschlechts, das im beginnenden 14. Jahrhundert im Besitz der urkundlich erstmals 1309 erw&auml;hnten Burg &bdquo;Ortenstain&ldquo; erscheint.</p><p><strong>Zerst&ouml;rt - bis auf den Turm<br></strong>Da Donat von Vaz, der auf Ortenstein seinen Wohnsitz gehabt und mit seinen Anbauten an den Turm sp&auml;teren baulichen Entwicklung die Richtung gegeben hat, 1337 als letzter seines Stammes gestorben war, kam Ortenstein 1338 an seinen Tochtermann Rudolf von Werdenberg-Sargans. 1451 w&auml;hrend der &bdquo;Schamser Fehde&ldquo; wurde das werdenbergische Ortenstein bis auf den Turm zerst&ouml;rt. Ein Schiedsspruch von 1452 erlaubte den Wiederaufbau, und es entstand der Osttrakt mit dem in den Fels gehauenen Kellern.</p><p>In den darauffolgenden Jahrhunderten wechselten verschiedene Besitzeigent&uuml;mer das Schloss. 1933 ging das Schloss Ortenstein an Dr. Johann Friedrich von Tscharner. Dieser hat das Schloss mit viel Liebe und Kunstsinn gepflegt und bereichert. Die &auml;ussere Form, in der sich Ortenstein heute dem Wanderer zeigt, hat es im Wesentlichen in der ersten H&auml;lfte des 18. Jahrhunderts durch die Traverse erhalten. Sie haben den Westfl&uuml;gel und die beiden Eckbauten des Osttraktes neu aufgef&uuml;hrt, dem Uhrturm den Aufbau mit Zwiebelhaube aufgesetzt und damit dem Schloss jene kompakte Gestalt gegeben, die es allein aus dem m&auml;chtigen Felsen organisch herausgewachsenes Gebilde erscheinen l&auml;sst.</p><p>Das Schloss Ortenstein ist gr&ouml;sste Schlossanlage im Tal der Burgen und Schl&ouml;sser.</p><p><strong>Zugang<br></strong>Das Schloss Ortenstein befindet sich in Privatbesitz und ist nicht &ouml;ffentlich zug&auml;nglich. Die Anlage ist vom&nbsp;<a href=\"https://mybusiness.outdooractive.com/de/r/23419810/\" data-type=\"tour\" data-id=\"23419810\">Burgenweg Domleschg</a>&nbsp;aus sichtbar.</p>", "url": "http://www.domleschg.ch", "image": "https://viatpimtsoch.sos-ch-dk-2.exoscale-cdn.com/catalog/9/7/b/6/97b6c8395c86ba3b7bbd79b5c50c63b24a0a2ac8_schloss_ortenstein_tomils_sommer_luftaufnahme_viamala_tourismus.jpg", "openstreetmap_id": "relation/13629977"}, "geometry": {"type": "Point", "coordinates": ["9.435715", "46.759602"]}}, {"type": "Feature", "properties": {"identifier": "733c0eb0-14dc-4df7-914c-d1c0518f784b", "name": "Caf\u00e9 B\u00e4ckerei Attenhofer", "description": "Attenhofer ist\u00a0ein junges und modernes Familienunternehmen, das qualitativ und innovativ \u00fcberzeugt und sich bestm\u00f6glich an den Bed\u00fcrfnissen der Kundschaft orientiert. Die hausgemachten Produkte werden mit Leidenschaft produziert.", "url": "https://baeckerei-attenhofer.ch", "image": "https://viatpimtsoch.sos-ch-dk-2.exoscale-cdn.com/catalog/2/e/6/5/2e6565825415d1aa34dd1b70f8f6aca60958ff5d_cafe_baeckerei_attenhofer_sommer_thusis_viamala_tourismus.jpg", "openstreetmap_id": "node/3676232674"}, "geometry": {"type": "Point", "coordinates": ["9.439361", "46.695444"]}}, {"type": "Feature", "properties": {"identifier": "73502033-2329-49a6-a235-7d1d6083a0fa", "name": "Restaurant Tanatzh\u00f6hi", "description": "<p data-start=\"91\" data-end=\"465\">Ob im gem&uuml;tlichen Innenbereich oder auf der sonnigen Terrasse, G&auml;ste geniessen eine frische, schmackhafte K&uuml;che und eine eindr&uuml;ckliche Aussicht auf die umliegende Bergwelt. Besonders der Blick in Richtung Piz Tambo macht den Aufenthalt zu einem besonderen Erlebnis.</p><p data-start=\"467\" data-end=\"653\">Die dazugeh&ouml;rige Aussenbar ist der ideale Ort, um einen aktiven Schneesporttag entspannt ausklingen zu lassen oder die alpine Natur auf einer der gem&uuml;tlichen Sonnenliegen zu geniessen.</p>", "url": "https://www.spluegen.ch/gastronomie", "image": "https://viatpimtsoch.sos-ch-dk-2.exoscale-cdn.com/catalog/7/c/9/4/7c94c982f02491b102fff8006fc0f1b1506b9139_berg_restaurant_bergbahnen_spluegen_tambo.jpg", "openstreetmap_id": "way/214746025"}, "geometry": {"type": "Point", "coordinates": ["9.314534", "46.530223"]}}, {"type": "Feature", "properties": {"identifier": "739a47a4-c071-4e09-9646-d2cecb7b6a60", "name": "Obermutten - Muttner Horn", "image": "https://viatpimtsoch.sos-ch-dk-2.exoscale-cdn.com/catalog/4/6/0/1/4601e95e42db2377f84685d50f23215a86309d40_gasthaus_post_obermutten_winter.jpg", "openstreetmap_id": "way/363535765"}, "geometry": {"type": "Point", "coordinates": ["9.484671950340273", "46.67324172331749"]}}, {"type": "Feature", "properties": {"identifier": "74093175-bf30-4c5f-9317-4fceee289aa7", "name": "Feuerstelle Plaun Graund", "description": "<p>In der Mitte des Dorfes Feldis geht der Weg hoch Richtung Dreib\u00fcndenstein. Nach ca. 1 Kilometer und 100 H\u00f6henmetern erreichen Sie die Feuerstelle.</p><p>Auf den vielen Sitz- und sogar Liegemo\u0308glichkeiten kann man die Sonnenstrahlen geniessen. Wird es zu warm, gibt es auch einige schattenspendende La\u0308rchen. Im See darf zwar nicht gebadet werden, aber vom Steg aus kann man die Tiere gut beobachten.&nbsp;Bei der Feuerstelle befindet sich eine kleine, leere H\u00fctte. Zudem gibt es eine gem\u00fctliche, geschwungene Holzliege.</p><p><span style=\"font-weight: bold;\">Ausstattung</span></p><ul><li>Brennholz vorhanden</li><li>Rost vorhanden</li><li>2 Tische mit 20 Sitzpl\u00e4tzen</li><li>1 Feuerstelle mit 12 Sitzpl\u00e4tzen</li><li>6 sonstige Sitzpl\u00e4tze</li><li>Abfallentsorgung vorhanden</li><li>Brunnen (kein Trinkwasser)<br><br></li></ul><p>Bitte allf\u00e4llige Weisungen z.B. bez\u00fcglich <a href=\"https://www.gr.ch/DE/institutionen/verwaltung/diem/awn/aktuelles/Waldbrandgefahr/Seiten/aktuelle_waldbrandgefahr.aspx\" target=\"_blank\">Waldbrandgefahr </a>beachten.</p>", "url": "https://www.viamala.ch", "image": "https://viatpimtsoch.sos-ch-dk-2.exoscale-cdn.com/catalog/4/b/d/7/4bd70ebc645bc48754f95ee9469828899898788b_Feuerstelle_Plaun_Graund_Feldis.jpg", "openstreetmap_id": "node/8988518910"}, "geometry": {"type": "Point", "coordinates": ["9.440099000930786", "46.80100319205483"]}}, {"type": "Feature", "properties": {"identifier": "7428e0d7-df2c-42b6-adb3-c3eba0fc94fe", "name": "Sufers - KHR Stausee", "image": "https://viatpimtsoch.sos-ch-dk-2.exoscale-cdn.com/catalog/2/9/8/8/29884e9f5e7b0c06349253f590b1e3a056985574_sufers_dorf_im_winter_demateo.jpg", "openstreetmap_id": "relation/1684178"}, "geometry": {"type": "Point", "coordinates": ["9.379577636718752", "46.567763753427236"]}}, {"type": "Feature", "properties": {"identifier": "7452a97a-1a12-43b0-98cb-a5a61d83b7bc", "name": "Hotel - Restaurant Bergalga", "description": "<p>Das Restaurant besticht durch sein einladendes Ambiente und die sonnige Terrasse, die G\u00e4ste dazu einl\u00e4dt, ihre Mahlzeiten unter freiem Himmel zu geniessen. Das Men\u00fc bietet eine Auswahl an Gerichten aus lokalen und biologischen Zutaten sowie hausgemachte Spezialit\u00e4ten wie B\u00fcndner Kuchen und Sirupe. Die herzliche Bedienung sorgt daf\u00fcr, dass sich G\u00e4ste aller Art willkommen f\u00fchlen, sei es Skitoureng\u00e4nger, Wanderer oder Familien. Die M\u00f6glichkeit, hausgemachte Produkte wie den Arvensenf zu erwerben, rundet das gastronomische Erlebnis ab und erm\u00f6glicht es den G\u00e4sten, die kulinarischen Highlights des Restaurants auch zu Hause zu geniessen. F\u00fcr G\u00e4ste stehen drei Elektroauto-Ladestationen beim Hotel zur Verf\u00fcgung.</p><p><span style=\"font-weight: bold;\">Anzahl Sitzpl\u00e4tze</span></p><ul><li>Restaurant: 60 Pl\u00e4tze</li><li>Terrasse: 30 Pl\u00e4tze</li><li>Saal: 30 Pl\u00e4tze</li></ul>", "url": "https://bergalga.ch/restaurant", "image": "https://viatpimtsoch.sos-ch-dk-2.exoscale-cdn.com/catalog/c/d/6/7/cd67ef4a361e547de1cd5b282725a113f6f35df1_hotel_restaurant_bergalga_sommer.jpg", "openstreetmap_id": "node/3028837057"}, "geometry": {"type": "Point", "coordinates": ["9.55378", "46.44996"]}}, {"type": "Feature", "properties": {"identifier": "74d222bd-37bf-4a75-be07-672fb61b5112", "name": "Spielplatz Gemeindehaus Urmein", "description": "<p><strong>Ausstattung:</strong></p>\n<ul>\n<li>Brunnen</li>\n<li>Spielh\u00e4usschen mit Rutsche</li>\n<li>Schaukel</li>\n<li>Kletter- und Seilger\u00fcst</li>\n<li>Grosse Rutschbahn</li>\n<li>Tisch mit Bank</li>\n</ul>", "url": "http://viamala.ch", "image": "https://viatpimtsoch.sos-ch-dk-2.exoscale-cdn.com/catalog/6/f/8/a/6f8a03dccfb7cdfcb5ac706bb6bd9f4ca697b112_spielplatz_gemeindehaus_urmein.jpg", "openstreetmap_id": "node/10774824514"}, "geometry": {"type": "Point", "coordinates": ["9.4011318", "46.6923916"]}}, {"type": "Feature", "properties": {"identifier": "7535f1df-fb3e-4560-bd1b-478602ae5f30", "name": "Feuerstelle Muttner H\u00f6hi", "description": "<p>Zu Fuss kann die Feuerstelle in ca. 25 Minuten ab Obermutten erreicht werden. In der Mitte des Dorfes Obermutten finden Sie den Wegweiser, welcher Sie zur Feuerstelle f\u00fchrt. Verlassen Sie das Dorf nach Osten und wandern Sie ca. 1 Kilometer \u00fcber herrliche Bergwiesen bis zur Feuerstelle. Die einfache Wanderung ist auch f\u00fcr Kinder geeignet. Ca. 130 H\u00f6henmeter m\u00fcssen \u00fcberwindet werden, bevor Sie das Ziel erreichen. Die Feuerstelle liegt an sonniger Lage und hat&nbsp;angrenzend zwar einige B\u00e4ume, selbst aber keinen Schatten. Die&nbsp;Wiese um die Feuerstelle bietet gen\u00fcgend Platz zum Spielen und Verweilen.</p><p><span style=\"font-weight: bold;\">Ausstattung</span></p><ul><li>Brennholz vorhanden</li><li>Rost vorhanden</li><li>1 Tisch mit 6 Sitzpl\u00e4tzen</li><li>1 Feuerstelle mit 4 Sitzpl\u00e4tzen</li><li>3 sonstige Sitzpl\u00e4tze Holzsitze<br><br></li></ul><p>Im Sommer herrscht in diesem Gebiet oft <a href=\"https://www.gr.ch/DE/institutionen/verwaltung/diem/awn/aktuelles/Waldbrandgefahr/Seiten/aktuelle_waldbrandgefahr.aspx\" target=\"_blank\">Waldbrandgefahr</a>, bitte allf\u00e4llige Weisungen beachten.</p>", "url": "https://www.viamala.ch", "image": "https://viatpimtsoch.sos-ch-dk-2.exoscale-cdn.com/catalog/6/0/6/2/606214df739f4fe32a86f7b702950f0fb95a5983_IMG_5505.jpeg", "openstreetmap_id": "node/12075033934"}, "geometry": {"type": "Point", "coordinates": ["9.479634761810303", "46.67854922007933"]}}, {"type": "Feature", "properties": {"identifier": "763e7893-aac1-455a-a274-cbe576580925", "name": "Kafi St\u00fcbali", "description": "<p>Der Treffpunkt&nbsp;(Kafi St\u00fcbali) vom <a href=\"https://www.stellplatzplus-heinzenberg.ch/\" target=\"_blank\">+Stellplatz+</a>&nbsp;ist auch f\u00fcr alle offen, die sich nach einer Wanderung st\u00e4rken&nbsp;oder einfach die Aussicht geniessen m\u00f6chten.</p>", "url": "https://www.stellplatzplus-heinzenberg.ch", "image": "https://viatpimtsoch.sos-ch-dk-2.exoscale-cdn.com/catalog/2/7/5/8/27584ce0d9c460dbf4b212ab30304dccf4dbb67f_kafi_stuebali_stellplatz_sarn_lescha_sommer_viamala_tourismus.jpg", "openstreetmap_id": "node/11866172581"}, "geometry": {"type": "Point", "coordinates": ["9.404358565807343", "46.72258474018203"]}}, {"type": "Feature", "properties": {"identifier": "770d6bdb-2817-47b2-9c32-541d0a4cd08e", "name": "viaSpluga - Klassik", "description": "<h3><strong>Leistungen</strong></h3><ul><li>5 &Uuml;bernachtungen im Doppelzimmer mit Fr&uuml;hst&uuml;ck</li><li>4 Lunchpakete</li><li>An- und Abreise mit den &ouml;ffentlichen Verkehrsmitteln (Schweiz)</li><li>Gep&auml;cktransport von Hotel zu Hotel</li><li>G&auml;stekarte<ul><li>Freie Fahrt mit dem &ouml;ffentlichen Verkehr in der Region Viamala bis Chiavenna (IT)</li><li>Zutritt zu verschiedenen Erlebnissen entlang der viaSpluga</li></ul></li><li>Dokumentation mit Wanderkarte</li></ul><p><a href=\"https://viamala.ch/files/websites/viamala.ch/objects/prospekte-artikel/verschiedenes/2026_Vertrags-%20und%20Reisebedingungen_Mehrsprachig_DE_EN_IT.pdf\">Vertrags- und Reisebedingungen</a><br><br></p><h3><strong>Programm</strong></h3><p><strong>1. Tag:</strong> Individuelle Anreise nach Thusis</p><p><strong>2. Tag:</strong> Wanderung Thusis &ndash; Zillis oder Andeer</p><p><strong>3. Tag:</strong>&nbsp;Wanderung Zillis oder Andeer &ndash; Sufers oder Spl&uuml;gen</p><p><strong>4. Tag:</strong>&nbsp;Wanderung Sufers oder Spl&uuml;gen &ndash; Isola</p><p><strong>5. Tag:</strong>&nbsp;Wanderung Isola &ndash; Chiavenna&nbsp;</p><p><strong>6. Tag:</strong> Individuelle R&uuml;ckreise via Spl&uuml;genpass<br><br></p><h3><strong>viaSpluga - Individuell</strong></h3><p>M&ouml;chtest du ein abgebildetes Pauschalarrangement individuell anpassen? Gerne k&ouml;nnen wir auf verschiedenste W&uuml;nsche eingehen und das Angebot verl&auml;ngern oder verk&uuml;rzen, einen Ruhetag einplanen, nur eine Teilstrecke buchen oder Leistungen weglassen oder erg&auml;nzen.</p><p>Wir beraten dich gerne und stellen dir ein individuelles Arrangement zusammen.<br><br></p><h3><strong>R&uuml;ckreise von Chiavenna</strong></h3><p>Die R&uuml;ckreise von Chiavenna &uuml;ber den Spl&uuml;genpass nach Thusis ist bereits in der G&auml;stekarte <em>Via Mia Pass</em> unter &laquo;Viamala Mobil&raquo; enthalten und muss nicht separat gebucht werden.<br>Die Heimreise ab Thusis mit den &ouml;ffentlichen Verkehrsmitteln ist inbegriffen. Von dort reist du bequem und kostenlos mit dem &ouml;ffentlichen Verkehr in der ganzen Schweiz zur&uuml;ck nach Hause.<br><br></p><h3><strong>Preise &amp; G&uuml;ltigkeit</strong></h3><ul><li><strong>Preis pro Person:</strong> ab CHF 675.00</li><li><strong>G&uuml;ltigkeit:</strong> 13. Juni bis 25. Oktober 2026<br><br></li></ul><p><strong>Kindererm&auml;ssigung</strong></p><p>Kinder bis und mit 11 Jahre im Elternzimmer erhalten 30 % Erm&auml;ssigung.<br><br></p><p><strong>Optionen</strong></p><ul><li>Halbpension</li><li>Einzelzimmer</li><li>Zusatzn&auml;chte</li><li>Mitnahme von Hunden<br><br></li></ul><p><strong>Vorausbuchungsfrist</strong></p><p>Das Arrangement kann bis sp&auml;testens 3 Arbeitstage (Mo-Sa) vor Anreise bei uns gebucht werden, sofern noch Zimmer verf&uuml;gbar sind. Wir empfehlen eine fr&uuml;hzeitige Reservation.</p>", "url": "https://www.viamala.ch/", "image": "https://viatpimtsoch.sos-ch-dk-2.exoscale-cdn.com/catalog/5/e/6/1/5e61660f75e4e6879b70bfc84c0645a2d236f880_viaspluga_shooting.jpg"}, "geometry": {"type": "Point", "coordinates": ["9.439707398414612", "46.695741635368876"]}}, {"type": "Feature", "properties": {"identifier": "770fc714-80e2-4a09-be57-f678ffb92516", "name": "INTERSPORT Banzer Thusis", "description": "Neben einer breiten Auswahl an Sportausr\u00fcstung bietet Intersport Banzer einen professionellen Ski- und Board-Service sowie Skimiete an.", "url": "https://www.banzer-sport.ch", "image": "https://viatpimtsoch.sos-ch-dk-2.exoscale-cdn.com/catalog/1/c/2/3/1c23ff840f4540d7cd564a242e36c8a6aa70990c_intersport_banzer_thusis_sportgeschaeft_sommer.jpg", "openstreetmap_id": "node/8532107766"}, "geometry": {"type": "Point", "coordinates": ["9.43961888551712", "46.69558714486065"]}}, {"type": "Feature", "properties": {"identifier": "776a0ec3-5f4a-41cd-bab2-f37ac3188640", "name": "Trail-Center Thusis", "description": "<p>Das Trail-Center Thusis hat Pioniercharakter: Es ist das erste Trail-Center in Graub\u00fcnden, im&nbsp;Home of Trails. Auf einer kleinen Fl\u00e4che neben der Waldbadi in Thusis sind verschiedene Strecken mit Spr\u00fcngen, einem Steingarten, einer Pumpline und mehr entstanden. Die einzelnen Wege sind signalisiert, so kann sich jeder Mountainbiker den passenden Trail aussuchen.</p><p>Und nach dem fleissigen \u00dcben im Trail-Center ist man bereit f\u00fcr die grossen Touren im Home of Trails.</p><p><span style=\"font-weight: bold;\">Anmeldung f\u00fcr Gruppen</span><br>M\u00f6chtest du als Lehrer*in, Vereinsvorstand, Teamleiter oder als Anbieter von Bike-Kursen einen Event im Trailcenter organisieren? Melde deine Gruppe ab 8 Teilnehmer bitte direkt mit dem <a href=\"https://www.trailcenter-thusis.ch/ruleset#kalender\" target=\"_blank\">Buchungstool </a>an. Bei Fragen, nimm&nbsp;Kontakt&nbsp;mit der <a href=\"https://www.trailcenter-thusis.ch/kontakt\" target=\"_blank\">IG&nbsp;Trailcenter Thusis</a> auf!</p>", "url": "https://www.trailcenter-thusis.ch", "image": "https://viatpimtsoch.sos-ch-dk-2.exoscale-cdn.com/catalog/6/6/5/2/665202a0a59a3d016fd016e3bc6d777434974411_trailcenter_thusis_bikepark_trainingsgelaende_viamala_tourismus.jpg", "openstreetmap_id": "way/1203105363"}, "geometry": {"type": "Point", "coordinates": ["9.44593", "46.702805"]}}, {"type": "Feature", "properties": {"identifier": "7781d346-448d-432c-b746-b223b381dc5e", "name": "Natureisfeld Cazis", "description": "<p>Es steht w\u00e4hrend der Wintersaison bei entsprechenden Temperaturen zur Verf\u00fcgung und l\u00e4dt zum Schlittschuhlaufen und Eishockey spielen ein.</p><p><br></p><p>Eintritt frei.</p>", "url": "https://www.viamala.ch", "image": "https://viatpimtsoch.sos-ch-dk-2.exoscale-cdn.com/catalog/d/a/f/e/dafe9988b63c047351d6c0a7a18afb9b36485299_schlittschuhe_winter_keyvisual_beispielbild.jpg", "openstreetmap_id": "node/12112580547"}, "geometry": {"type": "Point", "coordinates": ["9.436904", "46.720091"]}}, {"type": "Feature", "properties": {"identifier": "787e8d9c-0560-4d58-b798-adc37a350c2c", "name": "Feuerstelle Plauns", "description": "<p>Feuerholz muss selbst mitgebracht oder im Wald etwas oberhalb&nbsp;gesammelt werden.<br>Bitte den Abfall wieder mitnehmen, es gibt keine Entsorgungsm\u00f6glichkeit.</p><p><span style=\"font-weight: bold;\">Ausstattung</span></p><ul><li>Rost vorhanden</li><li>1 Tisch mit 6 Sitzpl\u00e4tzen</li><li>1 Feuerstelle mit 2 Sitzb\u00e4nken (10 Sitzpl\u00e4tzen)</li><li>Spielwiese<br></li></ul><p><br>Bitte allf\u00e4llige Weisungen z.B. bez\u00fcglich <a href=\"https://www.gr.ch/DE/institutionen/verwaltung/diem/awn/aktuelles/Waldbrandgefahr/Seiten/aktuelle_waldbrandgefahr.aspx\" target=\"_blank\">Waldbrandgefahr </a>beachten.</p>", "url": "https://www.viamala.ch", "image": "https://viatpimtsoch.sos-ch-dk-2.exoscale-cdn.com/catalog/a/1/3/7/a137c7441e85b924181edba3f206b57c73cf550f_Feuerstelle_Plauns_Trans.jpg", "openstreetmap_id": "node/2404903506"}, "geometry": {"type": "Point", "coordinates": ["9.460660815238953", "46.768335206454076"]}}, {"type": "Feature", "properties": {"identifier": "78a7fb12-1d8d-4f1d-8aa7-47dea1e45c44", "name": "E-Tuk-Tuk mieten Thusis", "description": "<p>Die Elektro Tuk-Tuks sind eine erlebnisorientierte und \u00f6kologische Alternative f\u00fcr den Personentransport im Nahverkehr. Die Auto-Rikscha hat eine H\u00f6chstgeschwindigkeit von 45 km/h. Die Dreir\u00e4der sind leise, haben Power und sehen umwerfend aus.</p>\n<p>In einem Tuk-Tuk haben drei Personen Platz. Ein Fahrer vorne und zwei G\u00e4ste hinten. Jeder Sitzplatz verf\u00fcgt \u00fcber eine eigene Sitzgurte. Kindersitze k\u00f6nnen auch befestigt werden.</p>\n<p><strong>Reichweite</strong><br>Die Subeez Tuk-Tuks sind f\u00fcr den Mikrotransport gedacht, somit wird empfohlen in&nbsp;einem Kreis von 50 km zu fahren. Die maximale Reichweite betr\u00e4gt bei voller Ladung im flachen etwa 80 km. Bergaufw\u00e4rts kann sich die Reichweite verringern, da die Fahrzeuge bergabw\u00e4rts (d.h. beim Bremsen) aber rekuperieren (Energie wiedergewinnen) gleicht sich das wieder aus.</p>\n<p><strong>Anforderungen</strong><br>Die E-Tuk-Tuks k\u00f6nnen mit einem g\u00fcltigen F\u00fchrerausweis ab 18 Jahren&nbsp;gemietet werden.</p>\n<p><strong>Preise</strong><br><strong>30 Minuten:</strong> CHF 5.00<br><strong>1 Stunde:</strong> CHF 10.00<br><strong>1/2 Tag:</strong> CHF 50.00<br><strong>1 Tag:</strong> CHF 75.00</p>\n<p>Das E-Tuk-Tuk kann \u00fcber Subeez gebucht und mit TWINT, PayPal oder Kreditkarte bezahlt werden: <a href=\"tel:+41793761108\">+41 79 376 11 08</a>.</p>", "url": "https://subeez.ch", "image": "https://viatpimtsoch.sos-ch-dk-2.exoscale-cdn.com/catalog/4/7/7/c/477c65cf7d36d6681769453a811d3c627d4f7dd8_e_tuk_tukvon_subeez.jpg", "openstreetmap_id": "way/438886348"}, "geometry": {"type": "Point", "coordinates": ["9.445405", "46.699691"]}}, {"type": "Feature", "properties": {"identifier": "79422cbf-4740-4c79-8766-e4ed4692ffa5", "name": "P\u00f9nts da tgavorgia", "description": "Sie wurden im Jahre 2017 erbaut und sind Teil der Treppenanlage beim Besucherzentrum. Die Zwillingsbr\u00fccken gew\u00e4hren neue, spektakul\u00e4re Einblicke ins Naturmonument der Viamala-Schlucht. Conzett hat mit dem Traversinersteg und der P\u00f9nt da Suransuns bereits zwei Aufsehen erregende Br\u00fccken in der Viamala realisiert. Sein neuestes Werk beeindruckt als zweiteilige Gel\u00e4nderbr\u00fccke aus Edelstahl mit einem Gehbelag aus robustem einheimischen L\u00e4rchenholz.", "url": "https://www.viamala.ch", "image": "https://viatpimtsoch.sos-ch-dk-2.exoscale-cdn.com/catalog/9/3/d/b/93db417c115a37eb710826c631c4034ff91d0555_viamala_schlucht_zillis_thusis_schams_sommer_familie_demateo.com__2_.jpg", "openstreetmap_id": "ay/696320298"}, "geometry": {"type": "Point", "coordinates": ["9.447973000000047", "46.662576"]}}, {"type": "Feature", "properties": {"identifier": "79b27f52-609f-4af4-a87a-c22b94c21da9", "name": "Relax & Dine in der Casa Caminada in F\u00fcrstenau", "description": "<h4><strong>Leistungen</strong></h4><ul><li>2 &Uuml;bernachtungen im Standard-Doppelzimmer inkl. Fr&uuml;hst&uuml;ck in der <a href=\"https://www.casacaminada.com\" target=\"_blank\" rel=\"noopener\">Casa Caminada</a> in F&uuml;rstenau</li><li>Willkommensgetr&auml;nk</li><li>2 x 4-Gang Abendessen in der Casa Caminada</li><li>Tageseintritt ins <a href=\"https://mineralbad-andeer.ch/\" target=\"_blank\" rel=\"noopener\">Mineralbad Andeer</a></li></ul><h4><strong>G&uuml;ltigkeit</strong></h4><p>Das Package ist ab 1. M&auml;rz 2026 buchbar, jeweils ab Sonntag bis Donnerstag.</p>", "url": "https://www.casacaminada.com/", "image": "https://viatpimtsoch.sos-ch-dk-2.exoscale-cdn.com/catalog/5/2/8/d/528de9e3f62d614e3c928f72e6ffcee32f4b54d2_mineralbad_andeer_aussenbecken_sommer.jpg"}, "geometry": {"type": "Point", "coordinates": ["9.44579601287842", "46.72098313318722"]}}, {"type": "Feature", "properties": {"identifier": "7a81560d-313a-4e9d-8daf-0453a7fdea6a", "name": "Gasthaus Walserstuba", "description": "Auch der Trinkgenuss kommt nicht zu kurz. Von der Weinbodega k\u00f6nnen Sie ganz spezielle Flaschen aus Nah und Fern auslesen.", "url": "https://walserstuba-avers.ch", "image": "https://viatpimtsoch.sos-ch-dk-2.exoscale-cdn.com/catalog/a/a/9/b/aa9bc8ba1cb33f88fd30231f5542cbdef1e665e1_gasthaus_walserstuba_in_avers_croet.jpg", "openstreetmap_id": "node/1645622618"}, "geometry": {"type": "Point", "coordinates": ["9.48452040553093", "46.479255266713544"]}}, {"type": "Feature", "properties": {"identifier": "7ae30d38-a65c-4b6c-8c00-8d5c72eb128e", "name": "Lawinengalerie Spl\u00fcgenpass", "description": "<p>Die Spl&uuml;gengalerie liegt auf der Nordseite des Spl&uuml;genpasses, knapp unterhalb der Passh&ouml;he im Kanton Graub&uuml;nden, Schweiz. Sie wurde 1843 von den Ingenieuren Carlo Donegani und Richard La Nicca entworfen und erbaut, um die Passstra&szlig;e vor Lawinen zu sch&uuml;tzen. Finanziert wurde der Bau durch &Ouml;sterreich, einschliesslich eines Gasthauses auf der Schweizer Seite. Die Galerie ist ein einzigartiges Beispiel f&uuml;r die Ingenieurskunst und den Passverkehr des 19. Jahrhunderts und wird im Inventar historischer Verkehrswege der Schweiz als Objekt von nationaler Bedeutung gef&uuml;hrt, wodurch sie unter Bundesschutz steht.</p>\n<p>Bis in die 1950er Jahre nutzte der Strassenverkehr die Galerie, bevor der Spl&uuml;genpass im Winter geschlossen und die Galerie durch eine neue Strasse umfahren wurde. Im Laufe der Zeit wurde das Mauerwerk durch eindringendes Wasser und Frost erheblich besch&auml;digt. Um den drohenden Zerfall zu verhindern, wurde die Galerie von 2007 bis 2011 mit Unterst&uuml;tzung des Bundes, des Kantons Graub&uuml;nden und des B&uuml;ndner Heimatschutzes saniert. Teile des Mauerwerks, die bereits eingest&uuml;rzt waren, wurden wiederhergestellt.</p>\n<p>Heute kann die Galerie auf ihrer gesamten L&auml;nge zu Fuss begangen werden. Ihr unterer Teil dient als Ausstellungsraum, wo Tafeln und Fotografien &uuml;ber die Geschichte und die Sanierung des Bauwerks informieren. Die Restaurierung der Galerie wurde 2011 feierlich abgeschlossen, und gleichzeitig das 10-j&auml;hrige Jubil&auml;um der Via Spluga mit G&auml;sten aus Italien und der Schweiz gefeiert.</p>", "url": "https://www.viamala.ch/", "image": "https://viatpimtsoch.sos-ch-dk-2.exoscale-cdn.com/catalog/a/8/d/8/a8d83fd5a35ab3356be8797348ddde56fbc8fcc7_felsengalerie.jpg", "openstreetmap_id": "way/132375515"}, "geometry": {"type": "Point", "coordinates": ["9.327285289764406", "46.509484929418306"]}}, {"type": "Feature", "properties": {"identifier": "7b11b6a4-bec1-434b-af57-60bc2506418a", "name": "Foto-Spot Viamala-Schlucht", "description": "<p><strong>Viamala-Schlucht</strong><br>Wo einst einer der vielen Wege nach Rom f\u00fchrte, an der historischen Transitroute viaSpluga, liegt die <a href=\"https://viamala-schlucht.ch\" target=\"_blank\">Viamala-Schlucht</a>. Mit ihren schroffen Felsw\u00e4nden, dem Farbenspiel des Wassers und den \u00fcber Jahrtausende ins Gestein geschliffenen Strudelt\u00f6pfen bietet die Schlucht ein unvergessliches Naturerlebnis. Schon der Philosoph Friedrich Nietzsche war davon fasziniert: \u00abIch schreibe nichts von der ungeheuren Grossartigkeit der Viamala. Mir ist, als h\u00e4tte ich die Schweiz noch gar nicht gekannt!\u00bb</p>\n<p>Im Zentrum<span style=\"font-weight: bold;\"> </span>der Schlucht steht ein Besucherzentrum mit einem Shop zur Verf\u00fcgung. Die Treppenanlage hinunter in die Schlucht ist von April bis Oktober ge\u00f6ffnet.</p>", "url": "https://www.viamala.ch", "image": "https://viatpimtsoch.sos-ch-dk-2.exoscale-cdn.com/catalog/f/a/a/6/faa66beeb765e07e8170bf6c18b003d92356b75f_foto_spot_grand_tour_of_switzerland_in_der_viamala_schlucht.jpg", "openstreetmap_id": "node/9633320034"}, "geometry": {"type": "Point", "coordinates": ["9.44800615310669", "46.66290124413077"]}}, {"type": "Feature", "properties": {"identifier": "7b12cee1-6272-49e6-9c16-223e29acc92b", "name": "Tschappina - Gasthaus Alpina", "image": "https://viatpimtsoch.sos-ch-dk-2.exoscale-cdn.com/catalog/8/5/7/9/8579ad92ac1511ac141da8872d6f59aae258497e_gasthaus_alpina_tschappina_heinzenberg_winter.jpg", "openstreetmap_id": "node/909028936"}, "geometry": {"type": "Point", "coordinates": ["9.3884838", "46.6877507"]}}, {"type": "Feature", "properties": {"identifier": "7bacf3ad-7aa2-4f53-a47c-4572fa3a6320", "name": "Skih\u00fctte Feldis", "description": "<p data-start=\"89\" data-end=\"273\">In nur 15 Gehminuten von der Bergstation des Sessellifts Feldis-Mutta entfernt befindet sich das Restaurant mit bedienter Sonnenterrasse, holzbeheiztem St&uuml;bli und gem&uuml;tlicher Herberge.<br><br></p><h4 data-section-id=\"15vwc9b\" data-start=\"275\" data-end=\"294\"><strong>Essen &amp; Trinken</strong></h4><p data-start=\"296\" data-end=\"483\">Tags&uuml;ber geniessen G&auml;ste saisonale Speisen und Getr&auml;nke &agrave; la carte. Am Abend werden ein H&uuml;ttenznacht mit Vorspeise, ein Alpk&auml;se-Fondue oder eine ausgefeilte dreig&auml;ngige Tavolata serviert.</p><p data-start=\"485\" data-end=\"825\">S&auml;mtliche Gerichte und Backwaren werden hausgemacht &ndash; wann immer m&ouml;glich mit lokalen und saisonalen Produkten. Die Skih&uuml;tte Feldis ist &uuml;berzeugt, dass gutes Essen nur aus hochwertigen Zutaten entstehen kann. Deshalb arbeitet sie mit Produzent:innen zusammen, die pers&ouml;nlich bekannt sind und deren Produkte mit Begeisterung verwendet werden.<br><br></p><h4 data-section-id=\"183yjku\" data-start=\"827\" data-end=\"839\"><strong>Schlafen</strong></h4><p data-start=\"841\" data-end=\"1008\">Im gem&uuml;tlichen Dachstock sind die Sterne ganz nah. G&auml;ste schlafen auf Einzelmatratzen in heimeliger Atmosph&auml;re. Beherbergt werden Gruppen ab 4 bis maximal 12 Personen.</p><p data-start=\"1010\" data-end=\"1233\" data-is-last-node=\"\" data-is-only-node=\"\">Zum Halbpensionsangebot geh&ouml;ren ein zweig&auml;ngiges H&uuml;ttenznacht sowie ein Zmorge-Buffet mit frischem Brot und feinen Produkten aus dem Tal. Detaillierte Informationen zu Angeboten und Preisen werden gerne per Mail zugesendet.</p>", "url": "https://www.skihuette-feldis.ch", "image": "https://viatpimtsoch.sos-ch-dk-2.exoscale-cdn.com/catalog/0/1/e/9/01e9272b297160aef36622fcad8ab86cba86d92a_skihuettte_feldis_sommer_long_nong_huang.jpg", "openstreetmap_id": "way/325823753"}, "geometry": {"type": "Point", "coordinates": ["9.46354", "46.7966"]}}, {"type": "Feature", "properties": {"identifier": "7eb86677-4615-4d31-84ba-b3ece63634eb", "name": "E-Bike-Ladestation Andeer", "description": "<p><span style=\"font-weight: bold;\">Vorhandene Anschl\u00fcsse </span></p><ul><li>Bosch </li><li>Yamaha </li><li>Impulse-Brose </li><li>Shimano 1 &amp; 2 </li><li>Panasonic-Flyer 1 &amp; 2 </li><li>Schweizer Steckdose T13 </li></ul><p><br></p><p><span style=\"font-weight: bold;\">Unsere Tipps f\u00fcr Sie w\u00e4hrend der Wartezeit </span></p><ul><li>G\u00f6nnen Sie sich eine Auszeit im <a href=\"https://mineralbad-andeer.ch/\">Mineralbad Andeer </a>und tanken Sie Kraft f\u00fcr die Weiterfahrt. </li><li>Machen Sie einen Spaziergang durchs Dorf. Speziell ins Auge stechen die historischen H\u00e4user entlang der Veia Granda, der Hauptstrasse von Andeer. St\u00e4rken Sie sich in einem der Restaurants oder kaufen Sie Ihren Proviant in der Sennerei, der Metzgerei und der B\u00e4ckerei/Konditorei und/oder im Volg-Laden. </li><li>M\u00f6chten Sie \u00fcber Nacht in Andeer bleiben, stehen Ihnen verschiedene Unterk\u00fcnfte (Hotels, B&amp;B, Ferienwohnungen, Camping) zur Wahl.</li></ul>", "url": "https://mineralbad-andeer.ch/", "image": "https://viatpimtsoch.sos-ch-dk-2.exoscale-cdn.com/catalog/a/d/8/4/ad84d70cb4c5cc1b5bd3fbcf096514ddea832808_e_bike_ladestation_andeer_schams_naturpark_beverin.jpg", "openstreetmap_id": "node/6315749057"}, "geometry": {"type": "Point", "coordinates": ["9.426814993517155", "46.605203049228464"]}}, {"type": "Feature", "properties": {"identifier": "7f56a276-d1ee-4897-ad3e-8a475f3e879a", "name": "Tennis Thusis", "description": "<p>Die gepflegten Pl\u00e4tze bieten eine ideale Umgebung, um sich sportlich zu bet\u00e4tigen und die malerische Landschaft von Thusis zu erleben.</p>\n<p><strong>Tenniskurse / Privatstunden / Juniorentraining / Training f\u00fcr Erwachsene</strong><br>Egal, ob Ihr Anf\u00e4nger seid oder Euren Schwung perfektionieren m\u00f6chtet, bei Michaela seid Ihr genau richtig. Sie hilft Euch, Euer Spiel auf das n\u00e4chste Level zu bringen!</p>\n<p>F\u00fcr Buchungen und weitere Informationen \u00fcber Trainings und Kurse k\u00f6nnt Ihr Euch direkt bei Michaela melden:</p>\n<p><strong>Michaela Tennis Academy</strong><br><a href=\"tel:+41762867264\">+41 76 286 72 64</a><br><a href=\"mailto:michaelatennisacademy@gmail.com\">michaelatennisacademy@gmail.com</a><br><a href=\"https://www.michaela-tennisacademy.ch/\">www.michaela-tennisacademy.ch</a></p>\n<p><strong>Kosten</strong></p>\n<p>CHF 30.00 pro Platz und Stunde. G\u00e4ste k\u00f6nnen die Pl\u00e4tze an der Rezeption&nbsp;vom&nbsp;TCS Camping Thusis Viamala reservieren und bezahlen.</p>\n<p><strong>TCS Camping Thusis Viamala</strong><br>Pantunweg 3<br>7430 Thusis<br><a href=\"tel:+41816512472\">+41 81 651 24 72</a><br><a href=\"mailto:camping.thusis@tcs.ch\">camping.thusis@tcs.ch</a><br><a href=\"http://tcs-camping.ch/thusis\">www.tcs-camping.ch/thusis</a></p>", "url": "http://www.tcthusis.ch", "image": "https://viatpimtsoch.sos-ch-dk-2.exoscale-cdn.com/catalog/8/1/0/5/8105ce713005348c7bcf2a6232b4c555adc06123_tennisanlage_thusis.jpg", "openstreetmap_id": "way/1202729951"}, "geometry": {"type": "Point", "coordinates": ["9.444358348846437", "46.701064343472204"]}}, {"type": "Feature", "properties": {"identifier": "7fa0c58f-e34c-47a9-ab03-50451f17e02c", "name": "Burgruine Neu Sins / Canova", "description": "<!-- ####### HEY, I AM THE SOURCE EDITOR! #########-->\n<p>In mittelalterlichen Urkunden kommt nur der Name Neu-Sins vor. \u201eCanova\u201c = Neues Haus, scheint eine sp\u00e4tere Romanisierung zu sein. Die von den Herren von Vaz vermutlich in der zweiten H\u00e4lfte des 13. Jahrhunderts errichtete und von Ministerialen bewohnte Burg teilte bis zu ihrem Verfall die Schicksale von Alt-Sins. 1574 erwarb Andreas von Salis zu Rietberg das Gut Canova und nannte sich hernach auch \u201ezu Neusins\u201c.</p>\n<p>Heute besteht noch die H\u00e4lfte des viergeschossigen Wohnturmes, der mit einem Zeltdach gedeckt und von einem Zinnenkranz bekr\u00f6nt war. Aborterker befinden sich in den beiden Wohnst\u00f6cken, ebenso Reste einer Kamin- und Ofenanlage. Westlich des Turmes ist eine viereckige Zisterne in Felsgrund gebaut.</p>\n<p><strong>Zugang<br></strong>Die Ruine&nbsp;befindet sich auf Privatgrund&nbsp;und ist nicht \u00f6ffentlich zug\u00e4nglich. Die Anlage ist vom&nbsp;<a href=\"https://mybusiness.outdooractive.com/de/r/23419810/\" data-type=\"tour\" data-id=\"23419810\">Burgenweg Domleschg</a>&nbsp;aus sichtbar.</p>\n<p><strong>&nbsp;</strong></p>", "url": "https://www.viamala.ch", "image": "https://viatpimtsoch.sos-ch-dk-2.exoscale-cdn.com/catalog/6/3/5/b/635b41356576d98f862a22a982ea7b626703ad95_ruine_canova_neu_sins_suens_canova_paspels_sommer_viamala_tourismus.jpg", "openstreetmap_id": "node/1264014165"}, "geometry": {"type": "Point", "coordinates": ["9.447751", "46.744163"]}}, {"type": "Feature", "properties": {"identifier": "7fb651c1-c570-462a-8d27-d2350f04e0a6", "name": "Kulturarchiv Cazis", "description": "<p><strong>Kulturarchiv<br></strong>Unter vielem anderen zeigen wir unseren Besuchern: Gegenst\u00e4nde und Schriften aus Privatbesitz, Einb\u00fcrgerungen, Anschauungsmaterial der Ausgrabungen vom Petrush\u00fcgel und des Spaltendorfes Cresta. Uniformen und Waffen aus napoleonischer Zeit, die heute noch an der Fronleichnamsprozession von Cazis getragen werden. Schul-, Vereins- und Gemeindefahnen, Protokolle der Hexenprozesse der Gerichtsgemeinde Heinzenberg. Handlungsbuchhaltungen aus dem 19. Jh. Brosch\u00fcren \u00fcber Geschichte und Schicksale aus Cazis und der Region. Studien der Flurnamen von Cazis. Geschichte der internierten polnischen Soldaten w\u00e4hrend des zweiten Weltkriegs usw.</p>\n<p><strong>6'000 Fotografien</strong> von Cazis und der Region k\u00f6nnen als H\u00f6hepunkt des Kulturarchivs bezeichnet werden.</p>\n<p><strong>Fachbibliothek </strong>der Ornithologie, Geschichte, Religion &amp; Kunst<strong>.</strong></p>\n<p><strong>Ausstellungen:</strong> mindestens einmal j\u00e4hrlich zeigen wir eine Sonderausstellung \u00fcber ein bestimmtes Thema.</p>\n<p><strong>Power-Point Pr\u00e4sentationen &amp; Vortr\u00e4ge:</strong> f\u00fcr Gruppen von 8 bis 25 Personen.</p>", "url": "https://www.cazis.ch", "image": "https://viatpimtsoch.sos-ch-dk-2.exoscale-cdn.com/catalog/0/5/c/c/05cc186cb81b6c03fc239d4a02e55f8604be37c6_kulturarchiv_cazis_in_tartar_ausstellung_viamala_tourismus.jpg", "openstreetmap_id": "node/12100398377"}, "geometry": {"type": "Point", "coordinates": ["9.418630599975586", "46.71753716668951"]}}, {"type": "Feature", "properties": {"identifier": "7fc0a353-742a-4536-91a5-607c2cd82f92", "name": "Spl\u00fcgen Sport", "description": "<p>Spl\u00fcgen Sport ist Ihr Anlaufpunkt f\u00fcr hochwertige Sportausr\u00fcstung und Bekleidung. Direkt am Fusse der Bergbahnen Spl\u00fcgen Tambo gelegen, bieten das Gesch\u00e4ft eine breite Auswahl an Sommer- und Winterausr\u00fcstung von renommierten Marken. Das engagierte Team steht bereit, um Ihnen bei der Auswahl der richtigen Ausr\u00fcstung zu helfen und Ihnen einen schnellen und zuvorkommenden Service zu bieten. Eine unkomplizierte Abwicklung und faire Preise sind garantiert.</p>", "url": "http://www.spluegensport.ch", "image": "https://viatpimtsoch.sos-ch-dk-2.exoscale-cdn.com/catalog/a/3/d/9/a3d9235a4ec12fce0f37dce5f658bb299734d708_spluegen_sport_rheinwald_sommer_viamala_tourismus.jpg", "openstreetmap_id": "node/7755821590"}, "geometry": {"type": "Point", "coordinates": ["9.321226725509973", "46.55001426590578"]}}, {"type": "Feature", "properties": {"identifier": "80b4579a-ff06-422e-a2bf-cd1dfb274720", "name": "\u00d6ffentliche Toilette Sennerei Urmein", "description": "Die Toilette befindet sich zwei Gehminuten von der Bushaltestelle \"Urmein, Dorf\" entfernt.", "url": "https://viamala.ch", "image": "https://viatpimtsoch.sos-ch-dk-2.exoscale-cdn.com/catalog/9/b/3/4/9b34df53b3e0df2c7c91d68eeb7459ddb6e2372e_zugang_toilette_urmein.jpg", "openstreetmap_id": "way/363412153"}, "geometry": {"type": "Point", "coordinates": ["9.400944113731386", "46.69151385297293"]}}, {"type": "Feature", "properties": {"identifier": "80def928-8084-4240-868b-1ef3cac8ffc1", "name": "\u00d6ffentliche Toilette Mathon ", "description": "Die Toilette befindet sich im Geb\u00e4ude der Feuerwehr (Pumpiers, Clavo da Vaschegns).", "url": "https://www.viamala.ch", "image": "https://viatpimtsoch.sos-ch-dk-2.exoscale-cdn.com/catalog/0/d/7/e/0d7e98d57544185df5699aa0850e65d1b8f60806_toilette_mathon.jpg", "openstreetmap_id": "way/138006897"}, "geometry": {"type": "Point", "coordinates": ["9.4161223", "46.6388936"]}}, {"type": "Feature", "properties": {"identifier": "8236de76-f2d8-4aa5-9c26-7e7da15c70c7", "name": "Cufercalh\u00fctte SAC", "description": "<p>Die H\u00fctte wurde 1937 erstellt. Heimeliger Aufenthaltsraum aus massivem Arvent\u00e4fer. 23 Betten mit Duvet in zwei Schlafr\u00e4umen. Im Sommer erwartet den Wanderer ein wunderbares Wandergebiet mit reicher Flora, Fauna, Steinb\u00f6cken und G\u00e4msen. Die H\u00fcttenwege sind einfach zu begehen, daher auch f\u00fcr Familien mit Kindern empfehlenswert. Von der H\u00fctte geniesst man einen herrlichen Ausblick zum Spl\u00fcgenpass und zum Piz Tambo.</p><p>Die Cufercalh\u00fctte ist ab Ende Juni - Mitte Oktober t\u00e4glich bewirtschaftet. Weitere Infos erhalten Sie bei der H\u00fcttenwartin Margrith Monigatti. Siehe Kontakt-Information! Benutzung Winterraum nur auf Reservation.</p>", "url": "https://www.cufercal.ch", "image": "https://viatpimtsoch.sos-ch-dk-2.exoscale-cdn.com/catalog/8/9/d/3/89d3f9e061ac9e74d31edc67b820d2a8dbddf266_cufercalhuette_sac_mit_tambo_im_sommer_demateo.jpg", "openstreetmap_id": "way/319354286"}, "geometry": {"type": "Point", "coordinates": ["9.358972", "46.593372"]}}, {"type": "Feature", "properties": {"identifier": "8245386e-80c3-4575-944d-3ae0edbdca62", "name": "Stehcaf\u00e9, B\u00e4ckerei & Konditorei Wagner's Cazis", "description": "<p><span style=\"font-weight: bold;\">Knuspriges aus unserer B\u00e4ckerei </span></p><p>Das B\u00e4ckerhandwerk ist unsere Passion. Wir fertigen Backwaren in einem breiten, attraktiven Sortiment und laufend frisch: Gipfel, Brot und Br\u00f6tchen in gro\u00dfer Vielfalt, W\u00e4hen \u2013 s\u00fc\u00df oder pikant \u2013 und S\u00fcssgeb\u00e4ck in allen Variationen. Alle unsere Spezialit\u00e4ten kreieren wir aus erstklassigen Rohstoffen, m\u00f6glichst von regionalen Lieferanten. </p><p><span style=\"font-weight: bold;\">S\u00fcsses aus unserer Konditorei </span></p><p>Ob saisonale Spezialit\u00e4ten oder au\u00dfergew\u00f6hnliche Tortenkreationen. Im Wagner\u2019s sieht man die Handwerkskunst. Unsere kreative Konditorin widmet sich t\u00e4glich mit Hingabe der Herstellung verschiedener s\u00fc\u00dfer Herrlichkeiten.</p>", "url": "https://wagners7430.ch", "image": "https://viatpimtsoch.sos-ch-dk-2.exoscale-cdn.com/catalog/8/7/6/e/876e68c5c80b35d74085954a57521fb959cc09b5_brot_baeckerei_keyvisual_beispielbild.jpg", "openstreetmap_id": "node/4749010253"}, "geometry": {"type": "Point", "coordinates": ["9.427934", "46.722622"]}}, {"type": "Feature", "properties": {"identifier": "8382e886-60d7-474c-b61b-d291612219be", "name": "Bundy's Bistro", "description": "Bei Bundy's gibt es vielf\u00e4ltigen Speisen und eine entspannte Atmosph\u00e4re. Mit Optionen f\u00fcr Fleischliebhaber und Vegetarier/Veganer bietet das Restaurant f\u00fcr jeden Geschmack etwas. G\u00e4ste k\u00f6nnen drinnen in einer rauchfreien Umgebung speisen oder bei sch\u00f6nem Wetter draussen auf der Terrasse sitzen.", "image": "https://viatpimtsoch.sos-ch-dk-2.exoscale-cdn.com/catalog/9/a/a/0/9aa04a955a71c0c5a853e9431d7c4c0567502dba_thusis_bundys_bistro.jpg", "openstreetmap_id": "node/10717529152"}, "geometry": {"type": "Point", "coordinates": ["9.439853", "46.69793"]}}, {"type": "Feature", "properties": {"identifier": "8437ddd1-afda-47b1-896b-ed2726794d2e", "name": "Schloss Untertagstein", "description": "Das Kulturgut hat viele Besitzerwechselt hinter sich und war immer wieder Drehscheibe der politischen und wirtschaftlichen Entwicklung von Masein. Die Burg ist Heute in Privatbesitz und nicht \u00f6ffentlich zug\u00e4nglich.", "url": "https://www.viamala.ch", "image": "https://viatpimtsoch.sos-ch-dk-2.exoscale-cdn.com/catalog/b/f/8/2/bf82082787dbe85711e986d42ea8ca4056ea84ba_schloss_untertagstein_masein_im_sommer_demateo.com.jpg", "openstreetmap_id": "way/139930352"}, "geometry": {"type": "Point", "coordinates": ["9.432320594787598", "46.7045860043631"]}}, {"type": "Feature", "properties": {"identifier": "857aa727-11bb-4cf8-b031-e1ba0c20d5c0", "name": "Scharans", "description": "<p>Scharans liegt im Domleschg auf rund 760 m \u00fc.M. und z\u00e4hlt rund 790 Einwohner.</p>\n<ul>\n<li><a href=\"https://scharans.ch/\">Website Gemeinde Scharans</a></li>\n<li><a href=\"http://www.hls-dhs-dss.ch/textes/d/D1478.php\">Link zum historischen Lexikon der Schweiz</a></li>\n<li><a href=\"http://shop.graubuenden.ch/Viamala/ukv/?date_unknown=1&amp;doSearch=1&amp;locationIDs[]=TDS00020010346780963&amp;globalReset=1&amp;persistentParameters=1&amp;lang=de\">Unterk\u00fcnfte in Scharans</a></li>\n</ul>", "url": "https://scharans.ch", "image": "https://viatpimtsoch.sos-ch-dk-2.exoscale-cdn.com/catalog/6/f/f/2/6ff24ec73d8b32dae3608aebea3dc4074c69f914_scharans_domleschg_sommer_demateo.com.jpg", "openstreetmap_id": "relation/1684156"}, "geometry": {"type": "Point", "coordinates": ["9.459635", "46.717053"]}}, {"type": "Feature", "properties": {"identifier": "85c45407-789d-47d0-ae6e-fc2a28951b49", "name": "CasaStorica Andeer \u2013 B\u00fchne f\u00fcr Geschichten und Kultur", "description": "<p data-start=\"965\" data-end=\"1336\">Erwin Dirnberger verwandelt die CasaStorica mit viel Leidenschaft in eine Kulturb&uuml;hne: Er schl&uuml;pft in zeitgen&ouml;ssische Rollen, l&auml;sst Figuren auferstehen und macht das Haus selbst zur Kulisse f&uuml;r ein vielschichtiges Programm. Ob auf der Kleinb&uuml;hne, in der heimeligen Stube oder im Dachgeschoss &ndash; jede Ecke des Hauses wird bespielt und tr&auml;gt zur besonderen Atmosph&auml;re bei.</p><p data-start=\"1338\" data-end=\"1667\"><strong data-start=\"1338\" data-end=\"1383\">Ein Haus f&uuml;r Theaterliebhaber und Gruppen</strong><br data-start=\"1383\" data-end=\"1386\">Die CasaStorica ist f&uuml;r Individualbesucher jeweils im Rahmen von <em>Geschichten &amp; Geb&auml;ck</em> ge&ouml;ffnet. Besucher:innen k&ouml;nnen dabei nicht nur in die Szenen eintauchen, sondern auch das authentische Hausambiente mit traditionellem Geb&auml;ck geniessen. Die aktuellen Daten sind im&nbsp;<a href=\"https://viamala.ch/informieren/aktuelles/events.html?view=card&amp;page=1&amp;sorting=date&amp;search=Geb%C3%A4ck\" target=\"_blank\" rel=\"noopener\">Veranstaltungskalender</a> ersichtlich.</p><p data-start=\"1669\" data-end=\"1770\">F&uuml;r Gruppen bietet die CasaStorica von Mai bis Oktober ein vielf&auml;ltiges Programm nach Vereinbarung:</p><ul data-start=\"1771\" data-end=\"2056\"><li data-start=\"1771\" data-end=\"1852\"><p data-start=\"1773\" data-end=\"1852\"><strong data-start=\"1773\" data-end=\"1808\">Szenische Rundg&auml;nge durchs Haus</strong> (viaSpluga-Geschichten, Haus-Geschichten)</p></li><li data-start=\"1853\" data-end=\"1937\"><p data-start=\"1855\" data-end=\"1937\"><strong data-start=\"1855\" data-end=\"1869\">Intermezzi</strong> &ndash; kurze, lebendige B&uuml;hnenst&uuml;cke aus dem Alltag vergangener Zeiten</p></li><li data-start=\"1938\" data-end=\"2056\"><p data-start=\"1940\" data-end=\"2056\"><strong>Auf Wunsch mit Verpflegung </strong>wie der traditionellen &laquo;Marenda pintga&raquo; oder Kaffee und Kuchen in der gem&uuml;tlichen Stube</p></li></ul><p data-start=\"2058\" data-end=\"2137\">Externe Theaterprogramme und spezielle Inszenierungen sind ebenfalls m&ouml;glich.</p><p data-start=\"2357\" data-end=\"2445\">Weitere Informationen und Buchungen findest du direkt auf der <a href=\"https://viamala.ch/erleben/ausflugsziele/museen-ausstellungen/casastorica.html\" target=\"_blank\" rel=\"noopener\">Website der CasaStorica</a>.</p>", "url": "http://www.casa-storica.ch", "image": "https://viatpimtsoch.sos-ch-dk-2.exoscale-cdn.com/catalog/6/2/b/2/62b2ff61a7bff1c2ff5f3c0786d64c1ba6d0f039_casastorica_andeer_schams_sommer_viamala_tourismus.jpg", "openstreetmap_id": "node/12100400726"}, "geometry": {"type": "Point", "coordinates": ["9.427887", "46.600678"]}}, {"type": "Feature", "properties": {"identifier": "85ddd631-aa2e-4320-ad92-554fdbff4b66", "name": "Burgruine Campell", "description": "<!-- ####### HEY, I AM THE SOURCE EDITOR! #########-->\n<p>Der Name von Hof und Schloss stammt von einer r\u00e4toromanischen Flurbezeichnung. Sie bedeutet sch\u00f6nes Feld; Campi ist Dialektabwandlung. Die erste Besitzerin von Campell war die Familie, welche sich nach dem Hof von Campell nannte.</p>\n<p>Im Jahre 1289 erscheint Egeno de Campello in einem bisch\u00f6flichen Eink\u00fcnfteverzeichnis. Er bezahlte eine kirchliche Abgabe von 15 Schilling an die Pfarrei Hoch Rialt f\u00fcr G\u00fcter in Portein und Dalin. Im sp\u00e4ten 14. Jahrhundert waren die Herren von Campell bereits weggezogen oder ausgestorben.</p>\n<p>Zwischen dem 14. Jahrhundert und dem 18. Jahrhundert wechselte die Ruine Campell von bisch\u00f6flichem Besitz zu diversen anderen Besitzern. 1710 \u00fcbernimmt Commissari Silvester Rosenroll von Thusis von den Erben der Margaretha von Schauenstein \u201ealle im Hof Campell habenden G\u00fcter, Geb\u00e4ude was namens solche seyen\u201c f\u00fcr 1050 Rheinische Gulden.</p>\n<p><strong>Baudenkmal von nationaler Bedeutung</strong></p>\n<p>Das Schloss blieb unbewohnt und der Zerfall begann. Von den Rosenroll gelangte Campell als Erbe an die Familie von Salis Sils tauschte 1796 \u201eSchloss und G\u00fcter im Hof Campell Silser territorio gelegen\u201c mit Schreiber Thomas Heinz aus Sils um G\u00fcter in Flerden. Im Jahre 1928 verkaufte die Familie Heinz die Ruine an Dr. Rudolf Campell in Pontresina. Dessen Sohn Dr. Chasper Campell hat 1987 die Ruine in die Stiftung Ruine Campell/Campi eingebracht. In den Jahren 1993, 1996 und 1998 ist die Anlage nach einer vorg\u00e4ngig durch den Arch\u00e4ologischen Dienst und die Kantonale Denkmalpflege durchgef\u00fchrten Bauuntersuchung und Dokumentation nach den neuesten Erkenntnissen konserviert worden. Die Ruine Campell ist als Baudenkmal von nationaler Bedeutung.</p>\n<p>&nbsp;</p>\n<p><strong>Zugang</strong></p>\n<p>Campi liegt am Eingang zur Schinschlucht und ist \u00f6ffentlich zug\u00e4nglich. Erreichbar zu Fuss in ca. 30 min ab&nbsp;<a href=\"https://mybusiness.outdooractive.com/de/r/23419810/\" data-type=\"tour\" data-id=\"23419810\">Burgenweg Domleschg</a>.</p>\n<p><strong>&nbsp;</strong></p>", "url": "https://www.viamala.ch", "image": "https://viatpimtsoch.sos-ch-dk-2.exoscale-cdn.com/catalog/d/d/d/1/ddd1f4a5762817c9f4d00f5bbec489e24fe4ef9b_ruine_campi_campell_sils_im_domleschg_sommer_viamala_tourismus.jpg", "openstreetmap_id": "way/138166238"}, "geometry": {"type": "Point", "coordinates": ["9.471332", "46.700719"]}}, {"type": "Feature", "properties": {"identifier": "85f00ada-b799-45b4-b043-79e27b992b38", "name": "Feuerstelle Andeer", "description": "<p>In der Mitte des Dorfes Andeer l\u00e4uft man ca. 5 Gehminuten auf dem Weg \"viaSpluga\" Richtung Thusis. Direkt nach der Holzbr\u00fccke befindet sich die Feuerstelle am Hinterrhein. Der Rhein ist aufgrund der Str\u00f6mung nicht zum Baden geeignet.</p><p><span style=\"font-weight: bold;\">Ausstattung</span></p><ul><li>1 Feuerstelle</li><li>Rost vorhanden (verstellbarer Glutrost 45x70cm)</li><li>Brennholz vorhanden</li><li>1 Tisch mit Sitzgelegenheiten direkt neben der Feuerstelle (ca. 8 Sitzpl\u00e4tze)</li><li>2 weitere Holztische mit B\u00e4nke, einer davon ist gedeckt (Total ca. 20 Sitzpl\u00e4tze)</li><li>grossz\u00fcgiger Spielplatz</li><li>Brunnen mit Trinkwasser</li><li>Abfallentsorgung vorhanden<br><br></li></ul><p>Bitte allf\u00e4llige Weisungen z.B. bez\u00fcglich <a href=\"https://www.gr.ch/DE/institutionen/verwaltung/diem/awn/aktuelles/Waldbrandgefahr/Seiten/aktuelle_waldbrandgefahr.aspx\" target=\"_blank\">Waldbrandgefahr </a>beachten.</p>", "url": "https://www.viamala.ch", "image": "https://viatpimtsoch.sos-ch-dk-2.exoscale-cdn.com/catalog/2/a/3/9/2a399f9cc5b8e9152ee0076be394320ef175ce3b_Feuerstelle_und_Spielplatz_Andeer.jpg", "openstreetmap_id": "node/12075013619"}, "geometry": {"type": "Point", "coordinates": ["9.421925", "46.602923"]}}, {"type": "Feature", "properties": {"identifier": "86169aa9-f72d-4c94-99cc-af06b2932f05", "name": "Leseb\u00e4nkli Tartar", "description": "Genau das k\u00f6nnen Sie nun\u00a0in der Gemeinde Cazis tun. Bei\u00a0vier idyllisch gelegenen B\u00e4nkli steht eine Kiste bereit. Diese ist gef\u00fcllt mit B\u00fcchern und Zeitschriften f\u00fcr Jung und Alt. Sie sind herzlich eingeladen die B\u00fccher anzuschauen, zu lesen und darin zu schm\u00f6ckern. Falls Sie sich einmal so sehr in ein Buch vertieft haben, dass Sie davon nicht mehr loskommen, leihen Sie es sich f\u00fcr ein paar Tage aus oder kommen Sie einfach wieder zur\u00fcck aufs B\u00e4nkli, zum Weiterlesen.", "url": "https://cazis.ch", "image": "https://viatpimtsoch.sos-ch-dk-2.exoscale-cdn.com/catalog/5/a/b/3/5ab340ca3ed4943114d39ab58bf153aa4685c89b_lesebaenkli_tartar_heinzenberg_viamala_tourismus.jpg", "openstreetmap_id": "node/12097071867"}, "geometry": {"type": "Point", "coordinates": ["9.41512226443615", "46.71542973398972"]}}, {"type": "Feature", "properties": {"identifier": "863285b3-f8f6-4471-886b-c11dd1537670", "name": "Haus Viadi, Caf\u00e9 im Domleschg", "description": "Das Caf\u00e9 im Alters- und Pflegeheim Domleschg bietet am Nachmittag diverse Desserts, Kuchen und Glac\u00e9sorten an. Die&nbsp;K\u00fcche bietet abwechslungsreiche und ausgewogene Mahlzeiten an. Die Zutaten werden, wenn m\u00f6glich frisch aus der Region bezogen. Mittags besteht die Wahl zwischen einem 3-Gang Menu, und verschiedenen Wochenhits. Besucher:innen und G\u00e4ste sind sehr willkommen. Bitte melde dich vorg\u00e4ngig in der Cafeteria an.", "url": "https://www.haus-viadi.ch", "image": "https://viatpimtsoch.sos-ch-dk-2.exoscale-cdn.com/catalog/4/d/2/e/4d2ea21148f119d88c898820d5bf27947d7de007_haus_viadi.jpg", "openstreetmap_id": "way/363351158"}, "geometry": {"type": "Point", "coordinates": ["9.452265501022339", "46.71314199136935"]}}, {"type": "Feature", "properties": {"identifier": "86bea03a-2ffe-4982-bfa0-8e143687ae82", "name": "Wellnessbereich \u00abLa Calma\u00bb", "description": "<p>G\u00f6nnen Sie sich eine Wellness-Auszeit im Wellnessbereich \u00abLa Calma\u00bb \u2013 ein Ort der Ruhe und Gelassenheit im Naturpark Beverin.</p>\n<p>Entspannen Sie sich nach sportlichen Aktivit\u00e4ten im Dampfbad mit lokalem Andeerer Granit, in der Sauna und im Ruheraum mit herrlichem Berg-Panorama ins Val Schons und geniessen Sie die Stille f\u00fcr Ihr \u00abbainesser\u00bb.</p>\n<p>Der Wellnessbereich \u00abLa Calma\u00bb steht den Hotel- wie auch externen G\u00e4sten zur Verf\u00fcgung.</p>\n<p>&nbsp;</p>\n<h4>Kosten</h4>\n<p><strong>Erwachsene/Jugendliche ab 16 Jahren (extern):</strong>&nbsp;CHF 20.00</p>\n<p><strong>10-er Abonnement:</strong>&nbsp;CHF 180.00</p>", "url": "https://www.capricorns.ch", "image": "https://viatpimtsoch.sos-ch-dk-2.exoscale-cdn.com/catalog/9/1/3/a/913a93a1b9c77702a0b18168ea1b960b938cb569_sauna_wellnessbereich_la_calma_capricorns_wergenstein.jpg", "openstreetmap_id": "node/3929077482"}, "geometry": {"type": "Point", "coordinates": ["9.407385438680649", "46.626237473292754"]}}, {"type": "Feature", "properties": {"identifier": "86c45bc0-1f6c-420f-8b20-e0db25b6ba7d", "name": "L\u00fcsch \u00c4lpli Bar", "description": "<p>Geniessen Sie die beliebte Hauswurst, ein warmes Getr\u00e4nke oder diverse K\u00f6stlichkeiten aus unserem Angebot bei wundersch\u00f6ner Aussicht auf den Piz Beverin und die umliegenden Berge. </p><p>Informationen </p><ul><li>H\u00f6he: 1975 m \u00fc. M. </li><li>Erreichbarkeit: Bergbahn Skilift, Skipiste und Winterwanderwege ab Oberurmein/Obergmeind&nbsp;</li><li>Anzahl Sitzpl\u00e4tze: 30 - 100 </li><li>Bedienung: Ja&nbsp;</li><li>\u00dcbernachtungsm\u00f6glichkeit: Nein</li></ul><p><span style=\"font-weight: bold;\"><br></span></p><p><span style=\"font-weight: bold;\">Kontaktadresse</span><span style=\"font-weight: 700;\"><br></span>L\u00fcsch-\u00c4lpli-Bar GmbH <br>Via Danisch 22 <br>7402 Bonaduz</p>", "image": "https://viatpimtsoch.sos-ch-dk-2.exoscale-cdn.com/catalog/7/b/9/9/7b99bae50b2834de5ea394a10ce3881edaae3345_luesch_aelpli_bar_tschappina_winter.jpg", "openstreetmap_id": "node/2408249836"}, "geometry": {"type": "Point", "coordinates": ["9.354036180697108", "46.697475604835844"]}}, {"type": "Feature", "properties": {"identifier": "889e7fcc-3172-494e-876b-b1624b2e3a0f", "name": "Gasthaus Alpina", "description": "In der B\u00fcndner Stube des Gasthaus Alpina wirst du mit regionalen und traditionellen Gerichten verw\u00f6hnt. Sehr beliebt sind die Hausspezialit\u00e4ten wie zum Beispiel Capuns - die B\u00fcndner Spezialit\u00e4t, hausgemachte Schnitzel und Cordon bleus mit verschiedenen F\u00fcllungen vom Schwein, Kalb oder Huhn. Nicht zu vergessen ist das Alp-K\u00e4se-Fondue mit der hauseigenen K\u00e4semischung sowie der Tatarenhut.&nbsp;Im Sommer kannst du auf der Sonnenterrasse die Aussicht in die herrliche Bergwelt mit Blick auf den Hausberg, den Piz Beverin (2998 m) geniessen. Direkt neben der Sonnenterrasse befindet sich der hauseigene Streichelzoo sowie eine kleine Wellness-Oase mit Sauna und Hotpot.", "url": "https://www.gasthaus-alpina.ch", "image": "https://viatpimtsoch.sos-ch-dk-2.exoscale-cdn.com/catalog/1/3/9/6/139641889047b3f6e45398a6fb3c4d87f2cd4d1e_gasthaus_alpina_tschappina_heinzenberg_sommer.jpg", "openstreetmap_id": "node/4728449467"}, "geometry": {"type": "Point", "coordinates": ["9.388483", "46.687774"]}}, {"type": "Feature", "properties": {"identifier": "8a11c2f7-52ac-468d-b333-30e5e8b6c87c", "name": "Pension Edelweiss", "description": "Heimeliges Restaurant in drei S\u00e4\u00e4le unterteilt, ingesamt 90 Sitzpl\u00e4tze. Sonnige Terrasse mit 80 Pl\u00e4tzen. Ideal f\u00fcr Familienfeiern, Carreisen, oder einfach als individueller Gast.", "url": "https://www.avers-juf.ch", "image": "https://viatpimtsoch.sos-ch-dk-2.exoscale-cdn.com/catalog/2/6/7/a/267a275c3f2b467f5438f19a2f4a79d14a049d1e_pension_edelweiss_avers_juf_winter_viamala_tourismus_1.jpg", "openstreetmap_id": "node/9535870773"}, "geometry": {"type": "Point", "coordinates": ["9.57999", "46.44493"]}}, {"type": "Feature", "properties": {"identifier": "8a3bdb6c-ade2-4e0a-909a-fe8462666c19", "name": "Romantisches Wellness- und Genuss-Weekend im Gasthaus Alpina", "description": "<p>Ab 15 Uhr werden die G&auml;ste mit einem Glas Prosecco begr&uuml;sst. Ab 16 Uhr kann das Paar den kleinen Wellness-Bereich exklusiv nutzen. Die <a href=\"https://www.gasthaus-alpina.ch/wellness\" target=\"_blank\" rel=\"noopener\">Fass-Sauna und das Badefass</a> (Hotpot) stehen den G&auml;sten ohne weitere Anwesende zur Verf&uuml;gung. Der neue beheizte Pool (nur in den Sommermonaten) darf auch von anderen G&auml;sten genutzt werden. Als besonderes Highlight wird im Hotpot ein Glas B&uuml;ndner Weisswein und ein Flammkuchen serviert. Ab 19 Uhr werden die G&auml;ste in der B&uuml;ndner Stube mit einem regionalen 4-Gang &Uuml;berraschungsmen&uuml; mit lokalen K&ouml;stlichkeiten verw&ouml;hnt. Nach einer erholsamen Nacht im urgem&uuml;tlichen Doppelzimmer erwartet die G&auml;ste ein reichhaltiges Fr&uuml;hst&uuml;cksbuffet mit vielen regionalen Produkten.<br><br></p><h4>Leistungen</h4><ul><li>&Uuml;bernachtung in einem gem&uuml;tlichen Doppelzimmer</li><li>Ein reichhaltiges Fr&uuml;hst&uuml;cksbuffet mit vielen regionalen Produkten</li><li>Willkommens-C&uuml;pli</li><li>Exklusive Entspannung im <a href=\"https://www.gasthaus-alpina.ch/wellness\">Whirlpool und in der Fasssauna</a></li><li>Ben&uuml;tzung des beheizten Aussenpools (nur in den Sommermonaten)</li><li>Miete von Badem&auml;nteln und Hausschuhen</li><li>B&uuml;ndner Weisswein &amp; Flammkuchen im Hotpot</li><li>4-Gang-&Uuml;berraschungsmen&uuml; am Abend</li><li>Freier Eintritt in den Streichelzoo</li><li>Kostenloses WLAN im ganzen Haus</li><li>Kostenlose Parkpl&auml;tze</li></ul>", "url": "https://www.gasthaus-alpina.ch", "image": "https://viatpimtsoch.sos-ch-dk-2.exoscale-cdn.com/catalog/9/3/4/b/934b0616bcf066d074896b7b0261a280f8166ccc_Romantisches_Wellness__und_Genuss_Weekend_im_Gasthaus_Alpina.jpg"}, "geometry": {"type": "Point", "coordinates": ["9.3884838", "46.6877507"]}}, {"type": "Feature", "properties": {"identifier": "8a86a92e-09af-4fda-bb48-d5acaba835c5", "name": "Berghotel Sterna", "description": "<p>Zimmer mit Sternguckfenster und Bad, einfache Zimmer mit Etagendusche-/WC, grossartige Sicht auf die B&uuml;ndner Bergwelt, Sauna und Alpenbad.</p><p>Schneeschuhe und Schlitten zum Ausleihen, Hunde nach Absprache m&ouml;glich. Teilnahme an Aktivit&auml;ten wie Yoga oder Joggen je nach Angebot m&ouml;glich. Im Winter gratis Shuttlebus zum Skigebiet und gratis Pinocchio-Kinderskilift direkt beim Haus.</p>", "url": "https://www.berghotelsterna.ch/kueche", "image": "https://viatpimtsoch.sos-ch-dk-2.exoscale-cdn.com/catalog/e/b/0/e/eb0e73a7fc53eee16ad4cdbb02a2483939a0abfd_PHOTO_2025_08_01_23_02_10.jpg", "openstreetmap_id": "node/12188226897"}, "geometry": {"type": "Point", "coordinates": ["9.435782", "46.795563"]}}, {"type": "Feature", "properties": {"identifier": "8b68d74a-f910-45cb-a5a2-0c8ea49b91d6", "name": "Feuerstelle Trieg", "description": "<p>Die Feuerstelle ist ab dem Bahnhof Rothenbrunnen in ca. 1:10h Wanderzeit erreichbar. Als Alternative kann man direkt zur Feuerstelle mit dem Auto fahren. Hierf\u00fcr wird eine Bewilligung ben\u00f6tigt.</p><p><span style=\"font-weight: bold;\">Ausstattung</span></p><ul><li>1 Feuerstelle</li><li>Rost vorhanden</li><li>Brennholz vorhanden</li><li>2 Tische und 4 B\u00e4nke</li><li>Brunnen<br></li></ul><p><br>Bitte allf\u00e4llige Weisungen z.B. bez\u00fcglich <a href=\"https://www.gr.ch/DE/institutionen/verwaltung/diem/awn/aktuelles/Waldbrandgefahr/Seiten/aktuelle_waldbrandgefahr.aspx\" target=\"_blank\">Waldbrandgefahr </a>beachten.</p>", "url": "https://www.viamala.ch", "image": "https://viatpimtsoch.sos-ch-dk-2.exoscale-cdn.com/catalog/e/4/5/9/e459895ff95404e621dbbce9409feb4d8b6acd05_Feuerstelle_Trieg_Pr__z.jpg", "openstreetmap_id": "node/12075033663"}, "geometry": {"type": "Point", "coordinates": ["9.409393069968019", "46.76320004718704"]}}, {"type": "Feature", "properties": {"identifier": "8d0a3ae5-51f8-48f0-a4ff-0911eeaf5190", "name": "Herbie Taxi Reisen", "description": "Herbie Taxi Reisen ist eine verl\u00e4ssliche und erfahrene Wahl f\u00fcr alle Transportbed\u00fcrfnisse. Ob Sie regelm\u00e4ssige Sch\u00fclerfahrten, gelegentliche Transfers oder eine grosse Gruppenreise planen, hier finden Sie massgeschneiderte L\u00f6sungen. Mit \u00fcber 20 Jahren Erfahrung gew\u00e4hrleistet Herbert Michael h\u00f6chste Zuverl\u00e4ssigkeit und Komfort. Das Unternehmen bietet flexible Dienstleistungen zu fairen Preisen an, sei es f\u00fcr den Personentransport, kleinere Transporte oder als privater Chauffeur f\u00fcr Gesch\u00e4ftsausfl\u00fcge. Herbert Michaels Taxi ist Ihr vertrauensw\u00fcrdiger Partner f\u00fcr eine sichere und angenehme Reiseerfahrung.", "url": "https://www.herbie.gr", "image": "https://viatpimtsoch.sos-ch-dk-2.exoscale-cdn.com/catalog/0/7/5/e/075ec3560a1e3d0da93cd050b910462e700fa5c6_herbert_michael_personentransport_herbie_donat_schamserberg_sommer_viamala_tourismus.jpg", "openstreetmap_id": "node/12121761593"}, "geometry": {"type": "Point", "coordinates": ["9.429622", "46.629065"]}}, {"type": "Feature", "properties": {"identifier": "8d5ce6eb-2efd-4b1d-8f47-fb379ca1e649", "name": "Avalanche Training Center Avers-Juf", "description": "<p>Es ist absolut wichtig, durch umsichtiges Verhalten einen Lawinenabgang zu vermeiden, sollte es dennoch geschehen, geht es bei der Rettung um Minuten!</p>\n<p>Das&nbsp;ATC Avalanche Training Center&nbsp;ist eine station\u00e4re Anlage zur \u00dcbung der Lawinenversch\u00fctteten-Suche&nbsp;mit LVS-Ger\u00e4ten und Lawinensonden. Sie erm\u00f6glicht die Handhabung der Notfallausr\u00fcstung unter nahezu realistischen Bedingungen zu trainieren.</p>\n<p>Die Anlage ist w\u00e4hrend der Wintersaison in Betrieb.</p>\n<p><strong>Die Anlage befindet sich direkt beim Parkplatz (Ortseinfahrt Avers-Juf) auf der linken Seite.</strong></p>", "url": "https://www.viamala.ch", "image": "https://viatpimtsoch.sos-ch-dk-2.exoscale-cdn.com/catalog/9/f/6/7/9f674118c9ba76f1d20de7950c40f883bc646576_avalanche_training_center_atc_avers_juf_viamala_tourismus.jpg", "openstreetmap_id": "node/12120219019"}, "geometry": {"type": "Point", "coordinates": ["9.576516151428223", "46.44665466373725"]}}, {"type": "Feature", "properties": {"identifier": "8d7dc6b2-fa67-444f-a6f4-a3704430efa1", "name": "Wellness-Auszeit im Hotel Capricorns in Wergenstein", "description": "<h3>Leistungen</h3><ul><li>2 &Uuml;bernachtungen im Doppelzimmer Piz Grisch im&nbsp;<a href=\"https://capricorns.ch/\" target=\"_blank\" rel=\"noopener\">Hotel Capricorns in Wergenstein</a></li><li>Willkommensc&uuml;pli</li><li>Genussvolles 4-Gang Znacht (exkl. Getr&auml;nke)</li><li>Reichhaltiges und regionales Zmorge-Buffet</li><li>1 Eintritt ins&nbsp;<a href=\"https://mineralbad-andeer.ch/\" target=\"_blank\" rel=\"noopener\">Mineralbad Andeer</a></li><li>Naturpark-Severin Ganzk&ouml;rper-Massage im Mineralbad Andeer (auf Anmeldung)</li><li>Wellnessbereich &laquo;La Calma&raquo; zur freien Nutzung</li><li>Capricorns Wellnessgeschenk</li><li>WLAN</li><li>Aussenparkplatz</li></ul>", "url": "https://capricorns.ch/", "image": "https://viatpimtsoch.sos-ch-dk-2.exoscale-cdn.com/catalog/1/0/4/e/104e28883e16a33557529e0fed5d93751ca7afe0_sauna_wellnessbereich_la_calma_capricorns_wergenstein.jpg"}, "geometry": {"type": "Point", "coordinates": ["9.4075071", "46.6262957"]}}, {"type": "Feature", "properties": {"identifier": "8db01510-2f42-463c-9027-e75ccfcaa74b", "name": "Spl\u00fcgen", "description": "<p>Das Passdorf Spl&uuml;gen liegt 1&rsquo;458 m &uuml;.M. und z&auml;hlt rund 420 Einwohner. Seit 1. Januar 2019 bildet Spl&uuml;gen mit Hinterrhein, Nufenen und Medels die Gemeinde Rheinwald.</p><ul><li><a href=\"https://www.rheinwald.ch/\">Website Gemeinde Rheinwald</a></li><li><a href=\"http://www.hls-dhs-dss.ch/textes/d/D1499.php\">Link zum historischen Lexikon der Schweiz</a></li><li><a href=\"http://shop.graubuenden.ch/Viamala/ukv/?date_unknown=1&amp;doSearch=1&amp;locationIDs[]=TDS00020010346785325&amp;globalReset=1&amp;persistentParameters=1&amp;lang=de\">Unterk&uuml;nfte in Spl&uuml;gen</a></li><li><a href=\"https://viamala.ch/architekturfuehrer.html\">Architekturrundgang Spl&uuml;gen</a></li></ul><p><strong>&nbsp;</strong></p><p><strong>UN Best Tourism Village 2024</strong><br>UNWTO hat im Rahmen ihrer Initiative &laquo;Best Tourism Village&raquo; zum vierten Mal Tourismusd&ouml;rfer auf der Welt gesucht, die sich auf besonders nachhaltige und innovative Weise entwickeln, ohne dabei die lokale Kultur, Natur und die Bev&ouml;lkerung zu vergessen. Bewerben konnten sich D&ouml;rfer in l&auml;ndlichen Gegenden, bei denen traditionelle T&auml;tigkeiten wie Land- und Forstwirtschaft pr&auml;gend sind.</p><p>Spl&uuml;gen und&nbsp;Romoos im Entlebuch &uuml;berzeugten die Jury der UN Tourism mit ihrer starken Ausrichtung auf die nachhaltige Entwicklung des Tourismus vor Ort und verschiedenen Initiativen zur Bewahrung, F&ouml;rderung und touristischen Inwertsetzung des kulturellen Erbes.</p><ul><li><a href=\"https://viamala.ch/de/informieren/aktuelles/news/blog/splugen-erhalt-auszeichnung-zum-un-best-tourism-village-2024-137ef47e-7e78-47eb-b7dc-34b433814fb8.html\">Mehr erfahren</a></li></ul>", "url": "https://www.rheinwald.ch", "image": "https://viatpimtsoch.sos-ch-dk-2.exoscale-cdn.com/catalog/4/1/8/5/41850d998be28e52047e781da5cc5843f3df80b3_spluegen_dorf_rheinwald_sommer_marco_hartmann.jpg", "openstreetmap_id": "node/4429008093"}, "geometry": {"type": "Point", "coordinates": ["9.321705", "46.554118"]}}, {"type": "Feature", "properties": {"identifier": "8ed2b40e-3961-4889-82e3-1ed66996dc1e", "name": "Bus alpin Beverin", "description": "<p>Die Moorlandschaft von nationaler Bedeutung rund um den Lai Grand l\u00e4dt zum Verweilen ein. Eine Wanderung f\u00fchrt von der Tguma \u00fcber die Alp Tumpriv zum Piz Beverin mit atemberaubender Aussicht. M\u00f6glich sind auch \u00dcberquerungen ins Safiental, nach Sufers oder an den Heinzenberg. Von der Tguma erreicht man ebenfalls die einzige und einzigartige Cufercalh\u00fctte (SAC) des Naturparks.</p>\n<p>Gruppen ab 6 Personen und Fahrr\u00e4der mit obligatorischer Anmeldung; weitere Fahrten zu Spezialtarif. Tel. Herbert Michael Transporte:&nbsp;<a href=\"tel:+41792421390\">+41 79 242 13 90</a>.</p>", "url": "https://busalpin.ch/regionen/beverin/sommer", "image": "https://viatpimtsoch.sos-ch-dk-2.exoscale-cdn.com/catalog/e/7/9/a/e79afbb4c90eac06205b29edf288b6666999af5e_bus_alpin_beverin__1_.jpg", "openstreetmap_id": "node/3968279121"}, "geometry": {"type": "Point", "coordinates": ["9.407971501350405", "46.62657806156046"]}}, {"type": "Feature", "properties": {"identifier": "8f2099db-4bd7-4bbe-ae75-4eb6baec9496", "name": "Gilli's Museum", "description": "<p>Einige Gegenst&auml;nde befl&uuml;geln die Fantasie und erinnern an das Leben in fr&uuml;heren Zeiten. Wie z.B. der Rollstuhl der Urgrossmutter, welcher an die Heidi-Verfilmung erinnert. Die Alpszenen der neuesten Verfilmung entstanden im Sommer 2014 oberhalb von Sufers.</p>", "image": "https://viatpimtsoch.sos-ch-dk-2.exoscale-cdn.com/catalog/c/9/6/5/c96575a190baf831ce7a6d520fd82d4c1c67b9b2_gilli_s_museum_ausstellung_demateo.jpg", "openstreetmap_id": "node/12100419485"}, "geometry": {"type": "Point", "coordinates": ["9.36807632446289", "46.57089125492068"]}}, {"type": "Feature", "properties": {"identifier": "8fe8af26-2f0d-4d06-b520-ec17eec25591", "name": "St. Antoniuskirche Mathon", "description": "Die heute sichtbaren Ruinen der Kirchenruine St. Antonius stammen aus dem Beginn des 13. Jahrhunderts. Anl\u00e4sslich einer Grabung im Jahr 1956 wurde eine halbrunde&nbsp;Apsis&nbsp;aus sp\u00e4tkarolingischer Zeit freigelegt, die bis zum Chor des Nachfolgerbaus reichte. Die zahlreich gefundenen Fragmente vorromanischer und romanischer Zeit werden heute im Depot des&nbsp;R\u00e4tischen Museums&nbsp;aufbewahrt. <br>Die Kirche&nbsp;wurde in den 80er-Jahren des letzten Jahrhunderts vor dem totalen Verfall bewahrt. Seither k\u00f6nnen hier im Sommer wieder wunderbare Hochzeiten gefeiert werden.", "url": "https://www.viamala.ch", "image": "https://viatpimtsoch.sos-ch-dk-2.exoscale-cdn.com/catalog/0/0/c/6/00c69c932ab0ebe3444811f5741d87514b1022f1_mathon_schamserberg_kirchen_st_antoniuskirche_fruehling_sommer_demateo.com.jpg", "openstreetmap_id": "way/319798295"}, "geometry": {"type": "Point", "coordinates": ["9.417115", "46.635981"]}}, {"type": "Feature", "properties": {"identifier": "901f82c2-8073-4561-82ff-f8341631c2be", "name": "S\u00e4umerweg Avers via Cr\u00f6t", "description": "<h3>Leistungen</h3><ul><li>5 &Uuml;bernachtungen im Doppelzimmer mit Fr&uuml;hst&uuml;ck</li><li>4 Lunchpakete</li><li>An- und Abreise mit den &ouml;ffentlichen Verkehrsmitteln (Schweiz)</li><li>Gep&auml;cktransport von Hotel zu Hotel</li><li>G&auml;stekarte<ul><li>Freie Fahrt mit dem &ouml;ffentlichen Verkehr in der Region Viamala bis Chiavenna (IT)</li><li>Zutritt zu verschiedenen Erlebnissen entlang des S&auml;umerwegs Avers</li></ul></li><li>Soglio-Produkt \"Valser-Balsam\"</li></ul><p><a href=\"https://viamala.ch/files/websites/viamala.ch/objects/prospekte-artikel/verschiedenes/2026_Vertrags-%20und%20Reisebedingungen_S%C3%A4umerweg%20Avers.pdf\" target=\"_blank\" rel=\"noopener\">Vertrags- und Reisebedingungen</a><br><br></p><h3>Programm</h3><p><strong>1. Tag:&nbsp;</strong>Individuelle Anreise nach Thusis&nbsp;</p><p><strong>2. Tag:</strong> Wanderung Thusis &ndash; Andeer</p><p><strong>3. Tag:&nbsp;</strong>Wanderung Andeer &ndash; Cr&ouml;t</p><p><strong>4. Tag:&nbsp;</strong>Wanderung Cr&ouml;t &ndash; Soglio</p><p><strong>5. Tag:</strong> Wanderung Soglio &ndash; Chiavenna</p><p><strong>6. Tag:</strong> Individuelle R&uuml;ckreise via Spl&uuml;genpass</p><p>&nbsp;</p><h3>Gep&auml;cktransport</h3><p>Ihr Gep&auml;ck (max. 15kg) wird von Thusis bis Chiavenna mit einem Unternehmen transportiert. Von Cr&ouml;t wird es direkt nach Chiavenna transportiert. F&uuml;r die Pass&uuml;berquerung, den Aufenthalt in Soglio und die Wanderung nach Chiavenna packen Sie bitte das Notwendige in Ihren Tagesrucksack (Ersatzw&auml;sche, K&ouml;rperpflege, Medikamente und Zahnb&uuml;rste).</p><p>&nbsp;</p><h3>Individuell</h3><p>M&ouml;chtest du ein abgebildetes Pauschalarrangement individuell anpassen? Gerne k&ouml;nnen wir auf verschiedenste W&uuml;nsche eingehen und das Angebot verl&auml;ngern oder verk&uuml;rzen, einen Ruhetag einplanen, nur eine Teilstrecke buchen oder Leistungen weglassen oder erg&auml;nzen.</p><p>Wir beraten dich gerne und stellen dir ein individuelles Arrangement zusammen.</p><p>&nbsp;</p><h3>R&uuml;ckreise von Chiavenna</h3><p>Die R&uuml;ckreise von Chiavenna &uuml;ber den Spl&uuml;genpass nach Thusis ist bereits in der G&auml;stekarte Via Mia Pass unter &laquo;Viamala Mobil&raquo; enthalten und muss nicht separat gebucht werden.<br>Die Heimreise ab Thusis mit den &ouml;ffentlichen Verkehrsmitteln ist inbegriffen. Von dort reist du bequem und kostenlos mit dem &ouml;ffentlichen Verkehr in der ganzen Schweiz zur&uuml;ck nach Hause.</p><p>&nbsp;</p><h3>Preise &amp; G&uuml;ltigkeit</h3><ul><li><strong>Preis pro Person:</strong> ab CHF 790.00</li><li><strong>G&uuml;ltigkeit: </strong>Anfang/Mitte Juli bis Mitte Oktober (je nach Schneeverh&auml;ltnissen)</li></ul><p>&nbsp;</p><p><strong>Kindererm&auml;ssigung</strong></p><p>Kinder bis und mit 11 Jahre im Elternzimmer erhalten 30 % Erm&auml;ssigung.</p><p>&nbsp;</p><p><strong>Optionen</strong></p><ul><li>Halbpension</li><li>Einzelzimmer</li><li>Zusatzn&auml;chte</li></ul><p>&nbsp;</p><p><strong>Vorausbuchungsfrist</strong></p><p>Das Arrangement kann bis sp&auml;testens 4 Arbeitstage (Mo-Sa) vor Anreise bei uns gebucht werden, sofern noch Zimmer verf&uuml;gbar sind. Wir empfehlen eine <strong>kurzfristige</strong> Reservation, da eine <strong>stabile Wetterlage</strong> Voraussetzung f&uuml;r die Tour ist.</p>", "url": "https://www.viamala.ch/", "image": "https://viatpimtsoch.sos-ch-dk-2.exoscale-cdn.com/catalog/2/b/2/7/2b27cb1b403bb928025ae76a7bb556fd4541c5c1_Alte_Averserstrasse.JPEG"}, "geometry": {"type": "Point", "coordinates": ["9.439653754234316", "46.695767424751956"]}}, {"type": "Feature", "properties": {"identifier": "903bcc4e-9ed0-4dd3-8ae0-0c410f3b8451", "name": "Schmelzi Ausserferrera", "description": "<!-- ####### HEY, I AM THE SOURCE EDITOR! #########-->\n<p>\u00dcber Jahrhunderte verhalfen Rohstoffe wie Eisen und Erz dem Ferrera- und Schamsertal zu einem gewissen Wohlstand. Heute sind die Minen stillgelegt.&nbsp;Die&nbsp;Zeitzeugen&nbsp;sind aber heute noch sichtbar.</p>\n<p>Der&nbsp;<a href=\"https://www.erzminen-hinterrhein.ch\">Verein Erzminen</a>&nbsp;Hinterrhein sorgt daf\u00fcr, dass diese Zeitzeugen im&nbsp;<a href=\"https://www.viamala.ch/de/ausflugsziele/bergbaumuseum-innerferrera\">Bergbaumuseum</a>&nbsp;in Innerferrera und auf&nbsp;<a href=\"https://www.erzminen-hinterrhein.ch/f%C3%BChrungen/\">gef\u00fchrten Exkursionen</a>&nbsp;wieder entdeckt werden k\u00f6nnen.</p>\n<p><strong>&nbsp;</strong></p>", "url": "https://www.viamala.ch", "image": "https://viatpimtsoch.sos-ch-dk-2.exoscale-cdn.com/catalog/e/2/0/b/e20bdcc64944f33f2f204dec161e5979ba747eaf_schmelzi_ausserferrera.jpg", "openstreetmap_id": "way/1301321462"}, "geometry": {"type": "Point", "coordinates": ["9.439052939414978", "46.570150001184906"]}}, {"type": "Feature", "properties": {"identifier": "909d9961-e5ab-4ca0-9417-0cae7a590293", "name": "Feuerstelle Burgruine Cagliatscha", "description": "<p>Die Feuerstelle ist von Clugin aus \u00fcber einen Wanderweg in gut 30 Minuten problemlos erreichbar.&nbsp; Folgen Sie der Wanderweg Signalisation&nbsp;Richtung \"Ruina Cagliatscha\".</p><p><span style=\"font-weight: bold;\">Ausstattung</span></p><ul><li>1 Feuerstelle</li><li>Rost vorhanden (verstellbaren Glutrost 45x70cm)</li><li>2 Tische mit B\u00e4nke (18 Sitzpl\u00e4tze)</li><li>Brennholz vorhanden</li><li>Brunnen mit Trinkwasser vorhanden</li><li>Abfallentsorgung vorhanden<br><br></li></ul><p>Bitte allf\u00e4llige Weisungen z.B. bez\u00fcglich <a href=\"https://www.gr.ch/DE/institutionen/verwaltung/diem/awn/aktuelles/Waldbrandgefahr/Seiten/aktuelle_waldbrandgefahr.aspx\" target=\"_blank\">Waldbrandgefahr </a>beachten.</p>", "url": "https://www.viamala.ch", "image": "https://viatpimtsoch.sos-ch-dk-2.exoscale-cdn.com/catalog/6/b/f/b/6bfb7202abaa5a06203037fb496dbbc7ee81a80f_Feuerstelle_Burgruine_Cagliatscha_Clugin.jpg", "openstreetmap_id": "node/4027345697"}, "geometry": {"type": "Point", "coordinates": ["9.422066", "46.613691"]}}, {"type": "Feature", "properties": {"identifier": "91b6dd82-1cce-425a-827c-8d8b87d3bc3c", "name": "G\u00e4steinformation Viamala, Infostelle Zillis", "url": "https://www.viamala.ch", "image": "https://viatpimtsoch.sos-ch-dk-2.exoscale-cdn.com/catalog/a/5/3/3/a5332f8fd75ad27e8a58ee8a7f375d2676a495c4_zillis_dorf.jpg", "openstreetmap_id": "node/4620754933"}, "geometry": {"type": "Point", "coordinates": ["9.445457", "46.634904"]}}, {"type": "Feature", "properties": {"identifier": "92134345-10e6-4e03-8dff-b5c681f502d6", "name": "Thusis", "description": "<p>Thusis liegt am n\u00f6rdlichen Eingang zur Viamala-Schlucht am Fusse des Heinzenbergs auf 720 m \u00fc.M.. Seit 1.1.2018 z\u00e4hlt auch Mutten zur Gemeinde. Thusis z\u00e4hlt rund 3'200 Einwohner.</p>\n<ul>\n<li><a href=\"https://thusis.ch/\">Website Gemeinde Thusis</a></li>\n<li><a href=\"http://www.hls-dhs-dss.ch/textes/d/D1492.php\">Link zum historischen Lexikon der Schweiz</a></li>\n<li><a href=\"http://shop.graubuenden.ch/Viamala/ukv/?date_unknown=1&amp;doSearch=1&amp;locationIDs[]=WBX00020010000145701&amp;globalReset=1&amp;persistentParameters=1&amp;lang=de\">Unterk\u00fcnfte in Thusis</a></li>\n</ul>", "url": "https://thusis.ch", "image": "https://viatpimtsoch.sos-ch-dk-2.exoscale-cdn.com/catalog/e/a/b/1/eab1f4cc45cf24e5dd0d008e9aee7ea44b5be402_thusis_dorf_nolla_alter_dorfteil_viamala_demateo.com.jpg", "openstreetmap_id": "relation/1684187"}, "geometry": {"type": "Point", "coordinates": ["9.437736", "46.694178"]}}, {"type": "Feature", "properties": {"identifier": "923327ac-ba1f-49d8-9fe9-61b352a1aa5e", "name": "Klettergarten Lai Grand", "description": "<h4>Einrichtung</h4>\n<p>Die Einrichtung des Klettergartens erfolgte im Sommer/Herbst 2024 durch Roman Dolf und seine Kinder Lea und Jann.</p>\n<ul>\n<li><strong>Anzahl Routen:</strong> 9</li>\n<li><strong>Routenl\u00e4nge:</strong> 10 m, eine Route 15 m.</li>\n<li><strong>Schwierigkeit:</strong> 4b-6a</li>\n<li><strong>Gestein:</strong> sehr rauer und griffiger Kalkstein</li>\n</ul>\n<p>&nbsp;</p>\n<h4>Beste Jahreszeit / Ausrichtung</h4>\n<p>Juni bis Oktober, sobald und solange die Strasse zur Tguma offen ist. Fast rundherum alle Expositionen.&nbsp;</p>\n<ul>\n<li><a href=\"https://sacpizplatta.ch/uploads/files/klettergarten-lai-grand-beschrieb.pdf\" target=\"_blank\">Weitere Informationen</a></li>\n<li><a href=\"https://sacpizplatta.ch/uploads/files/topo-klettergarten-lai-grand.pdf\" target=\"_blank\">Informationen Topo</a></li>\n</ul>\n<p>&nbsp;</p>\n<h4>Gastronomie / Unterkunft in der N\u00e4he</h4>\n<ul>\n<li><a href=\"https://viamala.ch/de/buchen/unterkuenfte/agrotourismus/alp-nurdagn.html\" target=\"_blank\">Alp Nurdagn </a></li>\n<li><a href=\"https://viamala.ch/de/map/poi/cufercalhutte-sac-8236de76-f2d8-4aa5-9c26-7e7da15c70c7.html\" target=\"_blank\">Cufercalh\u00fctte SAC</a></li>\n</ul>", "url": "https://sacpizplatta.ch/DE/home.html", "image": "https://viatpimtsoch.sos-ch-dk-2.exoscale-cdn.com/catalog/9/7/7/9/9779f3b9a0975f52ff85dd7efb6107682a2202f5_lai_grand_klettergarten_felsen.jpg", "openstreetmap_id": "way/319356458"}, "geometry": {"type": "Point", "coordinates": ["9.3295555", "46.6073002"]}}, {"type": "Feature", "properties": {"identifier": "92f5c543-cfa3-4d59-915a-e6b6ef62ecd4", "name": "Center da Capricorns", "description": "Ebenfalls im Center da Capricorns einquartiert hat sich die Gesch\u00e4ftsstelle des <a href=\"https://www.naturpark-beverin.ch/\" target=\"_blank\">Naturparks Beverin</a>, eines regionalen Parks von nationaler Bedeutung. Der 412 km2 grosse Naturpark rund um den Piz Beverin umfasst vier T\u00e4ler \u2013 eine raue Landschaft, gepr\u00e4gt von Abgeschiedenheit und Ruhe \u2013 und ist die Heimat einer der gr\u00f6ssten Steinbockkolonien der Alpen. Eine Ausstellung in der Gesch\u00e4ftsstelle bietet Informationen zum Naturpark und zum Steinbock. Das Center da Capricorns beheimatet zudem die Forschungsgruppe Tourismus und Nachhaltige Entwicklung der ZHAW (Z\u00fcrcher Hochschule f\u00fcr Angewandte Wissenschaften). Die B\u00fcndner Aussenstelle des Bildungsinstituts aus W\u00e4denswil konzipiert und leitet schweizweit Dienstleistungs- und Forschungsprojekte, deren Ziel es ist, den l\u00e4ndlichen Raum zu beleben, Plattformen f\u00fcr Austausch, Kooperation und Innovation zu schaffen und Impulse f\u00fcr eine nachhaltige Entwicklung zu setzen. Zudem befindet sich die Gesch\u00e4ftsstelle von&nbsp;dem Trailrunning-Kompetenz-Zenrum&nbsp;<a href=\"https://zenit.run/\" target=\"_blank\">zenit.run</a>&nbsp;im Geb\u00e4ude. F\u00fcr Naturliebhaber ist das <a href=\"https://capricorns.ch/de/\" target=\"_blank\">Center da Capricorns</a> ausserdem Ausgangspunkt verschiedenster Wanderungen und unterh\u00e4lt Angebote wie Wildbeobachtungen oder Kristallsuchen.&nbsp;", "url": "https://www.viamala.ch", "image": "https://viatpimtsoch.sos-ch-dk-2.exoscale-cdn.com/catalog/e/e/c/2/eec2e526b91a607d911094016e882cc88df5762e_center_da_capricorn_wergenstein_sommer_frank_bruederli.jpg", "openstreetmap_id": "way/329763056"}, "geometry": {"type": "Point", "coordinates": ["9.40741628408432", "46.62635694540715"]}}, {"type": "Feature", "properties": {"identifier": "945a8737-2355-4278-ba3d-f1318d9c17b8", "name": "B\u00fccherkiste Avers", "description": "<p>Von Krimis \u00fcber Romane, Geschichtsb\u00fcchern \u00fcber die Region bis hin zu Kinderb\u00fcchern. Alles was das Leserherz begehrt finden Sie in der neuen B\u00fccherkiste am Wanderweg.</p>\n<p>Leihen Sie sich ein Buch f\u00fcr eine Pause auf der Holzbank aus und geniessen Sie die Aussicht mit einer spannenden Geschichte.</p>\n<p>Die B\u00fccherkiste ist bis ca. Ende September (bei trockenem Wetter auch etwas l\u00e4nger...) zug\u00e4nglich.</p>", "url": "http://www.viamala.ch", "image": "https://viatpimtsoch.sos-ch-dk-2.exoscale-cdn.com/catalog/7/b/8/4/7b84f38cf0eb5045b92d83c14ccc4aef138d508b_buecherkiste_avers.jpg", "openstreetmap_id": "node/3093065891"}, "geometry": {"type": "Point", "coordinates": ["9.558587497884787", "46.446876437866706"]}}, {"type": "Feature", "properties": {"identifier": "94d22d5b-9b7a-4f9e-a658-86fcccdb5de4", "name": "Spielplatz Paspels Cureia", "description": "<p><strong>Ausstattung:</strong></p>\n<ul>\n<li>Abfallentsorgung</li>\n<li>Spielturm mit Rutsche und Kletternetz</li>\n<li>Nestschaukel</li>\n<li>Schaukel und Korbschaukel</li>\n<li>Rutsche</li>\n<li>R&ouml;hre</li>\n<li>Spielturm mit Wasserspiel</li>\n<li>Holz Auto</li>\n<li>Sitzgruppe/Bank</li>\n</ul>", "url": "https://www.viamala.ch", "image": "https://viatpimtsoch.sos-ch-dk-2.exoscale-cdn.com/catalog/c/6/3/b/c63b4f697547d6a0312d63bec6d54dd45bb6b39d_spielplatz_paspels_cureia.jpg", "openstreetmap_id": "node/12075137495"}, "geometry": {"type": "Point", "coordinates": ["9.44252", "46.749895"]}}, {"type": "Feature", "properties": {"identifier": "964ce5f5-0a39-4253-bf89-cc11eed2f6c5", "name": "Feuerstelle Tgometta", "description": "<p>Die Feuerstelle ist ab Lescha in weniger als 15 Minuten zu Fuss erreichbar.</p><p><span style=\"font-weight: bold;\">Ausstattung</span></p><ul><li>1 Feuerstelle</li><li>Grillrost vorhanden</li><li>Brennholz vorhanden</li><li>1 Tisch und 3 B\u00e4nke</li><li>der Platz ist eingez\u00e4unt<br><br></li></ul><p>Bitte allf\u00e4llige Weisungen z.B. bez\u00fcglich <a href=\"https://www.gr.ch/DE/institutionen/verwaltung/diem/awn/aktuelles/Waldbrandgefahr/Seiten/aktuelle_waldbrandgefahr.aspx\" target=\"_blank\">Waldbrandgefahr </a>beachten.</p>", "url": "https://www.viamala.ch", "image": "https://viatpimtsoch.sos-ch-dk-2.exoscale-cdn.com/catalog/6/8/3/a/683a90b49815bc38d411846623ae60affaf5183e_Feuerstelle_Beispielbild.jpg", "openstreetmap_id": "node/12075017765"}, "geometry": {"type": "Point", "coordinates": ["9.402966505500672", "46.72950714675161"]}}, {"type": "Feature", "properties": {"identifier": "9695a547-d1b2-4e60-8d07-6b6d0e07be62", "name": "Biohof Taratsch \u2013 Lise Louise Laden", "description": "<p>Zwei einladende Sitzgelegenheiten stehen zur Verf&uuml;gung, um das traditionelle Konzept der \"Marenda\" zu erleben - eine genussvolle Mahlzeit, die man sich im Freien g&ouml;nnt. Der Hofladen legt grossen Wert auf Authentizit&auml;t und Regionalit&auml;t, und das spiegelt sich nicht nur in der Lage, sondern auch im Angebot wider.</p>\n<p>Tauche ein in die Welt von Rebecca Clopath's K&uuml;che, die f&uuml;r ihre handgemachten K&ouml;stlichkeiten bekannt ist. Hier finden Sie eine Vielfalt an hausgemachten Produkten wie Konfit&uuml;ren, Senf, Chutneys und mehr. Die Liebe zum Detail und die sorgf&auml;ltige Zubereitung verleihen diesen Spezialit&auml;ten einen unverwechselbaren Geschmack.</p>\n<p>F&uuml;r Liebhaber von hochwertigen Fleischprodukten gibt es eine Auswahl an Bio-Frischfleisch, herzhaften W&uuml;rsten und k&ouml;stlichem K&auml;se. Die Produkte stammen direkt vom Hof und sind von bester Qualit&auml;t. Beim Einkauf stehen Ihnen verschiedene Zahlungsm&ouml;glichkeiten zur Verf&uuml;gung &ndash; sei es klassisch in bar oder modern und bequem mit Twint.</p>\n<p>Dieser Hofladen ist nicht nur ein Ort des Einkaufens, sondern auch des Verweilens und Geniessens. Entdecken Sie Frische der l&auml;ndlichen K&uuml;che und erleben Sie die herzliche Gastfreundschaft dieses einzigartigen Hofladens, der rund um die Uhr f&uuml;r Sie ge&ouml;ffnet ist.</p>", "url": "https://rebecca-clopath.ch/", "image": "https://viatpimtsoch.sos-ch-dk-2.exoscale-cdn.com/catalog/5/8/b/a/58ba02b12086e92ab0f84959ffb92901c984b62e_lise_louise_laden_biohof_taratsch.jpg", "openstreetmap_id": "node/9196457586"}, "geometry": {"type": "Point", "coordinates": ["9.4271969", "46.6515237"]}}, {"type": "Feature", "properties": {"identifier": "971bb02e-351e-419d-9398-aa660495adec", "name": "Stellplatz Oberurmein", "description": "<p>Die Kosten betragen CHF 19.00&nbsp; (inkl. Kurtaxen) pro Nacht. Die Bezahlung erfolgt einfach und bequem \u00fcber einen QR-Code oder \u00fcber <a href=\"https://tschappina.payrexx.com/de/?tid=6f694719\" target=\"_blank\">tschappina.payrexx.com</a>. Akzeptiert werden Twint, Mastercard, Visa und Amex. </p><p><span style=\"font-weight: bold;\">Im Preis inbegriffen:</span><span style=\"font-weight: 700;\"><br></span>Ben\u00fctzung Aussen-WC Restaurant Skih\u00fctte<br>17-Liter Abfallsack</p><p>Der Abfallsack inkl. Marke kann im <a href=\"https://www.hofladen-girs.ch/\" target=\"_blank\">Hofladen girs+ Oberurmein</a> bezogen werden und im Molok bei der Einfahrt Aclas entsorgt werden. (Entsorgung ohne Marke ist strikt untersagt.)</p><p><span style=\"font-weight: bold;\">Verpflegung:</span><span style=\"font-weight: 700;\"><br></span>Das Restaurant Skih\u00fctte bewirtet Sie gerne mit einheimischen Spezialit\u00e4ten und regionalen Produkten.</p><p>Frische Gipfeli, Br\u00f6tchen und weitere Lebensmittel k\u00f6nnen im <a href=\"https://www.hofladen-girs.ch/\" target=\"_blank\">Hofladen girs+ Oberurmein</a> bezogen werden.</p>", "url": "https://www.skilifte-tschappina.ch/", "image": "https://viatpimtsoch.sos-ch-dk-2.exoscale-cdn.com/catalog/6/8/6/4/6864a585d1cbcb4d3ca4af8eac1bff0d11e7c7ba_stellplatz_oberurmein.jpg", "openstreetmap_id": "node/8747425925"}, "geometry": {"type": "Point", "coordinates": ["9.385247826576233", "46.69715451116192"]}}, {"type": "Feature", "properties": {"identifier": "9736e021-7190-44cc-a509-b1756eabae69", "name": "Kapelle St. Maria Magdalena", "description": "Urspr\u00fcnglich war St. Maria Magdalena eine Filiale der Pfarrkirche St. Lorenz in Paspels.&nbsp;Wann die Kapelle, eine einfache geostete Saalkirche mit eingezogener&nbsp;Apsis, erbaut worden ist, ist unklar; fest steht jedoch, dass sie&nbsp;romanischen&nbsp;Ursprungs ist. Die Kapelle und der Hof Dusch geh\u00f6rten im 13. Jahrhundert zu den Besitzungen der&nbsp;Freiherren von Vaz&nbsp;und wurden dem&nbsp;Pr\u00e4monstratenserstift&nbsp;Churwalden&nbsp;gestiftet. Im Churwaldner&nbsp;Urbar&nbsp;von 1508 wird die Kapelle erstmals urkundlich erw\u00e4hnt:&nbsp;\u00abSequitur unsers gotzhus zins von den gutern, die gehorend den zwayen capellen Sant Lorentzen und Sant Maria Magdalena in Tumilser kirchspel gelegen welche mirsamt iren zehenden, zinsen und gutern unseres gotzhus aygen sind\u00bb. In den p\u00e4pstlichen Best\u00e4tigungen des Klosterbesitzes von 1208 sind sie nicht aufgef\u00fchrt; wann die \u00dcbergabe an das Kloster Churwalden stattfand, ist unsicher. Nach der Reformation im 16. Jahrhundert stand die Kapelle zun\u00e4chst unbenutzt, bis sie 1786 vom Kloster Churwalden der katholischen Kirchgemeinde von Paspels \u00fcbergeben wurde.", "url": "https://www.viamala.ch", "image": "https://viatpimtsoch.sos-ch-dk-2.exoscale-cdn.com/catalog/8/9/5/9/8959d8fda21f539ab1f4f2ed4fa2a9ee4f02340e_kapelle_st_maria_magdalena_dusch_paspels_domleschg_fruehling_demateo_1.jpg", "openstreetmap_id": "way/110961075"}, "geometry": {"type": "Point", "coordinates": ["9.450012445449829", "46.75651533918456"]}}, {"type": "Feature", "properties": {"identifier": "974c8f2a-4d23-4abb-ba27-2d9aae24bfd6", "name": "Stegfeuerstelle L\u00fcschersee", "description": "<p>Die Feuerstelle befindet sich direkt beim Steg des wieder aufgef\u00fcllten L\u00fcschersees und auf dem&nbsp;<a href=\"https://mybusiness.outdooractive.com/de/r/23420097/\" target=\"_blank\">Erlebnisweg - ein Berg im Fluss</a>. Informationen zum Wiedererwachen des L\u00fcschersees finden Sie <a href=\"https://www.viamala.ch/de/ausflugsziele/wiedererwachen-des-lueschersees\" target=\"_blank\">hier</a>.</p><p><span style=\"font-weight: bold;\">Ausstattung</span></p><ul><li>1 Grillrost</li><li>Brennholz vorhanden<br></li></ul><p><br>Es gibt keine B\u00e4nke direkt an der Feuerstelle.<br>Bitte allf\u00e4llige Weisungen z.B. bez\u00fcglich <a href=\"https://www.gr.ch/DE/institutionen/verwaltung/diem/awn/aktuelles/Waldbrandgefahr/Seiten/aktuelle_waldbrandgefahr.aspx\" target=\"_blank\">Waldbrandgefahr </a>beachten.</p>", "url": "https://www.viamala.ch", "image": "https://viatpimtsoch.sos-ch-dk-2.exoscale-cdn.com/catalog/3/6/5/0/36503e20fcc41023c17be0fdd2e4fc09a6c7db02_Stegfeuerstelle_L__schersee.jpg", "openstreetmap_id": "node/9991391672"}, "geometry": {"type": "Point", "coordinates": ["9.351318", "46.693214"]}}, {"type": "Feature", "properties": {"identifier": "98c80e0d-d8e7-4910-8fd3-9c0aa5f1e1e7", "name": "Avers - Juf Osten", "image": "https://viatpimtsoch.sos-ch-dk-2.exoscale-cdn.com/catalog/b/a/5/0/ba506d14faef1a21e13f0a190f15f923513c7ed6_avers_juf_im_winter_demateo.jpg", "openstreetmap_id": "node/6329310381"}, "geometry": {"type": "Point", "coordinates": ["9.580174684524538", "46.44536856932679"]}}, {"type": "Feature", "properties": {"identifier": "98ebe266-e580-44f9-b304-63b04f54777b", "name": "Andeer", "description": "<p>Andeer ist der Schamser Zentrums- und Badeort und umfasst die Ortsteile Andeer, Pignia und Clugin. Es liegt auf 983 m \u00fc.M. und z\u00e4hlt rund 930 Einwohner.</p>\n<ul>\n<li><a href=\"http://www.gemeinde-andeer.ch\">Website Gemeinde Andeer</a></li>\n<li><a href=\"http://www.hls-dhs-dss.ch/textes/d/D1501.php\">Link zum historischen Lexikon der Schweiz</a></li>\n<li><a href=\"http://shop.graubuenden.ch/Viamala/ukv/?date_unknown=1&amp;doSearch=1&amp;locationIDs[]=WBX00020010000137809&amp;globalReset=1&amp;persistentParameters=1&amp;lang=de\">Unterk\u00fcnfte in Andeer</a></li>\n</ul>", "url": "https://www.gemeinde-andeer.ch", "image": "https://viatpimtsoch.sos-ch-dk-2.exoscale-cdn.com/catalog/4/5/9/9/4599c28c70c45bfe93910b4c2f59abb15b62871b_andeer_dorf_sommer_luftaufnahme_roman_huber.jpg", "openstreetmap_id": "relation/1684038"}, "geometry": {"type": "Point", "coordinates": ["9.425256", "46.602432"]}}, {"type": "Feature", "properties": {"identifier": "99ab5d13-fe9e-4d1f-875d-4f509c9c529c", "name": "Spielplatz Spl\u00fcgen", "description": "<p><strong>Ausstattung:</strong></p>\n<ul>\n<li>Abfallentsorgung</li>\n<li>Tischtennis</li>\n<li>Basketballkorb</li>\n<li>Schaukeln</li>\n<li>Nestschaukel</li>\n<li>Sitzm\u00f6glichkeiten</li>\n<li>Sandkasten</li>\n<li>Federwippen</li>\n<li>Wippe</li>\n<li>Spielturm mit Rutschbahn</li>\n<li>Unihockeytore</li>\n<li>Reckstangen</li>\n<li>Brunnen</li>\n<li>Seilbahn</li>\n<li>\u00d6ffentliche Toilette (auf der anderen Strassenseite beim Parkplatz)</li>\n</ul>", "url": "http://viamala.ch", "image": "https://viatpimtsoch.sos-ch-dk-2.exoscale-cdn.com/catalog/3/a/f/f/3aff8c151b4b783ce1dcb254d8f4ec2bdc4d8d1e_spielplatz_spluegen.jpg", "openstreetmap_id": "node/10774824419"}, "geometry": {"type": "Point", "coordinates": ["9.3188031", "46.5523967"]}}, {"type": "Feature", "properties": {"identifier": "99faf7dc-466e-4c46-92f7-314555dbd579", "name": "Feuerstelle Schwarzwald Nufenen", "description": "<p>Zu Fuss erreicht man die Feuerstelle \u00fcber den Wanderweg von Nufenen Richtung Medels nach ca. 30 Gehminuten. Die Wanderung ist auch f\u00fcr Kinder geeignet, da es nur eine Steigung von ca. 50 H\u00f6henmeter gibt.</p><p><span style=\"font-weight: bold;\">Ausstattung</span></p><ul><li>1 Feuerstelle</li><li>Grillrost vorhanden</li><li>Brennholz vorhanden</li><li>1 Tisch mit 10 Sitzpl\u00e4tzen</li><li>weitere Sitzgelegenheiten um die Feuerstelle</li><li>Abfallentsorgung vorhanden</li><li>grosser Umschwung<br></li></ul><p><br>Bitte allf\u00e4llige Weisungen bez\u00fcglich <a href=\"https://www.gr.ch/DE/institutionen/verwaltung/diem/awn/aktuelles/Waldbrandgefahr/Seiten/aktuelle_waldbrandgefahr.aspx\" target=\"_blank\">Waldbrandgefahr </a>beachten.<br>Im Juli findet dort jeweils das Opernair Rheinwald statt.</p>", "url": "https://www.viamala.ch", "image": "https://viatpimtsoch.sos-ch-dk-2.exoscale-cdn.com/catalog/3/9/c/9/39c9e598b9e6c8a6ff292b2f634d9ee9f98ca671_Feuerstelle_Schwarzwald_Nufenen.jpg", "openstreetmap_id": "node/9804412896"}, "geometry": {"type": "Point", "coordinates": ["9.261914491653442", "46.53912996516608"]}}, {"type": "Feature", "properties": {"identifier": "9af3246a-2493-4b07-b171-8757991bf882", "name": "Spielplatz Rodels", "description": "<p><strong>Ausstattung:</strong></p>\n<ul>\n<li>Abfallentsorgung</li>\n<li>Fussballtore</li>\n<li>Spielturm mit Rutsche</li>\n<li>Sandkasten</li>\n<li>Schaukel</li>\n<li>Korbschaukel</li>\n<li>Doppelwippe</li>\n<li>Sitzgruppe/Bank</li>\n</ul>", "url": "https://www.viamala.ch", "image": "https://viatpimtsoch.sos-ch-dk-2.exoscale-cdn.com/catalog/f/3/5/2/f352ea2395f1b1d707f6c80c70df492b940074f1_Spielplatz_Rodels.jpg", "openstreetmap_id": "node/12075158964"}, "geometry": {"type": "Point", "coordinates": ["9.44365", "46.73413"]}}, {"type": "Feature", "properties": {"identifier": "9c0ad6a6-0b85-4acd-9f30-4a2b9572ef73", "name": "Reformierte Kirche Thusis", "description": "<p>Die Kirche wurde von Andreas B\u00fchler aus Gm\u00fcnd/\u00d6sterreich in vorreformatorischer Zeit 1491-1506 erbaut. Sie ist im sp\u00e4tgotischem Stil gehalten und war urspr\u00fcnglich eine Marienkirche. 1792, 1814, 1905, 1956 und 2008 wurde sie einer Renovation unterzogen. Sie ist einschiffig. Der Chor hat ein Sternrippengew\u00f6lbe mit vergoldeten Streifen. Die gotischen Spitzbogenfenster sind schmucklos verglast, das Ma\u00dfwerk ist jeweils unterschiedlich geformt. \u00dcber dem westlichen Eingangsportal befindet sich ein gotisches Fischblasenfenster mit einfarbig hellem Glas. Neben der T\u00fcr ist das alte Chorgest\u00fchl erhalten geblieben. Es fungiert inzwischen als Ablage f\u00fcr Informationsschriften.</p><p> Der Turm schliesst n\u00f6rdlich an die Kirche an und stammt erst aus dem Jahr 1727. Das letzte Feuer, das im Turm 2002 ausbrach, besch\u00e4digte die Zwiebelhaube schwer. Sie wurde originalgetreu rekonstruiert. Die Kirche brauchte nach dem Brand ein komplett neues Gel\u00e4ut. Zwei der zerborstenen Glocken sind noch erhalten: Eine steht draussen zwischen Kirche und Leichenhalle, eine weitere vor der Migros.</p>", "url": "https://thusis-masein-reformiert.ch", "image": "https://viatpimtsoch.sos-ch-dk-2.exoscale-cdn.com/catalog/b/2/4/5/b24534e1a6f59899d1239979ddcf775aa4abb917_thusis_altdorf_kirche_sommer_demateo.jpg", "openstreetmap_id": "way/143754077"}, "geometry": {"type": "Point", "coordinates": ["9.438723", "46.694299"]}}, {"type": "Feature", "properties": {"identifier": "9d561c62-b69d-48d1-83d9-e77428cc4258", "name": "Spielplatz Tomils", "description": "<p><strong>Ausstattung:</strong></p>\n<ul>\n<li>Abfallentsorgung</li>\n<li>Fussballtore</li>\n<li>Spielturm mit R&ouml;hrenrutschbahn</li>\n<li>Spielturm mit Kiesspiel</li>\n<li>Rampe mit Seil</li>\n<li>Nestschaukel</li>\n</ul>", "url": "https://www.viamala.ch", "image": "https://viatpimtsoch.sos-ch-dk-2.exoscale-cdn.com/catalog/d/8/8/6/d88664062eee1f83b0435915592a8f939f8c904d_Spielplatz_Tomils.jpg", "openstreetmap_id": "node/12075137496"}, "geometry": {"type": "Point", "coordinates": ["9.439845", "46.762833"]}}, {"type": "Feature", "properties": {"identifier": "9d5d2101-ca76-40f3-a1ab-c8a405d77f56", "name": "Bruder Sport", "description": "Mehr als 19 Jahre Erfahrung in der Sportartikelbranche bilden bei Bruder Sport das Fundament um der Kundschaft f\u00fchrende Marken und Qualit\u00e4t zu fairen Preisen anbieten zu k\u00f6nnen.", "url": "https://brudersport.ch", "image": "https://viatpimtsoch.sos-ch-dk-2.exoscale-cdn.com/catalog/2/d/7/9/2d7905e5c3654a439a2afdabcde0931832c39d0c_bruder_sport_thusis_viamala_tourismus.jpg", "openstreetmap_id": "node/9807491942"}, "geometry": {"type": "Point", "coordinates": ["9.43964034318924", "46.69606177466963"]}}, {"type": "Feature", "properties": {"identifier": "9db30bcd-0177-4ead-b498-7648dce5f29b", "name": "Capricorn Ausstellung", "description": "<p>Die modern gestaltete Ausstellung startet mit dem interaktiven Relief zum Naturpark Beverin. Auf diesem Relief kann das Reich des Capricorns in 3D und multimedial entdeckt werden. Danach geht es zur&uuml;ck in der Zeit. Wandzeichnungen zeugen von H&ouml;hlenmalereien und in einer imitierten Felswand kann man spannende Informationen zur Ausrottung, Wiederansiedlung und heutigen Verbreitung des Capricorns entdecken.</p>\n<p>Auf Tablets wird vertieft &uuml;ber den Capricorn informiert, beim Artenquiz kann man die Unterschiede zwischen dem Alpensteinbock und seinen Verwandten, welche in Eurasien und Afrika verbreitet sind entdecken. Die Kr&ouml;nung der Capricorn Ausstellung bilden drei Steinbockpr&auml;parate, so dass man den K&ouml;nig der Alpen in echter Gr&ouml;sse bewundern kann.</p>", "url": "https://www.naturpark-beverin.ch", "image": "https://viatpimtsoch.sos-ch-dk-2.exoscale-cdn.com/catalog/7/0/2/5/7025cb6104908bb08c1076826d43c1b05c8c71b5_capricorn_ausstellung_wergenstein.jpg", "openstreetmap_id": "node/9634179739"}, "geometry": {"type": "Point", "coordinates": ["9.40731", "46.62637"]}}, {"type": "Feature", "properties": {"identifier": "9e664c68-207b-482e-bb50-9e6c3d5e16e6", "name": "Hofladen girs+ Oberurmein", "description": "<p>Das Herz unseres Sortiments sind die von einheimischen Produzent:innen mit Liebe hergestellten Spezialit\u00e4ten. Die feinen Capuns (auch vegetarisch/vegan), diverse K\u00e4sesorten von mild bis rezent, s\u00fcsse K\u00f6stlichkeiten aus der Backstube, Rindfleisch und W\u00fcrste aus besonders tiergerechter Haltung und noch vieles mehr k\u00f6nnen wir Ihnen w\u00e4rmstens empfehlen.\n</p><p>\nUm Ihnen eine noch vielf\u00e4ltigere Gestaltung Ihres Speiseplans zu erm\u00f6glichen, haben wir unser Sortiment mit einigen nicht-regionalen Produkten erg\u00e4nzt. So finden Sie bei uns z.B. auch diverse Gew\u00fcrze und Saucen, Spaghetti, Reis, Pommes, kalte Getr\u00e4nke, Glac\u00e9, usw. Ebenfalls erh\u00e4ltlich ist eine kleine Auswahl an Hygieneprodukten wie Zahnpasta, Zahnb\u00fcrste, Seife, Deo oder Toilettenpapier.\n</p><p>\nBei uns gibt es auch: B\u00fccher- und Spielverleih, Verkaufsstelle f\u00fcr Abfallgeb\u00fchrenmarken und diverse Geschenkartikel.</p><p><br></p><p><span style=\"font-weight: bold;\">Aufbackservice</span></p><p>\n</p>Unser <a href=\"https://cdn1.site-media.eu/images/document/9097265/Aufbackservice_III.pdf\" target=\"_blank\">Aufbackservice </a>mit Backwaren aus Romers Hausb\u00e4ckerei sorgt daf\u00fcr, dass Sie am Morgen ein ofenfrisches Gipfeli oder ein feines St\u00fcck Butterzopf, unterwegs ein Semmeli oder Br\u00f6tli aus dem Rucksack und zum Znacht Ihr Lieblingsbrot geniessen k\u00f6nnen.", "url": "https://www.hofladen-girs.ch/", "image": "https://viatpimtsoch.sos-ch-dk-2.exoscale-cdn.com/catalog/2/0/f/e/20fe66f7f677611ac4dcab1bce5fb057f2014dbc_girs02.jpg", "openstreetmap_id": "node/12304079511"}, "geometry": {"type": "Point", "coordinates": ["9.3858862", "46.6977187"]}}, {"type": "Feature", "properties": {"identifier": "9e91992b-4a19-40dd-b8f6-b17959259d7e", "name": "Felszeichnungen Carschenna", "description": "<p>Die Felsbilder von Carschenna z&auml;hlen zu den wichtigsten pr&auml;historischen Fundstellen der Schweiz und sind einzigartige Zeugnisse menschlicher Kultur in der Region Viamala. Diese aussergew&ouml;hnlichen Darstellungen bieten einen faszinierenden Einblick in die kulturelle Vergangenheit der Region und reichen bis in die Bronze- und Eisenzeit (2./1. Jahrtausend v. Chr.) zur&uuml;ck.&nbsp;</p>\n<p><strong>Entdeckung und Erforschung</strong><br />Die Felsbilder von Carschenna wurden 1965 zuf&auml;llig von einem Forstbeamten entdeckt und anschliessend durch das R&auml;tische Museum freigelegt. Sie befinden sich auf mehreren Felsplatten und umfassen unz&auml;hlige Zeichen und Sujets, deren genaue Bedeutung nicht vollst&auml;ndig gekl&auml;rt ist. Vergleiche mit anderen, zum Teil besser datierbaren Felsbildern lassen auf eine Entstehungszeit in der Bronzezeit schliessen, ab ca. 1500 v. Chr.&nbsp;</p>\n<p><strong>Lage und Besonderheit der Fundstelle</strong><br />Die Felsbilder liegen auf einer Anh&ouml;he &ouml;stlich und oberhalb von Sils im Domleschg, direkt am Rande eines mehrere hundert Meter tiefen Abgrunds. In unmittelbarer N&auml;he verlief der Saumpfad zur Umgehung der Viamala-Schlucht. Diese besondere Lage macht die St&auml;tte nicht nur arch&auml;ologisch, sondern auch landschaftlich beeindruckend.&nbsp;</p>\n<p><strong>Beschreibung der Felsbilder</strong><br />Auf den Felsplatten findet man &uuml;berwiegend konzentrische Ringmuster mit einer Schale in der Mitte. Dar&uuml;ber hinaus sind Darstellungen von Tieren zu erkennen, die jedoch nicht immer eindeutig zu bestimmen sind. Besonders eindrucksvoll sind Darstellungen eines Reiters sowie von Saumtieren mit einer Last auf dem R&uuml;cken. Weitere Sujets umfassen Kr&auml;henf&uuml;sse, Gittermuster und Sonnensymbole. Diese Motive geben wertvolle Einblicke in die Vorstellungen und Lebensweisen der damaligen Menschen.&nbsp;</p>\n<p><strong>Zug&auml;nglichkeit</strong><br />Die Fundstelle liegt auf einem Plateau oberhalb von Sils im Domleschg und ist &ouml;ffentlich zug&auml;nglich. Eine Besichtigung ist jederzeit m&ouml;glich. Als eines der bedeutendsten arch&auml;ologischen Denkm&auml;ler in Graub&uuml;nden steht die Fundstelle unter besonderem Schutz. Besucher werden gebeten, die Bilder und die umliegende Natur mit Respekt zu behandeln, um den Erhalt dieses Kulturguts f&uuml;r zuk&uuml;nftige Generationen sicherzustellen.</p>", "url": "https://www.sils-id.ch", "image": "https://viatpimtsoch.sos-ch-dk-2.exoscale-cdn.com/catalog/5/b/5/6/5b56a975f8864b45acc210db023c3e6b5da25fcd_felszeichnungen_carschenna_demateo.jpg", "openstreetmap_id": "node/12120132893"}, "geometry": {"type": "Point", "coordinates": ["9.460735917091371", "46.694277298518706"]}}, {"type": "Feature", "properties": {"identifier": "a0673c88-9dbb-4596-9bbb-4fb2568973c2", "name": "Steinkirche Cazis", "description": "<p>Die Steinkirche von Cazis hat eine bewegte Geschichte hinter sich. 1994 wurden Studienauftr\u00e4ge f\u00fcr einen Kirchenneubau in Auftrag gegeben. Im M\u00e4rz 1995 obsiegte aus sieben eingegangenen Arbeiten das Projekt von Architekt Werner Schmidt aus Trun. Dieses sah drei steinf\u00f6rmige Einzelvolumen, welche durch versenkbare W\u00e4nde getrennt werden k\u00f6nnen, einen Verbindungstrakt als Erschliessung zwischen bestehendem Pfarrhaus und den Sakralr\u00e4umen, sowie einen freistehenden Turm vor.</p><p>Im April 1996 wurde mit dem spektakul\u00e4ren Rohbau, unter Mitwirkung des Spezialisten f\u00fcr Schalenbau Heinz Isler aus Burgdorf, begonnen. Auf Grund einer Modellvorlage wurden 108 verschiedene Holzbinderelemente hergestellt. Diese wurden wie Schnitze einer Orange auf die Fundamente gestellt, mit einem feinmaschigen Gitter \u00fcberzogen und anschliessend mit Spritzbeton in d\u00fcnnen Schichten bespritzt, bis zur Erreichung der Wanddicke von ca. 15 cm. Im November 1996 wurde das Richtfest gefeiert und im Fr\u00fchjahr 1997 war der Rohbau vollendet. Aus Kostengr\u00fcnden musste der Weiterbau in der Folge vorerst eingestellt werden. Auf einem provisorischen Holzboden mit Notheizung und Nott\u00fcren wurde die Baustelle als Kirche in Gebrauch genommen.</p><p> </p><p><span style=\"font-weight: bold;\">Geborgenheit und Freiheit</span><span style=\"font-weight: 700;\"><br></span>Es entstand eine lebendige Kulturwerkstatt mit Festgottesdiensten, Theater, Konzerten, Bilderausstellungen und meditativen Veranstaltungen. Nachdem dank verschiedenen Anstrengungen die finanzielle Situation unter Kontrolle gebracht werden konnte, ging es mit dem neuen Architekten, Diederik Peper aus Chur, weiter. Der Innenausbau und der Verbindungstrakt wurden erstellt. Im Juli 2002 wurde die Kirche eingeweiht und ihrer Bestimmung \u00fcbergeben. Innen vermittelt die Architektur das Gef\u00fchl von Geborgenheit einerseits und Freiheit andererseits.</p><p>Die Anlage der R\u00e4ume kennt auch kein Vorne und Hinten. Erst recht ist kein Oben und Unten vorgegeben. Freiheit schafft sich ihren Raum durch die demokratische Struktur. Jede Besucherin, jeder Besucher muss sich selbst seinen Standpunkt verschaffen, einen eigenen Blickwinkel auf Gott und die Menschen einnehmen. Dies wird noch durch die Lage und Form der Fenster verst\u00e4rkt. Im \u00f6stlichen Stein geht der Blick zum Himmel, im mittleren Stein er\u00f6ffnet sich dem Betrachter der Horizont und im westlichen Stein f\u00e4llt unser Blick auf die Strasse, auf die H\u00e4user, auf die Menschen.</p><p><span style=\"font-weight: bold;\">Der Glockenturm fehlt</span><span style=\"font-weight: 700;\"><br></span>So ist diese Kirche nicht nur eine offene Kirche f\u00fcr die Menschen, die sich in der Kirche befinden, sondern auch f\u00fcr die Menschen draussen. Viele halten unverhofft an - und sie f\u00fchlen sich wohl. In diesen R\u00e4umen wird niemand vereinnahmt. Die Kirche ist noch immer unvollendet. F\u00fcr den Bau des Glockenturms und eines Vordaches beim Eingang fehlen noch etwa eine halbe Million Franken.</p>", "url": "https://heinzenberg-reformiert.ch/unsere-kirchen/steinkirche-cazis", "image": "https://viatpimtsoch.sos-ch-dk-2.exoscale-cdn.com/catalog/9/1/8/7/9187fd1595c5697641cee6a018b099b32976dc28_steinkirche_cazis_im_herbst__1_.jpg", "openstreetmap_id": "way/216875576"}, "geometry": {"type": "Point", "coordinates": ["9.427594", "46.725511"]}}, {"type": "Feature", "properties": {"identifier": "a0836b0a-c3dd-471c-a69e-cbf05c227e21", "name": "B\u00fccherschrank Urmein", "description": "Der B\u00fccherschrank befindet sich in der alten Telefonkabine bei der Gemeindekanzlei Urmein.", "url": "https://www.urmein.ch", "image": "https://viatpimtsoch.sos-ch-dk-2.exoscale-cdn.com/catalog/4/6/b/e/46be40c7f9ff6a6aa63ffe8c7fc0a57c50c1ed57_buecherschrank_urmein.jpg", "openstreetmap_id": "node/12097059379"}, "geometry": {"type": "Point", "coordinates": ["9.401069049135458", "46.692458053789615"]}}, {"type": "Feature", "properties": {"identifier": "a0babf3a-e654-47e1-aa21-76ebbffa76a3", "name": "Natureisfeld Obermutten", "description": "<p>Es steht w\u00e4hrend der Wintersaison bei entsprechenden Temperaturen zur Verf\u00fcgung und l\u00e4dt zum Schlittschuhlaufen und Eishockey spielen ein.&nbsp;</p><p><span style=\"font-weight: bold;\"> Material</span></p><p>Schlittschuhe und Eisst\u00f6cke (2 St\u00fcck) k\u00f6nnen f\u00fcr CHF 5.00 im Berggasthaus Post gemietet werden. Als Depot wird ein amtlicher Ausweis oder CHF 50.00 pro Benutzung/Tag/Abend verlangt.</p>", "url": "https://www.gasthauspost.ch", "image": "https://viatpimtsoch.sos-ch-dk-2.exoscale-cdn.com/catalog/4/1/5/d/415df4b7c7feec06e886be05076ee79cc56b15ce_natureisfeld_obermutten_winter.jpg", "openstreetmap_id": "node/12112572190"}, "geometry": {"type": "Point", "coordinates": ["9.484054", "46.672361"]}}, {"type": "Feature", "properties": {"identifier": "a183e0fa-7f2c-46f4-9a4f-20f288a34d2e", "name": "Aussichtspunkt Bergstation Sesselbahn Feldis-Mutta", "description": "Eine wetterfeste, \u00e4sthetisch sch\u00f6ne und \u00fcbersichtliche Panoramaplatte ist in einen zwei Tonnen schweren Granitblock aus Andeer eingelassen und informiert \u00fcber viele D\u00f6rfer und Berge in der Gegend. Bei guten Sichtverh\u00e4ltnissen ist gar das Finsteraarhorn im Berner Oberland zu sehen, 4273 Meter hoch und in 106 Kilometer Entfernung. Die pr\u00e4chtige Panoramatafel befindet sich unmittelbar bei der Bergstation der Sesselbahn.", "url": "https://www.viamala.graubuenden.ch", "image": "https://viatpimtsoch.sos-ch-dk-2.exoscale-cdn.com/catalog/9/4/0/d/940d9b9ce8e66b18d24ddc63784cfdca305e3a8e_aussichtspunkt_bergstation_mutta_feldis_bergbahnen.jpg", "openstreetmap_id": "node/12083151905"}, "geometry": {"type": "Point", "coordinates": ["9.4557523727417", "46.796680923362445"]}}, {"type": "Feature", "properties": {"identifier": "a23d9cb1-f1fc-46a6-bfd4-865a6bdf1a17", "name": "Sufers", "description": "<p>Die Gemeinde Sufers ist das n\u00f6rdlichste Dorf im Rheinwald. Es liegt auf 1\u2019428 m \u00fc.M., z\u00e4hlt rund 130 Einwohner und ist das einzige Dorf in der Region mit direktem Seeanstoss.</p>\n<ul>\n<li><a href=\"https://sufers.ch/\">Website Gemeinde Sufers</a></li>\n<li><a href=\"http://www.hls-dhs-dss.ch/textes/d/D1500.php\">Link zum historischen Lexikon der Schweiz</a></li>\n<li><a href=\"http://shop.graubuenden.ch/Viamala/ukv/?date_unknown=1&amp;doSearch=1&amp;locationIDs[]=TDS00020010346787671&amp;globalReset=1&amp;persistentParameters=1&amp;lang=de\">Unterk\u00fcnfte in Sufers</a></li>\n</ul>", "url": "https://sufers.ch", "image": "https://viatpimtsoch.sos-ch-dk-2.exoscale-cdn.com/catalog/d/d/d/5/ddd5a80d0ec3db14bef80ba52dbe415362634164_sufers_rheinwald_dorf_sommer_demateo.jpg", "openstreetmap_id": "relation/1684178"}, "geometry": {"type": "Point", "coordinates": ["9.366469", "46.569897"]}}, {"type": "Feature", "properties": {"identifier": "a2ebf0db-dfd4-4d92-97a2-a0539f0d98ca", "name": "Donat", "description": "<p>Das romanischsprachige Dorf liegt am Fusse des Schamserbergs auf 1\u2019043 m \u00fc.M. und z\u00e4hlt rund 220 Einwohner. Es liegt an der historischen Weitwanderroute der viaSpluga.</p>\n<ul>\n<li><a href=\"https://www.mdschons.ch/\">Website Gemeinde Muntogna da Schons</a></li>\n<li><a href=\"http://www.hls-dhs-dss.ch/textes/d/D1505.php\">Link zum historischen Lexikon der Schweiz</a></li>\n<li><a href=\"http://shop.graubuenden.ch/Viamala/ukv/?date_unknown=1&amp;doSearch=1&amp;locationIDs[]=TDS00020010346588347&amp;globalReset=1&amp;persistentParameters=1&amp;lang=de\">Unterk\u00fcnfte in Donat</a></li>\n</ul>", "url": "https://mdschons.ch", "image": "https://viatpimtsoch.sos-ch-dk-2.exoscale-cdn.com/catalog/0/0/b/6/00b64a6630e1fa36cf5507ea92172886061f7b18_donat_schamserberg_muntogna_da_schons_fruehling_sommer_demateo.jpg", "openstreetmap_id": "node/248646076"}, "geometry": {"type": "Point", "coordinates": ["9.429137", "46.628406"]}}, {"type": "Feature", "properties": {"identifier": "a378083e-54f1-4c0f-98ff-19edd0e6fcee", "name": "Greco im G\u00e4ssli", "description": "<p>Von aussen pra\u0308sentiert sich dem Besucher ein alter Stall, von denen im Domleschg noch viele zu sehen sind. Den Unterschied machen hier die mit viel Liebe zum Detail gestalteten Dekorationen rund ums Geba\u0308ude, und auf dem Umschwung finden sich statt weidender Tiere ein Garten mit frischen Kra\u0308utern, eine Grillstelle und Tische und Ba\u0308nke fu\u0308r Ga\u0308ste. Das ganz grosse \u00abWow-Erlebnis\u00bb erfolgt dann aber beim Betreten des Lokals. Der Stall ist zwar auch innen noch unverkennbar ein Stall, doch wurde das Innenleben so umgebaut und hergerichtet, dass man darin am liebsten wohnen mo\u0308chte. \u00abEs isch abiz wia dahai\u00bb, heisst es auf der Website von \u00abGreco im Ga\u0308ssli\u00bb, und auch dieses Motto trifft ins Schwarze. </p><p><span style=\"font-weight: bold;\">Mit Stolz darf ich Dir meine wunderbare Location pr\u00e4sentieren.</span><br>Gastgeber zu sein, ist f\u00fcr mich eine Berufung. Ich liebe es, meine G\u00e4ste mit regionalen, nationalen und internationalen K\u00f6stlichkeiten zu verw\u00f6hnen. Ich koche ehrlich, leidenschaftlich und mit viel Handarbeit. </p><p>Eine faire, tierfreundliche und umweltbewusste Produktion ist mir sehr wichtig. Es wird auch vegetarische und auf Anfrage auch vegane Gerichte geben, die deinen Gaumen erfreuen. </p><p>Hochzeit, Firmenevent, Geburtstag oder jede andere Veranstaltung f\u00fcr 20 bis 60 Personen. B\u00fchnen- und Live-Musiker (B\u00fcndnerflaisch) sind auf Anfrage buchbar. </p><p>Parkpl\u00e4tze stehen beim Schulhaus in Rodels zur Verf\u00fcgung. Das \"G\u00e4ssli\" ist nur f\u00fcnf Gehminuten entfernt. </p><p><span style=\"font-weight: bold;\">Erlesene Produkte</span><br>Umgeben von altem Gema\u0308uer und ebenso altem Balkenwerk, versehen mit einem transparenten Windschutz, ist eine behagliche Atmospha\u0308re entstanden. Der grosse Tisch im Zentrum la\u0308dt genauso zum Verweilen ein wie die lauschige Sitzecke mit Sofa und Fauteuils. Doch bevor man hier zum Absitzen kommt, erspa\u0308ht das Auge allerlei, das unbedingt von Nahem betrachtet werden will. Sei es das alte Radiogera\u0308t, seien es die speziellen Lichtquellen oder die auf einem alten Holzherd pra\u0308sentierten und einen weiteren Hauch Italianita\u0300 verbreitenden Produkte zum Verzehr. </p><p>Die kleine Ausstellung von Pasta und Tomatensauce findet ihre Fortsetzung im angrenzenden Kellerraum, wo dem Besucher das Wasser im Mund zusammenla\u0308uft und der Wirt so richtig in Fahrt gera\u0308t. Zu sehen und zu kaufen gibt es hier weitere hausgemachte Pastaspezialita\u0308ten aus Italien und dem Zu\u0308rcher Oberland, Oliveno\u0308l aus Griechenland, Weine sowohl aus der Toskana als auch aus der Bu\u0308ndner Herrschaft, Fleischspezialita\u0308ten aus dem Puschlav, Ka\u0308se aus Savognin, Schna\u0308pse, gebrannt aus der Ernte vom Obstgarten auf dem eigenen Umschwung, und vieles andere mehr. Fu\u0308r seine Ku\u0308che beziehe er zudem Mozzarella aus Tschlin, und das Fleisch fu\u0308r die Lasagne stamme von einem Biobauern aus Paspels, erga\u0308nzt Greco. Die meisten Produzenten kenne er perso\u0308nlich oder sie seien ihm von guten Bekannten empfohlen worden. In jedem Fall handle es sich um kleine Betriebe, von denen er die Lebensmittel beziehe. \u00abEine faire, tierfreundliche und umweltbewusste Produktion ist mir sehr wichtig\u00bb, betont Greco.</p>", "url": "https://www.greco-im-gaessli.ch", "image": "https://viatpimtsoch.sos-ch-dk-2.exoscale-cdn.com/catalog/1/4/0/4/140423d131f524ca9dff66a150b9838b1902b1e7_greco_im_gaessli_innenbereich_1.jpg", "openstreetmap_id": "way/363043194"}, "geometry": {"type": "Point", "coordinates": ["9.444159865379333", "46.73597461121452"]}}, {"type": "Feature", "properties": {"identifier": "a3bde7c2-4dd0-46d3-8013-ed8db3e57bb5", "name": "Feuerstelle Pavillon / Panell Spl\u00fcgen", "description": "<p>Die Feuerstelle Pavillon/Panell liegt auf dem <a href=\"https://mybusiness.outdooractive.com/de/r/23419906/\" target=\"_blank\">Wanderweg Sufers-Panell-Spl\u00fcgen</a>&nbsp;und ist mit einem gedeckten Holzpavillon ausgestattet.</p><p><span style=\"font-weight: bold;\">Ausstattung</span></p><ul><li>1 Feuerstelle</li><li>Grillrost vorhanden</li><li>2 Holzsitzb\u00e4nke (je f\u00fcr 3 - 4 Personen)</li><li>1 Pavillon mit Holztisch und B\u00e4nken (gedeckt) f\u00fcr 10-12 Personen<br><br></li></ul><p>Es ist kein Brennholz vorhanden, dies kann jedoch im nahe gelegenen Wald gesammelt werden.<br> Bitte allf\u00e4llige Weisungen bez\u00fcglich <a href=\"https://www.gr.ch/DE/institutionen/verwaltung/diem/awn/aktuelles/Waldbrandgefahr/Seiten/aktuelle_waldbrandgefahr.aspx\" target=\"_blank\">Waldbrandgefahr </a>beachten.</p>", "url": "https://www.viamala.ch", "image": "https://viatpimtsoch.sos-ch-dk-2.exoscale-cdn.com/catalog/4/1/c/2/41c224361cfdbcec9b94600102dae8a57fc1e239_Feuerstelle_Pavillon_Panell_Spl__gen.jpg", "openstreetmap_id": "node/12075087273"}, "geometry": {"type": "Point", "coordinates": ["9.339039", "46.554415"]}}, {"type": "Feature", "properties": {"identifier": "a3c1fedf-aab1-4128-8dc7-9c068bb58618", "name": "Turmuhren-Museum Tartar", "description": "Bei einem Besuch zu den vollen Stunden kann ein Uhrschlag \u2013 Konzert erlebt werden.", "url": "https://cazis.ch/dorfleben-gesellschaft/kulturarchiv/", "image": "https://viatpimtsoch.sos-ch-dk-2.exoscale-cdn.com/catalog/1/c/f/2/1cf2fcbb71956f96f02dcd087df91939f51e989c_turumuhren_museum_tartar_ausstellung_viamala_tourismus_4.jpg", "openstreetmap_id": "node/12100445294"}, "geometry": {"type": "Point", "coordinates": ["9.418301", "46.718585"]}}, {"type": "Feature", "properties": {"identifier": "a3e3423b-8a87-43b1-8452-0721d0704052", "name": "Speluca Hotel, Restaurant & Brauerei Spl\u00fcgen", "description": "<p class=\"wso-highlight-text\">Im Schweizer Walserdorf Spl&uuml;gen auf 1475m Seeh&ouml;he, unweit der italienischen Grenze, gehen die Menschen jetzt gerne &bdquo;auf ein gutes Bier&ldquo;.</p><p class=\"wso-highlight-text\">&nbsp;</p><h3 class=\"wso-h5\"><strong>SPELUCA Bier aus den Schweizer Bergen&nbsp;</strong></h3><p class=\"wso-h5\">Weil auch unsere dort gebrauten Biere Pers&ouml;nlichkeit haben, nehmen wir das w&ouml;rtlich. Denn wir haben ihnen Gesichter gegeben und echte Charaktere auf unseren Bier-Etiketten abgebildet &ndash; von Bon Vivant &uuml;ber Frohnatur bis zur Sportskanone. Alle haben eins gemeinsam: jede Menge Geschmack. Und von welcher Sorte bist du?</p><p class=\"wso-h5\">&nbsp;</p><h3 class=\"wso-h5\"><strong>Restaurant</strong></h3><p class=\"wso-h5\">Das Restaurant bietet Platz f&uuml;r mehr als 200 G&auml;ste. Serviert werden Klassiker der Biergartenk&uuml;che, Spezialit&auml;ten vom Josper Grill und z&uuml;nftige Jausen &ndash; genau das Richtige f&uuml;r Genussmenschen mit Appetit.</p><p class=\"wso-h5\">&nbsp;</p><h3 class=\"wso-h5\"><strong>Hotel</strong></h3><p class=\"wso-title \">&Uuml;bernachten auf 1475 m Seeh&ouml;he &ndash; im Hotel SPELUCA lassen wir den Urlaubsgenuss hochleben. Hier ist f&uuml;r alle was drin: vom g&uuml;nstigen Schlafplatz im Mehrbettzimmer bis zur heimeligen Dachstube.</p><div class=\"wrap mcb-wrap one-third valign-top clearfix\"><div class=\"mcb-wrap-inner\"><div class=\"column mcb-column one column_column\"><div class=\"column_attr clearfix\"><p class=\"wso-subtitle wso-h5\"><strong>Verf&uuml;gbare Einheiten</strong></p><ul><li><p>&bdquo;<a href=\"https://www.speluca.ch/zimmer/#scroll-to-einzelzimmer-standard\">Einzelzimmer Standard</a>&ldquo; 1 Person / 8.4m&sup2;</p></li><li><p>&bdquo;<a href=\"https://www.speluca.ch/zimmer/#scroll-to-doppelzimmer-standard\">Doppelzimmer Standard</a>&ldquo; 2 Personen / 10-22m&sup2;</p></li><li><p>&bdquo;<a href=\"https://www.speluca.ch/zimmer/#scroll-to-doppel-zweibettzimmer-standard\">Doppel- / Zweibettzimmer Standard</a>&ldquo; 2 Personen / 20-26m&sup2;</p></li></ul></div></div></div></div><div class=\"mcb-wrap-inner\"><div class=\"column mcb-column one column_column\"><div class=\"column_attr clearfix\"><ul><li>&bdquo;<a href=\"https://www.speluca.ch/zimmer/#scroll-to-mehrbettzimmer-standard\">Mehrbettzimmer Standard</a>&ldquo; 4 Personen / 18-23m&sup2;<br><br></li><li>&bdquo;<a href=\"https://www.speluca.ch/zimmer/#scroll-to-mehrbettzimmer-comfort\">Mehrbettzimmer Comfort</a>&ldquo; 4 Personen / 36.5m&sup2;<br><br></li><li>&bdquo;<a href=\"https://www.speluca.ch/zimmer/#scroll-to-mehrbettzimmer-superior\">Mehrbettzimmer Superior</a>&ldquo; 4 Personen / 40-58m&sup2;</li></ul></div></div></div>", "url": "https://www.speluca.ch/", "image": "https://viatpimtsoch.sos-ch-dk-2.exoscale-cdn.com/catalog/4/3/4/6/434623face34cd9d54bb9c77031e4c532f051540_Speluca_Restaurant__2_.jpg", "openstreetmap_id": "way/214746349"}, "geometry": {"type": "Point", "coordinates": ["9.324855997909733", "46.5534454"]}}, {"type": "Feature", "properties": {"identifier": "a440985f-06f3-4a70-bf78-12d76ba0c71b", "name": "Buachlada Kunfermann", "description": "<p>Seit 40 Jahren im Gesch\u00e4ft und immer noch mit Leidenschaft dabei: damit h\u00e4tten Agnes Tscharner und Lorenz Kunfermann nicht gerechnet, als sie am 13. November 1981 ohne grosse Pl\u00e4ne und vor allem ohne Businesskonzept ihr \u201eBuach- und Plattal\u00e4dali Kunfermann\u201c er\u00f6ffneten. Denn eigentlich suchten die beiden nur ein Kochbuch mit dem Rezept fu\u0308r ein Filet im Teig in Thusis - ohne Erfolg. Auch die Schallplatte von John Lennon konnten sie nicht finden. Also entschlossen sie kurzerhand, diese Marktlu\u0308cke mit Bu\u0308chern und Schallplatten zu fu\u0308llen. </p><p>Mittlerweile wurde aus dem \u00abBuach- und Plattal\u00e4dali\u00bb die \u00abBuachlada Kunfermann AG\u00bb, die Schallplatten machten mehr Bu\u0308chern Platz und Lorenz Kunfermann und Agnes Tscharner essen kein Fleisch mehr. Und nach 40 Jahren im Gesch\u00e4ft wurde es Zeit fu\u0308r das n\u00e4chste Kapitel. Ab November 2021 u\u0308bernahmen Flurina und Lucas Kunfermann die Gesch\u00e4ftsfu\u0308hrung - ein Buachlada Kunfermann 2.0 quasi. </p><p>Dank des Vertrauens der \u00e4lteren und der Risikobereitschaft der ju\u0308ngeren Generation k\u00f6nnen sie also weiterhin fu\u0308r die langj\u00e4hrige Kundschaft da sein.</p><ul><li><a href=\"https://www.buachlada.ch/veranstaltungen\" target=\"_blank\">Termine Lesungen und weitere Veranstaltungen</a></li></ul>", "url": "https://www.buachlada.ch", "image": "https://viatpimtsoch.sos-ch-dk-2.exoscale-cdn.com/catalog/6/8/f/4/68f4a8037968d7a7a1cd7a883a2004a1e20e338b_buachlada_kunfermann_thusis_buchhandlung_viamala_tourismus.jpg", "openstreetmap_id": "node/5765887247"}, "geometry": {"type": "Point", "coordinates": ["9.439383", "46.695935"]}}, {"type": "Feature", "properties": {"identifier": "a440c2b8-7dae-44ad-be55-16fac6be07af", "name": "Kapelle St. Albin", "description": "<p>Der anspruchsvollste Abschnitt durch die Viamala-Schlucht wurde einst von zwei Sakralbauten markiert: im Norden durch die noch als Ruine erhaltene Kapelle St.Albin (Ersterw\u00e4hnung im 12. Jahrhundert), im S\u00fcden durch die g\u00e4nzlich abgegangene Kapelle St. Ambriesch (erstmals erw\u00e4hnt um 1209). Die einzige bildliche Darstellung von Sankt Ambriesch stammt vom niederl\u00e4ndischen Maler Jan Hackaert, sie zeigt die Kapelle allerdings bereits im Jahre 1655 nur noch als Ruine. Die Kapelle St. Albin weist dagegen noch Reste eines Stichkappen-Kreuzgew\u00f6lbes \u00fcber dem Chor auf, was auf eine fr\u00fche, vielleicht gar sp\u00e4tr\u00f6misch-fr\u00fchmittelalterliche Bauzeit schliessen l\u00e4sst. Einst d\u00fcrfte hier, am Ende des Maiens\u00e4sses Carschenna, auch eine Rastst\u00e4tte bestanden haben.</p>\n<h4>Zug\u00e4nglichkeit</h4>\n<p>Die Kapelle ist frei zug\u00e4nglich. Bitte die Wiese bei der Kapelle schonen!</p>", "url": "https://www.viamala.ch", "image": "https://viatpimtsoch.sos-ch-dk-2.exoscale-cdn.com/catalog/7/2/6/7/7267f6e43d67351cddf8f44745ec65e079e29cf9_kappelle_st_albin_sils_id_sommer.jpg", "openstreetmap_id": "way/236137004"}, "geometry": {"type": "Point", "coordinates": ["9.451127", "46.684528"]}}, {"type": "Feature", "properties": {"identifier": "a4d4246a-0e56-4d5f-9b8c-2bfe330dbb80", "name": "Ausstellung \u00abmia natira - Wiesen und Weiden am Schamserberg\u00bb", "description": "Die kleine Ausstellung \u00ab<a href=\"https://www.naturpark-beverin.ch/de/mia-natira-wiesen-und-weiden-am-schamserberg\" target=\"_blank\">mia natira</a> - Wiesen und Weiden am Schamserberg\u00bb gibt Einblick in die Kulturlandschaft und Artenvielfalt am oberen Schamserberg. Mit einem Mix aus Informationen und interaktiven Elementen&nbsp;wird das Wechselspiel zwischen der Berglandwirtschaft und den Tier- und Plfanzenarten aufgezeigt. F\u00fcr die Ausstellung wurde ein Bauwagen inszeniert und ausgebaut. Er ist das Herzst\u00fcck des Projektes&nbsp;mia natira. \u00d6ffnungszeiten: T\u00e4glich von 9.00 bis 20.00 Uhr.", "url": "https://www.naturpark-beverin.ch", "image": "https://viatpimtsoch.sos-ch-dk-2.exoscale-cdn.com/catalog/0/4/a/7/04a7c3a72ad2a09331eb84ac109a0f23c1588bb5_ausstellung_mia_natira_wiesen_und_weiden_am_schamserberg_1.jpg", "openstreetmap_id": "node/12100180815"}, "geometry": {"type": "Point", "coordinates": ["9.416303512372906", "46.63894823633746"]}}, {"type": "Feature", "properties": {"identifier": "a5d71629-0721-47e1-8f25-d27a26106f5d", "name": "Spielplatz Scheid", "description": "<p><strong>Ausstattung:</strong></p>\n<ul>\n<li>Abfallentsorgung</li>\n<li>Spielturm mit Rutsche</li>\n<li>Nestschaukel</li>\n</ul>", "url": "https://www.viamala.ch", "image": "https://viatpimtsoch.sos-ch-dk-2.exoscale-cdn.com/catalog/7/1/a/9/71a91d0f015daef7483b21bb28178f2809152850_Spielplatz_Scheid.jpg", "openstreetmap_id": "node/12075172894"}, "geometry": {"type": "Point", "coordinates": ["9.445246", "46.776475"]}}, {"type": "Feature", "properties": {"identifier": "a63322d0-55e7-4097-b4e0-81d41ed99960", "name": "Feuerstelle Stutz Tschappina", "description": "<p>Zu Fuss am Wanderweg Obertschappina-Glaspass.</p><p>Bitte allf\u00e4llige Weisungen z.B. bez\u00fcglich <a href=\"https://www.gr.ch/DE/institutionen/verwaltung/diem/awn/aktuelles/Waldbrandgefahr/Seiten/aktuelle_waldbrandgefahr.aspx\" target=\"_blank\">Waldbrandgefahr </a>beachten.</p>", "url": "https://www.viamala.ch", "image": "https://viatpimtsoch.sos-ch-dk-2.exoscale-cdn.com/catalog/3/4/6/2/346259d24b98f3786a76a1fbb7d9791ccbe9c3cc_Feuerstelle_Beispielbild.jpg", "openstreetmap_id": "node/12075072472"}, "geometry": {"type": "Point", "coordinates": ["9.36475411583524", "46.68475856575435"]}}, {"type": "Feature", "properties": {"identifier": "a643756f-c911-4d16-8162-3626c096b13c", "name": "Bergseeli Spl\u00fcgenpass", "description": "Das Bergseeli liegt oberhalb der Passh\u00f6he vom Spl\u00fcgenpass auf 2'311 m \u00fc.M.", "url": "https://www.viamala.ch", "image": "https://viatpimtsoch.sos-ch-dk-2.exoscale-cdn.com/catalog/c/6/7/c/c67c3d361d08ca9878dcb7c27c5a1d377dfada47_bergseeli_spluegenpass_sommer_rheinwald_demateo.com.jpg", "openstreetmap_id": "way/71882326"}, "geometry": {"type": "Point", "coordinates": ["9.339968824126231", "46.507409678869514"]}}, {"type": "Feature", "properties": {"identifier": "a784ca3d-d126-471d-82ef-5bdfffc746ba", "name": "Spl\u00fcgenpass", "description": "<p>Der Spl&uuml;genpass wurde nachweislich schon in der fr&uuml;hgeschichtlichen Zeit begangen. Auch in der r&ouml;mischen Zeit gibt es Hinweise darauf, z.B. das Itinerarium Antonini, eine r&ouml;mische Strassenkarte um 300 n.Chr. Die recht engen Verbindungen zwischen den Bist&uuml;mern Chur und Como liefen &uuml;ber den Spl&uuml;genpass. Schon 1396 sind am Spl&uuml;gen erhebliche Zolleinnahmen nachgewiesen worden. Der Ausbau der Viamala-Schlucht f&ouml;rderte dessen Aufschwung. Der Warenverkehr erfolgte fast ausschliesslich mit S&auml;umern, was oftmaliges Umladen bedeutete.&nbsp;</p><p>Der Transitverkehr bildete einen wichtigen Teil der bl&uuml;henden Wirtschaft. Noch 1798 schrieb der &ouml;sterreichische Feldmarschall von Bellegarde: &laquo;&Uuml;ber diesen Pass geht der gr&ouml;sste Warenzug aus dem Mail&auml;ndischen nach Deutschland, aber meistens auf Pferden und Maultieren.&raquo; Zwischen 1818 und 1823 wurde gleichzeitig mit dem San Bernardino eine erste f&uuml;r Frachtwagen und Postkutschen befahrbare Strasse gebaut, die in weiten Teilen noch heute dem damaligen Verlauf entspricht. Danach wuchsen das Frachtaufkommen und der internationale Personenverkehr &uuml;ber den Spl&uuml;gen um ein Vielfaches und erreichte um die Mitte der 1850er Jahre seinen Zenit.&nbsp;</p><p>Die Er&ouml;ffnung der Alpenbahnen (1867 Brenner, 1872 Mont Cenis) schm&auml;lerten bereits den Transitverkehr &uuml;ber den Spl&uuml;gen. Die Er&ouml;ffnung der Gotthardbahn 1882 brachte den B&uuml;ndner Transitverkehr praktisch zum Erliegen. Eine grosse Auswanderungswelle war eine direkte Folge. Die jahrzehntelangen Anstrengungen f&uuml;r eine Spl&uuml;genbahn blieben schliesslich erfolglos. Der Bau der Nationalstrasse mit Autotunnel am San Bernardino er&ouml;ffnete wieder neue Perspektiven. Der Spl&uuml;genpass ist seit dem 2. Weltkrieg im Winter geschlossen.</p><p>viaSpluga</p><p>Die zweitausendj&auml;hrige Transitgeschichte l&auml;sst sich heute auf dem Kultur- und Weitwanderweg viaSpluga von Thusis nach Chiavenna erfahren. Weitere Informationen finden Sie hier.</p>", "url": "https://www.viamala.ch", "image": "https://viatpimtsoch.sos-ch-dk-2.exoscale-cdn.com/catalog/5/1/5/d/515d5cc3bec1f87a87ff1b71a1d8364d2dac4d6c_spluegenpass_passstrasse_rheinwald_sommer_demateo.jpg", "openstreetmap_id": "node/6038984981"}, "geometry": {"type": "Point", "coordinates": ["9.330337643623352", "46.505660105777054"]}}, {"type": "Feature", "properties": {"identifier": "a8642962-8f1e-4bac-9a11-fb72112a0a28", "name": "Gasthaus Alpenrose Juf", "description": "Das Gasthaus Alpenrose befindet sich in unmittelbarer N\u00e4he der Haltestelle mit einem sehr guten Angebot an Postauto-Verbindungen.&nbsp;Das Haus umfasst gem\u00fctliche Zimmer, zum Teil aus Arvenholz, eine heimelige Gaststube mit Kachelofen, einen zus\u00e4tzlichen Aufenthaltsraum und eine grosse, neu eingerichtete Gastro-K\u00fcche.", "url": "https://www.gasthaus-alpenrose-juf.com", "image": "https://viatpimtsoch.sos-ch-dk-2.exoscale-cdn.com/catalog/3/5/0/6/35069ef4935b33ddabd867d832b4ee2da5fb2682_gasthaus_alpenrose_juf_im_sommer.jpg", "openstreetmap_id": "node/8888099462"}, "geometry": {"type": "Point", "coordinates": ["9.578229", "46.445914"]}}, {"type": "Feature", "properties": {"identifier": "aa88896d-2840-4d24-bb0d-d6226d8a6d1f", "name": "Pr\u00e4z", "description": "<p>Pr\u00e4z geh\u00f6rt seit 1.1.2010 zur Gemeinde Cazis. Es liegt am \u00e4usseren Heinzenberg auf 1'200 m \u00fc.M. und z\u00e4hlt rund 160 Einwohner.</p>\n<ul>\n<li><a href=\"https://www.cazis.ch/\">Website Gemeinde Cazis</a></li>\n<li><a href=\"http://www.hls-dhs-dss.ch/textes/d/D1489.php\">Link zum historischen Lexikon der Schweiz</a></li>\n<li><a href=\"http://shop.graubuenden.ch/Viamala/ukv/?date_unknown=1&amp;doSearch=1&amp;locationIDs[]=TDS00020010346592929&amp;globalReset=1&amp;persistentParameters=1&amp;lang=de\">Unterk\u00fcnfte in Pr\u00e4z</a></li>\n</ul>", "url": "https://www.cazis.ch", "image": "https://viatpimtsoch.sos-ch-dk-2.exoscale-cdn.com/catalog/9/4/c/f/94cf40bf9e17a5a85404aedb631f38a2e08a347c_praez_heinzenberg_demateo.jpg", "openstreetmap_id": "node/3441297073"}, "geometry": {"type": "Point", "coordinates": ["9.404314", "46.740614"]}}, {"type": "Feature", "properties": {"identifier": "aab65aa2-38de-4ffb-9ce2-5a01ecbba445", "name": "Sinnesoase Petrush\u00fcgel", "description": "Der auffallende abgeplattete H\u00fcgel am Fuss des\u00a0Heinzenbergs\u00a0liegt im Norden des Dorfes Cazis westlich von Realta rund 80 Meter \u00fcber dem Talgrund auf einer H\u00f6he von 740 Metern. Er ist von der am Fuss des H\u00fcgels entlang f\u00fchrenden kleinen Strasse aus in einer Viertelstunde zu Fuss gut zu erreichen.", "url": "https://www.cazis.ch", "image": "https://viatpimtsoch.sos-ch-dk-2.exoscale-cdn.com/catalog/9/2/7/f/927f8d379f10e006ac0453394d14a2eed9ebcffe_dsc08479.jpg", "openstreetmap_id": "way/363467506"}, "geometry": {"type": "Point", "coordinates": ["9.422203302383425", "46.73377790179004"]}}, {"type": "Feature", "properties": {"identifier": "ab5f875f-a776-4e07-89cc-b4b0f9240b00", "name": "Gef\u00fchrte Wanderung Burgenweg Thusis - Paspels", "description": "<p>Der Weg f\u00fchrt uns von Thusis \u00fcber einfache T1 Wege an verschiedenen Burgen vorbei. Dies l\u00e4sst an vergangene Zeiten erinnern. Welche M\u00f6glichkeiten hatten die Menschen fr\u00fcher, um Nahrungsmittel haltbar zu machen? Wir gelangen am Rhein und an Mohnfeldern vorbei und geniessen einen Kaffee im Casa Caminada in F\u00fcrstenau.  Am Schluss treffen wir in Paspels ein, wo die mutigen unter uns (bei gutem Wetter) einen Abschluss \u2013 und Erfrischungsschwumm im Canovasee machen k\u00f6nnen. Der Bus f\u00fchrt uns zur\u00fcck.</p><p>Anmelden kannst du dich <a href=\"https://happywandern.ch/index.php/2024/10/05/burgenweg-thusis-paspels/\" target=\"_blank\">hier</a>.</p>", "url": "https://happywandern.ch", "image": "https://viatpimtsoch.sos-ch-dk-2.exoscale-cdn.com/catalog/f/e/1/a/fe1a38d719dfe3e69e669c11e147d54294eb7d59_Burg_Canova__Paspels_Copyright_ViamalaTourismus.jpg"}}, {"type": "Feature", "properties": {"identifier": "ab9e3752-542e-4305-839a-8042d3949046", "name": "Patrutgsee", "description": "<p>Idyllisch gelegenes Familienparadies mit Spielbach, Kinderbadesee, Spiel- und Liegewiese sowie zahlreichen Freizeitm&ouml;glichkeiten. F&uuml;nf Feuerstellen mit Sitzgruppen, ein Spielplatz, ein Boots- und Badesteg sowie eine rollstuhlg&auml;ngige WC-Anlage sorgen f&uuml;r einen erlebnisreichen Aufenthalt.&nbsp;Das Gel&auml;nde wird von einem kinderwagentauglichen Spazierweg umgeben.</p><p>F&uuml;r Firmen-, Vereins- und Familienfeste kann im Sommer die H&uuml;tte des Eisstockclubs gemietet werden.</p>", "url": "https://www.viamala.ch", "image": "https://viatpimtsoch.sos-ch-dk-2.exoscale-cdn.com/catalog/f/e/c/e/fece88a65db7d2aaaa90bb2732119893a1baad80_patrutgsee_oberurmein_sommer_viamala_tourismus.jpg", "openstreetmap_id": "way/38415016"}, "geometry": {"type": "Point", "coordinates": ["9.384797", "46.702105"]}}, {"type": "Feature", "properties": {"identifier": "ac5b2b78-529e-4c69-9254-564fec503e52", "name": "Pascuminersee", "description": "<p>Der auf 1959 m \u00fc. M. gelegene Pascuminersee hat einen unterirdischen Zufluss. Die Wassertemperaturen sind bei heissem Sommerwetter \u00e4usserst angenehm. Vom Pascuminersee haben Sie eine atemberaubende Aussicht auf den Hausberg Piz Beverin sowie ins Domleschg und in die faszinierende Bergwelt Graub\u00fcndens.</p><p><span style=\"font-weight: bold;\">Summerbeizli Alp Bischola<br></span>F\u00fcnf Gehminuten oberhalb der beiden Bergseen befindet sich das Alpbeizli <a href=\"https://www.maps.viamala.ch/s/GEff4\" target=\"_blank\">Hirtinnenbeizli&nbsp;Alp Bischola</a>.</p>", "url": "https://www.viamala.ch", "image": "https://viatpimtsoch.sos-ch-dk-2.exoscale-cdn.com/catalog/2/8/1/2/2812b3988055f96d12515cd0d2b182f2f23fd898_Pascuminersee_Heinzenberg_Herbst.jpg", "openstreetmap_id": "way/37145075"}, "geometry": {"type": "Point", "coordinates": ["9.359782719156971", "46.70563758577499"]}}, {"type": "Feature", "properties": {"identifier": "ac70c387-4a09-4aa3-9295-6b8da53ad37a", "name": "Guida Viamala - Gef\u00fchrte Wanderung durch das Verlorna Loch", "description": "<p>Die Wanderung beginnt in Thusis und f&uuml;hrt am Nordportal des Sicherheitsstollens des Crapteigtunnels vorbei. Dort l&auml;sst der instand gestellte B&uuml;ndnerzaun mit Steinstelen erahnen, dass hier ein besonderes Bauwerk beginnt. Vorbei am ehemaligen Wegmachergeb&auml;ude (erbaut vor 1890) geht die Wanderung sanft bergauf. Den Brunnen und Gedenkstein an denen wir vorbeikommen, erl&auml;utern wir, und erreichen die Stelle vor dem K&auml;nzeli, die in den Jahren 2020-2023 baulich saniert wurde. Das K&auml;nzeli mit Blick in die Tiefe und nach Hohen R&auml;tien zeigt uns, dass die Ingenieure eine Strasse erbauen wollten, die sch&ouml;n und landschaftlich reizvoll sein sollte und die Deutschland und Italien auf beinahe k&uuml;rzestem Weg verbindet, nicht nur f&uuml;r Warentransporte, sondern auch f&uuml;r Reisende. Nach dem K&auml;nzeli durchschreiten wir einen kurzen Tunnel &ndash; f&uuml;r damals eine Sensation. Nach dem Tunnel f&uuml;hrt die Strasse eingeschnitten in den Felsen entlang der senkrechten hohen Schluchtwand, die einem noch heute erschaudern l&auml;sst, nach Rongellen.<br><br></p><h3><strong>Dauer</strong></h3><p>Die F&uuml;hrung dauert 1.5 bis 2 Stunden und die Wanderdistanz betr&auml;gt 2.1 Kilometer.<br><br></p><h3><strong>Gruppen</strong></h3><p>F&uuml;r Gruppen ist die gef&uuml;hrte Wanderung auf Anfrage &uuml;ber Viamala Tourismus buchbar.</p>", "url": "https://www.viamala.ch", "image": "https://viatpimtsoch.sos-ch-dk-2.exoscale-cdn.com/catalog/e/5/1/d/e51da380f78d7275c868b060b18c7e526a9fc7d4_verlorna_loch_rongellen_thusis_viamala_tourismus.jpg", "openstreetmap_id": "way/105664814"}, "geometry": {"type": "Point", "coordinates": ["9.439846", "46.693582"]}}, {"type": "Feature", "properties": {"identifier": "ac962879-d0eb-4970-83bd-21443425b7e8", "name": "Feldis - Mutta Talstation SSF", "image": "https://viatpimtsoch.sos-ch-dk-2.exoscale-cdn.com/catalog/8/8/5/0/88501542fe166c9da823da37ed75b463a198cd58_sesselbahn_feldis_mutta_ssf_talstation_sommer_demateo.jpg", "openstreetmap_id": "node/240035995"}, "geometry": {"type": "Point", "coordinates": ["9.44027066230774", "46.79161626696942"]}}, {"type": "Feature", "properties": {"identifier": "acd022ff-a84b-4f6f-9bdc-e55241580dbb", "name": "Viamala Besucherzentrum", "description": "<p>Sie wird seit dem Fr\u00fchjahr 2014 durch ein vom einheimischen Architektenteam Ivano Iseppi und Stefan Kurath entworfenes neues Besucherzentrum erg\u00e4nzt. Das fr\u00fchere Kioskgeb\u00e4ude und die WC-Anlage stammten aus den 1970er Jahren. Das moderne Besucherzentrum hat wegen den Steinschlagvorschriften gegen die Kantonsstrasse&nbsp;nur ein schmales Langfenster. </p><p>Ein leicht asymmetrisches Gibeldach aus Sichtbeton \u00fcberspannt die rund 40m2 Verkaufsfl\u00e4che. W\u00e4hrend der Bau zur Strasse und zur Schlucht hin geschlossen wirkt, ist die S\u00fcd- und Nordseite des mit einheimischem Holz ausgebauten Innenraums mit grossfl\u00e4chigen Fenstern versehen. Die Besucher gelangen neu durch den Shop hindurch an der Kassa vorbei \u00fcber die ausgesetzte Treppe n\u00f6rdlich des Geb\u00e4udes in die Schlucht. Der Weg f\u00fchrt im Untergeschoss durch einen Ausstellungsraum. Von dort wird man auf die im Jahre 1903 erbaute Treppenanlage gef\u00fchrt, \u00fcber welche die Schluchtbesucher nach dem Rundgang wieder zum Shop und zur neuen Besucherterrasse gelangen. Die Viamala-Schlucht ist mit j\u00e4hrlich rund 60'000 zahlenden Besuchern Aush\u00e4ngeschild und tragende wirtschaftliche S\u00e4ule im regionalen Tourismus. Entsprechend waren bei der Planung und der Umsetzung des Bauprojektes die Verbesserung der Orientierung und der Aufenthaltsqualit\u00e4t f\u00fcr den Gast massgebende Maximen. So entwickelte eine Fachgruppe unter Beizug von Dr. Roland Scheurer, einem ausgewiesenen Fachmann im Bereich touristischer Angebotsentwicklung, parallel zum Bauprozess ein modulares Konzept, das sich auf die archaische Natur als Kernwert der Viamala fokussiert. Die Schluchtbesucher werden bewusst nicht mit Informationen \u00fcberh\u00e4uft, sondern subtil aufgefordert, das Szenario vor Ort mit all ihren Sinnen wahrzunehmen.</p>", "url": "http://www.viamala.ch", "image": "https://viatpimtsoch.sos-ch-dk-2.exoscale-cdn.com/catalog/a/4/c/9/a4c90c5620b5b036b9a851653c021881e5e79f21_besucherzentrum_von_unten.jpg", "openstreetmap_id": "way/696320310"}, "geometry": {"type": "Point", "coordinates": ["9.447439000000031", "46.663263"]}}, {"type": "Feature", "properties": {"identifier": "acfbb897-2294-41e5-8388-bf16b156449d", "name": "Leseb\u00e4nkli Masein", "description": "<p>Von unserem B\u00fccherhorst aus hat man zwar eine wunderbare Aussicht auf \ndie Berge, trotzdem lohnt es sich, die B\u00fccherkiste zu \u00f6ffnen und aus den\n Reihen der B\u00fccher eines auszuw\u00e4hlen. Es gibt Romane, Kurzgeschichten \nund B\u00fccher mit Gedichten. Auch f\u00fcr Kinder hat es Lesestoff und \nBilderb\u00fccher. Wenn man ein Buch gerne zu Ende lesen m\u00f6chte, kann man es \ngetrost nach Hause nehmen und nach der Lekt\u00fcre zur\u00fcckbringen.<br></p>", "url": "https://maseinerfrauen.wordpress.com", "image": "https://viatpimtsoch.sos-ch-dk-2.exoscale-cdn.com/catalog/b/6/4/e/b64e1e4fe7bb5ca82bc8faa4ed8c1e1ada211483_lesebaenkli_masein_viamala_tourismus.jpg", "openstreetmap_id": "node/12097086175"}, "geometry": {"type": "Point", "coordinates": ["9.42453682422638", "46.70283859175896"]}}, {"type": "Feature", "properties": {"identifier": "adb0d90f-d7b8-415d-ade6-bd20ff7ec6e7", "name": "Feldis - Richtung Heinzenberg", "image": "https://viatpimtsoch.sos-ch-dk-2.exoscale-cdn.com/catalog/6/f/0/9/6f095cc121f83fefd75fe6c8ffbf32f835851ca6_feldis_dorf_im_sommer_richtung_heinzenberg.jpg", "openstreetmap_id": "node/240035995"}, "geometry": {"type": "Point", "coordinates": ["9.43081319332123", "46.79296081008457"]}}, {"type": "Feature", "properties": {"identifier": "adc75f94-78ae-413a-890a-d086a3f3e858", "name": "Burganlage Hohen R\u00e4tien", "description": "<p>Auf hohen R\u00e4tien, mitten im Verkehrsstrom \u00fcber die Alpenp\u00e4sse gelegen, kamen Pilger, H\u00e4ndler und S\u00e4umer vorbei, wo sie einen gesicherten Warenumschlagplatz und eine S\u00e4umerherberge vorfanden. An der Stelle eines uralten Kultplatzes errichteten in der Sp\u00e4tantike die ersten Christen ihre Taufkirche, mit einem Taufbecken (5. Jahrhundert), das im Baptisterium erhalten geblieben ist und besichtigt werden kann. In der Folge entstand daraus die Pfarrkirche St. Johann &amp; Viktor, dem einstmaligen Zentrum der Grosspfarrei \u00abHoch Rialt\u00bb.</p>\n<p>Weitl\u00e4ufige Wiesen, die m\u00e4chtigen alten B\u00e4ume auf dem Gel\u00e4nde und der pl\u00e4tschernde Brunnen beim Hoch Rialt Turm laden die Besucher zum Verweilen ein. Die Aussicht \u00fcber das Domleschger Tal und in die Viamala ist unvergleichlich.</p>\n<p>Eine Familienstiftung - seit 1472 Besitzerin der Anlage - sorgt noch heute f\u00fcr den Erhalt dieser faszinierenden Zeugen l\u00e4ngst vergangener Zeiten.</p>\n<p>Mit ihrem Smartphone oder Tablet haben Sie Zugang zu einem audiovisuellen Guide mit wichtigen Informationen zur Geschichte der Anlage.</p>\n<p>Hohen R\u00e4tien liegt am wieder erstellten&nbsp;<a href=\"https://www.viamala.ch/de/viaspluga\">viaSpluga-Weitwanderweg</a>.</p>\n<p><span style=\"font-weight: bold;\">Zugang</span><br>Hohen R\u00e4tien liegt auf einem Felsplateau und ist gegen eine Eintrittsgeb\u00fchr \u00f6ffentlich zug\u00e4nglich. Erreichbar zu Fuss in ca. 35 min ab&nbsp;<a href=\"https://mybusiness.outdooractive.com/de/r/23419810/\" data-type=\"tour\" data-id=\"23419810\">Burgenweg Domleschg</a>.</p>", "url": "https://www.hohenraetien.ch", "image": "https://viatpimtsoch.sos-ch-dk-2.exoscale-cdn.com/catalog/7/3/1/b/731b2cf898760d0f80203e67a40d7f7e27c5fb14_burganlage_hohen_raetien_sommer_viamala_demateo.com.jpg", "openstreetmap_id": "way/210291944"}, "geometry": {"type": "Point", "coordinates": ["9.444287", "46.691622"]}}, {"type": "Feature", "properties": {"identifier": "ae185a33-32a8-417c-b0f0-228226160101", "name": "Skih\u00fctte Cawetta", "description": "<p>Geniesse das atemberaubende Alpenpanorama, w&auml;hrend du tags&uuml;ber die Pisten erkundest und freue dich mittwochs von Ende Januar bis Anfang M&auml;rz auf ein einzigartiges Angebot: Nachtskifahren und Raclett-Plausch (nur bei guter Witterung). Weitere Informationen und Reservierungen unter Tel.&nbsp;<a href=\"tel:+41816611178\">+41 81 661 11 78</a> ab 17.00 Uhr.</p><p><span style=\"font-weight: bold;\">Anzahl Sitzpl&auml;tze </span></p><ul><li>Restaurant: 150 Pl&auml;tze</li><li>Terrasse: 50 Pl&auml;tze</li></ul>", "image": "https://viatpimtsoch.sos-ch-dk-2.exoscale-cdn.com/catalog/a/f/e/6/afe6f1952577dd0691356ccb0d9be21ea1df05d4_skihuette_cawetta_cavetta_avers_juppa_markus_mueller.jpg", "openstreetmap_id": "node/3028837060"}, "geometry": {"type": "Point", "coordinates": ["9.553628861904144", "46.44568439130478"]}}, {"type": "Feature", "properties": {"identifier": "af2507ba-0a3b-42cd-9c4c-35edc3a97ddf", "name": "Klettergarten B\u00e4renburg Andeer", "description": "<p>Einseill\u00e4ngen ab 5c </p><p><br></p><p><span style=\"font-weight: bold;\">Informationen und Topo </span></p><p>Bergsportschule Grischa </p><p>Veia Prinzipala 47 </p><p>7443 Pignia</p><p> </p><p><a href=\"mailto:info@bergsportschulegrischa.ch\" target=\"_blank\">info@bergsportschulegrischa.ch</a></p><p><a href=\"https://bergsportschulegrischa.ch\">www.bergsportschulegrischa.ch</a></p>", "url": "https://bergsportschulegrischa.ch", "image": "https://viatpimtsoch.sos-ch-dk-2.exoscale-cdn.com/catalog/a/d/0/4/ad041a35ad96aad06595ee8925a6f42b77e3edd9_13668129.jpg", "openstreetmap_id": "node/12114459352"}, "geometry": {"type": "Point", "coordinates": ["9.5369788", "46.4586884"]}}, {"type": "Feature", "properties": {"identifier": "af6ec713-e904-495c-8b4d-10aecb6e449e", "name": "Feuerstelle Capettawald", "description": "Bitte allf\u00e4llige Weisungen z.B. bez\u00fcglich <a href=\"https://www.gr.ch/DE/institutionen/verwaltung/diem/awn/aktuelles/Waldbrandgefahr/Seiten/aktuelle_waldbrandgefahr.aspx\" target=\"_blank\">Waldbrandgefahr </a>beachten.", "url": "https://www.viamala.ch", "image": "https://viatpimtsoch.sos-ch-dk-2.exoscale-cdn.com/catalog/6/2/1/5/6215d1755982a29f4cd0f08bba10e607b140723b_Feuerstelle_Beispielbild.jpg", "openstreetmap_id": "node/12075096872"}, "geometry": {"type": "Point", "coordinates": ["9.51164960861206", "46.46848769039403"]}}, {"type": "Feature", "properties": {"identifier": "af8b1903-a393-4ff9-a4b0-178978760fd3", "name": "Reformierte Kirche Andeer", "description": "<p>Erbaut 1673 nach den&nbsp;B\u00fcndner Wirren&nbsp;im&nbsp;Barockstil, fusst die heutige Kirche auf der Bausubstanz mehrerer Vorg\u00e4nger. Eine Kirche in Andeer an gleicher Lage ist ersturkundlich 1419 erw\u00e4hnt. Der markante, das Dorfbild pr\u00e4gende&nbsp;Turm&nbsp;wurde 1827 aufgestockt und mit einem&nbsp;Zwiebelhelm&nbsp;auf dem&nbsp;polygonalen&nbsp;Aufsatz gedeckt. Die Kirche steht unter kantonalem&nbsp;Denkmalschutz. </p><p>Den Mittelpunkt der Kirche bildet der&nbsp;Taufstein&nbsp;noch vor den Stufen zum&nbsp;Chor, der nach reformierter B\u00fcndner Tradition auch als&nbsp;Abendmahlstisch&nbsp;fungiert. Die&nbsp;intarsienverzierte&nbsp;Kanzel&nbsp;geht auf das Jahr 1677 zur\u00fcck. </p><p>Die&nbsp;Orgel&nbsp;wurde 1967 eingebaut und fand ihren Platz auf der Empore.</p>", "url": "https://andeer-reformiert.ch/", "image": "https://viatpimtsoch.sos-ch-dk-2.exoscale-cdn.com/catalog/9/b/3/3/9b33e50fa9a707d80621293659aa4b1b5453c228_die_reformierte_kirche_andeer_im_herbst__1_.jpg", "openstreetmap_id": "way/214307397"}, "geometry": {"type": "Point", "coordinates": ["9.426089823246002", "46.605118024201694"]}}, {"type": "Feature", "properties": {"identifier": "af8d1025-2c70-4dcb-bd7b-cbca61761fbc", "name": "Fasssauna-Erlebnis im Hotel Bergalga", "description": "<p>Nach einem Tag im Schnee ist ein Saunabesuch ein Erlebnis und eine Wohltat f&uuml;r K&ouml;rper und Seele. Entschleunigung heisst unser Zauberwort. G&ouml;nnen Sie sich Zeit zur Entspannung und um neue Kraft zu tanken.</p>\n<p>Es sind auch G&auml;ste willkommen, die nicht im Hotel Bergalga &uuml;bernachten.</p>\n<ul>\n<li><strong>Mietdauer:</strong> 1.5 h</li>\n<li><strong>Belegung:</strong> maximal 4 Personen</li>\n<li><strong>Eintritt:</strong> CHF 10.00 pro&nbsp;Person</li>\n<li><strong>Bademantel:</strong>&nbsp;CHF&nbsp;5.00 Leihgeb&uuml;hr</li>\n</ul>", "url": "https://bergalga.ch", "image": "https://viatpimtsoch.sos-ch-dk-2.exoscale-cdn.com/catalog/6/8/a/0/68a06b2f553257a66f0d988706d44c6106ffd5ae_das_bergalga_saunafass.jpg", "openstreetmap_id": "node/3028837057"}, "geometry": {"type": "Point", "coordinates": ["9.553865", "46.44992"]}}, {"type": "Feature", "properties": {"identifier": "b0777ac6-e9c3-44b1-aed4-06cb6e8b714c", "name": "Stellplatz Avers-Cr\u00f6t", "description": "<h4>Sanit\u00e4ranlagen</h4><p>Eine \u00f6ffentliche Toilette steht zur Verf\u00fcgung.</p>\n<h4><strong><br></strong>Kosten</h4><p>CHF 25.00 pro Fahrzeug und Nacht inkl. G\u00e4steabgabe</p>\n<h4><strong><br></strong>Zahlung</h4><p>Direkt \u00fcber die App&nbsp;<a href=\"https://www.parknsleep.app/ps/57452331\">Parkn'Sleep</a>.</p>\n<h4><strong><br></strong>Maximaler Aufenthalt</h4><p>3 N\u00e4chte</p>\n<h4><strong><br></strong>Abfall</h4><p>Keine M\u00f6glichkeit f\u00fcr Abfallentsorgung.</p>", "url": "https://gemeindeavers.ch/", "image": "https://viatpimtsoch.sos-ch-dk-2.exoscale-cdn.com/catalog/0/1/5/a/015a049044b8aed9daad2d82a09ee72eeaf74f5c_avers_croet_im_winter_viamala_tourismus.jpg", "openstreetmap_id": "node/12098771650"}, "geometry": {"type": "Point", "coordinates": ["9.48696255683899", "46.476586004599234"]}}, {"type": "Feature", "properties": {"identifier": "b16f3eaa-2061-4779-a6da-5f09ac234c52", "name": "Spielplatz Schulhaus Quadra Cazis", "description": "<p>Dieser&nbsp;Spielplatz ist ein vielseitiger Ort f&uuml;r Kinder jeden Alters. Ein erfrischender Brunnen am Rand des Spielplatzes bietet eine angenehme Abk&uuml;hlung f&uuml;r Gross und Klein. Hinter dem Spielplatz erstrecken sich ein Fussballfeld, ein Basketballfeld, eine Wiese und eine Rutschbahn. Die Ausstattung umfasst:</p>\n<ul>\n<li>Einen Brunnen</li>\n<li>Eine Korbschaukel</li>\n<li>Ein Vogelnest-Karussell</li>\n<li>Einen Holzpark</li>\n</ul>", "url": "https://www.viamala.ch", "image": "https://viatpimtsoch.sos-ch-dk-2.exoscale-cdn.com/catalog/6/c/2/2/6c22272fe2eab333112d39e950ee22788a11212f_Spielplatz_Schulhaus_Quadra_Cazis.jpg", "openstreetmap_id": "node/4339825189"}, "geometry": {"type": "Point", "coordinates": ["9.432712", "46.718236"]}}, {"type": "Feature", "properties": {"identifier": "b24e1411-257f-490c-95f5-93808bd95cf7", "name": "Bernina Bar", "image": "https://viatpimtsoch.sos-ch-dk-2.exoscale-cdn.com/catalog/7/7/2/b/772b8193845de24de7b91a3e851f06b31d3fa60d_bernina_bar_thusis.jpg", "openstreetmap_id": "node/12126231287"}, "geometry": {"type": "Point", "coordinates": ["9.439793", "46.699713"]}}, {"type": "Feature", "properties": {"identifier": "b2590f23-78ab-40d7-926c-f0ad9f87fa89", "name": "Hotel Weiss Kreuz", "description": "<p>Genussvolle Kreationen aus der K\u00fcche werden in der heimeligen B\u00fcndnerstube, im stilvollen Restaurant, im Wintergarten oder auf der grossen Sonnenterrasse serviert. Vom Wintergarten, hoch \u00fcber den D\u00e4chern von Thusis, bietet sich ein herrlicher Ausblick ins Domleschg. Auch die Aussicht von der Sonnenterrasse auf das B\u00fcndner Bergpanorama begeistert die G\u00e4ste. Das Hotel Weiss Kreuz bietet eine Mischung aus regionalen Spezialit\u00e4ten und raffinierten Gerichten aus aller Welt. </p><p><span style=\"font-weight: bold;\">B\u00fcndnerstube </span><br>Die B\u00fcndnerstube erz\u00e4hlt die Geschichte des Hauses: Zwischen Holzt\u00e4fern, gem\u00fctlichen Holzb\u00e4nken, stilvoll gedeckten Tischen und einer grossen Glasfront in Richtung Thusner Innenstadt zeigt sich die B\u00fcndner Herzlichkeit von ihrer besten Seite. T\u00e4glich wechselnde Mittagsmen\u00fcs und regionale Spezialit\u00e4ten laden zum Verweilen ein. </p><p><span style=\"font-weight: bold;\">1848 </span><br>Das Restaurant 1848 erinnert an das Gr\u00fcndungsjahr des Familienhotels. Hier erleben G\u00e4ste, die das Fr\u00fchst\u00fccksbuffet im lichtdurchfluteten, grossr\u00e4umigen Raum geniessen, das moderne und mond\u00e4ne Ambiente des Hotels Weiss Kreuz. Der Friends Table, eine einladende Tavolata mit 12 Pl\u00e4tzen, ist besonders bei Gruppen beliebt. Das stilvolle, schlicht gehaltene Interieur schafft eine Atmosph\u00e4re von Ruhe und Erholung. </p><p><span style=\"font-weight: bold;\">Sonnenterrasse </span><br>Direkt an das Restaurant 1848 schliesst sich die grosse Sonnenterrasse mit Tischen und Strandkorb an. Kaffee und Gipfeli schmecken hier bei Bergblick und Sicht auf die Burgruine Hohen R\u00e4tien besonders gut. Abends taucht Kerzenlicht und Mondschein die Terrasse in eine ganz besondere Stimmung. </p><p><span style=\"font-weight: bold;\">Panorama Restaurant </span><br>Das Panorama Restaurant bietet den perfekten Rahmen f\u00fcr besondere Anl\u00e4sse. Ob Familienfest, Jubil\u00e4um oder Business-Meeting mit geschlossener Gesellschaft und bis zu 40 Personen \u2013 die Kombination aus einmaligem Bergblick und hervorragendem Service macht jedes Event unvergesslich. </p><p><span style=\"font-weight: bold;\">Lounge </span><br>F\u00fcr alle, die es ruhig und gem\u00fctlich m\u00f6gen, bietet die Hotellounge rund um die Uhr einen Ort der Entspannung. Der Aufenthaltsraum mit Selbstbedienung h\u00e4lt kalte und warme Getr\u00e4nke bereit und ist Tag und Nacht ge\u00f6ffnet.</p>", "url": "https://weisskreuz.ch", "image": "https://viatpimtsoch.sos-ch-dk-2.exoscale-cdn.com/catalog/2/9/1/0/2910188fb8485dbe4feca13dff7c1e94c1fac8cb_hotel_weiss_kreuz_thusis_aussen_sommer_dolores_rupa.jpg", "openstreetmap_id": "node/888857713"}, "geometry": {"type": "Point", "coordinates": ["9.439662", "46.695926"]}}, {"type": "Feature", "properties": {"identifier": "b399a958-e70d-4951-a989-b28895b53855", "name": "Dettli-Sport", "description": "Dettli Sport wurde im Jahr 1982 von Christian Dettli gegr\u00fcndet. Zuerst befand er sich in einem Bauwagen beim Ponylift. Nach ein paar Jahren wechselte Dettli Sport in das Hirtenh\u00fcttchen. Christian Dettli gr\u00fcndete dann auch die Skischule Avers, welche er&nbsp;35&nbsp;Jahre, bis im Fr\u00fchjahr&nbsp;2020, betrieb. Die Skischule Avers wird nun von seiner treuen Mitarbeiterin Claudia Buchli weiter gef\u00fchrt. Im Jahr 1993 zog das Gesch\u00e4ft aus dem kleinen Hirtenh\u00fcttchen in den Neubau, wie Sie es heute vorfinden.&nbsp;Seit der Saison 20/21 ist Christina Dettli, Tochter von Christian und Elsi, nun Gesch\u00e4ftsf\u00fchrerin und freut sich, Sie begr\u00fcssen zu d\u00fcrfen.", "url": "https://www.dettli-sport.com", "image": "https://viatpimtsoch.sos-ch-dk-2.exoscale-cdn.com/catalog/6/5/3/e/653e1287f2712848f0044c474729b740e59a0536_dettli_sport_im_avers.jpg", "openstreetmap_id": "node/3028837059"}, "geometry": {"type": "Point", "coordinates": ["9.54961895942688", "46.45044872505472"]}}, {"type": "Feature", "properties": {"identifier": "b48cd378-ef45-4081-8e32-febefb95135b", "name": "Dreib\u00fcndenstein", "description": "<p>Vor Ort steht eine 1915 von der Sektion Rh\u00e4tia des Schweizerischen Alpenclubs errichtete Stele. Der urspr\u00fcngliche Grenzstein von 1722 ist im <a href=\"https://raetischesmuseum.gr.ch/\" target=\"_blank\">R\u00e4tischen Museum</a> in Chur ausgestellt. Die heutige Stele tr\u00e4gt die drei Wappen der historischen B\u00fcnde. Hier trafen sich der Graue Bund mit der damaligen Gerichtsgemeinde Rh\u00e4z\u00fcns, der Gotteshausbund (Schloss Ortenstein) und der Zehngerichtenbund (Gerichtsgemeinde Churwalden).<br>Der Kulminationspunkt markiert die Grenzen der heutigen Gemeinden Churwalden (bis 2009 Malix), Domleschg (bis 2010 Feldis) und Domat/Ems. Der Dreib\u00fcndenstein und seine westlich gelegene Hochebene sind aus jeder Richtung \u00fcber Wanderwege (Schwierigkeitsgrad T2, ausser von Pargitsch und St\u00e4tzerhorn: T3) erreichbar.</p><p><span style=\"font-weight: bold;\">Schneeschuh-Arena Dreib\u00fcndenstein</span><br>Die Schneeschuh-Arena Dreib\u00fcndenstein liegt im Herzen der Regionen Viamala, Chur und Lenzerheide. Sie verbindet die drei Wintersportgebiete Feldis, Brambr\u00fcesch und Pradaschier f\u00fcr Schneeschuhwanderer. Vorbildlich signalisierte Schneeschuh-Routen f\u00fchren ab den drei Stationen zur Hochebene Dreib\u00fcndenstein, wodurch sich tolle M\u00f6glichkeiten fu\u0308r abwechslungsreiche Schneeschuh-Rundtouren er\u00f6ffnen.</p><ul><li><a href=\"https://www.chur.graubuenden.ch/de/aktivitaeten/winter/schneeschuh-arena-dreibuendenstein\" target=\"_blank\">Zur Schneeschuh-Arena</a></li></ul><p><span style=\"font-weight: bold;\"><br>Rundwanderungen Dreib\u00fcndenstein</span><br>Die Wanderregion zwischen den drei Gebieten Chur-Brambr\u00fcesch, Feldis und Pradaschier ist gepr\u00e4gt von der malerischen Hochebene rund um den Dreib\u00fcndenstein. Die abwechslungsreichen Rundwanderungen bestechen durch ein fantastisches 360\u00b0 Panorama und erm\u00f6glichen unvergleichliche Wandererlebnisse. In den attraktiven Rundreise-Tickets sind alle Bergbahnen und auch die R\u00fcckreise mit dem \u00d6V inklusive.</p><ul><li><a href=\"https://www.chur.graubuenden.ch/de/aktivitaeten/sommer/dreibuendenstein-rundwanderungen\" target=\"_blank\">Rundwanderungen entdecken</a><br></li></ul><p><br><span style=\"font-weight: bold;\">Absturzstelle Lady Patricia<br></span>Am 16. November 1944 st\u00fcrzte der amerikanische B24-Bomber \u201eLady Patricia\u201c n\u00f6rdlich des Dreib\u00fcndensteins unterhalb des Furggab\u00fcels ab, im Grenzgebiet zwischen Malix und Domat/Ems. Der Bomber war auf dem R\u00fcckflug von einer Bombardierung in M\u00fcnchen nach S\u00fcditalien, wo er stationiert war. Alle zw\u00f6lf Besatzungsmitglieder konnten die Maschine vor dem Aufprall mit dem Fallschirm verlassen und landeten unverletzt. Nach ihrer Rettung wurden die M\u00e4nner in Adelboden interniert. Der Absturz wurde durch Besch\u00e4digungen durch deutsche Gesch\u00fctze verursacht. Der Name \u201eLady Patricia\u201c bezog sich auf die kleine Tochter des Piloten Daryl R. Mason, der die Maschine normalerweise flog. Da er an jenem Tag krank war, flog sein Ersatzpilot Doyle R. Smith das Flugzeug.<br>Anl\u00e4sslich des 60. Jahrestages wurde 2004 an der Absturzstelle auf dem Wanderweg nach Feldis ein Gedenkstein enth\u00fcllt, in Anwesenheit der namensgebenden Pilotentochter Patricia Mason Freel.<br>Im Actionbound kann Wissenswertes \u00fcber \u00abThe Lady Patricia\u00bb, \u00fcber ihre Besatzung, ihre Mission und \u00fcber ihren Absturz erfahren werden. Tauche ein in ein faszinierende Kapitel der Lokalgeschichte.</p><ul><li><a href=\"https://de.actionbound.com/bound/lady-patricia\" target=\"_blank\">Zum Actionbound</a><br></li></ul>", "url": "https://www.viamala.ch", "image": "https://viatpimtsoch.sos-ch-dk-2.exoscale-cdn.com/catalog/a/0/4/f/a04f72e1f6c2d52a333fb34a8d383f94a4e094bf_dreibuendenstein.jpg", "openstreetmap_id": "node/242664544"}, "geometry": {"type": "Point", "coordinates": ["9.497196", "46.800826"]}}, {"type": "Feature", "properties": {"identifier": "b497f594-2caf-41e0-904f-b6aa2d63aa07", "name": "Feuerstelle Crappasusta", "description": "<p>Ab Thusis ist die Feuerstelle in ca. 35 Gehminunten erreichbar. Zudem gibt es eine Waldh\u00fctte, welche gemietet werden kann. Weitere Informationen finden Sie&nbsp;<a href=\"https://bg-thusis.ch/\" target=\"_blank\">hier</a>.</p><p><span style=\"font-weight: bold;\">Ausstattung</span></p><ul><li>1 Grill mit Rost vorhanden</li><li>2 Tische mit B\u00e4nke (14 Sitzpl\u00e4tze)</li><li>Abfallentsorgung vorhanden</li><li>Brennholz vorhanden<br></li></ul><p><br>Bitte allf\u00e4llige Weisungen z.B. bez\u00fcglich <a href=\"https://www.gr.ch/DE/institutionen/verwaltung/diem/awn/aktuelles/Waldbrandgefahr/Seiten/aktuelle_waldbrandgefahr.aspx\" target=\"_blank\">Waldbrandgefahr </a>beachten.</p>", "url": "https://www.viamala.ch", "image": "https://viatpimtsoch.sos-ch-dk-2.exoscale-cdn.com/catalog/9/7/a/c/97acb9d239468165802e6856f3209b89d8bc5645_Waldh__tte_Crappasusta_Thusis_mit_Feuerstelle.jpg", "openstreetmap_id": "node/12074791334"}, "geometry": {"type": "Point", "coordinates": ["9.434444904327393", "46.68658678552015"]}}, {"type": "Feature", "properties": {"identifier": "b5c662c0-6525-413a-a0ba-485406af5d5d", "name": "KHR & Staumauer Valle di Lei", "description": "<p>Die Staumauer des Valle di Lei liegt auf Schweizer Gebiet, der See bereits in Italien. Von der Mauerkrone aus hat man einen imposanten Blick auf den ewigen Schnee des Pizzo Stella und des Piz Grisch. Die Anlage Valle di Lei geh\u00f6rt zur dreistufigen Kraftwerksgruppe mit den Zentralen Ferrera, B\u00e4renburg und Sils. Pro Jahr werden rund 1'410 Mio. kWh Strom produziert. Direkt bei der Staumauer Valle di Lei befindet sich ein \u00f6ffentlich zug\u00e4ngliches Inforama der Kraftwerke Hinterrhein AG. Hier sind die einzelnen Stufen der gesamten Anlage verst\u00e4ndlich dokumentiert. Zus\u00e4tzlich wird viel Wissenswertes \u00fcber die Stromproduktion vermittelt.</p><p><span style=\"font-weight: bold;\">Gef\u00fchrte Staumauer-Besichtigung Valle di Lei</span><br>Im Juli und August jeweils am Dienstag-Nachmittag. Anmeldung erforderlich bis 16.00 Uhr am Vorabend an G\u00e4steinformation Viamala, Tel. <a href=\"tel:+41816509030\">+41 81 650 90 30</a>. Treffpunkt: 14.00 Uhr beim KHR-Inforama Valle di Lei. Dauer ca. 1.5 \u2013 2 Stunden. Kostenlos. Gute Schuhe und warme Jacke erforderlich. Begrenzte Anzahl Teilnehmer. F\u00fcr Gruppen nach Vereinbarung. Anmeldung via <a href=\"https://www.khr.ch/de/fuehrungen\" target=\"_blank\">Online-Formular</a>.</p>", "url": "https://www.khr.ch", "image": "https://viatpimtsoch.sos-ch-dk-2.exoscale-cdn.com/catalog/a/9/0/d/a90d22ec97663e046455b679a9b3c0673cc87f2d_staumauer_valle_di_lei.jpg", "openstreetmap_id": "way/365808667"}, "geometry": {"type": "Point", "coordinates": ["9.456771", "46.48363"]}}, {"type": "Feature", "properties": {"identifier": "b5d41811-564c-46cf-8dec-e41cc89bca1d", "name": "Hotel Restaurant Rofflaschlucht", "description": "<p>Das Restaurant bietet frische Forellen, R\u00f6sti , R\u00f6sti/Pizza und Grillspezialit\u00e4ten an. Neben dem Hotel ist ein grosser Parkplatz vorhanden.</p>\n<h4>Anzahl Sitzpl\u00e4tze</h4><p>Saal: 45 Pl\u00e4tze</p>", "url": "https://rofflaschlucht.ch", "image": "https://viatpimtsoch.sos-ch-dk-2.exoscale-cdn.com/catalog/5/b/2/1/5b21d53d3e171b998e4de6233c174582571b7cd3_hotel_restaurant_rofflaschlucht_sommer.jpg", "openstreetmap_id": "way/219555056"}, "geometry": {"type": "Point", "coordinates": ["9.42103", "46.58199"]}}, {"type": "Feature", "properties": {"identifier": "b5e88975-3ff9-41c2-ab41-7377d5f24f1d", "name": "Hotel Restaurant Capricorns", "description": "<p><strong>Die Regionalit\u00e4t zieht sich als roter Faden durch die Speise- und Getr\u00e4nkekarte.</strong></p>\n<p>In der K\u00fcche wird Schamser Safran und Bergheu, Kr\u00e4uter und Bl\u00fcten vom eigenen Hotelgarten, Sanddorn aus Trans, Kuhmilchziger aus Mathon, Eier vom Biohof in Lohn zu stimmigen Gerichten verarbeitet.</p>\n<p>Die K\u00e4se und Milchprodukte beziehen wir von den drei ausgezeichneten Sennereien Andeer, Sufers und Spl\u00fcgen. Das Fleisch (Rind und Lamm) und die Wursterzeugnisse stammen von den Bio Bauernh\u00f6fen am Schamserberg und Averstal und werden in der Viamala Meztga verarbeitet. Besonders zu erw\u00e4hnen gilt, die G\u00e4nsezucht von unserer Mitarbeiterin auf ihrem Biohof in Hinterrhein, die uns im Winter mit einheimischen G\u00e4nsen beliefert. Im Sommer pflanzt unsere Mitarbeiterin f\u00fcr uns Gem\u00fcse an und im Herbst beziehen wir von ihr die Alpschweine. Die \u00c4lpler Magronen, Pizzoccheri und Mehl stammen vom biologischen Berggetreide von der Genossenschaft Gran Alpin. Unsere Eiskarte ist mit feinsten Glac\u00e9sorte von der Glatsch Balnot in Surava best\u00fcckt.</p>\n<p>Beim Wein ist der Schwerpunkt auf die B\u00fcndner Herrschaft gerichtet. In der Getr\u00e4nkekarte finden Sie ausserdem Kr\u00e4utertee aus dem Puschlav oder eine Bierauswahl von der Brauerei Monstein.</p>\n<p>Das Hotel Restaurant Capricorns \u201eSwiss Lodge\u201c im historischen Geb\u00e4ude, mitten im Naturpark Beverin gelegen, sorgt f\u00fcr entspannenden Ausgleich vom Alltag. F\u00fcr Wanderer, Biker, Schneeschuhl\u00e4ufer, Skitourenfahrer, Schlittler und besonders auch f\u00fcr Familien mit Kindern ist das Hotel idealer Ausgangspunkt f\u00fcr Ausfl\u00fcge in die Natur.<br><br></p>\n<p><strong>Wellnessbereich \u00abLa Calma\u00bb</strong></p>\n<p>G\u00f6nnen Sie sich eine Wellness-Auszeit im Wellnessbereich \u00abLa Calma\u00bb \u2013 ein Ort der Ruhe und Gelassenheit im Naturpark Beverin.&nbsp;</p>\n<ul>\n<li><a href=\"https://capricorns.ch/de/wellnessbereich-la-calma/\" target=\"_blank\" rel=\"noopener\">Mehr erfahren</a></li>\n</ul>", "url": "https://www.capricorns.ch", "image": "https://viatpimtsoch.sos-ch-dk-2.exoscale-cdn.com/catalog/3/d/d/d/3ddd00569a11748f2214e84f1eb3f22c8f12e197_center_da_capricorns_hotel_restaurant_capricorns_wergenstein_sommer_frank_bruederli.jpg", "openstreetmap_id": "node/3929077482"}, "geometry": {"type": "Point", "coordinates": ["9.407362", "46.626318"]}}, {"type": "Feature", "properties": {"identifier": "b774373a-516d-4566-87f4-33c228c9b961", "name": "Feuerstelle Jagdstand Realta", "description": "<p>Die Feuerstelle ist ab Realta in 45 Minuten zu Fuss erreichbar. Sie liegt am Waldrand und an einem B\u00e4chlein.<br></p><p><span style=\"font-weight: bold;\">Ausstattung</span></p><ul><li>1 Feuerstelle</li><li>Grillrost vorhanden</li><li>Brennholz vorhanden</li><li>2 Tische und 4 B\u00e4nke</li><li>Toilette</li><li>grosser Unterstand</li><li>Keine Abfallentsorgung<br></li></ul><p><br>Bitte allf\u00e4llige Weisungen z.B. bez\u00fcglich <a href=\"https://www.gr.ch/DE/institutionen/verwaltung/diem/awn/aktuelles/Waldbrandgefahr/Seiten/aktuelle_waldbrandgefahr.aspx\" target=\"_blank\">Waldbrandgefahr&nbsp;</a>beachten.</p>", "url": "https://www.viamala.ch", "image": "https://viatpimtsoch.sos-ch-dk-2.exoscale-cdn.com/catalog/6/6/f/7/66f703d826b1f6face55448937c5a6b7e414ac5b_Feuerstelle_Jagdstand_Realta_Unterstand_Gemeinde_Cazis.jpg", "openstreetmap_id": "node/12074713379"}, "geometry": {"type": "Point", "coordinates": ["9.420358", "46.746224"]}}, {"type": "Feature", "properties": {"identifier": "b79922ec-9fee-4192-9863-ba483386bafe", "name": "Schloss Sins", "description": "<p>Schloss Paspels wurde vermutlich von Jahn Victor von Travers-Ortenstein um 1695 erbaut. Aus dieser Zeit stammen wohl noch Teile des Haupttraktes, die allerdings nicht mehr n\u00e4her ausscheidbar sind. Um 1730 scheint der gleichnamige Sohn des Erbauers einen umfassenden Umbau vorgenommen zu haben. Dieser Umbau liegt vermutlich der Gesamtdisposition der heutigen Anlage, insbesondere dem Treppenhaus, zu Grunde. Es gilt als mutmasslicher Geburtsort von Pompejus Planta, der als Widersacher von J\u00fcrg Jenatsch bekannt wurde.</p>\n<p>Weitere Umgestaltungen nahm Generalleutnant Victor von Travers vor, der auch die am 25. April 1760 zu Ehren des Namen Jesu, Maria und Joseph benedizierte Kapelle einbauen liess. Die letzte gr\u00f6ssere Renovation fand 1892/93 unter Oberst Freidrich von Tscharner (sp\u00e4ter auf Ortenstein) mit einer Umgestaltung des \u00c4usseren statt. Architekt war Nicolaus Hartmann sen., St. Moritz. 1911 erfolgte der Eigentums\u00fcbergang an Minister F. von Salis-Soglio. Bis ins Jahr 2012 wurde das Schloss Sins als Hotel gef\u00fchrt.</p>\n<p><strong>Zugang<br></strong>Das Schloss Sins befindet sich in Privatbesitz und ist nicht \u00f6ffentlich zug\u00e4nglich. Die Anlage liegt direkt am&nbsp;<a href=\"https://mybusiness.outdooractive.com/de/r/23419810/\" data-type=\"tour\" data-id=\"23419810\">Burgenweg Domleschg</a>.</p>", "url": "https://www.viamala.ch", "image": "https://viatpimtsoch.sos-ch-dk-2.exoscale-cdn.com/catalog/b/7/c/6/b7c65ba94b7df0e6810280154a834ea9c07b146e_schloss_sins_suens_paspels_domleschg_sommer_viamala_tourismus.jpg", "openstreetmap_id": "way/136124835"}, "geometry": {"type": "Point", "coordinates": ["9.44052", "46.750119"]}}, {"type": "Feature", "properties": {"identifier": "b7dcb90c-a4b6-45cb-9eda-5f6b1131738a", "name": "Stellplatz Madris (Avers)", "description": "<h4>Sanit\u00e4ranlage</h4><p>Keine Vorhanden</p>\n<h4><br>Kosten</h4><p>CHF 25.00 pro Fahrzeug und Nacht inkl. G\u00e4steabgabe</p>\n<h4><br>Zahlung</h4><p>Direkt \u00fcber die App&nbsp;<a href=\"https://www.parknsleep.app/ps/26963047\">Parkn'Sleep</a>.</p>\n<h4><br>Maximaler Aufenthalt</h4><p>3 N\u00e4chte</p>\n<h4><br>Abfall</h4><p>Keine M\u00f6glichkeit f\u00fcr Abfall vorhanden</p>", "url": "https://gemeindeavers.ch/", "image": "https://viatpimtsoch.sos-ch-dk-2.exoscale-cdn.com/catalog/b/f/7/e/bf7e1ebf0a240afa400029dd124191c40a5ae0f5_val_madris_avers_sommer_demateo.jpg", "openstreetmap_id": "node/12098753298"}, "geometry": {"type": "Point", "coordinates": ["9.47987213730812", "46.45257322850879"]}}, {"type": "Feature", "properties": {"identifier": "b8f9ad56-4cc0-463c-a0e0-473f0326dda5", "name": "Tennis Andeer", "description": "<p>Bei voller Auslastung k\u00f6nnen Einzelspieler den Platz f\u00fcr max. 1 Stunde und Doppelspieler f\u00fcr max. 2 Stunden reservieren. Die Nutzung der Ballwurfmaschine ist kostenlos.</p>\n<p><strong>Platzordnung</strong></p>\n<ul>\n<li>Kinder unter 16 Jahren ist die Ben\u00fctzung der Tennisanlage nur unter Aufsicht von Erwachsenen erlaubt.</li>\n<li>Personen ohne Spielberechtigung ist das Betreten der Anlage nicht erlaubt. Sind die Pl\u00e4tze gesperrt, ist der Zutritt untersagt.</li>\n<li>Die Tennispl\u00e4tze d\u00fcrfen nur mit Tennisschuhen betreten werden. Nach jeder Spielzeit ist der Platz mit der Abziehmatte abzuziehen (gem\u00e4ss Instruktion am Platzeingang). Die Abziehmatten sind nach der Ben\u00fctzung wieder an die vorgesehenen Haken zu h\u00e4ngen.</li>\n<li>Die Ballwurfmaschine ist nach Gebrauch zuzudecken und die B\u00e4lle sowie die Kabelrolle sind zu versorgen.</li>\n<li>Nach dem Spiel sind s\u00e4mtliche T\u00fcren abzuschliessen und die Beleuchtung auszuschalten.</li>\n<li>Bitte Pl\u00e4tze und Clubhaus sauber und aufger\u00e4umt zur\u00fccklassen. Anfallender M\u00fcll etc. soll in den entsprechenden Abfalleimern entsorgt werden.</li>\n<li>Der Tennisclub \u00fcbernimmt f\u00fcr Unf\u00e4lle keinerlei Haftung. Spieler, die den Platz bzw. das Eigentum des Vereins besch\u00e4digen, haften f\u00fcr diese Sch\u00e4den. Eltern haften f\u00fcr ihre Kinder. Auf beiden Tennispl\u00e4tzen und im Clubhaus herrscht striktes Rauchverbot.</li>\n<li>Bei Anfahrt mit dem Auto bitte die \u00f6ffentlichen Parkpl\u00e4tze beim Mineralbad ben\u00fctzen.</li>\n<li>Wir bitten Spieler und Zuschauer auf das Ruhebed\u00fcrfnis der Anwohner R\u00fccksicht zu nehmen.</li>\n</ul><p><br></p><p><span style=\"font-weight: bold;\">Kosten</span><br></p><p>CHF 20.00 pro Platz und Stunde.&nbsp;Reservation bei der G\u00e4steinformation c/o Mineralbad Andeer, Tel. <a href=\"tel:+41816611878\">+41 81 661 18 78</a>.&nbsp;Bezahlung der Platzmiete und Schl\u00fcsseldepot erfolgt im Mineralbad Andeer.</p>", "url": "https://mineralbad-andeer.ch/", "image": "https://viatpimtsoch.sos-ch-dk-2.exoscale-cdn.com/catalog/7/2/6/d/726d3b69091c422ddfc124397fd0bac6181764fc_tennisplatz_keyvisual.jpg", "openstreetmap_id": "way/214148677"}, "geometry": {"type": "Point", "coordinates": ["9.425110816955568", "46.60653281858061"]}}, {"type": "Feature", "properties": {"identifier": "b9b1c2a2-af3a-4d53-8872-ae3b54ad26ac", "name": "Gef\u00fchrte Wanderung Via Spluga trifft Walserweg", "description": "<p><p>\u00d6V Anreise <br>M\u00f6glich ab Uster 7:39 Uhr \u00fcber Pf\u00e4ffikon-Chur-Thusis 9:58 Uhr</p><p><br></p><span style=\"font-weight: bold;\">Treffpunkt\n</span><br>Thusis Bahnhof oder Parkplatz bei Bahnhof um 10.00 Uhr. Uster ab 7:39 Uhr, Thusis Ankunft 9:58 Uhr </p><p><br><span style=\"font-weight: bold;\">Kondition\n</span><br>Es handelt sich um eine einfache Wanderung T2. Bei Fragen <a href=\"https://happywandern.ch/index.php/kontakt/\" target=\"_blank\">kontaktiere </a>mich!\n</p><p><br><span style=\"font-weight: bold;\">Mitnehmen\n</span><br>Tagesrucksack mit Lunch und ausreichend Getr\u00e4nken. Restaurant bei Viamala Schlucht vorhanden. Eigene Medikamente. Gute Laune und Freude an der Natur und Kultur. Interesse am Wandern in einer Kleingruppe.\n<br></p><p><br><span style=\"font-weight: bold;\">Anmeldung\n</span><br>Bis 1. Juni 2025. <a href=\"https://happywandern.ch/index.php/2024/10/05/via-spluga-trifft-walserweg-von-thusis-ueber-viamala-schlucht-bis-zillis/\" target=\"_blank\">Hier </a>kannst du dich anmelden.<br></p><p><br><span style=\"font-weight: bold;\">Versicherung\n</span><br>Versicherung ist Sache des Teilnehmers.</p>", "url": "https://happywandern.ch", "image": "https://viatpimtsoch.sos-ch-dk-2.exoscale-cdn.com/catalog/3/7/0/4/37044c903a77c13f156abbfbe0b260d5f8a979ea_viaSpluga_Traversinersteg_Copyright_demateo_com.jpg"}}, {"type": "Feature", "properties": {"identifier": "b9b78422-571d-4c1f-a327-309bf4527299", "name": "Almens", "description": "<p>Almens geh\u00f6rt seit 1.1.2015 zur Gemeinde Domleschg. Es liegt auf 790 m \u00fc.M. und z\u00e4hlt rund 220 Einwohner.</p>\n<ul>\n<li><a href=\"http://www.domleschg.ch/\">Website Gemeinde Domleschg</a></li>\n<li><a href=\"http://www.hls-dhs-dss.ch/textes/d/D1471.php\">Link zum historischen Lexikon der Schweiz</a></li>\n<li><a href=\"http://shop.graubuenden.ch/Viamala/ukv/?date_unknown=1&amp;doSearch=1&amp;locationIDs[]=TDS00020010346546205&amp;globalReset=1&amp;persistentParameters=1&amp;lang=de\">Unterk\u00fcnfte in Almens</a></li>\n</ul>", "url": "https://www.domleschg.ch", "image": "https://viatpimtsoch.sos-ch-dk-2.exoscale-cdn.com/catalog/1/0/c/5/10c50d89b6a616f1d994f973c75d337994d6907d_almens_dorf_freuhling_sommer_demateo.jpg", "openstreetmap_id": "node/1285022533"}, "geometry": {"type": "Point", "coordinates": ["9.454479", "46.738029"]}}, {"type": "Feature", "properties": {"identifier": "baf4feab-f5ff-4dac-95d6-b26347f11f0c", "name": "Ausserferrera", "image": "https://viatpimtsoch.sos-ch-dk-2.exoscale-cdn.com/catalog/9/d/2/f/9d2f141073e474d38e795fe75f3014c0e77767d8_Ausserferrera_dorf_im_winter_viamala_tourismus.jpg", "openstreetmap_id": "node/240094598"}, "geometry": {"type": "Point", "coordinates": ["9.44001317024231", "46.55693111298112"]}}, {"type": "Feature", "properties": {"identifier": "bafa2abf-535d-407c-be97-c5dbe09da4b8", "name": "7438 Hinterrhein", "description": "<div>Das Passdorf Hinterrhein liegt auf 1\u2019624 m \u00fc.M. Meer und z\u00e4hlt rund 60 Einwohner. Per 1. Januar 2019 bildet Hinterrhein mit Nufenen, Medels und Spl\u00fcgen die Gemeinde Rheinwald.</div><div><br></div><ul><li><a href=\"https://www.rheinwald.ch/\">Website Gemeinde Rheinwald</a></li><li><a href=\"http://www.hls-dhs-dss.ch/textes/d/D1496.php\">Link zum historischen Lexikon der Schweiz</a></li>\n<li><a href=\"http://shop.graubuenden.ch/Viamala/ukv/?date_unknown=1&amp;doSearch=1&amp;locationIDs[]=TDS00020010346589183&amp;globalReset=1&amp;persistentParameters=1&amp;lang=de\">Unterk\u00fcnfte in Hinterrhein</a></li>\n</ul>", "image": "https://viatpimtsoch.sos-ch-dk-2.exoscale-cdn.com/catalog/7/1/b/5/71b5a70df1f4184ae3e5164c8dd1f0962afe7d77_hinterrhein_im_winter.jpg", "openstreetmap_id": "node/4429021370"}, "geometry": {"type": "Point", "coordinates": ["9.199219", "46.530755"]}}, {"type": "Feature", "properties": {"identifier": "bb3c5f50-8719-4e7c-b60c-7ba37a9718e4", "name": "Porta Rhaetica", "description": "Einst stand hoch \u00fcber dem Hinterrhein die Burg der Herren von Juvalt, des \u00e4ltesten noch bl\u00fchenden B\u00fcndner Geschlechtes. Am Fusse des Burgfelsen sperrte die Talsperre Porta Rhaetica die Reichsstrasse und kontrollierte damit den Transitverkehr zu den wichtigen B\u00fcndner P\u00e4ssen Spl\u00fcgen und San Bernardino. Von 1216 bis 1823, als links des Rheins die \u00abItalienische Strasse\u00bb gebaut wurde, musste der ganze Verkehr von und nach Italien durch das Nadel\u00f6hr von Juvalt. Durch das Churer Tor und das verschwundene Clevner Tor der Talsperre zogen S\u00e4umer, Reisl\u00e4ufer und Pilger, K\u00f6nige und Bettler. <br>Um 1500 aufgegeben, erlebt die Talsperre 1940 eine Renaissance als milit\u00e4risches Hindernis gegen die Invasionspl\u00e4ne Mussolinis. Die 700-j\u00e4hrigen Mauern werden mit \u00abToblerone\u00bb-Panzerhindernissen erg\u00e4nzt, tief im Fels wird eine Festung samt Goldtresor gebaut. 2010 bis 2013 wird das Ensemble der vier Baudenkm\u00e4ler von nationaler Bedeutung umfassende gesichert.", "url": "https://www.viamala.ch", "image": "https://viatpimtsoch.sos-ch-dk-2.exoscale-cdn.com/catalog/3/e/1/8/3e18f53174951bcf5888569d95f75ccdabaf535f_porta_rhaetica_rothenbrunnen_ruine_domleschg_fruehling_sommer_demateo.com.jpg", "openstreetmap_id": "way/287138163"}, "geometry": {"type": "Point", "coordinates": ["9.419341000000031", "46.777341"]}}, {"type": "Feature", "properties": {"identifier": "bb5d1387-e077-435e-a224-cb2f6ea2e4dd", "name": "Ausstelllung Zillis Stoffelsconception GmbH", "description": "<p class=\"MsoNormal\"><span lang=\"DE\" style=\"font-size: 10.5pt; font-family: 'Arial',sans-serif; color: black; mso-ansi-language: DE;\">Kodierte Informationssignale in Form symbolischer Ziffern (Chiffren), systematischer Zuteilungen (Codizes) und strukturierter Zahlen (Cryptos), sind ein physikalisches Produkt der menschlichen Kommunikation. Dabei spielten bildhafte Erscheinungen schon immer eine wichtige Rolle der Wissensvermittlung.<br><br>Seit jeher nutzen Menschen ihre Sinne, um Informationen interaktiv wahrzunehmen und zu verarbeiten. Sehen, Ho\u0308ren, Tasten, Riechen, Schmecken und die Fa\u0308higkeit, sich dank dem Gleichgewichtsinn in Raum und Zeit zu orientieren, ermo\u0308glichen dabei nicht nur die Aufnahme von Eindruck, sondern auch die Abgabe von Ausdruck. Kommunikation, also der Austausch von Informationseinheiten, bildet somit eine grundlegende kulturelle Voraussetzung f&uuml;r jede Zivilisation.<br><br>Dabei verbindet Information stets Inhalt und Form: Was wird mitgeteilt? Bedeutung! Wie zeigt sich etwas? Erscheinung! <br>Wa\u0308hrend fru\u0308her hauptsa\u0308chlich mu\u0308ndlich u\u0308berlieferte Erza\u0308hlungen, oft verbunden mit ta\u0308nzerischen, theatralischen oder gesanglichen Darbietungen, informative Inhalte transportierten, sind dies in der heutigen Zeit zumeist animierte Bilder und modulierte Texte. Manche Botschaften sind unmittelbar versta\u0308ndlich. Andere erschliessen sich anhand besonderer Kenntnisse. Und nicht wenige werden aus Sicherheitsgr&uuml;nden kryptisch ver- und entschl&uuml;sselt. Gerade dieser Umstand hat im Informationszeitalter markant zugenommen. Daten werden elektronisch-digital, global und rund um die Uhr verfasst und vermittelt. Dies technisch anonym und rasend schnell.<br><br>In diesem Zusammenhang werden zwei spezifische Arten der Informationsvermittlung verglichen:</span></p><p class=\"MsoNormal\"><span lang=\"DE\" style=\"font-size: 10.5pt; font-family: 'Arial',sans-serif; color: black; mso-ansi-language: DE;\">Einerseits die traditionell typische, bildhaft symbolische Ausdrucksweise, wie sie in den mittelalterlichen Deckenmalereien der Kirche St. Martin in Zillis pr&auml;gnant sichtbar wird. Andererseits ein innovatives Beispiel der modernen Informations- &amp; Kommunikationstechnologie, pr&auml;sentiert &uuml;ber die attraktiven Werke der Tafelbild-Manufaktur S</span><span lang=\"DE\" style=\"font-size: 10.5pt; font-family: 'Arial',sans-serif; mso-ansi-language: DE;\">toffelsconception<span style=\"color: black;\"> GmbH in Andeer.</span></span></p><p><span lang=\"DE\" style=\"font-size: 10.5pt; font-family: 'Arial',sans-serif; mso-fareast-font-family: Aptos; mso-fareast-theme-font: minor-latin; color: black; mso-ansi-language: DE; mso-fareast-language: DE-CH; mso-bidi-language: AR-SA;\">Mit der aktuellen Ausstellung wird eine kontempor&auml;re Bru\u0308cke zwischen Vergangenheit und Zukunft geschaffen. Es wird gezeigt, dass Menschen seit jeher nach konzeptionellen Wegen suchen, Wissen zu ordnen, zu bewahren und u\u0308ber Generationen hinweg weiterzugeben.</span></p>", "url": "http://www.stoffeli.swiss", "image": "https://viatpimtsoch.sos-ch-dk-2.exoscale-cdn.com/catalog/4/4/8/a/448ae7487da459d90c2e8ce67168d506c6b260a2_Ausstelllung_Zillis_Stoffelsconception_GmbH.png", "openstreetmap_id": "node/4620754933"}, "geometry": {"type": "Point", "coordinates": ["9.444726199794172", "46.63492083269083"]}}, {"type": "Feature", "properties": {"identifier": "bb6a9b08-c58c-4d3b-843a-9b7c27d6906f", "name": "Reformierte Kirche Hinterrhein", "description": "<p>Bereits im Jahr 1219 schenkten die Herren von Sax-Misox ihre Kirche, die dem Patrozinium des Heiligen Petrus gewidmet war, dem Kollegiatstift in San Vittore im Misox-Tal. Diese grossz\u00fcgige Geste begr\u00fcndete eine langj\u00e4hrige Verbindung zwischen Hinterrhein und dem italienischsprachigen B\u00fcndner S\u00fcdtal, die bis zur Reformation anhielt. Mit der Annahme des neuen Glaubens suchte Hinterrhein dann Anschluss an Spl\u00fcgen. </p><p>Besonders hervorzuheben ist der historisch wertvolle Taufstein, der sich vor der inneren Eingangst\u00fcr der Kirche befindet. Er stammt aus der Zeit der mittelalterlichen Walserwanderung und der ersten Sesshaftwerdung in Graub\u00fcnden. Das Innere der Kirche wird von einer eindrucksvollen Kanzel mit Schalldeckel dominiert, w\u00e4hrend sich im Chorraum ein Taufstein befindet, der auch als Abendmahlstisch genutzt wird. Der Kirchturm, nur sp\u00e4rlich verputzt und mit einer eingeschossigen Glockenstube versehen, tr\u00e4gt eine charakteristische Flachkuppel.</p>", "url": "https://www.kirche-rheinwald.ch/kontakte", "image": "https://viatpimtsoch.sos-ch-dk-2.exoscale-cdn.com/catalog/e/f/7/e/ef7e9d90004d03666e2b9ca07353dd60c6bbc652_hinterrhein_im_winter.jpg", "openstreetmap_id": "way/214747702"}, "geometry": {"type": "Point", "coordinates": ["9.198935", "46.53062"]}}, {"type": "Feature", "properties": {"identifier": "bbe176c2-9974-447f-982e-2ad2625ec204", "name": "Medels im Rheinwald", "description": "<p>Das beschauliche Dorf Medels liegt 1559 m \u00fc.M. und z\u00e4hlt 40 Einwohner. Seit 2006 ist Medels Teil der Gemeinde Spl\u00fcgen, seit 1. Januar 2019 geh\u00f6rt es zur neuen Gemeinde Rheinwald.</p>\n<ul>\n<li><a href=\"https://www.rheinwald.ch/\">Website Gemeinde Rheinwald</a></li>\n<li><a href=\"http://www.hls-dhs-dss.ch/textes/d/D1497.php\">Link zum historischen Lexikon der Schweiz</a></li>\n<li><a href=\"http://shop.graubuenden.ch/Viamala/ukv/?date_unknown=1&amp;doSearch=1&amp;locationIDs[]=TDS00020010346590094&amp;globalReset=1&amp;persistentParameters=1&amp;lang=de\">Unterk\u00fcnfte in Medels im Rheinwald</a></li>\n</ul>", "url": "https://www.rheinwald.ch", "image": "https://viatpimtsoch.sos-ch-dk-2.exoscale-cdn.com/catalog/b/e/1/9/be19498dac74fe6baed0c70ccd0bb09331a66fbb_medels_im_rheinwald_sommer_markus_mueller.jpg", "openstreetmap_id": "node/7963871606"}, "geometry": {"type": "Point", "coordinates": ["9.29638", "46.548353"]}}, {"type": "Feature", "properties": {"identifier": "bc225367-912e-4bcf-a4ed-ede5317f80c0", "name": "Masein", "description": "<p>Masein liegt am Fusse des inneren Heinzenbergs auf 865 m \u00fc.M. und z\u00e4hlt rund 480 Einwohner.</p>\n<ul>\n<li><a href=\"https://www.masein.ch/\">Website Gemeinde Masein</a></li>\n<li><a href=\"http://www.hls-dhs-dss.ch/textes/d/D1487.php\">Link zum historischen Lexikon der Schweiz</a></li>\n<li><a href=\"http://shop.graubuenden.ch/Viamala/ukv/?date_unknown=1&amp;doSearch=1&amp;locationIDs[]=TDS00020010141062041&amp;globalReset=1&amp;persistentParameters=1&amp;lang=de\">Unterk\u00fcnfte in Masein</a></li>\n</ul>", "url": "https://www.masein.ch", "image": "https://viatpimtsoch.sos-ch-dk-2.exoscale-cdn.com/catalog/9/e/e/3/9ee31312b1b0481e415c4c693c580e34c31c1485_masein_dorf_sommer_heinzenberg_viamala_tourismus.jpg", "openstreetmap_id": "relation/1684114"}, "geometry": {"type": "Point", "coordinates": ["9.426726", "46.702379"]}}, {"type": "Feature", "properties": {"identifier": "bcf16355-78d6-4d3b-b6b3-bd620c9e42e1", "name": "Bergrestaurant Dultschinas", "description": "<p>Das Berghaus liegt im sonnenverw\u00f6hnten,&nbsp;preisg\u00fcnstigen&nbsp;und familienfreundlichen Wintersportgebiet&nbsp;Sarn-Heinzenberg&nbsp;auf 1\u2018700 m \u00fc. M. </p><p>Der Zugang&nbsp;erfolgt \u00fcber die Bergstation der Sesselbahn Lescha-Dultschinas. Gerne verw\u00f6hnen wir Sie t\u00e4glich&nbsp;in unserem Selbstbedienungsrestaurant und bieten Ihnen tolle \u00dcbernachtungsm\u00f6glichkeiten.&nbsp;Geniessen Sie den herrlichen Blick auf eine unverbaute Alpenlandschaft Unser Berghaus eignet sich perfekt f\u00fcr Familien, Schulklassen und Jugendgruppen. </p><p>Direkt vor dem Haus erwarten Sie&nbsp;20 km frisch pr\u00e4parierte, felsenfreie Piste und eine schneesichere, beschneite Talabfahrt zu einem Gratisparkplatz.&nbsp;Auch Schlittelfans und Nichtskifahrer kommen auf ihre Kosten. Die Strecke Dultschinas\u2013Lescha eignet sich f\u00fcr Kinder und Erwachsene (3,8 Kilometer, 400&nbsp;Meter H\u00f6hendifferenz), die&nbsp;Rodelbahn ist eher was f\u00fcr Sportliche (1,45 Kilometer, 175 Meter H\u00f6hendifferenz).&nbsp; </p><p>Raclette-Plausch<br>W\u00e4hrend der Wintersaison t\u00e4glich auf Voranmeldung buchbar.</p><p>Anzahl Sitzpl\u00e4tze</p><ul><li>Restaurant: 100 Pl\u00e4tze&nbsp;</li><li>Terrasse: 120 Pl\u00e4tze</li><li>Saal: 50 Pl\u00e4tze&nbsp;</li></ul>", "url": "https://www.dultschinas.ch", "image": "https://viatpimtsoch.sos-ch-dk-2.exoscale-cdn.com/catalog/f/0/1/5/f0153b8230cfa74fa54cf2f51c18760477f18aa3_bergrestaurant_dultschinas_sarn_winter_demateo.jpg", "openstreetmap_id": "node/12197050661"}, "geometry": {"type": "Point", "coordinates": ["9.383589", "46.72488"]}}, {"type": "Feature", "properties": {"identifier": "bda38193-f879-47fc-98f0-6a980cfa3ee4", "name": "Reformierte Kirche Casti", "description": "<p>Der Charakter dieser romanischen&nbsp;Saalkirche&nbsp;aus dem 12. Jahrhundert ist im Kanton Graub\u00fcnden eine Seltenheit. Der massige&nbsp;Kirchturm&nbsp;erhielt erst sp\u00e4ter ein Glockengeschoss mit Glocken aus&nbsp;sp\u00e4tmittelalterlicher&nbsp;bis vorreformatorischer Zeit, ca. 1300 bis 1484. </p><p>Im Kircheninnern finden sich&nbsp;fr\u00fchgotische&nbsp;Wandmalereien des&nbsp;Waltensburger Meisters. Die schlichte Kanzel wurde 1807 eingebaut. Die Kirche wurde 1971\u20131973 und 1990\u20131994 jeweils einer Renovierung unterzogen. Aus dem Jahre 2007 stammt die f\u00fcnfregistrige&nbsp;Orgel&nbsp;von Orgelbau Felsberg AG.</p>", "url": "https://zillis-st-martin.ch/kirchgemeinde-zillis-schamserberg/", "image": "https://viatpimtsoch.sos-ch-dk-2.exoscale-cdn.com/catalog/6/4/3/7/6437bb64f8eba86be198f260c3b8fc76f075b858_casti_im_sommer.jpg", "openstreetmap_id": "way/323732479"}, "geometry": {"type": "Point", "coordinates": ["9.422954320907593", "46.62392543016715"]}}, {"type": "Feature", "properties": {"identifier": "bdddf8a4-d93c-4eb0-a913-9172033b6ebb", "name": "Natureisfeld Avers-Juppa", "description": "<p>Schlittschuhmiete Dettli-Sport, Tel. <a href=\"tel:+41 81 667 11 66\">+41 81 667 11 66</a>, beim Loretschhus in Juppa.</p><p>Eintritt frei.</p>", "url": "https://www.viamala.ch", "image": "https://viatpimtsoch.sos-ch-dk-2.exoscale-cdn.com/catalog/2/2/a/9/22a9daefc7364398430d159d313302e825feccc1_natureisfeld_avers_juppa_winter_markus_mueller.jpg", "openstreetmap_id": "node/12112598831"}, "geometry": {"type": "Point", "coordinates": ["9.549854993820192", "46.44928619719344"]}}, {"type": "Feature", "properties": {"identifier": "be3f603a-292d-4e92-aa5c-d56c84071ab7", "name": "Hotel Fravi", "description": "Im \u00c0-la-carte-Restaurant, im Gartenrestaurant oder im historischen Speisesaal werden dir in ungezwungener Umgebung marktfrische Gerichte aus der Region und der ganzen Welt serviert. Darunter befindet sich Altbekanntes und -bew\u00e4hrtes, aber auch Neues und \u00dcberraschendes. Das K\u00fcchenteam um Steven Nold verw\u00f6hnt dich auf kulinarisch hohem Niveau. Vielfalt bietet auch der Weinkeller: Das Weinangebot des Hotel Fravi umfasst edle Tropfen aus nah und fern f\u00fcr jedes Budget. Das Haus verf\u00fcgt \u00fcber einen gediegenen Jugendstil-Speisesaal mit 120 Pl\u00e4tzen f\u00fcr gr\u00f6ssere Gesellschaften und Anl\u00e4sse.", "url": "https://fravi-hotel.ch/gastronomie", "image": "https://viatpimtsoch.sos-ch-dk-2.exoscale-cdn.com/catalog/7/4/8/b/748b5a99c03fae1631e3e67009addea95122a0c1_hotel_fravi_andeer_sommer_Intraina_alain_1.jpg", "openstreetmap_id": "node/2237307426"}, "geometry": {"type": "Point", "coordinates": ["9.426440", "46.604710"]}}, {"type": "Feature", "properties": {"identifier": "bf4397e4-3b8a-43fd-bb2c-34c72f1dfc15", "name": "Regionalbibliothek Thusis", "description": "Im kuscheligen Fauteuil ein H\u00f6rbuch geniessen. Mit dem Enkelkind dank guten Sachb\u00fcchern einen spannenden Vortrag erarbeiten. In sch\u00f6nen Bilderb\u00fcchern bl\u00e4ttern oder einen spannenden Krimi lesen. / Belletristik, Sachb\u00fccher, Zeitschriften, H\u00f6rb\u00fccher f\u00fcr Jung und Alt, DVD\u2019s, Tonies und sogar noch Kassetten \u2013 all das finden Sie in der Regionalbibliothek Thusis. / Werden Sie Mitglied und profitieren Sie! Ihnen steht damit eine umfangreiche, aktuelle Auswahl an B\u00fcchern und neuen Medien zur Verf\u00fcgung. Alle Interessierten sollen sich bei uns ein Abo leisten k\u00f6nnen. Mit weniger als 8 Franken pro Monat, kann zum Beispiel eine Familie, so oft sie m\u00f6chten aus ca. 9\u2018000 Medien ausw\u00e4hlen. / Lesen Sie lieber auf einem Tolino oder Tablett? Mit einem Familienabo erhalten Sie zus\u00e4tzlich einen Code zur digitalen Ausleihe bei \u201edibiost\u201c. / Besuchen Sie uns und \u00fcberzeugen Sie sich von unserem Angebot. Sie erhalten damit Zugang zu viel Wissen und Unterhaltung und helfen uns gleichzeitig, den Fortbestand einer zeitgem\u00e4ssen Bibliothek f\u00fcr alle zu sichern. / Wir freuen uns auf Sie!", "url": "https://www.bibliothek-thusis.ch", "image": "https://viatpimtsoch.sos-ch-dk-2.exoscale-cdn.com/catalog/4/e/3/d/4e3d931b81b275d6b1a464464a7240a0f368d463_bibliothek_thusis.jpg", "openstreetmap_id": "node/3676232670"}, "geometry": {"type": "Point", "coordinates": ["9.439668", "46.696387"]}}, {"type": "Feature", "properties": {"identifier": "bfa36957-2e33-4b46-9d6c-44694f9f5742", "name": "Feldis - Mutta Natureisfeld Alp Raguta", "image": "https://viatpimtsoch.sos-ch-dk-2.exoscale-cdn.com/catalog/4/6/2/4/462421f2e14ed1761cdc1d4e7ee011b774ba7490_alp_raguta_natureisfeld_feldiser_hochland_drohnenaufnahme_switzerland_tourism.jpg", "openstreetmap_id": "way/324909769"}, "geometry": {"type": "Point", "coordinates": ["9.460183382034304", "46.79618900291337"]}}, {"type": "Feature", "properties": {"identifier": "c00ff25b-924c-4257-8f9b-56e06babe0d9", "name": "Fontauna Gemella", "description": "Das Caf\u00e9 im Eingangsbereich ist ein beliebter Treffpunkt geworden f\u00fcr Handwerker und f\u00fcr Kunden vom Dorfladen. Das Sortiment umfasst gut 900 verschiedene Artikel im Bereich Food, Non Food, Milchprodukte, Fleisch, Fr\u00fcchte, Gem\u00fcse und Getr\u00e4nke.", "url": "https://www.flerden.ch/Dorfleben/Treffpunkte", "image": "https://viatpimtsoch.sos-ch-dk-2.exoscale-cdn.com/catalog/b/4/2/0/b420ca47b69a86ecacc96be40f762a67b823e7fb_fontauna_gamella_im_winter.jpg", "openstreetmap_id": "node/8072435342"}, "geometry": {"type": "Point", "coordinates": ["9.40647", "46.70035"]}}, {"type": "Feature", "properties": {"identifier": "c0427bad-4d84-40b8-a674-a81e23794b27", "name": "Scheid", "description": "<p>Scheid geh\u00f6rt seit 1.1.2015 zur Gemeinde Domleschg. Es liegt auf 1\u2019220 m \u00fc.M. und z\u00e4hlt rund 150 Einwohner.</p>\n<ul>\n<li><a href=\"http://www.domleschg.ch/\">Website der Gemeinde Domleschg</a></li>\n<li><a href=\"http://www.hls-dhs-dss.ch/textes/d/D1479.php\">Link zum historischen Lexikon der Schweiz</a></li>\n<li><a href=\"http://shop.graubuenden.ch/Viamala/ukv/?date_unknown=1&amp;doSearch=1&amp;locationIDs[]=TDS00020010527381530&amp;globalReset=1&amp;persistentParameters=1&amp;lang=de\">Unterk\u00fcnfte im Domleschg</a></li>\n</ul>", "url": "https://www.domleschg.ch", "image": "https://viatpimtsoch.sos-ch-dk-2.exoscale-cdn.com/catalog/3/3/9/0/3390ac239359d517caa5016470041e46e1bd0f83_scheid_dorf_sommer_domleschg_piz_beverin_heinzenberg_demateo.jpg", "openstreetmap_id": "node/242666210"}, "geometry": {"type": "Point", "coordinates": ["9.448273", "46.776949"]}}, {"type": "Feature", "properties": {"identifier": "c0caacc7-e53c-46b6-a7f3-6fa541db1625", "name": "TipiGrill Schamserberg", "description": "<p>Der Schlittelweg ist abends t&auml;glich beleuchtet. Die Gastgeber verw&ouml;hnen ihre G&auml;ste mit feinen Grillspezialit&auml;ten, verschiedenen R&ouml;sti-Variationen sowie warmen und kalten Getr&auml;nken.</p><p>Tauche ein in die winterliche Atmosph&auml;re und lasse dich von der gastfreundlichen Stimmung verzaubern.</p><ul><li><a href=\"Karte%20&amp;%20weitere%20Informationen\" target=\"_blank\" rel=\"noopener\">Angebote &amp; weitere Informationen</a></li></ul><p><strong>Aktueller Status (Schlittelbahnen und Winterwanderwege)</strong></p><ul><li><a href=\"https://viamala.ch/de/informieren/aktuelles/wintersportberichte/schams.html\" target=\"_blank\" rel=\"noopener\">Zum Wintersportbericht</a></li></ul>", "url": "https://tipigrill.ch/", "image": "https://viatpimtsoch.sos-ch-dk-2.exoscale-cdn.com/catalog/d/d/d/0/ddd0667cd99dab10197d8b3a1eb1ff46763def37_schlittelbar_tipi_schlitteln_winter_dros_mathon_schamserberg_viamala_tourismus.jpg", "openstreetmap_id": "node/12122339930"}, "geometry": {"type": "Point", "coordinates": ["9.416096", "46.647441"]}}, {"type": "Feature", "properties": {"identifier": "c267ed29-52b9-4994-beb0-641f664e7b65", "name": "Lohn", "description": "<p>Lohn liegt am Schamserberg auf 1\u2019585 m \u00fc.M. und z\u00e4hlt rund 45 Einwohner. Das Dorfbild wird von der reformierten Kirche mit ihren zwei Kircht\u00fcrmen gepr\u00e4gt.</p>\n<ul>\n<li><a href=\"https://www.mdschons.ch/\">Website Gemeinde Muntogna da Schons</a></li>\n<li><a href=\"http://www.hls-dhs-dss.ch/textes/d/D1507.php\">Link zum historischen Lexikon der Schweiz</a></li>\n<li><a href=\"http://shop.graubuenden.ch/Viamala/ukv/?date_unknown=1&amp;doSearch=1&amp;locationIDs[]=TDS00020010346589440&amp;globalReset=1&amp;persistentParameters=1&amp;lang=de\">Unterk\u00fcnfte in Lohn</a></li>\n</ul>", "url": "https://mdschons.ch", "image": "https://viatpimtsoch.sos-ch-dk-2.exoscale-cdn.com/catalog/7/b/9/6/7b96a9b83c54dfcc64426776d6df2812cdfbaf83_lohn_schamserberg_sommer_demateo.jpg", "openstreetmap_id": "relation/1684103"}, "geometry": {"type": "Point", "coordinates": ["9.427462", "46.651399"]}}, {"type": "Feature", "properties": {"identifier": "c2784aa8-78a6-4d07-b6fe-ec46e493d7ed", "name": "Verlorna Loch", "description": "<p>Sieben Jahre sp&auml;ter war die 120 Kilometer lange Strasse fertig gebaut. Sie sollte es nach damaliger Berechnung erm&ouml;glichen, in 28 Wegstunden von Chur nach Bellinzona zu gelangen. Durch die Viamala f&uuml;hrte diese Kommerzialstrasse stellenweise auf einem neuen, entsprechend schnelleren Weg - nicht mehr &uuml;ber Oberrongellen, sondern direkt durch das Verlorna Loch. Der Gehilfe Pocobellis, der sp&auml;tere Kantonsingenieur Richard La Nicca, sprengte hier einen Tunnel durch den Fels. Oder besser gesagt: Er liess sprengen. Richard La Nicca sah dem explosiven Spektakel 1820 w&auml;hrend seiner Hochzeitsfeier auf Hohen R&auml;tien zu.</p>\n<h4>Gef&uuml;hrte Wanderungen durch das Verlorna Loch</h4>\n<p>Der Streckenabschnitt zwischen Thusis und Rongellen ist ein Meisterwerk des fr&uuml;hen Strassenbaues von 1818 - 1823. Auf den gef&uuml;hrten Wanderungen erfahren Sie vieles &uuml;ber die ausserordentliche Ingenieurleistung der damaligen Zeit und wie es m&ouml;glich war an einem so speziellen Ort die Strasse zu erbauen.</p>\n<ul>\n<li><a href=\"https://viamala.ch/de/map/poi/guida-viamala-gefuhrte-wanderung-durch-das-verlorna-loch-ac70c387-4a09-4aa3-9295-6b8da53ad37a.html\" target=\"_blank\" rel=\"noopener\">Weitere Informationen zum Angebot</a></li>\n</ul>\n<h4>Die Rettung vom Verlorna Loch</h4>\n<p>Der spektakul&auml;rste Abschnitt der Commercialstrasse von 1823 w&auml;re fast&hellip; s&rsquo;Loch ab&hellip;&nbsp;Es kam anders, mit baulichen Sofortmassnahmen gelang es die &laquo;L&ouml;cher&raquo; zu stopfen!</p>\n<ul>\n<li><a href=\"https://www.naturpark-beverin.ch/de/verlorenesloch\" target=\"_blank\" rel=\"noopener\">Weitere Informationen zur Rettungsaktion</a></li>\n</ul>", "url": "https://www.viamala.ch", "image": "https://viatpimtsoch.sos-ch-dk-2.exoscale-cdn.com/catalog/7/7/2/f/772f959d6256787099fab416228ad12400b90769_verlorna_loch_rongellen_thusis_viamala_tourismus.jpg", "openstreetmap_id": "way/105664814"}, "geometry": {"type": "Point", "coordinates": ["9.451914999999985", "46.680195"]}}, {"type": "Feature", "properties": {"identifier": "c290e8f0-b4fc-4c3a-8d81-0c7640086d47", "name": "Feuerstelle Plattnersee Ratitsch", "description": "<p>Die Feuerstelle ist ab Realta in 40 Minuten zu Fuss erreichbar und kann im Voraus <a href=\"https://cazis.ch/dorfleben-gesellschaft/raumreservation/\" target=\"_blank\">reserviert&nbsp;</a>werden.<br></p><p><span style=\"font-weight: bold;\">Ausstattung</span></p><ul><li>1 Feuerstelle</li><li>Rost vorhanden</li><li>Brennholz vorhanden</li><li>3 Tische und 8 B\u00e4nke<br></li></ul><p><br>Bitte allf\u00e4llige Weisungen z.B. bez\u00fcglich <a href=\"https://www.gr.ch/DE/institutionen/verwaltung/diem/awn/aktuelles/Waldbrandgefahr/Seiten/aktuelle_waldbrandgefahr.aspx\" target=\"_blank\">Waldbrandgefahr </a>beachten.</p>", "url": "https://www.viamala.ch", "image": "https://viatpimtsoch.sos-ch-dk-2.exoscale-cdn.com/catalog/0/b/3/b/0b3b555aebff7ac07dd907b34cf961cd25a24c75_Feuerstelle_Plattnersee_Ratitsch.jpg", "openstreetmap_id": "node/8835527564"}, "geometry": {"type": "Point", "coordinates": ["9.421817079098332", "46.74679365453221"]}}, {"type": "Feature", "properties": {"identifier": "c2e8ff45-97cf-4614-b098-e12527310e81", "name": "Feuerstelle Gr\u00fceni", "description": "<p>Die Feuerstelle Gr\u00fceni liegt an der Kultur- und Weitwanderung viaSpluga (Route 50, Etappe 2: Andeer - Spl\u00fcgen) sowie am Alpen\u00e4sse-Weg (Route 6, Etappe 5: Ausserferrera - Spl\u00fcgen). Wir empfehlen Ihnen die Feuerstelle zu Fuss zu besuchen.</p><p><span style=\"font-weight: bold;\">Ausstattung</span></p><ul><li>1 Feuerstelle</li><li>Grillrost vorhanden</li><li>Brennholz vorhanden</li><li>1 Tisch mit 8 Sitzpl\u00e4tzen</li><li>2 B\u00e4nkli f\u00fcr jeweils 3-4 Personen<br></li></ul><p><br>Bitte allf\u00e4llige Weisungen bez\u00fcglich <a href=\"https://www.gr.ch/DE/institutionen/verwaltung/diem/awn/aktuelles/Waldbrandgefahr/Seiten/aktuelle_waldbrandgefahr.aspx\" target=\"_blank\">Waldbrandgefahr </a>beachten.&nbsp;</p>", "url": "https://www.viamala.ch", "image": "https://viatpimtsoch.sos-ch-dk-2.exoscale-cdn.com/catalog/7/f/4/7/7f478585d7ee646909e292f71f8247a391fbe4f2_Feuerstelle_Gr__eni__2_.jpg", "openstreetmap_id": "node/5981802052"}, "geometry": {"type": "Point", "coordinates": ["9.34017062187195", "46.56118407049135"]}}, {"type": "Feature", "properties": {"identifier": "c423d4bc-1bb4-4943-b77f-986780035185", "name": "viaSpluga - Montespluga", "description": "<h3><strong>Leistungen</strong></h3><ul><li>6 &Uuml;bernachtungen im Doppelzimmer mit Fr&uuml;hst&uuml;ck</li><li>5 Lunchpakete</li><li>An- und Abreise mit den &ouml;ffentlichen Verkehrsmitteln (Schweiz)</li><li>Gep&auml;cktransport von Hotel zu Hotel</li><li>G&auml;stekarte<br>- Freie Fahrt mit dem &ouml;ffentlichen Verkehr in der Region Viamala bis Chiavenna (IT)<br>- Zutritt zu verschiedenen Erlebnissen entlang der viaSpluga</li><li>Dokumentation mit Wanderkarte</li></ul><p><a href=\"https://viamala.ch/files/websites/viamala.ch/objects/prospekte-artikel/verschiedenes/2026_Vertrags-%20und%20Reisebedingungen_Mehrsprachig_DE_EN_IT.pdf\" target=\"_blank\" rel=\"noopener\">Vertrags- und Reisebedingungen</a><br><br></p><h3><strong>Programm</strong></h3><p><strong>1. Tag:</strong>&nbsp;Individuelle Anreise nach Thusis&nbsp;</p><p><strong>2. Tag:</strong> Wanderung Thusis &ndash; Zillis oder Andeer</p><p><strong>3. Tag:</strong>&nbsp;Wanderung Zillis oder Andeer &ndash; Sufers oder Spl&uuml;gen</p><p><strong>4. Tag:</strong>&nbsp;Wanderung Sufers oder Spl&uuml;gen &ndash; Montespluga</p><p><strong>5. Tag:</strong>&nbsp;Wanderung Montespluga &ndash; Campodolcino</p><p><strong>6. Tag:</strong>&nbsp;Wanderung Campodolcino &ndash; Chiavenna</p><p><strong>7. Tag:</strong> Individuelle R&uuml;ckreise via Spl&uuml;genpass<br><br></p><h3><strong>viaSpluga - Individuell</strong></h3><p>M&ouml;chtest du ein abgebildetes Pauschalarrangement individuell anpassen? Gerne k&ouml;nnen wir auf verschiedenste W&uuml;nsche eingehen und das Angebot verl&auml;ngern oder verk&uuml;rzen, einen Ruhetag einplanen, nur eine Teilstrecke buchen oder Leistungen weglassen oder erg&auml;nzen.</p><p>Wir beraten dich gerne und stellen dir ein individuelles Arrangement zusammen.<br><br></p><h3><strong>R&uuml;ckreise von Chiavenna</strong></h3><p>Die R&uuml;ckreise von Chiavenna &uuml;ber den Spl&uuml;genpass nach Thusis ist bereits in der G&auml;stekarte <em>Via Mia Pass</em> unter &laquo;Viamala Mobil&raquo; enthalten und muss nicht separat gebucht werden.<br>Die Heimreise ab Thusis mit den &ouml;ffentlichen Verkehrsmitteln ist inbegriffen. Von dort reist du bequem und kostenlos mit dem &ouml;ffentlichen Verkehr in der ganzen Schweiz zur&uuml;ck nach Hause.<br><br></p><h3><strong>Preise &amp; G&uuml;ltigkeit</strong></h3><ul><li><strong>Preis pro Person:</strong> ab CHF 809.00</li><li><strong>G&uuml;ltigkeit:</strong>&nbsp;13. Juni bis 25. Oktober 2026<br><br></li></ul><p><strong>Kindererm&auml;ssigung</strong></p><p>Kinder bis und mit 11 Jahre im Elternzimmer erhalten 30 % Erm&auml;ssigung.<br><br></p><p><strong>Optionen</strong></p><ul><li>Halbpension</li><li>Einzelzimmer</li><li>Zusatzn&auml;chte<br><br></li></ul><p><strong>Vorausbuchungsfrist</strong></p><p>Das Arrangement kann bis sp&auml;testens 3 Arbeitstage (Mo-Sa) vor Anreise bei uns gebucht werden, sofern noch Zimmer verf&uuml;gbar sind. Wir empfehlen eine fr&uuml;hzeitige Reservation.</p>", "url": "https://www.viamala.ch/", "image": "https://viatpimtsoch.sos-ch-dk-2.exoscale-cdn.com/catalog/9/6/4/0/9640ff35add41037a745caa7fab081cd6b0d6930_viaspluga_weitwanderweg_wanderweg.jpg"}, "geometry": {"type": "Point", "coordinates": ["9.439707398414612", "46.695741635368876"]}}, {"type": "Feature", "properties": {"identifier": "c48bde64-5e6b-46f4-a100-d6671cb1cc01", "name": "Pumptrack Sils i.D.", "description": "Die rund 1\u2019000 m2 grosse Asphaltpiste besteht aus H\u00fcgeln, Wellen und Steilwandkurven und ist mit Bike, Skate- und Kickboard befahrbar. Die Anlage kann per Mountainbike, Skate- oder Kickboard einzig durch das aktive Be- und Entlasten von Vorder- und Hinterrad (pumpen; englisch \u00abpump\u00bb) befahren werden. Speziell an der Silser Anlage ist, dass die Fahrlinie nicht wie beim klassischen Pumptrack fix vorgegeben ist, sondern \u00fcber die ganze Fl\u00e4che frei gew\u00e4hlt werden kann.", "url": "https://www.sils-id.ch", "image": "https://viatpimtsoch.sos-ch-dk-2.exoscale-cdn.com/catalog/8/2/2/1/82218f51c4bf9bbaf9d6bdb0c724ff2c2e1f3953_pump_park_pumptrack_sils_im_domleschg_sommer_hansueli_spitznagel.jpg", "openstreetmap_id": "way/809321092"}, "geometry": {"type": "Point", "coordinates": ["9.450667", "46.700458"]}}, {"type": "Feature", "properties": {"identifier": "c4c63744-266b-4af0-9ffe-d7d0dabd3c83", "name": "Libi", "description": "Bei&nbsp; Trockenheit beachten Sie bitte allf\u00e4llige Feuerverbote! Im Hochsommer kann es vorkommen, dass der See austrocknet.", "url": "https://www.viamala.ch", "image": "https://viatpimtsoch.sos-ch-dk-2.exoscale-cdn.com/catalog/e/e/2/1/ee216468c561a693d66ff7b18a4dc43dae84dbaa_libi_see_lohn_schamserberg_sommer_demateo.com.jpg", "openstreetmap_id": "way/319955741"}, "geometry": {"type": "Point", "coordinates": ["9.40233930143529", "46.65144352725643"]}}, {"type": "Feature", "properties": {"identifier": "c4d05dd0-433f-4ab4-af7d-ffc5a16610ac", "name": "Restaurant-Pizzeria \u00abIm Park\u00bb", "description": "<p><span style=\"font-weight: bold;\">Anzahl Sitzpl\u00e4tze</span><br>Restaurant: 98 Pl\u00e4tze <br>Gartenrestaurant: 60 Pl\u00e4tze</p>", "url": "https://restaurant-impark.ch", "image": "https://viatpimtsoch.sos-ch-dk-2.exoscale-cdn.com/catalog/2/c/3/5/2c35bfbe0379d2d328f04f13075348f9ec347485_restaurant_pizzeria_im_park_im_sommer_viamala_tourismus.jpg", "openstreetmap_id": "node/12187781686"}, "geometry": {"type": "Point", "coordinates": ["9.439959526062012", "46.69419634511967"]}}, {"type": "Feature", "properties": {"identifier": "c55cf7fe-86b9-4f72-87ab-d4beb7eaf5cf", "name": "Rofflaschlucht", "description": "<p>Anfangs des 20. Jahrhunderts kehrte der Amerika- Auswanderer Christian Pitschen-Melchior in seine alte Heimat zur&uuml;ck. Er &uuml;bernahm von seinen Eltern den Gastbetrieb Rofflaschlucht. Durch die Niagara-F&auml;lle inspiriert, setzten sich Christian und seine Familie das Ziel, den Wasserfall in der Rofflaschlucht als Touristenattraktion zu erschliessen und damit das &Uuml;berleben der Familie zu sichern.</p><p>So begann er 1907, sich einen Weg in die Schlucht zu bahnen. Sieben Jahre arbeitete er an seinem Werk. Viel Ausdauer und Kraft waren n&ouml;tig, um die Sprengl&ouml;cher in den harten Stein zu schlagen. Nach 8000 Sprengungen hatte er es geschafft. Der Wasserfall im Zentrum der Schlucht konnte &uuml;ber die neu erschaffene Felsengalerie erreicht werden. Damals wie heute ist die Unterquerung des tosenden Rheins ein eindr&uuml;ckliches Erlebnis. Am Eingang zur Rofflaschlucht befindet sich das historische Gasthaus mit Restaurant und einem kleinen Museum, welches die spannende Entstehungsgeschichte dokumentiert.</p>", "url": "https://rofflaschlucht.ch", "image": "https://viatpimtsoch.sos-ch-dk-2.exoscale-cdn.com/catalog/0/8/4/5/0845ba66be62b31480071a64a295e2a88833ab51_rofflaschlucht_wasserfall_sommer_schams_rheinwald_gravel_and_road_grf_tolisart.com.jpg", "openstreetmap_id": "node/60626538"}, "geometry": {"type": "Point", "coordinates": ["9.421252", "46.581913"]}}, {"type": "Feature", "properties": {"identifier": "c5b53220-797b-4fe7-9d1c-90b32d29bd8a", "name": "P\u00f9nt da Suransuns", "description": "<p>Vier Flachstahlb\u00e4nder bilden ein leicht geschwungenes Ger\u00fcst f\u00fcr die Gehwegplatten aus Andeerer Granit. Wie der Traversiner Steg und die P\u00f9nts da tgavorgia stammt auch die 1999 er\u00f6ffnete P\u00f9nt da Suransuns von J\u00fcrg Conzett. P\u00f9nt da Suransuns und Traversinersteg zusammen verweisen als h\u00f6lzerne und steinerne Br\u00fccken auch auf die Bautraditionen in Graub\u00fcnden, auf die Walser Holzh\u00e4user des Nordens sowie auf die Steinh\u00e4user der romanischen und italienischen Gebiete des S\u00fcdens. Einen Kontrast zur P\u00f9nt da Suransuns bildet hoch oben die vielbefahrene Nationalstrassenbr\u00fccke von Christian Menn (1967).</p><p><span style=\"font-weight: bold;\">Zug\u00e4nglichkeit</span><br>Die P\u00f9nt da Suransuns ist ca. 20 Minuten vom Besucherzentrum in der Viamala-Schlucht entfernt.</p>", "url": "https://www.viamala.ch", "image": "https://viatpimtsoch.sos-ch-dk-2.exoscale-cdn.com/catalog/c/f/8/1/cf81cebfd65fae0a016fec66e9ca1b7e9ce7dcea_punt_da_suransuns_viamala_schlucht_zillis_thusis_schams_sommer_demateo.com.jpg", "openstreetmap_id": "way/614222466"}, "geometry": {"type": "Point", "coordinates": ["9.449864", "46.657688"]}}, {"type": "Feature", "properties": {"identifier": "c6699280-8176-40e0-a574-fff415427b5f", "name": "Sarn", "description": "<p>Sarn geh\u00f6rt seit 1.1.2010 zur Gemeinde Cazis. Es liegt am \u00e4usseren Heinzenberg auf 1150 m \u00fc.M. und z\u00e4hlt rund 140 Einwohner.</p>\n<ul>\n<li><a href=\"https://www.cazis.ch/\">Website Gemeinde Cazis</a></li>\n<li><a href=\"http://www.hls-dhs-dss.ch/textes/d/D1490.php\">Link zum historischen Lexikon der Schweiz</a></li>\n<li><a href=\"http://shop.graubuenden.ch/Viamala/ukv/?date_unknown=1&amp;doSearch=1&amp;locationIDs[]=TDS00020010346594091&amp;globalReset=1&amp;persistentParameters=1&amp;lang=de\">Unterk\u00fcnfte in Sarn</a></li>\n</ul>", "url": "https://www.cazis.ch", "image": "https://viatpimtsoch.sos-ch-dk-2.exoscale-cdn.com/catalog/9/d/1/1/9d1150202fb4935ffc718562393deecd00c4019a_sarn_heinzenberg_fruehling_demateo.jpg", "openstreetmap_id": "node/298208242"}, "geometry": {"type": "Point", "coordinates": ["9.409829", "46.719625"]}}, {"type": "Feature", "properties": {"identifier": "c70b1c8b-ac3b-42a1-95de-04d12353bc1e", "name": "Badi Thusis", "description": "<p>Die Bassinanlage umfasst ein 50 m-Becken f&uuml;r Schwimmer, ein Kinderbecken, ein 1 m- und ein 3 m-Sprungbrett sowie ein separates Kleinkinder-Planschbecken.</p><p>Auf der Liegewiese gibt es zudem einen kleinen Kinder-Spielplatz mit einem sonnengesch&uuml;tzten Sandkasten. F&uuml;r die Gr&ouml;sseren stehen ein Beachvolleyballfeld und Tischtennis zur freien Ben&uuml;tzung bereit. Im Self-Service-Restaurant sind nebst verschiedenen Snacks und Erfrischungen auch warme Mahlzeiten erh&auml;ltlich.</p><p>In unmittelbarer N&auml;he vom&nbsp;<a href=\"https://viamala.ch/de/erleben/ausflugsziele/badi-thusis.html\" target=\"_blank\" rel=\"noopener\">Waldschwimmbad Thusis</a> befinden sich der Camping-, Sport- und Tennisplatz.</p>", "url": "http://www.badi-thusis.ch", "image": "https://viatpimtsoch.sos-ch-dk-2.exoscale-cdn.com/catalog/c/2/f/4/c2f486cab3bdd8825e2eb666720f2dd480d75c73_badi_thusis_schwimmbecken.jpg", "openstreetmap_id": "way/1091866774"}, "geometry": {"type": "Point", "coordinates": ["9.445184", "46.703153"]}}, {"type": "Feature", "properties": {"identifier": "c71f8f69-9baf-421f-b2c2-0fa68d1e99bd", "name": "Feldis", "description": "<p>Feldis ist der n\u00f6rdlichst gelegene Ort in der Region Viamala und geh\u00f6rt seit 1.1.2015 zur Gemeinde Domleschg. Es liegt auf 1470 m \u00fc.M. und z\u00e4hlt rund 130 Einwohner.</p>\n<ul>\n<li><a href=\"http://www.domleschg.ch/\">Website der Gemeinde Domleschg</a></li>\n<li><a href=\"http://www.hls-dhs-dss.ch/textes/d/D1472.php\">Link zum historischen Lexikon der Schweiz</a></li>\n<li><a href=\"http://shop.graubuenden.ch/Viamala/ukv/?date_unknown=1&amp;doSearch=1&amp;locationIDs[]=WBX00020010000140245&amp;globalReset=1&amp;persistentParameters=1&amp;lang=de\">Unterk\u00fcnfte in Feldis</a></li>\n</ul>", "url": "https://www.domleschg.ch", "image": "https://viatpimtsoch.sos-ch-dk-2.exoscale-cdn.com/catalog/c/f/9/0/cf90060e4c425a8077ae07d8b7634155d2123985_feldis_dorf_im_sommer_demateo.jpg", "openstreetmap_id": "node/240035995"}, "geometry": {"type": "Point", "coordinates": ["9.43648", "46.793767"]}}, {"type": "Feature", "properties": {"identifier": "c8cf5ae0-0a77-4cb9-b97e-19a2911595a2", "name": "Sportwerkstatt STORY Thusis", "description": "<p>Die Vision der Sportwerkstatt Story Thusis ist es, die besten Mountainbike-Erlebnisse in Graub&uuml;nden zu bieten. Die Guides f&uuml;hren ihre G&auml;ste &uuml;ber die sch&ouml;nsten Trails des Kantons und sorgen f&uuml;r unvergessliche Erlebnisse. Das Rundum-Paket umfasst Transport, &Uuml;bernachtungen in ausgew&auml;hlten Mountainbike-Hotels sowie einen pers&ouml;nlichen Guide.</p><p>Im Winter wird das Angebot durch Ski-Service und Vermietung inkl. zweitem Standort im Skigebiet Tschappina in Oberurmein erweitert. Mit innovativen Produkten, wie dem flexiblen Ski- &amp; Bike-Mietmodell f&uuml;r Kinder, das mitw&auml;chst, bietet die Viamala Sportwerkstatt zus&auml;tzlichen Mehrwert</p>", "url": "https://story-thusis.ch/sportwerkstatt", "image": "https://viatpimtsoch.sos-ch-dk-2.exoscale-cdn.com/catalog/9/5/2/9/9529f31f72018c0c0b6f9c404e349404e4e1bfe7_der_shop_der_sportwerkstatt_story_thusis.jpg", "openstreetmap_id": "node/6898130239"}, "geometry": {"type": "Point", "coordinates": ["9.440326", "46.692676"]}}, {"type": "Feature", "properties": {"identifier": "c977deea-051f-4132-a5fa-20bf2413fe41", "name": "Restaurant Triangel", "description": "Die sch\u00f6ne Terrasse und die einzigartige Lounge laden zum Genuss eines feinen Imbisses, eines speziellen Desserts oder zum romantischen Open-Air-Dinner mit herrlichem Blick auf Burgen sowie den Heinzenberg und den Piz Beverin. Das Restaurant mit Aussicht bietet den perfekten Rahmen f\u00fcr ein Essen im Familien- und Freundeskreis, festliche Anl\u00e4sse werden im mit viel Charme gestalteten Saal zum unvergesslichen Erlebnis. Kulinarischer Schwerpunkt der Speisekarte sind nebst bew\u00e4hrten Klassikern und saisonalen Gerichten hochwertige regionale Fleischspezialit\u00e4ten \u2013 zubereitet in einem eigens aus Spanien importierten \u201eJosper\u201c-Holzkohlegrill, der den Speisen einzigartige und unvergleichliche R\u00f6staromen entlockt.", "url": "https://www.triangel.ch", "image": "https://viatpimtsoch.sos-ch-dk-2.exoscale-cdn.com/catalog/5/e/9/0/5e90f1ff7c320eead1ac6f5175320f0ee7da6ee7_restaurant_triangel_innen.jpg", "openstreetmap_id": "way/230880513"}, "geometry": {"type": "Point", "coordinates": ["9.443196", "46.750219"]}}, {"type": "Feature", "properties": {"identifier": "ca2a2d3f-55d4-49cb-85fa-5eeebd5ccb10", "name": "Hotel Capetta", "description": "<p><span style=\"color: black;\">Modernes, famili&auml;res Hotel mit 5 Hotelzimmer und 11 Betten mitten im Hochtal Avers gelegen</span>.</p><p><span style=\"color: black;\">Das gem&uuml;tliche Restaurant l&auml;dt zum Verweilen ein und von der Sonnenterrasse aus hat man einen fantastischen Blick auf den Capettawald und die umliegenden Berge.</span></p><h4>Anzahl Sitzpl&auml;tze</h4><ul><li>Restaurant: 40 Sitzpl&auml;tze</li><li>Gartenrestaurant: 40 Sitzpl&auml;tze</li><li>Saal: 20 Sitzpl&auml;tze</li><li>Arven-St&uuml;bli: 20 Sitzpl&auml;tze</li></ul><h4>Konditionen/Extras</h4><ul><li style=\"background: white; box-sizing: border-box;\"><span style=\"color: black;\">Wir bieten &Uuml;bernachtungen mit Halbpension an</span></li><li style=\"background: white; box-sizing: border-box;\"><span style=\"color: black;\">Zuschlag f&uuml;r Einzelzimmerbelegung CHF 35.00</span></li><li style=\"background: white; box-sizing: border-box;\"><span style=\"color: black;\">Preise f&uuml;r Kinder und Gruppen auf Anfrage&nbsp;</span></li><li style=\"background: white; box-sizing: border-box;\"><span style=\"color: black;\">Zuschlag Haustiere CHF 15.00 pro Nacht und Tier (ohne Futter)</span></li><li style=\"background: white; box-sizing: border-box;\"><span style=\"color: black;\">Wir verf&uuml;gen &uuml;ber gen&uuml;gend Aussenparkpl&auml;tze und einen Skiraum.</span></li></ul>", "url": "https://www.hotel-capetta.com", "image": "https://viatpimtsoch.sos-ch-dk-2.exoscale-cdn.com/catalog/c/c/6/6/cc664bb7933dec78cb0f86334dd84c4444238180_hotel_capetta_avers_fruehling_sommer_oliver_kubitz.jpg", "openstreetmap_id": "node/3028802263"}, "geometry": {"type": "Point", "coordinates": ["9.513010000000008", "46.47276"]}}, {"type": "Feature", "properties": {"identifier": "ca535118-1c87-4220-8e96-5fb7e35d00b0", "name": "Ortsmuseum Obermutten", "description": "<p>Aktuell sind&nbsp;zwei Ausstellungen zu den Themen \u00abWeil noch das L\u00e4mpchen gl\u00fcht\u00bb und&nbsp;\u00abDer Brand und Wiederaufbau von Obermutten\u00bb eingerichtet.</p>\n<p><strong>Weil noch das L\u00e4mpchen gl\u00fcht</strong><br>Ausstellung \u00fcber die Geschichte der Beleuchtungen mit rund&nbsp;200 Ausstellungsgegenst\u00e4nden. Im alten Walserhaus aus dem Jahr 1695 sehen Sie 2000 Jahre alte r\u00f6mische \u00d6llampen, eine Vielzahl von Talglichtern, verschiedene Petrol-, Karbid- und Gaslampen. Sie erfahren mehr \u00fcbers Feuermachen, die Schusterkugel, die Geschichte des Z\u00fcndholzes, die Entstehung der Stereoskopie und die Odyssee der Muttner Bibel. Auf 25 Farbtafeln k\u00f6nnen Sie die Geschichte der Beleuchtungen in Wort und Bild auf leicht fassliche gut verst\u00e4ndliche Art nachlesen.</p>\n<p><strong>Der Brand und Wiederaufbau von Obermutten</strong><br>Dem Dorfbrand von 1946 fielen 17 Holzh\u00e4user und St\u00e4lle zum Opfer.&nbsp;Die Ausstellung mit \u00fcber 25 professionell und informativ gestalteten Ausstellungstafeln informieren \u00fcber den Brand und Wiederaufbau mit Hilfe von Spendengeldern.</p>\n<p><strong>Dorf- &amp; Kirchenf\u00fchrungen</strong><br>Der <a href=\"https://www.obermutten.ch/kontakt/\">Walserverein Obermutten</a> bietet im Sommer auf Anfrage Dorff\u00fchrungen durch Mutten, Stafel, Obermutten und zur bzw. in die <a href=\"https://viamala.ch/de/map/poi/holzkirche-obermutten-3222bdca-48b8-4e5d-a0ba-e0594f7f7fc9.html\" target=\"_blank\">Holzkirche Obermutten</a> an.</p>", "url": "https://obermutten.ch/dorfmuseum-obermutten", "image": "https://viatpimtsoch.sos-ch-dk-2.exoscale-cdn.com/catalog/e/a/b/4/eab4fcaadd5dab6e6ebd2bcb350cd3bc5339bfc3_ortmuseum_obermutten_sommer_viamala_tourismus.jpg", "openstreetmap_id": "way/318277770"}, "geometry": {"type": "Point", "coordinates": ["9.483605772256851", "46.672428497793604"]}}, {"type": "Feature", "properties": {"identifier": "cb44c166-a8e1-4097-a020-8fa447dc6436", "name": "Gef\u00fchrte Wanderung auf den Piz Vizan", "description": "<p><p>Erfahre <a href=\"https://happywandern.ch/index.php/2024/10/14/piz-vizan-den-hausberg-von-wergenstein-besteigen/\" target=\"_blank\">hier </a>mehr \u00fcber die Wanderung.</p><p><br></p><span style=\"font-weight: bold;\">Treffpunkt\n</span><br>ca. 7.30 (wetterabh\u00e4ngig) in Wergenstein vor Hotel Capricorn, gemeinsame Fahrt mit Sammelauto auf Mautstrasse (pro Auto 10.-) nach Dumagns\n</p><p><br><span style=\"font-weight: bold;\">Kondition\n</span><br>Es handelt sich um Bergwanderungen T3, Kondition mittel bis schwer. Trittsicherheit erforderlich. Bei Fragen kontaktieren Sie mich!\n</p><p><br><span style=\"font-weight: bold;\">Mitnehmen </span><br>Tagesrucksack mit Lunch und ausreichend Getr\u00e4nken. Eigene Medikamente/ Notfalldecke. Passende Bergkleidung, es kann trotz Sommer frisch sein. Wanderschuhe (\u00fcber den Kn\u00f6chel) mit gutem Profil (max 6 j\u00e4hrig empfohlen). Gute Laune und Freude an der Natur. Interesse am Wandern in einer Kleingruppe.</p><p><br><span style=\"font-weight: bold;\">Anmeldung\n</span><br>Bis Anfang Juni 2025. <a href=\"https://happywandern.ch/index.php/2024/10/14/piz-vizan-den-hausberg-von-wergenstein-besteigen/\" target=\"_blank\">Hier </a>kannst du dich anmelden.</p><p><br><span style=\"font-weight: bold;\">Versicherung\n</span><br>Versicherung ist Sache des Teilnehmers.</p>", "url": "https://happywandern.ch", "image": "https://viatpimtsoch.sos-ch-dk-2.exoscale-cdn.com/catalog/b/c/2/a/bc2aa11799b8ef3cd08d5e3b1856e470a5c46b1c_IMG_0053.JPG"}}, {"type": "Feature", "properties": {"identifier": "cbcdd115-9a09-4eed-b42b-b0eda56e190e", "name": "Rodels", "description": "<p>Rodels geh\u00f6rt seit 1.1.2015 zur Gemeinde Domleschg. Es liegt auf 680 m \u00fc.M. und z\u00e4hlt rund 270 Einwohner.</p>\n<ul>\n<li><a href=\"http://www.domleschg.ch/\">Website Gemeinde Domleschg</a></li>\n<li><a href=\"http://www.hls-dhs-dss.ch/textes/d/D1476.php\">Link zum historischen Lexikon der Schweiz</a></li>\n<li><a href=\"http://shop.graubuenden.ch/Viamala/ukv/?date_unknown=1&amp;doSearch=1&amp;locationIDs[]=TDS00020010346593211&amp;globalReset=1&amp;persistentParameters=1&amp;lang=de\">Unterk\u00fcnfte in Rodels</a></li>\n</ul>", "url": "https://www.domleschg.ch", "image": "https://viatpimtsoch.sos-ch-dk-2.exoscale-cdn.com/catalog/b/9/5/c/b95ceae94f55c7b7bbc5bade790365f3261a7ee9_rodels_dorf_sommer_adrian_michael.jpg", "openstreetmap_id": "node/240044148"}, "geometry": {"type": "Point", "coordinates": ["9.44297", "46.734381"]}}, {"type": "Feature", "properties": {"identifier": "cc71f4cc-c1f3-42b4-ab4c-fea537a40f16", "name": "Feuerstelle Fundogn Andeer", "description": "<p>Die Feuerstelle kann von zwei Richtungen erreicht werden. Entweder man geht von Pignia Bad aus u\u0308ber einen Teerweg flussabwa\u0308rts am rechten Ufer bis zur Autobru\u0308cke. Dort u\u0308berqueret man den Hinterrhein auf der Fussga\u0308ngerbru\u0308cke und folgt anschliessend dem Schild \"Feuerstelle\". Oder man folgt dem Weg von Zillis aus flussaufwa\u0308rts. Auch hier ist die Feuerstelle beschildert. Beide Wege sind ungefa\u0308hr gleich lang, die Variante u\u0308ber Pignia Bad ist wohl etwas ku\u0308rzer und es kann direkt am Weg (neben der Bushaltestelle \"Pignia, Abzw. Clugin\"&nbsp;parkiert werden. Trotz der N\u00e4he zur Autostrasse ist die Feuerstelle im Gr\u00fcnen gelegen und der Rhein vermag nahezug den Strassenl\u00e4rm zu \u00fcbert\u00f6nen. Am Ufer hat es eine kleine Sandbank. Bitte beachten Sie die Hinweisschilder zu den Springfluten. Zum Baden ist der Fluss nicht geeignet.</p><p><span style=\"font-weight: bold;\">Ausstattung</span></p><ul><li>Brennholz vorhanden</li><li>1 Feuerstelle</li><li>Grillrost vorhanden</li><li>2 Sitzb\u00e4nke<br></li></ul><p><br>Bitte allf\u00e4llige Weisungen z.B. bez\u00fcglich <a href=\"https://www.gr.ch/DE/institutionen/verwaltung/diem/awn/aktuelles/Waldbrandgefahr/Seiten/aktuelle_waldbrandgefahr.aspx\" target=\"_blank\">Waldbrandgefahr </a>beachten.</p>", "url": "https://www.viamala.ch", "image": "https://viatpimtsoch.sos-ch-dk-2.exoscale-cdn.com/catalog/1/a/b/f/1abf9b34d595fa9ad6959f7030b958af82c7a07f_Feuerstelle_Fundogn_Andeer.jpg", "openstreetmap_id": "node/12074718701"}, "geometry": {"type": "Point", "coordinates": ["9.432892", "46.622974"]}}, {"type": "Feature", "properties": {"identifier": "cc7857e7-2b48-4cb9-afba-18a3f5fb6037", "name": "Feuerstelle Burgruine Pr\u00e4z", "description": "<p>Die Feuerstelle ist ab Pr\u00e4z in ca. 20 Gehminunte erreichbar und liegt am Fusse der Burgruine Pr\u00e4z.&nbsp;Sie liegt direkt am Familienwanderweg <a href=\"https://www.maps.viamala.ch/de/tour/themenweg/erlebniswanderweg-tilla-praez/23419492/\" target=\"_blank\">Tilla</a>.&nbsp;</p><p><span style=\"font-weight: bold;\">Ausstattung</span></p><ul><li>1 Feuerstelle</li><li>Grillrost vorhanden</li><li>Brennholz vorhanden</li><li>2 Tisch und 4 B\u00e4nke</li><li>Brunnen</li><li>Spielm\u00f6glichkeit f\u00fcr Kinder</li><li>WC<br></li></ul><p><br>Bitte allf\u00e4llige Weisungen z.B. bez\u00fcglich <a href=\"https://www.gr.ch/DE/institutionen/verwaltung/diem/awn/aktuelles/Waldbrandgefahr/Seiten/aktuelle_waldbrandgefahr.aspx\" target=\"_blank\">Waldbrandgefahr </a>beachten.</p>", "url": "https://www.viamala.ch", "image": "https://viatpimtsoch.sos-ch-dk-2.exoscale-cdn.com/catalog/4/a/0/6/4a06483ded051537636320b4fc2ba0fa7ad22a58_Spielplatz_und_Feuerstelle_Burgruine_Heinzenberg_Pr__z.jpg", "openstreetmap_id": "node/12075069656"}, "geometry": {"type": "Point", "coordinates": ["9.409297", "46.739806"]}}, {"type": "Feature", "properties": {"identifier": "cd4987ca-5e06-47b1-872d-f5ee513a701b", "name": "Golf-Genuss im Hotel Weiss Kreuz Thusis", "description": "<p>Golfen mit Bergblick ist ein besonderer Hochgenuss. Profitieren Sie von exklusiven Verg&uuml;nstigungen auf den Golfanlagen&nbsp;<a href=\"https://golf-alvaneu.ch/\" target=\"_blank\" rel=\"noopener\">Alvaneu</a> und <a href=\"https://golflenzerheide.ch/\" target=\"_blank\" rel=\"noopener\">Lenzerheide</a>&nbsp;und geniessen Sie die technische Vielfalt unserer Golf-Region.<br><br></p><h3>Leistungen</h3><ul><li>Eine &Uuml;bernachtung inklusive reichhaltigem Fr&uuml;hst&uuml;cksbuffet</li><li>Genuss-Halbpension</li><li>Green Fee f&uuml;r den Golfclub Alvaneu Bad oder Lenzerheide</li><li>Ein Glas Franciacorta um auf ein wunderbares Golferlebnis anzustossen</li></ul>", "url": "https://weisskreuz.ch/de/", "image": "https://viatpimtsoch.sos-ch-dk-2.exoscale-cdn.com/catalog/8/5/b/8/85b8d56629238b460795d0adc7048cd94220a056_golfplatz_golfclub_alvaneu_keyvisual_golfen.jpg"}, "geometry": {"type": "Point", "coordinates": ["9.43982512622237", "46.6958969"]}}, {"type": "Feature", "properties": {"identifier": "cdeab1c8-7090-42c2-9373-460ab5d39580", "name": "Feuerstelle Nollabr\u00fccke", "description": "<p><span style=\"font-weight: bold;\">Ausstattung</span></p><ul><li>1 Feuerstelle</li><li>Grillrost vorhanden</li><li>2 Tische mit B\u00e4nke (12 Sitzpl\u00e4tze)</li><li>Bach vorhanden (kein Trinkwasser)</li><li>Abfallentsorgung vorhanden</li></ul><p><br>Bitte allf\u00e4llige Weisungen z.B. bez\u00fcglich <a href=\"https://www.gr.ch/DE/institutionen/verwaltung/diem/awn/aktuelles/Waldbrandgefahr/Seiten/aktuelle_waldbrandgefahr.aspx\" target=\"_blank\">Waldbrandgefahr </a>beachten.<br></p><p><br></p>", "url": "https://www.viamala.ch", "image": "https://viatpimtsoch.sos-ch-dk-2.exoscale-cdn.com/catalog/4/3/5/2/43526cd12504b88b906858b9e24b84de3847a3c1_Feuerstelle_Nollabr__cke_Thusis.jpg", "openstreetmap_id": "node/12074798949"}, "geometry": {"type": "Point", "coordinates": ["9.423258751630783", "46.69131554757605"]}}, {"type": "Feature", "properties": {"identifier": "ce430d3a-fb5c-43b9-a2db-5d3cc0468156", "name": "Beobachtungsbank Alp digl Oberst", "description": "Diese Sitzbank bei der Alp digl Oberst bietet einen atemberaubenden Ausblick \u00fcber das Schams. Unter der Bank befindet sich eine Schublade, die ein Fernglas und weitere Instrumente zur Beobachtung der Landschaft, Natur und Fauna enth\u00e4lt. Zus\u00e4tzlich informieren bereitgestellte Materialien \u00fcber ausgew\u00e4hlte Tier- und Pflanzenarten.", "url": "https://www.viamala.ch", "image": "https://viatpimtsoch.sos-ch-dk-2.exoscale-cdn.com/catalog/6/7/1/9/67190265525b8986a57e9e978f4d7837f32d4d3b_beobachtungsbank_mit_aussicht_in_die_val_schons_bei_der_alp_digl_oberst.jpg", "openstreetmap_id": "node/9909813552"}, "geometry": {"type": "Point", "coordinates": ["9.3826384", "46.6460984"]}}, {"type": "Feature", "properties": {"identifier": "ce81cb84-96de-4a92-aaeb-95da19a366f5", "name": "Feldis - Mutta Alp Raguta", "image": "https://viatpimtsoch.sos-ch-dk-2.exoscale-cdn.com/catalog/0/2/d/d/02dd4270de0ba36ec91a2b56b1cb0c1af4a12266_bergstation_sesselbahn_feldis_mutta_winter_demateo.jpg", "openstreetmap_id": "node/240035995"}, "geometry": {"type": "Point", "coordinates": ["9.456052780151369", "46.79655594636156"]}}, {"type": "Feature", "properties": {"identifier": "d0e4d095-c1d9-4d2b-985d-003738444a45", "name": "Gasthaus Post, Obermutten", "description": "<p>Nach dem Aufenthalt an der frischen Bergluft, werden Sie im Gasthaus Post mit saisonalen Spezialit\u00e4ten verw\u00f6hnt. Das Restaurant vom Gasthaus bietet Platz f\u00fcr bis zu 50 Personen und ist ideal geeignet f\u00fcr Familienfeste, Firmenanl\u00e4sse, Tagungen und viele weitere Veranstaltungen. </p><p><span style=\"font-weight: bold;\">Anzahl Sitzpl\u00e4tze </span></p><ul><li>Restaurant: 26 Pl\u00e4tze </li><li>Gartenrestaurant: 50 Pl\u00e4tze </li><li>Saal: 34 Pl\u00e4tze</li></ul>", "url": "https://gasthauspost.ch", "image": "https://viatpimtsoch.sos-ch-dk-2.exoscale-cdn.com/catalog/2/f/9/0/2f90531a988fb9f2ae70b78cf49082cd71c74012_gasthaus_post_obermutten_sommer_viamala_tourismus.jpg", "openstreetmap_id": "way/363535765"}, "geometry": {"type": "Point", "coordinates": ["9.484656", "46.673264"]}}, {"type": "Feature", "properties": {"identifier": "d1e5bc1d-04f3-47c5-80a8-82d6f46576db", "name": "Kulturtenn Obermutten", "description": "<p>Aus einem Heustall ist im kleinen Bergdorf Obermutten ein luftiger Raum enstanden, das Kulturtenn. Der Charakter des Heustalls ist erhalten geblieben. Die Fenster bringen viel Licht hinein und lenken den Blick hinaus zu den nahen Gipfeln und Graten. Der Raum eignet sich hervorragend f\u00fcr Seminare, Workshops oder Schulwochen. Das Catering f\u00fcr Getr\u00e4nke und Verpflegung wird gerne vom Gasthaus Post in Obermutten \u00fcbernommen.</p><p>Die Ausstattung des Kulturtenns mit Beamer, einer grossen Leinwand, Flipchart und WLAN erm\u00f6glicht professionelles Arbeiten in einer naturnahen Umgebung. Der Pelletsofen sorgt auch in der k\u00e4lteren Jahreszeit f\u00fcr Behaglichkeit. Ein kurzer Spaziergang zur einzigartigen Holzkirche oder eine kleine Wanderung auf die Muttner H\u00f6hi er\u00f6ffnet neue Horizonte.</p><p>Neben dem Seminarraum befindet sich \"inscha Laada\", ein kleiner Selbstbedienungsladen mit regionalen Spezialit\u00e4ten. W\u00fcrzen Sie Ihren Aufenthalt mit einem St\u00fcck Bergk\u00e4se oder bringen Sie Ihren Liebsten eine Muttner Spezialit\u00e4t mit nach Hause.</p>", "url": "http://www.kulturtenn-obermutten.ch", "image": "https://viatpimtsoch.sos-ch-dk-2.exoscale-cdn.com/catalog/b/f/e/a/bfea82a4d96fcaf374f9363d09b870b09589a3ca_kulturtenn_obermutten_viamala_tourismus.jpg", "openstreetmap_id": "node/331942125"}, "geometry": {"type": "Point", "coordinates": ["9.4842914", "46.672171"]}}, {"type": "Feature", "properties": {"identifier": "d23e184b-4f07-4de5-a485-4570c0a4f0b0", "name": "Feuerstelle Nislas Zillis-Reischen", "description": "<p>Der Platz ist einfach erreichbar neben dem Hinterrhein. Dieser ist allerdings nicht direkt zuga\u0308nglich, da zwischen Rhein und Feuerstelle eine steile Bo\u0308schung von zirka fu\u0308nf Metern liegt. Trotzdem hat man die eindrucksvolle Gera\u0308uschkulisse des reissenden Stroms als steten Begleiter. Es hat einige Ba\u0308ume rund herum und die Feuerstelle ist durch den Tag eher sonnig. Gegen Abend liegt sie jedoch in einem angenehmen Schatten und eignet sich, je nach Tageszeit, auch an warmen Sommertagen.<br><br>Fa\u0308hrt man u\u0308ber die Umfahrungsstrasse Zillis, parkiert man am besten direkt neben der Firma \"Hassler Energia Alternativa\". Dort befindet sich ein geb\u00fchrenfreier, \u00f6ffentlicher Parkplatz mit Toiletten. Um zur Feuerstelle zu gelangen, muss man dann nur noch die Strasse \u00fcberqueren. Allerdings ist dabei Vorsicht geboten, es ist kein Fussg\u00e4ngerstreifen vorhanden.</p><p><span style=\"font-weight: bold;\">Ausstattung</span></p><ul><li>1 Feuerstelle</li><li>Grillrost vorhanden</li><li>Brennholz vorhanden</li><li>3 B\u00e4nke um die Feuerstelle</li><li>Abfallentsorgung vorhanden<br></li></ul><p><br>Bitte allf\u00e4llige Weisungen z.B. bez\u00fcglich <a href=\"https://www.gr.ch/DE/institutionen/verwaltung/diem/awn/aktuelles/Waldbrandgefahr/Seiten/aktuelle_waldbrandgefahr.aspx\" target=\"_blank\">Waldbrandgefahr </a>beachten.</p>", "url": "https://www.viamala.ch", "image": "https://viatpimtsoch.sos-ch-dk-2.exoscale-cdn.com/catalog/5/6/b/8/56b87a80fb66e33e78bd0650c74bbf9ce8981179_Feuerstelle_Nislas_Zillis_Reischen.jpg", "openstreetmap_id": "node/12075099260"}, "geometry": {"type": "Point", "coordinates": ["9.439962208271027", "46.63568042547773"]}}, {"type": "Feature", "properties": {"identifier": "d2511467-56ab-42f5-b78b-8697f361e777", "name": "Feuerstelle Plans", "description": "<p>Die Feuerstelle Plans liegt ziemlich in der Mitte zwischen den beiden Do\u0308rfern Clugin und Donat. Sie kann sehr einfach mit dem Auto oder auch mit dem Velo erreicht werden und liegt direkt am Rand einer wenig befahrenen Strasse. Zu Fuss erreicht man die Feuerstelle indem man mit dem \u00f6ffentlichen Verkehr bis Donat, vischna\u0300nca f\u00e4hrt, oder indem man der Wanderroute in Richtung Andeer folgt. Die Feuerstelle wird von der Gemeinde Donat unterhalten. Viele Holzb\u00e4nke laden zum Verweilen ein und die Spielwiese bietet Platz f\u00fcr allerlei Spiele.</p><p><span style=\"font-weight: bold;\">Ausstattung</span></p><ul><li>1 Feuerstelle</li><li>Grillrost vorhanden</li><li>Brennholz vorhanden</li><li>10 Sitzpl\u00e4tze</li><li>Brunnen mit Trinkwasser</li><li>Abfallentsorgung vorhanden<br></li></ul><p><br>Bitte allf\u00e4llige Weisungen z.B. bez\u00fcglich <a href=\"https://www.gr.ch/DE/institutionen/verwaltung/diem/awn/aktuelles/Waldbrandgefahr/Seiten/aktuelle_waldbrandgefahr.aspx\" target=\"_blank\">Waldbrandgefahr </a>beachten.</p>", "url": "https://www.viamala.ch", "image": "https://viatpimtsoch.sos-ch-dk-2.exoscale-cdn.com/catalog/d/4/0/5/d405b86185ff62a0e7ed585e1a6ef09f1de055f8_Feuerstelle_Plans_Donat.jpg", "openstreetmap_id": "node/12075090190"}, "geometry": {"type": "Point", "coordinates": ["9.427793025970459", "46.62277594858151"]}}, {"type": "Feature", "properties": {"identifier": "d2618c00-a70f-4097-8c62-c13875d93660", "name": "Inforama KHR", "description": "<p>Tauchen Sie ein in die spannende Welt der Kraftwerke Hinterrhein und entdecken Sie durch eine Vielzahl von Exponaten, Bildtafeln, Kurzfilmen und interaktiven Elementen die Highlights aus \u00fcber 50 Jahren Unternehmensgeschichte. Von den Anf\u00e4ngen bis zu den neuesten Projekten wird Ihnen hier ein informativer \u00dcberblick geboten. Dar\u00fcber hinaus erhalten Sie Einblicke in die zuk\u00fcnftigen Pl\u00e4ne des Unternehmens.</p><p>Die Ausstellung ist selbsterkl\u00e4rend gestaltet, sodass Sie die M\u00f6glichkeit haben, sie frei und ohne Begleitung zu erkunden. Nutzen Sie diese einzigartige Gelegenheit, um sich \u00fcber die beeindruckenden Anlagen der KHR zu informieren und die Zukunftsvisionen dieses dynamischen Unternehmens zu erleben. Der Eintritt ist kostenlos, also kommen Sie vorbei und lassen Sie sich inspirieren!</p><p>Im Juli und August finden jeweils am Dienstag-Nachmittag gef\u00fchrte Staumauerbesichtigungen statt. Die Termine finden Sie im <a href=\"https://viamala.ch/de/informieren/aktuelles/events.html\" target=\"_blank\">Viamala&nbsp;Online-Veranstaltungskalender</a>.<br></p>", "url": "https://www.khr.ch/de/inforama", "image": "https://viatpimtsoch.sos-ch-dk-2.exoscale-cdn.com/catalog/2/d/f/f/2dff6d3ea7364e93478954ae8e9aa8bf41b2663d_inforama_khr_und_tunnelportal_valle_di_lei_viamala_tourismus.jpg", "openstreetmap_id": "way/169604338"}, "geometry": {"type": "Point", "coordinates": ["9.456924", "46.483891"]}}, {"type": "Feature", "properties": {"identifier": "d27bc45a-3667-4708-9d98-85013847f895", "name": "Burgruine Alt Sins", "description": "<!-- ####### HEY, I AM THE SOURCE EDITOR! #########--><p>Die vermutlich Ende des 12. Jahrhunderts erbaute Burg war urspr&uuml;nglich Sitz einer kleinen Grundherrschaft, die aus dem Hof Paspels herausgewachsen ist und im 13. Jahrhundert im Besitz der Herren von Vaz erscheint. Die Burg selber wird 1285 urkundlich erstmals genannt. Nach dem Aussterben der Vaz im Mannesstamm geht sie mit der Herrschaft an die Werdenberg-Sargans.</p><p>W&auml;hrend der Schamser Fehde von 1451 wurde die damals kaum noch bewohnte Burg zerst&ouml;rt: Durch das Untergraben einer H&auml;lfte des Turms st&uuml;rzte dieser ein und wurde nicht wieder aufgebaut. Auf Anordnung des Schiedsgerichts von 1452 blieb die Ruine als Mahnmal erhalten.</p><p>Heute sind noch die Ruinen eines viergeschossigen Wohnturms mit Ringmauer zu sehen. Der Eingang befand sich im zweiten Stock, die Aborterker im dritten und vierten Stock.<br><br></p><h4><strong>Zugang</strong></h4><p>Alt Sins befindet sich in Privatbesitz. Die Anlage liegt direkt am <a href=\"https://mybusiness.outdooractive.com/de/r/23419810/\" data-type=\"tour\" data-id=\"23419810\">Burgenweg Domleschg</a>&nbsp;und ist auf eigene Verantwortung zug&auml;nglich. Der Weg hoch zur Ruine beginnt im Vitg (<a href=\"https://goo.gl/maps/P6ft8V9ert2wjvJE8\">Standort Google Maps</a>).</p>", "url": "https://www.viamala.ch", "image": "https://viatpimtsoch.sos-ch-dk-2.exoscale-cdn.com/catalog/d/c/8/e/dc8e8db835bcbaf5ac2fb701f15b50a45556b7dd_ruine_alt_sins_suens_paspels_vitg_domleschg_sommer_viamala_tourismus.jpg", "openstreetmap_id": "way/136215422"}, "geometry": {"type": "Point", "coordinates": ["9.439128", "46.749451"]}}, {"type": "Feature", "properties": {"identifier": "d32908fc-d11b-4074-a6fc-fa6f66fe7e12", "name": "Feuerstelle Crap Carschenna", "description": "<p>Die Feuerstelle befindet sich unmittelbar hinter dem <a href=\"https://viamala.ch/de/map/poi/aussichtspunkt-crap-carschenna-f804033f-412e-46cb-8d8e-8fe52643b6bc.html\" target=\"_blank\">Aussichtspunkt Crap Carschenna</a> und ist in einer Waldlichtung gelegen.</p><p>Die Feuerstelle ist \u00fcber den Wanderweg Sils i.D. - Hohen R\u00e4tien - Carschenna erreichbar.&nbsp;Feuerholz muss selbst mitgebracht oder im Wald gesammelt werden.&nbsp;Bitte den Abfall wieder mitnehmen, es gibt keine Entsorgungsm\u00f6glichkeit.</p><p><span style=\"font-weight: bold;\">Ausstattung</span></p><ul><li>1 Feuerstelle</li><li>Grillrost vorhanden</li><li>8 B\u00e4nke ums Feuer<br></li></ul><p><br>Bitte allf\u00e4llige Weisungen z.B. bez\u00fcglich <a href=\"https://www.gr.ch/DE/institutionen/verwaltung/diem/awn/aktuelles/Waldbrandgefahr/Seiten/aktuelle_waldbrandgefahr.aspx\" target=\"_blank\">Waldbrandgefahr </a>beachten.</p>", "url": "https://www.viamala.ch", "image": "https://viatpimtsoch.sos-ch-dk-2.exoscale-cdn.com/catalog/4/b/1/b/4b1b68dc1bc7919bc97f2aaecd4b17d6fbc553c8_Feuerstelle_Crap_Carschenna_Sils.jpg", "openstreetmap_id": "node/12075071022"}, "geometry": {"type": "Point", "coordinates": ["9.45901930332184", "46.693166099996"]}}, {"type": "Feature", "properties": {"identifier": "d345301c-7417-4ceb-b422-cf328742f231", "name": "Restaurant Scalottas", "description": "Du m\u00f6chtest am Abend einen Teamevent, ein Geburtstags- oder Vereinsessen durchf\u00fchren? Auf Anfrage steht unser Restaurant gerne auch ausserhalb der \u00d6ffnungszeiten f\u00fcr deinen Anlass ab 20 Personen zur Verf\u00fcgung.", "url": "https://www.scalottas.ch/restaurant", "image": "https://viatpimtsoch.sos-ch-dk-2.exoscale-cdn.com/catalog/6/2/5/4/6254bb2655d23a66cb37f07f244dc7be50cfd574_restaurant_scalottas_scharans_domleschg_sommer.jpg", "openstreetmap_id": "node/12198926947"}, "geometry": {"type": "Point", "coordinates": ["9.459659", "46.715298"]}}, {"type": "Feature", "properties": {"identifier": "d3594abd-fd38-4ef2-b525-c4ac62a32325", "name": "GOFAST Schnellladestation Rastst\u00e4tte Viamala", "description": "<p>Die Rastst&auml;tte Viamala in Thusis beherbergt den gr&ouml;ssten Schnellladehub im Kanton Graub&uuml;nden, mit 16 Ladepl&auml;tzen und einer Ladeleistung von bis zu 300 Kilowatt. Hier wird ausschliesslich 100% &Ouml;ko-Strom verwendet, was das Aufladen sowohl schnell als auch umweltfreundlich macht.</p>\n<p>W&auml;hrend das Elektroauto l&auml;dt, k&ouml;nnen Reisende im Restaurant der Rastst&auml;tte frische Speisen und Getr&auml;nke in modernem Ambiente geniessen. Wer die Ladezeit aktiv nutzen m&ouml;chte, kann einen malerischen Spaziergang in die umliegende Natur unternehmen. So wird die Ladepause zu einer erholsamen Unterbrechung, die neue Energie f&uuml;r die Weiterfahrt liefert.</p>", "url": "https://www.gofast.swiss/", "image": "https://viatpimtsoch.sos-ch-dk-2.exoscale-cdn.com/catalog/f/3/1/d/f31d4b22ecb461b68cb767d5387901883458fcdd_die_raststaette_viamala_im_fruehling.jpg", "openstreetmap_id": "node/5284912625"}, "geometry": {"type": "Point", "coordinates": ["9.445999860763552", "46.71265243883166"]}}, {"type": "Feature", "properties": {"identifier": "d441645d-ca39-4d7a-bf50-36f26f591fdc", "name": "Bischolsee", "description": "<p><span style=\"font-weight: bold;\">Wichtig:</span> Bitte halten Sie sich an das Badeverbot! Wenige Schritte entfernt liegt der <a href=\"https://www.maps.viamala.ch/de/poi/see/pascuminersee/24147371/\" target=\"_blank\" rel=\"noopener\">Pascuminersee</a>, der sich f\u00fcr eine Abk\u00fchlung eignet.</p>\n<p><span style=\"font-weight: bold;\">Hirtinnenbeizli Alp Bischola</span><br>F\u00fcnf Gehminuten oberhalb der beiden Bergseen befindet sich das Alpbeizli <a href=\"https://www.maps.viamala.ch/s/GEff4\" target=\"_blank\" rel=\"noopener\">Hirtinnenbeizli&nbsp;Alp Bischola</a>.</p>", "url": "https://www.viamala.ch", "image": "https://viatpimtsoch.sos-ch-dk-2.exoscale-cdn.com/catalog/1/4/0/a/140af4776314646f155d64ccadaa894a6559f03c_bischolsee_heinzenberg_piz_beverin_sommer_herbst_demateo.com.jpg", "openstreetmap_id": "way/232477305"}, "geometry": {"type": "Point", "coordinates": ["9.358130677041231", "46.70650073575445"]}}, {"type": "Feature", "properties": {"identifier": "d4dec314-70c1-44f6-8c7b-cde0ba96d6ae", "name": "E-Bike-Ladestation Innerferrera", "description": "<p><span style=\"font-weight: bold;\">Vorhandene Anschl\u00fcsse </span></p><ul><li>Bosch </li><li>Yamaha </li><li>Impulse-Brose </li><li>Shimano 1 &amp; 2 </li><li>Panasonic-Flyer 1 &amp; 2 </li><li>Schweizer Steckdose T13</li></ul><p><br></p><p><span style=\"font-weight: bold;\">Unsere Tipps f\u00fcr Sie w\u00e4hrend der Ladezeit </span></p><p>St\u00e4rken Sie sich im <a href=\"https://alpenroseferrera.ch/\">Gasthaus Alpenrose</a>.&nbsp;besuchen Sie gleich gegen\u00fcber des Gasthauses das <a href=\"https://www.erzminen-hinterrhein.ch/f%C3%BChrungen/bergbau-museum-innerferrera/\">Bergbaumuseum Innerferrera</a> und/oder entdecken Sie den neuen <a href=\"https://www.maps.viamala.ch/s/BfMnt\">Waldweg Innerferrera</a> - wird im Sommer 2019 er\u00f6ffnet - mit der spektakul\u00e4ren 70 m langen H\u00e4ngebr\u00fccke \u00fcber den Ragn da Ferrera. L\u00e4nge 2 km, Wanderzeit 45 Min, Mini-Guides sind kostenlos vor Ort erh\u00e4ltlich. </p><p>Falls Sie in Innerferrera \u00fcbernachten m\u00f6chten: Im <a href=\"https://alpenroseferrera.ch/\">Gasthaus Alpenrose</a> gibt es auch G\u00e4stezimmer.</p>", "url": "https://alpenroseferrera.ch/", "image": "https://viatpimtsoch.sos-ch-dk-2.exoscale-cdn.com/catalog/d/c/0/e/dc0e4a4a7746af73ca219686b8926f87598dbfd3_e_bike_ladestation_innerferrera_nataurpark_beverin.jpg", "openstreetmap_id": "node/6315746957"}, "geometry": {"type": "Point", "coordinates": ["9.443116485560267", "46.52113656844544"]}}, {"type": "Feature", "properties": {"identifier": "d59046b2-ee7e-4916-b171-02f3bc79e6f2", "name": "Restaurant Rheinwaldstube", "description": "Ideal als Zwischenhalt auf dem Weg in den S\u00fcden. Neue Wirtin. 100% Schweizer Fleisch.", "url": "https://rheinwaldstube.ch", "image": "https://viatpimtsoch.sos-ch-dk-2.exoscale-cdn.com/catalog/d/8/e/7/d8e79799cbc0cc90f18a7f1c9a6e52f3c79759e6_restaurant_rheinwaldstube_nufenen_terrasse_winter.jpg", "openstreetmap_id": "node/4591068294"}, "geometry": {"type": "Point", "coordinates": ["9.243292999999994", "46.538941"]}}, {"type": "Feature", "properties": {"identifier": "d5fc5c7d-eef3-405d-9876-bf5b6acff4c0", "name": "Wanderpackage \u00abNaturpark Beverin\u00bb in Wergenstein", "description": "<p>Das Wanderpackage verbindet gem&uuml;tliche Hotelmomente im Hotel Capricorns mit einem authentischen Erlebnis auf der Alp Nurdagn &ndash; ideal f&uuml;r alle, die Bergwiesen, Maiens&auml;sse und hochalpine Landschaften aktiv entdecken m&ouml;chten.</p><h4><strong>Leistungen Hotel Capricorns</strong></h4><ul><li>1 &Uuml;bernachtung im Doppelzimmer Piz Grisch im <a href=\"https://capricorns.ch/\">Hotel Capricorns in Wergenstein</a></li><li>Willkommens-Ap&eacute;ro</li><li>genussvolles 4-Gang Abendessen (exkl. Getr&auml;nke)</li><li>reichhaltiges, regionales Fr&uuml;hst&uuml;cks-Buffet</li><li>Lunchpaket f&uuml;r zwei Wandertage</li><li>Kultur- und Landschaftsf&uuml;hrer Piz Beverin</li><li><a href=\"https://viamala.ch/map/poi/wellnessbereich-la-calma-86bea03a-2ffe-4982-bfa0-8e143687ae82.html\" target=\"_blank\" rel=\"noopener\">Wellnessbereich La Calma</a> zur freien Nutzung</li><li>WLAN</li><li>Gratisparkplatz (Aussenparkplatz) f&uuml;r die gesamte Dauer des Packages</li></ul><h4><strong>Leistungen <a href=\"https://viamala.ch/buchen/unterkuenfte/agrotourismus/alp-nurdagn.html\" target=\"_blank\" rel=\"noopener\">Agrotourismus Alp Nurdagn</a></strong></h4><ul><li>1 &Uuml;bernachtung im Massenlager auf 2261 m &uuml;. M.</li><li>3-Gang &Auml;lpler-Znacht (exkl. Getr&auml;nke)</li><li>Einfaches &Auml;lpler-Zmorge</li></ul><h4><strong>G&uuml;ltigkeit</strong></h4><p>Das Angebot ist von Mitte Juni bis Ende September buchbar.</p>", "url": "https://capricorns.ch/", "image": "https://viatpimtsoch.sos-ch-dk-2.exoscale-cdn.com/catalog/d/4/0/a/d40a886945b9b51692ee6932a55bd1e4fb735da2_alp_nurdagn_bnb_moorlandschaft_anarosa_schamserberg_frank_buederli.jpg"}, "geometry": {"type": "Point", "coordinates": ["9.407402873039247", "46.626297786637366"]}}, {"type": "Feature", "properties": {"identifier": "d623f79c-6589-4e5d-bd96-e431f6ccf5ff", "name": "Restaurant Landhus", "description": "<p>In der Landhus-K\u00fcche werden bevorzugt Gerichte aus regionalen Produkten auf die Teller gezaubert. So kommen - je nach Saison - folgende Produkte zum Einsatz:</p><p>Verschiedene Mehlsorten, Fl\u00f6ckli, Gerste von Gran Alpin; Bio-Eier aus Tartar; Sanddornsirup aus Trans; Safran und Zigerklee aus Tomils; Nusstorte aus Zillis; Spaghetti, Ternette und Polenta aus dem Puschlav; Bio-K\u00e4se aus der Region; Bio-Gem\u00fcse vom Biotisch, Pratval; Bio-Fleisch von Bauernh\u00f6fen aus der Region; Alpschweine aus dem Calancatal; ger\u00e4ucherte Forellenfilets aus Alvaneu; Kaninchen von Almens; Honig aus Rongellen; Erdbeeren aus Tomils; Beeren aus Urmein; Hochstammobst aus Tomils; Spargeln und Wild aus der Region und Holunderbl\u00fcten, B\u00e4rlauch, Brennesseln, etc. selbstgepfl\u00fcckt rund um Almens.</p><p> Besonderes: Beim regionalen Bauern werden ganze Tiere (Rind, Kalb, Lamm, Sommer-Gitzi) gekauft und im Schlachthof in Realta oder in der Metzga Viamala in Andeer gemetzgt. Es werden dann \"nadisna\" (nach und nach) alle St\u00fccke inklusive Innereien verarbeitet. Die Knochen werden f\u00fcr die Herstellung einer feinen Sonntagsbratensauce verwendet.</p><p>Das als beliebtes Ausflugsziel bekannte Restaurant l\u00e4dt zu Speis und Trank ein. Das helle Restaurant, die Sonnenterrasse mit Blick \u00fcber das Domleschg, an den Heinzenberg und auf den Piz Beverin und die Purastuba stehen f\u00fcr Sie bereit, um die Gerichte aus regionalen Produkten mit einem Glas Wein aus der B\u00fcndner Herrschaft oder den Nachbarl\u00e4ndern zu geniessen.</p><p>In zwei einfachen und zwei neuen G\u00e4stezimmern l\u00e4sst es sich wunderbar in Ruhe schlafen und entspannen. Die Kulturlandschaft Domleschg mit den vielen Schl\u00f6ssern und Burgen l\u00e4dt zum Verweilen und Geniessen - ganz in Ihrer N\u00e4he.</p><p><span style=\"font-weight: bold;\">Anzahl Sitzpl\u00e4tze</span></p><ul><li>Restaurant: 54 Pl\u00e4tze&nbsp;</li><li>Gartenrestaurant: 54 Pl\u00e4tze</li><li>Saal: 16 Pl\u00e4tze</li></ul>", "url": "https://www.landhus-almens.ch", "image": "https://viatpimtsoch.sos-ch-dk-2.exoscale-cdn.com/catalog/e/b/2/d/eb2dd3fcb19b79cc77653e9183328bab757c8c32_landhus_almens_sommer.jpg", "openstreetmap_id": "node/6416517758"}, "geometry": {"type": "Point", "coordinates": ["9.455416", "46.737986"]}}, {"type": "Feature", "properties": {"identifier": "d741f67d-097b-4d78-b3e9-ec86abb36385", "name": "Patrutg-H\u00fctte", "description": "<p><strong>Natureisfeld</strong></p><p>Das <a class=\"oax_externallink\" href=\"https://viamala.ch/map/poi/natureisfeld-oberurmein-6ae72794-f85f-4e57-b6a8-7f14b218167d.html\" target=\"_blank\" rel=\"noopener\">Natureisfeld</a> auf dem Patrutgsee in Oberurmein (1&rsquo;609 m &uuml;.M.) ist bei entsprechenden Temperaturen ab Ende Dezember bis Anfang M&auml;rz t&auml;glich ab 13.30 Uhr und von 18.00 Uhr bis 20.00 Uhr f&uuml;r alle Schlittschuhliebhaber sowie Fans des Eisstockschiessens ge&ouml;ffnet.</p>", "url": "https://www.patrutghuette-heinzenberg.ch/", "image": "https://viatpimtsoch.sos-ch-dk-2.exoscale-cdn.com/catalog/7/a/4/9/7a499deeaa8860ea1767b52066eb28098ea57dd2_patrutgsee_huette.jpg", "openstreetmap_id": "node/2994025351"}, "geometry": {"type": "Point", "coordinates": ["9.384218925394862", "46.70207732871584"]}}, {"type": "Feature", "properties": {"identifier": "d7809377-6203-45cc-8f72-700f09221932", "name": "Restaurant Caltgera", "description": "<p>Das Restaurant bietet B\u00fcnder&nbsp;Spezialit\u00e4ten und diverse Desserts an. In der Saison gibt es Wildspezialit\u00e4ten und Spargelgerichte. </p><p><span style=\"font-weight: bold;\">Anzahl Sitzpl\u00e4tze</span><br>Restaurant: 36 Pl\u00e4tze <br>Gartenrestaurant: 36 Pl\u00e4tze</p>", "image": "https://viatpimtsoch.sos-ch-dk-2.exoscale-cdn.com/catalog/2/f/7/9/2f792187c5005294b85e6f2ba751fd0ee84a3564_pignia_dorf_im_sommer_schams_demateo.jpg", "openstreetmap_id": "node/2235107986"}, "geometry": {"type": "Point", "coordinates": ["9.436966", "46.611328"]}}, {"type": "Feature", "properties": {"identifier": "d81eeac4-b8fa-4d80-9deb-260b4f7149ec", "name": "Traversinersteg", "description": "<p>Die kulturhistorischen Sch\u00e4tze rund um die Viamala erlebbar zu machen, das ist das Anliegen des Vereins Kulturraum Viamala. R\u00fcckgrat dieses Plans bildet der wieder in Stand gesetzte R\u00f6merpfad 'Veia Traversina', der sich von Sils aus \u00fcber Hohenr\u00e4tien, St. Albin ins Zentrum der Schlucht zieht. Dieser herrlich angelegte Weg f\u00fchrt \u00fcber zahlreiche Tobel, welche teilweise durchschritten, teilweise aber auch von Br\u00fccken \u00fcberspannt sind.</p><p>Das gr\u00f6sste und wildeste dieser Tobel wird seit 2005 vom Traversinersteg II \u00fcberspannt. Der Zweite Traversinersteg wurde 2005 erbaut und ersetzt den 1996 erstellten ersten Traversinersteg, der weiter hinten im Tobel stand und von einem Steinschlag zerst\u00f6rt wurde. Die Br\u00fccke ist als vorgespanntes Seilfachwerk mit nat\u00fcrlichen Pylonen und einem schr\u00e4gen Gehweg angelegt, einer h\u00e4ngenden Treppe mit einer horizontalen Spannweite von 56 m und einer H\u00f6hendifferenz von 22 m. Das Wohlbefinden der Wanderer und ihr subjektives Sicherheitsgef\u00fchl bez\u00fcglich Tiefblick und Schwingungen auf der 70 m \u00fcber dem Bachbett h\u00e4ngenden Treppe war eine entscheidende Planungsaufgabe.</p><p>Aussenliegende Tr\u00e4ger verhindern den vertikalen Blick ins Tobel und liegend angeordnete Gel\u00e4nderbretter unterst\u00fctzen den Sichtschutz. Die F\u00f6hrenholztritte des nach unten mit einem Radius von 150 m gebogenen Gehwegs gew\u00e4hrleisten durch ihre s\u00e4gerauen Oberfl\u00e4chen Rutschfestigkeit. Ein Rautenfachwerk mit doppeltem Strebenzug, die hohe Steifigkeit der Brettschichtholztr\u00e4ger aus L\u00e4rchenholz und die Vorspannung der Hauptseile begrenzen das Schwingen und Schaukeln des Gehwegs auf ein vertretbares Mass. Der Traversinersteg II ist Teil des viaSpluga-Weitwanderwegs und nur zu Fuss erreichbar.</p>", "url": "http://www.traversinersteg.ch", "image": "https://viatpimtsoch.sos-ch-dk-2.exoscale-cdn.com/catalog/f/1/8/1/f181733d00b3c453972b90d7e53b8aaee6be5a9b_traversinersteg_veia_traversina_haengebruecke_schams_zillis_thusis_sommer_viaspluga_demateo.com.jpg", "openstreetmap_id": "way/150228429"}, "geometry": {"type": "Point", "coordinates": ["9.452987", "46.672905"]}}, {"type": "Feature", "properties": {"identifier": "d8f96d0c-b128-4243-bfc5-24b14aef0cb0", "name": "Alte Landbrugg Hinterrhein", "description": "<p>Die Alte Landbrugg befindet sich in der Gemeinde Hinterrhein im Rheinwald, und ist eine imposante Steinbr\u00fccke aus dem Jahr 1693. Sie wurde vom Baumeister Peter Zurr aus Berg\u00fcn errichtet und \u00fcberspannt den Hinterrhein mit zwei B\u00f6gen auf einer L\u00e4nge von knapp 40 Metern und einer Breite von 2,5 Metern. Urspr\u00fcnglich diente sie der alten Saumstrasse \u00fcber den San-Bernardino-Pass als Fluss\u00fcbergang.</p><p>Kurz nach ihrer Fertigstellung st\u00fcrzte die Br\u00fccke 1696 teilweise ein und wurde von Meister Bartolomeo Stornino aus Chiavenna f\u00fcr 400 Gulden wieder aufgebaut. Die Br\u00fccke wurde im Laufe der Jahrhunderte mehrfach durch Hochwasser besch\u00e4digt, wobei das n\u00f6rdliche Joch 1931 einst\u00fcrzte und 1935 mit Unterst\u00fctzung des Schweizer Heimatschutzes restauriert wurde.</p><p>Die heutige Struktur zeigt die Spuren der Reparaturen, insbesondere die Betonelemente unterhalb des Br\u00fcckenbogens. \u00dcber die Br\u00fccke f\u00fchrt nun ein Wanderweg, der vom Rheinwald \u00fcber den San-Bernardino-Pass verl\u00e4uft. An der h\u00f6chsten Stelle der Br\u00fccke erinnern Steintafeln an die Errichtung und die Renovierungen, wobei die Inschriften an die Gemeinschaft und die zahlreichen G\u00f6nner, die die Restaurierung erm\u00f6glichten, gedenken.</p>", "url": "https://www.viamala.ch/", "image": "https://viatpimtsoch.sos-ch-dk-2.exoscale-cdn.com/catalog/6/e/4/e/6e4ee1384b7abeb997fa68dcf9ad9428280259f4_alte_landbrugg_hinterrhein_rheinwald_sommer_viamala.jpg", "openstreetmap_id": "way/691375752"}, "geometry": {"type": "Point", "coordinates": ["9.201979", "46.528783"]}}, {"type": "Feature", "properties": {"identifier": "d92a917a-5211-44f9-8b4b-33bffc8a649b", "name": "Auf Isl\u00e4ndern durch Spl\u00fcgen reiten", "description": "F\u00fcr Kinder, Jugendliche und Erwachsene ein einmaliges Erlebnis mit den \u00e4usserst sympathischen Vierbeinern und ihrer Besitzerin.", "image": "https://viatpimtsoch.sos-ch-dk-2.exoscale-cdn.com/catalog/c/2/9/0/c2905c5c5646f2125401d49e115cc885427c2aae_auf_islaendern_durch_spluegen.jpg"}, "geometry": {"type": "Point", "coordinates": ["9.325477480888368", "46.55383983678612"]}}, {"type": "Feature", "properties": {"identifier": "d9b76fc5-62bb-4dd3-b042-fbcb08206626", "name": "Ausstellung s-cultura.ch", "description": "Der Kreis Schams erwarb die \u00abSusta vis-\u00e0-vis der Pension Conrad in Zillis\u00bb 1918 f\u00fcr die Einrichtung einer M\u00fchle.<br>Die elektrische Ammann-M\u00fchle (Langenthal) mit dazugeh\u00f6riger Gersten-Sch\u00e4lm\u00fchle an der Hauptstrasse 10 in Zillis war von 1919 bis 1968 in Betrieb. Im Maschinenraum befinden sich heute zudem eine Gerstenquetschmaschine der Firma Bucher von Niederweningen vom Jahr&nbsp;1940 und eine Stahl-Neusaatmaschine der Firma F. Neuhaus, Eberswalde (ehem. DDR) aus den 1930er Jahren. Die Maschinen sind nicht mehr betriebsf\u00e4hig. Sie sind aber Kulturzeugnisse in faszinierendem Industriedesign. Die letzte Schamser Landsgemeinde verkaufte 2014 das Geb\u00e4ude.", "url": "https://notbott.ch/verkaufsausstellung", "image": "https://viatpimtsoch.sos-ch-dk-2.exoscale-cdn.com/catalog/7/4/0/9/7409d963c024bccf2d41b0ce9675e544c5ea32bc_ausstelung_s_cultura_zillis_reischen.jpg", "openstreetmap_id": "node/12100235310"}, "geometry": {"type": "Point", "coordinates": ["9.44522738456726", "46.635499938738924"]}}, {"type": "Feature", "properties": {"identifier": "db19ff83-153c-4e1d-8c35-6523e187d91b", "name": "Ausstellung Schalensteine in der Region Viamala", "description": "<p>Auf einem von Gletschern geformten Felsen im Arsiert, s&uuml;dlich von B&auml;renburg, ziehen k&uuml;nstliche Steinbearbeitungen aus vorgeschichtlicher Zeit auch den modernen Geist in ihren Bann. Eine nachweisliche, vom j&auml;hrlichen Sonnenlauf abh&auml;ngige Gesetzm&auml;ssigkeit l&auml;sst eine kalendarische Ordnung vermuten. Schritt um Schritt entsteht ein Sonnensymbol, eingebettet im kreisumrundeten Sechseck. Abgeleitet vom Sonnenlauf l&auml;sst sich alsdann aus einem pr&auml;historischen Koordinatengitter die regionale Landschaft und neue Schalenstein&ouml;rtlichkeiten herauslesen.</p>\n<p>Die private Ausstellung von Anselmo Gadola thematisiert die Schalen- und Zeichensteine im Schams, Avers und Rheinwald als Zeugen einer kultastronomischen Gesetzm&auml;ssigkeit in Abh&auml;ngigkeit des j&auml;hrlichen Sonnenlaufs. Mystisch und r&auml;tselhaft zugleich.</p>", "image": "https://viatpimtsoch.sos-ch-dk-2.exoscale-cdn.com/catalog/7/8/e/3/78e35ee3841165eb37fcd7c8ac56a20d4571f308_ausstellung_schalensteine_in_der_region_viamala.jpg", "openstreetmap_id": "node/12100516386"}, "geometry": {"type": "Point", "coordinates": ["9.42793000000006", "46.59418"]}}, {"type": "Feature", "properties": {"identifier": "db40cb50-33cb-4573-a15e-17a37d69a97e", "name": "Stizunetta Feldis", "description": "<p>Entdecken Sie&nbsp;im charmanten Dorfladen eine Welt sowohl traditioneller, wie auch wilder Delikatessen, geerntet bei Mutter Natur, kunstvolle Handwerksarbeit und alles, was Sie f\u00fcr ein authentisches Erlebnis in den B\u00fcndner Alpen ben\u00f6tigen.</p><p><br>Die Stizunetta, liebevoll von Einheimischen gef\u00fchrt, steht f\u00fcr die Verbindung von Tradition und Gemeinschaft. Hier finden Sie eine Auswahl an hochwertigen regionalen Produkten sowie etwas verdichtete D\u00f6rflichkeit. Von lokal produziertem K\u00e4se \u00fcber hausgemachte K\u00f6stlichkeiten bis hin zu einzigartigen Souvenirs \u2013 jedes St\u00fcck erz\u00e4hlt die Geschichte von Feldis.</p><p><br>Aber die Stizunetta ist mehr als nur ein Laden. Es ist ein Treffpunkt f\u00fcr Einheimische und Besucher, ein Ort des Austauschs und der Begegnung. Hier k\u00f6nnen Sie sich \u00fcber die besten Wanderwege informieren, Geheimtipps f\u00fcr Ausfl\u00fcge in der Umgebung erhalten, Fl\u00fcssiges und Bissiges degustieren oder einfach nur einen Moment der Ruhe geniessen, w\u00e4hrend Sie die Gastfreundschaft und das gem\u00fctliche Ambiente auf sich wirken lassen.</p><p><br>Das Team vom Stizunetta freut sich darauf, Sie willkommen zu heissen und mit Ihnen die verborgenen Sch\u00e4tze von Feldis zu teilen.</p>", "image": "https://viatpimtsoch.sos-ch-dk-2.exoscale-cdn.com/catalog/4/8/2/4/4824aa9b4d5c8bed644cc61577f721df2de08642_stizunetta_in_feldis_domleschg_sommer_balz_marti.jpg", "openstreetmap_id": "node/12114619018"}, "geometry": {"type": "Point", "coordinates": ["9.432469", "46.794151"]}}, {"type": "Feature", "properties": {"identifier": "db8d37b9-7c5d-4ef6-85cd-7a10817443fa", "name": "Spielplatz Cazis Oberdorf", "description": "<p><strong>Ausstattung:</strong></p>\n<ul>\n<li>Rutschbahn</li>\n<li>Schaukel</li>\n<li>Korbschaukel</li>\n<li>Bodentrampolin</li>\n<li>Wippe</li>\n<li>Reck</li>\n<li>Schwingtiere</li>\n<li>Sandkasten</li>\n<li>Tisch</li>\n<li>Bank</li>\n</ul>", "url": "https://www.viamala.ch", "image": "https://viatpimtsoch.sos-ch-dk-2.exoscale-cdn.com/catalog/3/e/b/b/3ebb1d2369c0b1bf50fd01e0ca6ced788a3b59e7_Spielplatz_Cazis_Oberdorf.jpg", "openstreetmap_id": "node/12075177320"}, "geometry": {"type": "Point", "coordinates": ["9.428911", "46.72143"]}}, {"type": "Feature", "properties": {"identifier": "dd6699e2-45bd-4bba-bfe2-ccdfe637c847", "name": "Spielplatz Feldis Schulhaus", "description": "<p>In Anlehnung an das Projekt Naturerlebnis Feldis, welches die Elemente \u201eFeuer\u201c und \u201eErde\u201c bei der Grillstelle Pro Niev und beim Erratischen Block darstellt, werden die Naturelemente auch auf dem Spielplatz Feldis thematisiert.</p>\n<p>Eine Wasserspielanlage mit einem Wasserpl\u00e4tscherkanal, zwei Z\u00fcndh\u00f6lzer und eine Z\u00fcndholzschachtel integriert in einen Balancierparcours sowie der Holzschnitzelplatz verk\u00f6rpern die Elemente Wasser, Feuer und Erde. Ein Spielturm mit R\u00f6hrenrutschbahn und Seilbr\u00fccke, eine Nestschaukel sowie ein drehbarer Kletterbaum und eine Doppelwippe erg\u00e4nzen das vielf\u00e4ltige Spielangebot.</p>\n<p>Zum Ausruhen und f\u00fcr die Verpflegung steht auf dem Spielplatz ein sch\u00f6ner Holztisch mit Bank bereit. Dieser ist durch die IG Raguta gesponsert und durch den Werkdienst der Gemeinde erstellt worden. Das Sponsoring der IG Raguta steht in Zusammenhang mit ihrem 20-j\u00e4hrigen Jubil\u00e4um, f\u00fcr welches sie einen Teil ihres Jahresumsatzes als Unterst\u00fctzungsbeitrag an verschiedene Institutionen weitergegeben haben.</p>", "url": "https://www.viamala.ch", "image": "https://viatpimtsoch.sos-ch-dk-2.exoscale-cdn.com/catalog/0/8/a/a/08aa3445583eede37ac8b771d339502aa00b9122_Spielplatz_Feldis_Schulhaus.jpg", "openstreetmap_id": "node/12075175176"}, "geometry": {"type": "Point", "coordinates": ["9.431309401988983", "46.79480979112888"]}}, {"type": "Feature", "properties": {"identifier": "dde617d1-00f6-428f-b5b5-69ebec0cd20f", "name": "Avers - Juppa Richtung Tscheischa", "image": "https://viatpimtsoch.sos-ch-dk-2.exoscale-cdn.com/catalog/d/9/a/5/d9a5b76e1c54d04968c342deecf61c810aa47dcb_natureisfeld_avers_juppa_winter_markus_mueller.jpg", "openstreetmap_id": "node/2335598005"}, "geometry": {"type": "Point", "coordinates": ["9.55388903617859", "46.45128218902112"]}}, {"type": "Feature", "properties": {"identifier": "ddfee18f-2192-4b40-a302-356bb15e6a69", "name": "Spielplatz Schulhaus Sarn", "description": "<p><strong>Ausstattung:</strong></p>\n<ul>\n<li>Rutschbahn</li>\n<li>Korbschaukel</li>\n<li>Kletternetz</li>\n<li>Kletter-Iglu aus Holz</li>\n<li>Bodenspiele</li>\n</ul>", "url": "https://www.viamala.ch", "image": "https://viatpimtsoch.sos-ch-dk-2.exoscale-cdn.com/catalog/5/6/b/c/56bc8ca049e83e8e0b303befe0fc07ee8836dedd_Spielplatz_Schulhaus_Sarn.jpg", "openstreetmap_id": "node/12075195122"}, "geometry": {"type": "Point", "coordinates": ["9.410298", "46.717526"]}}, {"type": "Feature", "properties": {"identifier": "de2c844f-93ad-43ab-9d2e-ae7be3af4055", "name": "Tschappina", "description": "<p>Die einzige Walsergemeinde am Heinzenberg ist ein Streudorf und liegt zwischen 1'400 und 1'850 m \u00fc.M. am Glaspass.</p>\n<ul>\n<li><a href=\"https://www.tschappina.ch/\">Website Gemeinde Tschappina</a></li>\n<li><a href=\"http://www.hls-dhs-dss.ch/textes/d/D1493.php\">Link zum historischen Lexikon der Schweiz</a></li>\n<li><a href=\"http://shop.graubuenden.ch/Viamala/ukv/?date_unknown=1&amp;doSearch=1&amp;locationIDs[]=TDS00020010347148158&amp;globalReset=1&amp;persistentParameters=1&amp;lang=de\">Unterk\u00fcnfte in Tschappina</a></li>\n</ul>", "url": "https://www.tschappina.ch/", "image": "https://viatpimtsoch.sos-ch-dk-2.exoscale-cdn.com/catalog/b/9/c/7/b9c789d784aafec95e60adde16f6c3f6af3837e9_glaser_grat_glaspass_heinzenberg_herbst_sonnenuntergang_long_nong_huang.jpg", "openstreetmap_id": "relation/1684194"}, "geometry": {"type": "Point", "coordinates": ["9.375927", "46.686777"]}}, {"type": "Feature", "properties": {"identifier": "def39fdf-1d10-4715-ae26-a17c3c45ae88", "name": "Kunsthalle an der Albula", "description": "Auf fast 500 m2 k\u00f6nnen Sie im Galeriebereich Skulpturen und Bilder von Priska Schwab und Claudio Caprez sehen.<br>Der Besucher kann sich auch direkt im offenen Atelier der K\u00fcnstler \u00fcber die Entstehung ihrer neusten Werke informieren und mit den K\u00fcnstlern pers\u00f6nlich sprechen. Ein einmaliger Einblick in den Kunstbereich mit zwei vielseitigen und humorvollen K\u00fcnstlern.<br>Sie sind zu finden in der Halle einer ehemaligen Schafwollwaren-Fabrik an der sch\u00e4umenden Albula.", "url": "https://www.claudiocaprez.com", "image": "https://viatpimtsoch.sos-ch-dk-2.exoscale-cdn.com/catalog/4/1/4/d/414dfde8a8ec5628a73f6c01bba6d3aeb3066dcd_kunsthalle_an_der_albula.jpg", "openstreetmap_id": "node/12100051780"}, "geometry": {"type": "Point", "coordinates": ["9.460540115833282", "46.70723828467447"]}}, {"type": "Feature", "properties": {"identifier": "df2f3d40-1fb7-4f20-a16f-75d38eb2f7d6", "name": "Wildtierbeobachtungspunkte Alpersch\u00e4lli", "description": "<p>Neben Feldstecher und Fernrohr sind die Stationen mit Informationen zu Steinbock, Schneehuhn und Murmeltier ausgestattet. Wichtige Tipps, wie Wildtiere beobachtet werden k\u00f6nnen, ohne sie zu st\u00f6ren, k\u00f6nnen der Brosch\u00fcre&nbsp;<a href=\"https://www.naturpark-beverin.ch/sites/naturpark_beverin/files/d7/generic_files/leporello_wildtierbeobachtung_seiten-1.pdf\" target=\"_blank\">\u00abWildtierbeobachtung\u00bb</a> entnommen werden.</p><p>Durch die Sensibilisierung f\u00fcr die Bed\u00fcrfnisse der Wildtiere und alpinen Naturr\u00e4ume wird naturvertr\u00e4gliches Verhalten gest\u00e4rkt und die Wildtiere vor St\u00f6rungen bewahrt.</p><p>Gebaut wurden die Beobachtungspunkte auf \u00fcber 2500 m \u00fc. M. in schwerster Handarbeit. W\u00e4hrend der Trockensteinmauer-Bauwoche im Juli 2019 erlernten die sieben Teilnehmenden anhand des Baus das Handwerk der Trockenmauer-Bautechnik. Das Projekt der Wildtierbeobachtungspunkte setzte der Naturpark Beverin mit Unterst\u00fctzung vom Amt f\u00fcr Jagd und Fischerei (AJF) und Amt f\u00fcr Natur und Umwelt (ANU) des Kanton Graub\u00fcnden sowie vom Bundesamt f\u00fcr Umwelt (BAFU) um.</p>", "url": "https://www.naturpark-beverin.ch", "image": "https://viatpimtsoch.sos-ch-dk-2.exoscale-cdn.com/catalog/c/1/0/d/c10dd763fb9c432f2943fbafa4ac7a22a62e6dac_wildbeobachtungspunkt_alperschaelli_sebastian_nagelmueller.jpg", "openstreetmap_id": "node/12083310959"}, "geometry": {"type": "Point", "coordinates": ["9.312437893328479", "46.608475849862835"]}}, {"type": "Feature", "properties": {"identifier": "e07985a0-5367-40d2-9644-d519917eaff6", "name": "Restaurant Camping Rania", "description": "<p>Anwohner, Biker, Naturliebhaber, Sportler, Campingfans, Fischer und J\u00e4ger kommen hier zusammen. </p><p>Das Restaurant Rania bietet eine bodenst\u00e4ndige K\u00fcche. Besonders beliebt sind selbstgemachte B\u00fcndner Spezialit\u00e4ten wie Capuns, Pizokels und B\u00fcndner Gerstensuppe. Das Restaurant verf\u00fcgt \u00fcber einen grossen Saal, ein St\u00fcbli und eine Aussenterrasse. Gratis WLAN.</p>", "url": "https://www.campingrania.ch", "image": "https://viatpimtsoch.sos-ch-dk-2.exoscale-cdn.com/catalog/e/d/8/3/ed83e785f45114fe6b075d0f174a7c6e96a8e676_restaurant_camping_rania_sommer.jpg", "openstreetmap_id": "node/2283701480"}, "geometry": {"type": "Point", "coordinates": ["9.448472000000038", "46.649667"]}}, {"type": "Feature", "properties": {"identifier": "e1672f91-c34c-493a-a415-5bf62b06928d", "name": "Fl\u00fceseen", "description": "Das Bergpanorama ist traumhaft und die Bergseen bezaubernd.", "url": "https://www.viamala.ch", "image": "https://viatpimtsoch.sos-ch-dk-2.exoscale-cdn.com/catalog/2/4/a/e/24ae363186830ef946e0ff2a695d350e99a7fcfc_flueseen_avers_herbst_viamala_demateo.com.jpg", "openstreetmap_id": "way/233961267"}, "geometry": {"type": "Point", "coordinates": ["9.590823383412726", "46.45403394404385"]}}, {"type": "Feature", "properties": {"identifier": "e1680dff-9512-41cf-8938-7820b9758c82", "name": "Ustreia Orta", "description": "<p>Herzlich Willkommen im B&amp;B Ustreia Orta. Unser charmantes Bed &amp; Breakfast bietet zwei gem&uuml;tliche Zimmer zur Vermietung an, die mit viel Liebe zum Detail eingerichtet sind. Bei uns steht Herzlichkeit an erster Stelle &ndash; wir m&ouml;chten, dass sich unsere G&auml;ste rundum wohl f&uuml;hlen und eine unvergessliche Zeit bei uns verbringen.</p><p>Direkt vor unserer Haust&uuml;r erwartet dich eine Vielzahl an Aktivit&auml;ten, die sowohl im Sommer als auch im Winter f&uuml;r Abwechslung und Spass sorgen. Im Sommer kannst du die malerische Umgebung inmitten des Naturparks Beverin beim Mountainbiken und Wandern erkunden, w&auml;hrend im Winter eine gut pr&auml;parierte Schlittelbahn, wundersch&ouml;ne Schneeschuh- und Skitouren auf dich warten.</p><p>Wir legen grossen Wert auf die Verwendung regionaler und frischer Produkte in unserer K&uuml;che. Geniesse bei uns kulinarische K&ouml;stlichkeiten, die mit viel Liebe zubereitet werden.</p><p>Entspannen dich in unserem gem&uuml;tlichen Ambiente, lasse die Seele baumeln und tanke neue Energie inmitten der atemberaubenden Natur. Wir freuen uns auf deinen Besuch ganz nach dem Motto &laquo;bei Freunden zu Hause&raquo;!<br><br></p><p><strong>Sonntagsbrunch </strong></p><p>Das Buffet ist gef&uuml;llt mit leckeren Spezialit&auml;ten aus der Region. Kosten inkl. 2 warmen Getr&auml;nken: CHF 35.&nbsp;Kinder zahlen bis 14 Jahre dem Alter entsprechend. Anmeldung erforderlich unter: <a href=\"tel.0762198161\" target=\"_blank\" rel=\"noopener noreferrer\">076 219 81 61</a>. Bitte&nbsp;allf&auml;llige Unvertr&auml;glichkeiten bekannt geben.</p>", "url": "https://www.ustreia-orta.ch", "image": "https://viatpimtsoch.sos-ch-dk-2.exoscale-cdn.com/catalog/5/b/2/7/5b2751fe6468f073d960d362015aab53206f1a26_ustreia_orta_im_sommer.jpg", "openstreetmap_id": "way/319798691"}, "geometry": {"type": "Point", "coordinates": ["9.424918", "46.650395"]}}, {"type": "Feature", "properties": {"identifier": "e29c477c-9abf-4d10-8fd9-6f8063f94eca", "name": "Gaudenz transports", "description": "<p>Gaudenz ist Ihr verl&auml;sslicher Partner f&uuml;r alle Arten von Transporten in der Region Heinzenberg/Domleschg. Die Dienstleistungen umfassen Personenbef&ouml;rderung, Kurierfahrten, Sch&uuml;lertransporte sowie spezialisierte Dienste f&uuml;r Personen mit Beeintr&auml;chtigung. Mit dem PubliCar-Service wird eine bequeme Mobilit&auml;t in der Region gew&auml;hrleistet.</p><p>Der beliebte Shuttledienst steht f&uuml;r private und &ouml;ffentliche Veranstaltungen zur Verf&uuml;gung und bietet eine komfortable L&ouml;sung f&uuml;r Gruppenreisen. Planen Sie einen Event? Gaudenz k&uuml;mmert sich darum, dass die G&auml;ste sicher und zufrieden nach Hause kommen. F&uuml;r eine Offerte oder weitere Informationen steht Ihnen Gaudenz unter der B&uuml;ronummer in Andeer: <a href=\"tel:+41816307575\">+41 81 630 75 75</a> zur Verf&uuml;gung. F&uuml;r spontane Anfragen k&ouml;nnen Sie die Mobilnummer <a href=\"tel:+41816515577\">+41 81 651 55 77 </a>w&auml;hlen.</p>", "url": "https://www.gaudenz-transports.ch", "image": "https://viatpimtsoch.sos-ch-dk-2.exoscale-cdn.com/catalog/5/c/1/6/5c164fab989d1884414fdfbf2185bc4f5bb427b9_gaudenz_transports_taxi_personentransport_t5.jpg", "openstreetmap_id": "node/12121737228"}, "geometry": {"type": "Point", "coordinates": ["9.427172", "46.605116"]}}, {"type": "Feature", "properties": {"identifier": "e2f20b4c-bdee-4c19-8ea3-86afcf77999d", "name": "Coworking STORY Thusis", "description": "<p>Kombiniere dein Teamwork mit Freizeitaktivit\u00e4ten wie Mountainbiken, Wandern oder einfach nur die Seele baumeln lassen. Alles in einer inspirierenden Natur inmitten von Bergen.</p>\n<ul>\n<li><a href=\"https://story-thusis.ch/\">Weitere Infos zur Story Thusis</a></li>\n</ul>", "url": "https://story-thusis.ch/coworking/", "image": "https://viatpimtsoch.sos-ch-dk-2.exoscale-cdn.com/catalog/9/b/3/3/9b331fb4d6327ebd918559559f097b5ad4e91dd0_coworking_in_der_story_thusis.jpg", "openstreetmap_id": "node/12131174145"}, "geometry": {"type": "Point", "coordinates": ["9.44031", "46.692567"]}}, {"type": "Feature", "properties": {"identifier": "e2fbc59a-0f01-4e44-8e43-c62d1568b7d4", "name": "Sinnesoase Prau Gaguls", "description": "\u00abB\u00e4ume haben etwas Wesentliches gelernt: nur wer einen festen Stand hat und trotzdem beweglich ist, \u00fcberlebt die starken St\u00fcrme.\u00bb (Anke Maggauer-Kirsche)", "url": "https://cazis.ch/", "image": "https://viatpimtsoch.sos-ch-dk-2.exoscale-cdn.com/catalog/0/c/3/3/0c33756ddc7102284e34445fc415426129e0adb3_1.jpg", "openstreetmap_id": "node/5593295138"}, "geometry": {"type": "Point", "coordinates": ["9.399297237396242", "46.730465674239426"]}}, {"type": "Feature", "properties": {"identifier": "e30102d6-d3c7-4264-b9fa-5854fabeedf1", "name": "Hexa-H\u00fctta", "description": "Eifach abafahra \u2013 ob bei einem feinen Kaffee oder einem gem\u00fctlichen Ap\u00e9ro \u2013 hier l\u00e4sst sich die Sonne auf der einladenden Terrasse geniessen. Die Hexa-H\u00fctta ist w\u00e4hrend der <a href=\"https://www.viamala.ch/de/aktivitaeten/skilifte-und-sesselbahn-sarn-heinzenberg/tarife\">Saison und den Betriebszeiten der Skilifte und der Sesselbahn Sarn Heinzenberg</a> ge\u00f6ffnet und bietet den idealen Treffpunkt f\u00fcr Wintersportler und Sonnenanbeter.", "image": "https://viatpimtsoch.sos-ch-dk-2.exoscale-cdn.com/catalog/9/5/1/0/9510f02b9788fbb18dd9fc04ec8c37b667e4ed69_hexa_huetta_lescha_parkplatz_talstation_sarn_heinzenberg.JPG", "openstreetmap_id": "node/1069267991"}, "geometry": {"type": "Point", "coordinates": ["9.404345", "46.72259"]}}, {"type": "Feature", "properties": {"identifier": "e370bb95-7c6a-4ccc-8ac5-5c402ec715ae", "name": "Bischola Alpbeizli", "description": "<p>Gruppen werden gebeten sich m&ouml;glichst fr&uuml;hzeitig&nbsp;anzumelden. Die Alp Bischola liegt an einem sehr sch&ouml;nen Pl&auml;tzchen, direkt an der Route der <a href=\"https://www.maps.viamala.ch/s/IrZai\" target=\"_blank\" rel=\"noopener noreferrer\">Heinzenberger Gratwanderung</a>. M&ouml;gliche Zuwanderungsrouten sind gekennzeichnet.</p><p>Auf allen lohnt es sich uns zu besuchen!</p>", "image": "https://viatpimtsoch.sos-ch-dk-2.exoscale-cdn.com/catalog/0/a/f/f/0aff7cdb37fe2ddd8aa9c0f876db54952fbd7839_alp_bischola_hirtinnenbeiz_heinzenberg_sommer_viamala_tourismus.jpg", "openstreetmap_id": "way/232477309"}, "geometry": {"type": "Point", "coordinates": ["9.357036352157593", "46.70991250472136"]}}, {"type": "Feature", "properties": {"identifier": "e378047d-f3f5-47c6-893d-011c3fa57569", "name": "Feuerstelle Reischen", "description": "<p>Die Feuerstelle Reischen ist sowohl mit dem Auto, dem Velo oder auch zu Fuss gut erreichbar. Der Platz liegt unweit von der Ausfahrt 24-Zillis der A13 und ist von dort in wenigen Minuten erreichbar. Man folgt einem relativ engen Teerstra\u0308sschen den Hang hoch und findet die Feuerstelle auf der rechten Seite. Zu Fuss geht man von Zillis \u00fcber die viaSpluga-Route nach Reischen, weiter \u00fcber die Holzbr\u00fccke. Nach wenigen Metern ist die Feuerstelle auf der rechten Seite.</p><p><span style=\"font-weight: bold;\">Ausstattung</span><br></p><ul><li>1 Feuerstelle</li><li>Rost vorhanden</li><li>Brennholz vorhanden</li><li>1 Tisch mit 3 B\u00e4nke (8 Sitzpl\u00e4tzen)</li><li>Abfallentsorgung vorhanden<br><br></li></ul><p>Bitte allf\u00e4llige Weisungen z.B. bez\u00fcglich <a href=\"https://www.gr.ch/DE/institutionen/verwaltung/diem/awn/aktuelles/Waldbrandgefahr/Seiten/aktuelle_waldbrandgefahr.aspx\" target=\"_blank\">Waldbrandgefahr </a>beachten.</p>", "url": "https://www.viamala.ch", "image": "https://viatpimtsoch.sos-ch-dk-2.exoscale-cdn.com/catalog/c/6/6/6/c666bf50824715a5335670cc814d0eafd821b013_Feuerstelle_Reischen.jpg", "openstreetmap_id": "node/12075090222"}, "geometry": {"type": "Point", "coordinates": ["9.451849", "46.642008"]}}, {"type": "Feature", "properties": {"identifier": "e3e38bd2-a44e-4d7b-a5a0-1dc0a8917516", "name": "Reformierte Kirche Mathon", "description": "Ersturkundlich bezeugt ist eine Kirche in Mathon bereits 831. Der heutige Bau wurde 1728 errichtet. Eine Glocke stammt aus der Zeit der&nbsp;Reformation&nbsp;zu Beginn des 16. Jahrhunderts. Die mit&nbsp;Bauernmalerei&nbsp;verzierte&nbsp;Orgel, urspr\u00fcnglich in der Kirche&nbsp;Surava&nbsp;im Einsatz, wurde 1822 eingebaut, womit Mathon f\u00fcr mehr als ein Jahrhundert die einzige Schamser Talkirche mit eigener Orgel wurde. Im Zentrum des Kircheninneren steht ein&nbsp;Taufstein, der zugleich als&nbsp;Abendmahlstisch&nbsp;benutzt wird. Die&nbsp;Kanzel&nbsp;f\u00e4llt durch einen besonders kunstvoll geschnitzten&nbsp;Schalldeckel&nbsp;auf.", "url": "https://zillis-st-martin.ch/kirchgemeinde-zillis-schamserberg/", "image": "https://viatpimtsoch.sos-ch-dk-2.exoscale-cdn.com/catalog/b/7/5/0/b750c37e8a7bc8297960edc56b8573641e1a2cef_mathon_am_schamserberg_mit_kirchen_im_sommer_demateo.jpg", "openstreetmap_id": "way/363506029"}, "geometry": {"type": "Point", "coordinates": ["9.415543", "46.636229"]}}, {"type": "Feature", "properties": {"identifier": "e42551b6-63aa-4c3e-8119-8b802dec8132", "name": "Avers", "description": "<p>Die Gemeinde liegt im Hochtal Avers und umfasst 8 Fraktionen. Sie liegt zwischen 1\u2019670 und 2\u2019126 m \u00fc.M. und z\u00e4hlt rund 180 Einwohner.</p>\n<ul>\n<li><a href=\"https://gemeindeavers.ch/\">Website Gemeinde Avers</a></li>\n<li><a href=\"http://www.hls-dhs-dss.ch/textes/d/D1495.php\">Link zum historischen Lexikon der Schweiz</a></li>\n<li><a href=\"http://shop.graubuenden.ch/Viamala/ukv/?date_unknown=1&amp;doSearch=1&amp;locationIDs[]=TDS00020010527381509&amp;globalReset=1&amp;persistentParameters=1&amp;lang=de\">Unterk\u00fcnfte in Avers/Ferrera</a></li>\n</ul>", "url": "https://gemeindeavers.ch", "image": "https://viatpimtsoch.sos-ch-dk-2.exoscale-cdn.com/catalog/e/f/f/a/effa0ca1e1fd57e2410d71ebbe2a0a4c35428d05_avers_juf_sommer_demateo.jpg", "openstreetmap_id": "relation/1684043"}, "geometry": {"type": "Point", "coordinates": ["9.512991", "46.472851"]}}, {"type": "Feature", "properties": {"identifier": "e4cc5fef-452f-4f06-93a7-f13b14c2d5bf", "name": "Spielplatz Almens", "description": "<p>Der Spielplatz am Dorfeingang von Almens l&auml;dt zum gemeinsamen Spielen und Zeit verbringen ein. Er verf&uuml;gt &uuml;ber zwei Fussballtore in Handballgr&ouml;sse, eine Rutschbahn, eine Netzschaukel, einen Kreisel und einen Kletterpfahl und bietet somit eine Vielzahl von Unterhaltungsm&ouml;glichkeiten f&uuml;r Kinder jeden Alters. Dank mehreren Sitzgelegenheiten k&ouml;nnen Eltern und Betreuer das Spiel ihrer Kinder bequem beobachten und sich dabei entspannen. Dieser Spielplatz ist nicht nur ein beliebter Treffpunkt f&uuml;r Familien, weil er eine ideale Umgebung f&uuml;r aktiven Spass im Freien bietet, sondern auch wegen der sch&ouml;nen Aussicht.</p>\n<p>&nbsp;</p>\n<p><strong>Ausstattung:</strong></p>\n<ul>\n<li>Abfallentsorgung vorhanden</li>\n<li>Fussballtore</li>\n<li>Rutsche</li>\n<li>Netzschaukel</li>\n<li>Kreisel</li>\n<li>Kletterpfahl</li>\n<li>Sitzgruppe/Bank</li>\n</ul>", "url": "https://www.viamala.ch", "image": "https://viatpimtsoch.sos-ch-dk-2.exoscale-cdn.com/catalog/d/8/a/f/d8afa18e70609fb87bca2f93a97f4bbe16ee137b_Spielplatz_Almens.jpg", "openstreetmap_id": "node/12075140325"}, "geometry": {"type": "Point", "coordinates": ["9.45362", "46.73815"]}}, {"type": "Feature", "properties": {"identifier": "e4e5c931-954f-4155-b6b9-ed88aee3ad8b", "name": "Freibad Andeer", "description": "<p>Die romantische Anlage in einer wundersch&ouml;nen Waldlichtung lockt an sch&ouml;nen Sommertagen Gross und Klein zum Schwimmen, Erholen und Auftanken an.</p><p>25m-Schwimmbecken mit eingegliedertem 12m-Nichtschwimmerbecken, Kinderplanschbecken, 1m Sprungbrett, 3m Breitrutschbahn, Spielwiese, Tischtennistische, Beachvolleyballfeld und Kiosk mit Snacks und Erfrischungen.</p><p>Hunde sind im Freibad nicht erlaubt.</p>", "url": "https://mineralbad-andeer.ch", "image": "https://viatpimtsoch.sos-ch-dk-2.exoscale-cdn.com/catalog/3/e/0/4/3e04c8917f38505a9375f9d29d28d83123a23387_freibad_andeer_viamala_tourismus_2.jpg", "openstreetmap_id": "way/1304793874"}, "geometry": {"type": "Point", "coordinates": ["9.425009", "46.605316"]}}, {"type": "Feature", "properties": {"identifier": "e4fd03e4-484e-4df3-8a42-5abdf4466bc7", "name": "Canyoning Viamala", "description": "<p>Viamala Canyoning ist nicht das typische Canyoning-Abenteuer. Es ist ein echtes Naturerlebnis der Extraklasse. Beim Viamala Canyoning gibt es keine atemberaubenden Wasserf\u00e4lle, welche man runterspringt. Vielmehr \u00f6ffnet sich hier die Viamala-Schlucht dem Besucher von einer v\u00f6llig unbekannten Seite. W\u00e4hrend Millionen von Jahren wurde das beeindruckende Naturmonument der Viamala-Schlucht in den massiven Fels geschliffen. Bis zu 300 Meter hohe Felsw\u00e4nde ragen in den Himmel und ganz unten fliesst der junge Rhein. Und genau hier schwimmen Sie durch die Felsenenge und entdecken, was dem Besucher der Schlucht normalerweise verborgen bleibt.</p><p><span style=\"font-weight: bold;\">Anbieter und Sicherheit</span><br>Sicherheit wird grossgeschrieben:&nbsp;Das Naturerlebnis Canyoning Viamala wird durch speziell ausgebildete Fachleute von Swissraft&nbsp;und&nbsp;Swiss River Adventures&nbsp;durchgef\u00fchrt. Die Unternehmen&nbsp;sind gem\u00e4ss den Richtlinien&nbsp;der Beratungsstelle f\u00fcr Unfallverh\u00fctung BFU&nbsp;sicherheitszertifiziert und b\u00fcrgen f\u00fcr Sicherheit und Qualit\u00e4t.</p><ul><li><a href=\"https://www.swissraft.ch/canyoning/graubunden/viamala-schlucht-43\" target=\"_blank\">Zum Angebot von Swissraft</a></li><li><a href=\"https://swissriveradventures.ch/canyoning-tour/canyoning-viamala-halbtagestour/\" target=\"_blank\">Zum Angebot von Swiss River Adventure</a><br><br></li></ul><p><span style=\"font-weight: bold;\">Was es braucht<br></span>Canyoning in der Viamala ist keine wilde Action, daf\u00fcr umso mehr pures Naturerlebnis f\u00fcr alle, welche keine Angst vor Wasser haben. Das Mindestalter ist 14 Jahre in Begleitung Erwachsener. Das Viamala-Canyoning dauert rund 3-4 Stunden. Treffpunkt ist beim <a href=\"https://maps.app.goo.gl/Jv9b5yhK5sseZYXLA\" target=\"_blank\">ehemaligen Restaurant zur alten Post in Rongellen</a>. Die Canyoning-Ausr\u00fcstung wird zur Verf\u00fcgung gestellt.</p><p><span style=\"font-weight: bold;\">Durchf\u00fchrung<br></span>Ca. Mitte Mai (je nach Wasserlevel) bis September. F\u00fcr Gruppen ab vier Personen t\u00e4glich auf Anfrage. F\u00fcr Einzelpersonen und Kleingruppen Donnerstag und Sonntag sowie an einzelnen weiteren Tagen.</p>", "url": "https://viamala.ch", "image": "https://viatpimtsoch.sos-ch-dk-2.exoscale-cdn.com/catalog/6/5/4/0/654050d69437873799ef4d23c88fd094fcbc18bd_canyoning_viamala_schlucht_switzerland_tourism_ivo_scholz.jpg", "openstreetmap_id": "node/12131365364"}, "geometry": {"type": "Point", "coordinates": ["9.447504", "46.663276"]}}, {"type": "Feature", "properties": {"identifier": "e5922677-980e-44ad-a1bf-766de5912efb", "name": "Lai Ner", "description": "Der dunkle Seeboden und die umliegenden Tannen lassen das Wasser fast schwarz erscheinen. Im Hochsommer kann es sein, dass der See ganz ausgetrocknet ist.", "url": "https://www.viamala.ch", "image": "https://viatpimtsoch.sos-ch-dk-2.exoscale-cdn.com/catalog/f/2/9/1/f291b53a101b5660b8513cc2dc7b62ad160d9938_lai_ner_sommer_schamserberg_demateo.com.jpg", "openstreetmap_id": "way/323732480"}, "geometry": {"type": "Point", "coordinates": ["9.401155783984791", "46.5872963332419"]}}, {"type": "Feature", "properties": {"identifier": "e62436fd-5f3f-49ea-8354-a18e681fe0da", "name": "Wildener Br\u00fccke", "description": "Erst durch den Strassenbau von 1729 bis 1739 konnte die gefahrvolle Stelle umgangen werden. Daf\u00fcr waren aber zwei Br\u00fccken n\u00f6tig: die Wildener Br\u00fccken, benannt nach dem Davoser Baumeister Christian Wildener. Sind von der n\u00f6rdlichen Br\u00fccke heute nur noch Reste zu sehen, hat die s\u00fcdlichere, gleich ob dem Viamala-Besucherzentrum, noch bis 1935 den ganzen Verkehr, der durch die Viamala ging, erdulden m\u00fcssen. Seither wird der Verkehr \u00fcber die Br\u00fccke von Luigi Premoli geleitet. Der Zilliser Baumeister leistete damit seinen Beitrag zum Erhalt der s\u00fcdlichen Wildener Br\u00fccke. Die n\u00f6rdliche hatte er allerdings aufgrund der engen Platzverh\u00e4ltnisse 1938 vollst\u00e4ndig ersetzt.", "url": "http://www.viamala-schlucht.ch", "image": "https://viatpimtsoch.sos-ch-dk-2.exoscale-cdn.com/catalog/8/4/2/4/8424899b1d925b5c5391fefe6fc27b4f90de5bd9_wildener_bruecke_in_der_viamala_schlucht_im_sommer_grf_tolisart.com.jpg", "openstreetmap_id": "way/1078197876"}, "geometry": {"type": "Point", "coordinates": ["9.44840499999998", "46.661998"]}}, {"type": "Feature", "properties": {"identifier": "e73ce62c-bbff-41b5-97e7-a2cbf6a97660", "name": "Feuerstelle Mutten Stofel", "description": "<p>Die Feuerstelle befindet sich direkt an der Strasse zwischen Mutten und Obermutten sowie am Weg der Schatzsuche \"<a href=\"https://www.maps.viamala.ch/de/tour/themenweg/schatzsuche-mit-der-huria-faengge-in-mutten/23420018/\" target=\"_blank\">Huria F\u00e4ngge</a>\".&nbsp;</p><p><span style=\"font-weight: bold;\">Ausstattung</span></p><ul><li>1 Feuerstelle</li><li>Rost vorhanden</li><li>1 Tisch mit B\u00e4nke (8 Sitzpl\u00e4tze)</li><li>Brennholz<br><br></li></ul><p>Zu Fuss oder mit dem Auto zwischen Mutten und Obermutten.<br>Bitte allf\u00e4llige Weisungen z.B. bez\u00fcglich <a href=\"https://www.gr.ch/DE/institutionen/verwaltung/diem/awn/aktuelles/Waldbrandgefahr/Seiten/aktuelle_waldbrandgefahr.aspx\" target=\"_blank\">Waldbrandgefahr </a>beachten.</p>", "url": "https://www.viamala.ch", "image": "https://viatpimtsoch.sos-ch-dk-2.exoscale-cdn.com/catalog/5/7/a/f/57af62f6cffbc9d6a3cceef9deb87b24156fc4bf_feuerstelle_stofel.png", "openstreetmap_id": "node/12075112317"}, "geometry": {"type": "Point", "coordinates": ["9.491307735443115", "46.67486125555941"]}}, {"type": "Feature", "properties": {"identifier": "e7578dfb-0bc1-4173-8335-f0099fedbf2d", "name": "Hotel Restaurant Seeblick", "description": "Restaurant mit internationaler K\u00fcche und Tea-Room mit hausgemachten Desserts. Terrasse (Sommer) mit Seeblick.", "url": "https://www.seeblick-sufers.ch", "image": "https://viatpimtsoch.sos-ch-dk-2.exoscale-cdn.com/catalog/1/d/c/5/1dc5543f40d2b14d6db7c56822be98ab17233a10_hotel_seeblick_sufers_sufnersee_rheinwald_sommer.jpg", "openstreetmap_id": "way/214746249"}, "geometry": {"type": "Point", "coordinates": ["9.368612999999982", "46.570059"]}}, {"type": "Feature", "properties": {"identifier": "e794b1ac-8a3a-48d9-b66b-765f1e17b4bf", "name": "Drei f\u00fcr Zwei im Hotel Capricorns in Wergenstein", "description": "<h3>Leistungen</h3><ul><li>3 \u00dcbernachtungen im Doppelzimmer Piz Grisch im <a href=\"https://capricorns.ch/\" target=\"_blank\">Hotel Capricorns in Wergenstein</a></li><li>Reichhaltiges und regionales Buffet-Zmorge</li><li><a href=\"https://capricorns.ch/de/wellnessbereich-la-calma/\" target=\"_blank\">Wellnessbereich La Calma</a> zur freien Nutzung</li><li>20% Rabatt auf den Eintritt ins <a href=\"https://mineralbad-andeer.ch/\" target=\"_blank\">Mineralbad Andeer</a></li><li>WLAN</li><li>Aussenparkplatz</li></ul>", "url": "https://capricorns.ch/", "image": "https://viatpimtsoch.sos-ch-dk-2.exoscale-cdn.com/catalog/5/0/b/8/50b869db515c8eb07f76b6d4f8fc197cbbd9ed61_hotel_restaurant_capricorns_wergenstein_dolores_rupa.jpg"}, "geometry": {"type": "Point", "coordinates": ["9.407451152801515", "46.626294338103044"]}}, {"type": "Feature", "properties": {"identifier": "e86d81cc-97ff-46f8-9d60-dafb487cb24a", "name": "Gyger AG", "description": "Das Restaurant bietet abwechslungsreiche, regionale und gesunde Gerichte. T\u00e4glich steht ein reichhaltiges Salatbuffet mit kreativen Mittags- und Abendmen\u00fcs bereit. Die Confiserie bietet an sieben Tage in der Woche feine K\u00f6stlichkeiten aus hauseigener Konditorei, B\u00e4ckerei und Confiserie.", "url": "https://www.gyger-thusis.ch", "image": "https://viatpimtsoch.sos-ch-dk-2.exoscale-cdn.com/catalog/1/a/4/5/1a458df462e68fc898a988812111f6a09d409d27_gyger_confiserie_restaurant_bnb_neudorfstrasse_thusis_sommer.jpg", "openstreetmap_id": "node/3678515097"}, "geometry": {"type": "Point", "coordinates": ["9.439683258533478", "46.69743413041478"]}}, {"type": "Feature", "properties": {"identifier": "e8c96bd3-611c-4193-8956-20c2dc68559b", "name": "Feuerstelle Canovasee Paspels", "description": "<p>Ein Besuch l\u00e4sst sich bestens mit einem Spaziergang nach Almens verbinden, welche eine einmalige Aussicht auf den Heinzenberg verspricht. Ab Paspels ist der <a href=\"https://viamala.ch/de/map/poi/canovasee-21928c1e-85de-48e1-b7a7-0666c7a16838.html\" target=\"_blank\">Canovasee </a>und die Feuerstelle in ca. 10 - 15 Fussminuten zu erreichen.&nbsp;Das Baden im See ist kostenpflichtig.</p><p><span style=\"font-weight: bold;\">Ausstattung</span></p><ul><li>1 Feuerstelle</li><li>Rost vorhanden</li><li>Brennholz vorhanden</li><li>2 Tische mit Sitzb\u00e4nken f\u00fcr ca. 10 Personen</li><li>3 B\u00e4nke</li><li>Abfallentsorgung vorhanden<br></li></ul><p><br>Bitte allf\u00e4llige Weisungen z.B. bez\u00fcglich <a href=\"https://www.gr.ch/DE/institutionen/verwaltung/diem/awn/aktuelles/Waldbrandgefahr/Seiten/aktuelle_waldbrandgefahr.aspx\" target=\"_blank\">Waldbrandgefahr </a>beachten.</p>", "url": "https://www.viamala.ch", "image": "https://viatpimtsoch.sos-ch-dk-2.exoscale-cdn.com/catalog/0/0/c/b/00cbc6810f221d87d2fd693bf188273daba6b307_Feuerstelle_Canovasee_Paspels.jpg", "openstreetmap_id": "node/12075124472"}, "geometry": {"type": "Point", "coordinates": ["9.452029452124634", "46.74633785010202"]}}, {"type": "Feature", "properties": {"identifier": "e8cba866-384f-48f6-8c63-bc50108c5c4f", "name": "Spielplatz Scharans", "description": "<p><strong>Ausstattung:</strong></p>\n<ul>\n<li>Abfallentsorgung</li>\n<li>Spielturm mit Balancieranlage und Rutschbahn</li>\n<li>Div. Schaukeln</li>\n<li>Wasserspielanlage</li>\n<li>Sandbagger</li>\n<li>Sandkasten</li>\n<li>2 Federspielger&auml;te</li>\n<li>Klettermikado</li>\n<li>Gigampfe</li>\n<li>Rutschbahn</li>\n<li>Dreiecksh&auml;uschen zum Klettern</li>\n<li>Fussballfeld (im Winter Eisfeld)</li>\n<li>Pingpongtisch</li>\n</ul>", "url": "https://www.viamala.ch", "image": "https://viatpimtsoch.sos-ch-dk-2.exoscale-cdn.com/catalog/f/8/0/8/f808488346d1a84549128eca3072ac886ede69f0_Spielplatz_Scharans.jpg", "openstreetmap_id": "node/2535217756"}, "geometry": {"type": "Point", "coordinates": ["9.460357", "46.71769"]}}, {"type": "Feature", "properties": {"identifier": "e8fa9c00-97cb-4e56-bf6e-de85a9d70290", "name": "Hotel Restaurant Feldiserhof", "description": "Die K\u00fcche setzt auf saisonale, frische Produkte.&nbsp;Die Zimmer mit Balkon sind einfach und grossz\u00fcgig, zwei davon Rollstuhlg\u00e4ngig. Familien und Hundebesitzer sind herzlich willkommen.", "url": "https://feldiserhof.ch/", "image": "https://viatpimtsoch.sos-ch-dk-2.exoscale-cdn.com/catalog/c/e/c/f/cecf97afc4ab247fbefe492c2ac3d497911e4b47_hotel_restaurant_feldiserhof_feldis_domleschg_sommer.jpg", "openstreetmap_id": "node/5249568305"}, "geometry": {"type": "Point", "coordinates": ["9.431843", "46.79402"]}}, {"type": "Feature", "properties": {"identifier": "e8fecd26-f090-45f0-92e8-7c4b84855fa8", "name": "Restaurant Schwimmbad Thusis", "description": "Das gem\u00fctliche Restaurant, ein Treffpunkt und Ort, der zum Verweilen einl\u00e4dt, bietet feine Grillspezialit\u00e4ten, diverse frische Salate und erfrischende Sommerdrinks. Die Produkte werden haupts\u00e4chlich von lokalen Lieferanten bezogen.", "url": "http://www.badi-thusis.ch", "image": "https://viatpimtsoch.sos-ch-dk-2.exoscale-cdn.com/catalog/9/d/0/c/9d0c8abd995f489caf2351b1e4a9271b706e64d3_badi_thusis_restaurant_sommer_demateo.jpg", "openstreetmap_id": "node/12144028446"}, "geometry": {"type": "Point", "coordinates": ["9.444979", "46.703056"]}}, {"type": "Feature", "properties": {"identifier": "ea76a896-ce6c-4e59-92e8-00863bc3ccf6", "name": "Restaurant Skih\u00fctte Oberurmein", "description": "Das Restaurant befindet sich direkt bei der Talstation Oberurmein vom Skigebiet Tschappina neben der Schirmbar.", "url": "https://skihutteoberurmein.ch/", "image": "https://viatpimtsoch.sos-ch-dk-2.exoscale-cdn.com/catalog/b/1/c/2/b1c20900991a96afc6a68abbe1cd5720f8fbd917_restaurant_skihuetter_oberurmein_winter.JPG", "openstreetmap_id": "way/38414976"}, "geometry": {"type": "Point", "coordinates": ["9.385841", "46.697736"]}}, {"type": "Feature", "properties": {"identifier": "eb67fd51-e0ee-4b6b-8538-080d1674f3d9", "name": "Tennis Spl\u00fcgen", "description": "<p>Die Geb\u00fchr kann unkompliziert am Campingkiosk oder in der G\u00e4steinformation von Viamala Tourismus auf dem Bodaplatz beglichen werden. Sie erhalten dort den Eingangsschl\u00fcssel und einen Quittungskleber, der vor dem Nutzen des Platzes auf dem Reservationstableau anzubringen ist.</p>\n<p>Die Sandpl\u00e4tze d\u00fcrfen nur mit Tennisschuhen betreten werden. Nach dem Spiel den Platz bitte mit dem Netz abziehen. Die Linien m\u00fcssen nicht gewischt werden.</p><p><span style=\"font-weight: bold;\">Kosten</span></p><p>CHF 25.00 pro Platz und Stunde.&nbsp;Bezahlung in der G\u00e4steinformation Viamala in Spl\u00fcgen (<a href=\"tel:+41816509030\">+41 81 650 90 30</a>)&nbsp;oder im Campingkiosk (<a href=\"tel:+41816641476\">+41 81 664 14 76</a>).</p>", "url": "https://www.spluegen.ch/campingplatz/tennisplatz", "image": "https://viatpimtsoch.sos-ch-dk-2.exoscale-cdn.com/catalog/8/2/d/7/82d74a9dd6167977c7c78f51e667a985b2a01dbc_tennisplaetze_beim_camping_spluegen_markus_mueller.jpg", "openstreetmap_id": "way/132374013"}, "geometry": {"type": "Point", "coordinates": ["9.3154759", "46.5499991"]}}, {"type": "Feature", "properties": {"identifier": "ec224e0d-b473-42d6-af29-ea01e05ad195", "name": "Lai Grand und Moorlandschaft", "description": "Die umliegende Moorlandschaft ist eine von 89 Schweizer Moorlandschaften, die zum Inventar der Moorlandschaften von besonderer Sch\u00f6nheit und nationaler Bedeutung geh\u00f6ren. Steigt man weiter talw\u00e4rts, passiert man die Alp Nurdagn. Hier darf pausiert werden, die hiesige Alpbeiz bietet einfache, regionale Gerichte. Die Gegend um die Alp Anarosa wird zudem vom Bus Alpin ab der auf 2300 m \u00fc. M. gelegenen Haltestelle Tguma (nach Wergenstein) bedient.", "url": "https://www.viamala.ch", "image": "https://viatpimtsoch.sos-ch-dk-2.exoscale-cdn.com/catalog/1/b/4/1/1b4172a8ad5abd0ec8a0a4d406be0cf4dde7b1c8_lai_grand_und_moorlandschaft_anarosa_schamserberg_viamala_sommer.jpg", "openstreetmap_id": "way/319356458"}, "geometry": {"type": "Point", "coordinates": ["9.3296794492137", "46.6072265939652"]}}, {"type": "Feature", "properties": {"identifier": "ecd1e6bf-e3bd-4ce9-9fd9-8eacd6927966", "name": "viaCapricorn", "description": "<h3>Leistungen</h3><ul><li>4 &Uuml;bernachtungen im Doppelzimmer mit Fr&uuml;hst&uuml;ck</li><li>1 Halbpension (Safiental-Turrahus)</li><li>3 Lunchpakete</li><li>Willkommens Ap&eacute;ro in Wergenstein</li><li>An- und Abreise mit den &ouml;ffentlichen Verkehrsmitteln (Schweiz)</li><li>G&auml;stekarte<br>- Freie Fahrt mit dem &ouml;ffentlichen Verkehr in der Region Viamala<br>- Zutritt zu verschiedenen Erlebnissen in der Region Viamala</li><li>Wanderdokumentation (Wanderkarte Safiental &ndash; 1:50&lsquo;000, Kultur- und Landschaftsf&uuml;hrer NPB)</li></ul><p><a href=\"https://viamala.ch/files/websites/viamala.ch/assets/viaspluga/S%C3%A4umerwerg/2026_Vertrags-%20und%20Reisebedingungen_viaCapricorn.pdf\" target=\"_blank\" rel=\"noopener\">Vertrags- und Reisebedingungen</a><br><br></p><h3>Programm</h3><p><strong>1. Tag:&nbsp;</strong>Individuelle Anreise nach Wergenstein</p><p><strong>2. Tag:</strong>&nbsp;Wanderung Wergenstein - Glaspass</p><p><strong>3. Tag:&nbsp;</strong>Wanderung Glaspass - Turrahus</p><p><strong>4. Tag:&nbsp;</strong>Wanderung Turrahus - Wergenstein</p><p><strong>5. Tag:&nbsp;</strong>Individuelle Heimreise<br><br></p><h3>viaCapricorn - Individuell</h3><p>M&ouml;chtest du das oben aufgef&uuml;hrte Pauschalarrangement individuell anpassen? Gerne k&ouml;nnen wir auf verschiedenste W&uuml;nsche eingehen und das Angebot verl&auml;ngern oder verk&uuml;rzen, einen Ruhetag einplanen oder Leistungen weglassen.</p><p>Wir beraten dich gerne und stellen dir ein individuelles Arrangement zusammen.<br><br></p><h3>Preise &amp; G&uuml;ltigkeit</h3><ul><li><strong>Preis pro Person:</strong> ab CHF 556.00</li><li><strong>G&uuml;ltigkeit:&nbsp;</strong>Juli bis Oktober 2026 (je nach Schneeverh&auml;ltnissen)<br><br></li></ul><p><strong>Optionen</strong></p><ul><li>Halbpension</li><li>Einzelzimmer</li><li>Mitnahme von Hunden<br><br></li></ul><p><strong>Vorausbuchungsfrist</strong></p><p>Das Arrangement kann bis sp&auml;testens 4 Arbeitstage (Mo-Sa) vor Anreise bei uns gebucht werden, sofern noch Zimmer verf&uuml;gbar sind. Wir empfehlen eine <strong>kurzfristige </strong>Reservation, da eine <strong>stabile Wetterlage</strong> Voraussetzung f&uuml;r die Tour ist.</p>", "image": "https://viatpimtsoch.sos-ch-dk-2.exoscale-cdn.com/catalog/c/e/f/b/cefb74837b98280e81965ddc3492b432d8543b80_DSC_5922.jpg"}, "geometry": {"type": "Point", "coordinates": ["9.439653754234316", "46.695767424751956"]}}, {"type": "Feature", "properties": {"identifier": "ecddfd13-3991-4758-a454-58f7f9b4159e", "name": "E-Tuk-Tuk mieten Spl\u00fcgen", "description": "<p>Die Elektro Tuk-Tuks sind eine erlebnisorientierte und \u00f6kologische Alternative f\u00fcr den Personentransport im Nahverkehr. Die Auto-Rikscha hat eine H\u00f6chstgeschwindigkeit von 45 km/h. Die Dreir\u00e4der sind leise, haben Power und sehen umwerfend aus.</p>\n<p>In einem Tuk-Tuk haben drei Personen Platz. Ein Fahrer vorne und zwei G\u00e4ste hinten. Jeder Sitzplatz verf\u00fcgt \u00fcber eine eigene Sitzgurte. Kindersitze k\u00f6nnen auch befestigt werden.</p>\n<p><strong>Reichweite</strong><br>Die Subeez Tuk-Tuks sind f\u00fcr den Mikrotransport gedacht, somit wird empfohlen in einem Kreis von 50 km zu fahren. Die maximale Reichweite betr\u00e4gt bei voller Ladung im flachen etwa 80 km. Bergaufw\u00e4rts kann sich die Reichweite verringern, da die Fahrzeuge bergabw\u00e4rts (d.h. beim Bremsen) aber rekuperieren (Energie wiedergewinnen) gleicht sich das wieder aus.</p>\n<p><strong>Anforderungen</strong><br>Die E-Tuk-Tuks k\u00f6nnen mit einem g\u00fcltigen F\u00fchrerausweis ab 18 Jahren gemietet werden.</p>\n<p><strong>Preise</strong><br><strong>30 Minuten:</strong> CHF 5.00<br><strong>1 Stunde:</strong> CHF 10.00<br><strong>1/2 Tag:</strong> CHF 50.00<br><strong>1 Tag:</strong> CHF 75.00</p>\n<p>Das E-Tuk-Tuk kann direkt beim <a href=\"https://www.spluegen.ch/campingplatz/allgemein\">Camping Spl\u00fcgen</a> gebucht und bezahlt werden.</p>", "url": "https://www.spluegen.ch/campingplatz/allgemein", "image": "https://viatpimtsoch.sos-ch-dk-2.exoscale-cdn.com/catalog/0/3/6/e/036e06f113e657bde1e578661cf51a6eb9e892e7_subeez_e_tuk_tuk__1_.jpg", "openstreetmap_id": "way/132374006"}, "geometry": {"type": "Point", "coordinates": ["9.314288", "46.549485"]}}, {"type": "Feature", "properties": {"identifier": "ecfcc1d8-1f36-48d6-a92f-699d0b63c1b6", "name": "Spielplatz Mathon", "description": "<p><strong>Ausstattung:</strong></p>\n<ul>\n<li>diverse Schaukeln</li>\n<li>eine Rutschbahn</li>\n<li>einen Kletterturm mit Rutschbahn</li>\n<li>Wippen</li>\n<li>ein Kletternetz</li>\n<li>eine Sitzbank</li>\n</ul>", "url": "https://www.viamala.ch", "image": "https://viatpimtsoch.sos-ch-dk-2.exoscale-cdn.com/catalog/1/b/1/8/1b187a550c81cdc179d022646583807f7a314ced_spielplatz_mathon.jpg", "openstreetmap_id": "way/138006897"}, "geometry": {"type": "Point", "coordinates": ["9.4161223", "46.6388936"]}}, {"type": "Feature", "properties": {"identifier": "ed3d3978-3bc7-4cbd-ab6d-3c1b441f1605", "name": "Bergbau-Erlebnisse im Schams", "description": "<p>Es kann jedoch davon ausgegangen werden, dass die Menschen schon viel fr\u00fcher die Erzvorkommen nutzten. Damals suchte man vor allem nach sogenannten Buntmetallen (Blei, Silber und Kupfererz) aber auch nach Eisenerzvorkommen. Einige Stollen, Abbauhalden und \u00dcberreste der Verarbeitungsanlagen und Schmelz\u00f6fen sind als stumme Zeugen dieser l\u00e4ngst vergangenen Zeiten bis heute erhalten geblieben. Der Verein Erzminen Hinterrhein sorgt daf\u00fcr, dass diese im Bergbaumuseum in Innerferrera und auf gef\u00fchrten Exkursionen wieder entdeckt werden k\u00f6nnen.</p>\n<p>Wer bereit ist f\u00fcr ein abenteuerliches Eintauchen in l\u00e4ngst vergangene Zeiten, ist hier richtig.</p>\n<p><strong>Gef\u00fchrte Besichtigungen</strong></p>\n<p><strong>Exkursion zu den Silberminen Alp Taspegn<br></strong>Jeden Mittwoch von&nbsp;Juli bis&nbsp;Mitte September&nbsp;gibt es eine gef\u00fchrte Besichtigung zu den und in die ehemaligen Erz- und Silberminen. Fahrt mit dem Jeep zur Alp Taspegn, anschliessend kurze Wanderung bis zum Zugang der Mine. Weitere Informationen finden Sie im&nbsp;<a href=\"https://www.viamala.ch/de/veranstaltungen\">Viamala-Veranstaltungskalender</a>.</p>\n<p><strong>Bergbau-Geschichte im Val Ferrera - Besichtigung Museum und Zeitzeugen<br></strong>Auf Anfrage f\u00fchren gef\u00fchrte Bergbau-Exkursionen statt. Es gibt eine gef\u00fchrte Tour durch das Bergbaumuseum in Innerferrera und zu den Zeitzeugen in der Schmelzi bei Ausserferrera.</p>\n<p><strong>Bergbau-Wanderung zu den Erzstollen auf Ursera<br></strong>Auf Anfrage geht es zu Fuss von der Schmelzi bei Ausserferrera steil hinauf zu den stillgelegten Erzstollen auf Ursera. Gutes Schuhwerk und Trittsicherheit sind f\u00fcr diese anspruchsvolle Tour erforderlich.</p>\n<p>Detaillierte Informationen zu den gef\u00fchrten Besichtigungen finden Sie im&nbsp;<a href=\"https://www.viamala.ch/de/veranstaltungen\">Viamala-Veranstaltungskalender</a>! F\u00fcr s\u00e4mtliche gef\u00fchrte Besichtigungen ist eine Anmeldung erforderlich (begrenzte Anzahl Pl\u00e4tze). F\u00fcr Gruppen sind individuelle F\u00fchrungen an allen Wochentagen auf Anfrage m\u00f6glich, zu den Silberminen auch Ganztagestouren.</p>", "url": "https://www.erzminen-hinterrhein.ch", "image": "https://viatpimtsoch.sos-ch-dk-2.exoscale-cdn.com/catalog/6/1/0/6/610638313ee6415c1629dd94a38c3ee57173ddc5_verein_erzminen_hinterrhein_alp_taspegn_erz_und_silberminen_fuehrung.jpg", "openstreetmap_id": "node/9980229909"}, "geometry": {"type": "Point", "coordinates": ["9.439752", "46.556727"]}}, {"type": "Feature", "properties": {"identifier": "ed54e72f-f37e-4928-b648-5e1cffc3beb0", "name": "Cazis", "description": "<p>Das Klosterdorf Cazis liegt am \u00e4usseren Heinzenberg auf 660 bis 1'200 m \u00fc.M.. Die Gemeinde Cazis besteht aus den Fraktionen Cazis, Tartar, Sarn, Portein und Pr\u00e4z.</p>\n<ul>\n<li><a href=\"https://www.cazis.ch/\">Website Gemeinde Cazis</a></li>\n<li><a href=\"http://www.hls-dhs-dss.ch/textes/d/D1485.php\">Link zum historischen Lexikon der Schweiz</a></li>\n<li><a href=\"http://shop.graubuenden.ch/Viamala/ukv/?date_unknown=1&amp;doSearch=1&amp;locationIDs[]=TDS00020010346586688&amp;globalReset=1&amp;persistentParameters=1&amp;lang=de\">Unterk\u00fcnfte in&nbsp;Cazis</a></li>\n</ul>", "url": "https://www.cazis.ch", "image": "https://viatpimtsoch.sos-ch-dk-2.exoscale-cdn.com/catalog/0/4/4/c/044c625118ad22e27d132c6898b4efe7ad71ece0_cazis_fruehling_demateo.jpg", "openstreetmap_id": "relation/1684061"}, "geometry": {"type": "Point", "coordinates": ["9.429027", "46.720776"]}}, {"type": "Feature", "properties": {"identifier": "ed5a18a1-cc8e-4cde-bcd8-ee6656e62e0a", "name": "Berghaus Spl\u00fcgenpass", "description": "Das 200-j\u00e4hrige, sanft renovierte Gasthaus auf dem Spl\u00fcgenpass (2050 m \u00fc. M.) steht inmitten einer eindr\u00fccklichen Bergwelt. Teils historische G\u00e4stezimmer, Gruppenzimmer (bis 14 Personen), St\u00fcbli, Restaurant mit frischem und regionalem Men\u00fc.", "url": "https://www.berghaus-spluegenpass.ch", "image": "https://viatpimtsoch.sos-ch-dk-2.exoscale-cdn.com/catalog/9/1/4/b/914b9fbd7090110cf4b064ddfa0611afc661d0a0_spluegenpass_berghaus_serpentinen_sommer_demateo.jpg", "openstreetmap_id": "node/1446101218"}, "geometry": {"type": "Point", "coordinates": ["9.32743012905121", "46.51202046401403"]}}, {"type": "Feature", "properties": {"identifier": "ef7bd4fb-7f98-4e62-ae3d-2a87c39cdca7", "name": "Spielplatz Andeer", "description": "<p><strong>Ausstattung:</strong></p>\n<ul>\n<li>Abfallentsorgung</li>\n<li>Drei Sitzgruppen mit Tisch (eine unter Dach)</li>\n<li>Feuerstelle</li>\n<li>&ouml;ffentliche Toilette (nur im Sommer ge&ouml;ffnet)</li>\n<li>Brunnen</li>\n<li>Kletterpark</li>\n<li>Sandkasten</li>\n<li>Vierfachwippe</li>\n<li>Schaukeln</li>\n<li>Drahtseilbahn</li>\n</ul>", "url": "https://www.viamala.ch", "image": "https://viatpimtsoch.sos-ch-dk-2.exoscale-cdn.com/catalog/e/3/0/f/e30f29788d86b3414a9e8c4bb4adcd733c7650d7_Feuerstelle_und_Spielplatz_Andeer__3_.jpg", "openstreetmap_id": "node/12075190100"}, "geometry": {"type": "Point", "coordinates": ["9.422108", "46.602877"]}}, {"type": "Feature", "properties": {"identifier": "ef8e5a20-6259-4e2b-99ba-79c830050871", "name": "Konsum Cazis", "description": "<p>Konsum Cazis fungiert sowohl als Bistro als auch als Veranstaltungsort und ist ein zentraler Treffpunkt f&uuml;r die Gemeinschaft. Rebecca Waser sorgt daf&uuml;r, dass die Bed&uuml;rfnisse der G&auml;ste nach Essen und Trinken sowohl im Bistro als auch im Saal erf&uuml;llt werden, sei es bei einem entspannten Mittagessen oder besonderen Anl&auml;ssen wie Geburtstagsfeiern, Tavolatas oder Gesch&auml;ftsap&eacute;ros. Die durchgehende K&uuml;che bietet eine vielf&auml;ltige Speisekarte und regelm&auml;ssige Mittagsmen&uuml;s. Zudem pr&auml;sentieren St&ouml;rk&ouml;che von Mai bis September monatlich ihre kulinarischen Kreationen. Der Konsum &ouml;ffnet seine T&uuml;ren auch f&uuml;r private Veranstaltungen wie Firmenfeste, Vereinsessen oder Geburtstagsfeiern, die sowohl im gem&uuml;tlichen Bistro als auch im grossz&uuml;gigen Saal stattfinden k&ouml;nnen. Jeder, der das Bed&uuml;rfnis nach Gemeinschaft und Zusammenhalt teilt, ist herzlich willkommen.</p><ul><li><span style=\"font-weight: bold;\"><a href=\"https://konsum-cazis.ch/speis-trank/\" target=\"_blank\" rel=\"noopener\">Zum Gastroangebot</a></span></li></ul><p><span style=\"font-weight: bold;\"><br></span>Der Verein La Raia sorgt daf&uuml;r, dass Augen und Ohren im Konsum auf ihre Kosten kommen. Als ehrenamtliche Kraft f&uuml;r Veranstaltungen strebt der Verein die Belebung des gesellschaftlichen und kulturellen Lebens in der Region Viamala an. Bei Konsum Cazis geht es nicht nur um Gastronomie, sondern um die Schaffung eines gemeinsamen Lagerfeuers f&uuml;r alle, die das Bed&uuml;rfnis nach Gemeinschaft und kulturellem Austausch haben.</p><ul><li><span style=\"font-weight: bold;\"><a href=\"https://www.konsum-cazis.ch/programm/\" target=\"_blank\" rel=\"noopener\">Zum Kulturprogramm</a></span></li></ul>", "url": "https://www.konsum-cazis.ch", "image": "https://viatpimtsoch.sos-ch-dk-2.exoscale-cdn.com/catalog/c/3/3/b/c33b3f79c32cdbc3d0b1f3e47e88b101041ceeef_konsum_cazis_bistro_kultur_winter_viamala_tourismus.jpg", "openstreetmap_id": "node/12131233512"}, "geometry": {"type": "Point", "coordinates": ["9.432039", "46.72009"]}}, {"type": "Feature", "properties": {"identifier": "f01fcf98-e020-4ac7-b4cb-da1f4bd3115b", "name": "E-Bike-Ladestation Lohn", "description": "<p><span style=\"font-weight: bold;\">Vorhandene Anschl\u00fcsse </span></p><ul><li>Bosch</li><li>Yamaha</li><li>Impulse-Brose </li><li>Shimano 1 &amp; 2 </li><li>Panasonic-Flyer 1 &amp; 2 </li><li>Schweizer Steckdose T13</li></ul><p><br></p><p><span style=\"font-weight: bold;\">Unsere Tipps f\u00fcr Sie w\u00e4hrend der Wartezeit </span></p><ul><li>St\u00e4rken Sie sich in der&nbsp;<a href=\"https://www.ustreia-orta.ch/\">Ustreia Orta</a> oder auf dem <a href=\"https://rebecca-clopath.ch/biohoftaratsch/\">Biohof Taratsch</a></li><li> Entdecken Sie den <a href=\"https://mybusiness.outdooractive.com/de/r/23419473/\">Klangwald t\u00f9n-res\u00f9n</a>. Der Weg startet gleich hinter dem Bergrestaurant Orta. L\u00e4nge: 2 km, Wanderzeit ca. 50 Minuten.&nbsp;</li><li> Unterk\u00fcnfte finden Sie unter <a href=\"https://www.viamala.ch/de/buchen/unterkuenfte\">www.viamala.ch</a></li></ul>", "url": "https://www.ustreia-orta.ch/", "image": "https://viatpimtsoch.sos-ch-dk-2.exoscale-cdn.com/catalog/f/e/4/9/fe49507e647bd022cae4579f9a813de44b1ab3da_e_bike_ladestation_lohn_schams_naturpark_beverin.jpg", "openstreetmap_id": "node/9953528674"}, "geometry": {"type": "Point", "coordinates": ["9.425014255381711", "46.65040464173163"]}}, {"type": "Feature", "properties": {"identifier": "f02e2ccd-a0a9-4cae-ab4d-373795368915", "name": "Viamala Rastst\u00e4tte Thusis AG", "description": "<p>Die Viamala-Rastst\u00e4tte als Fenster zur Region macht Rasten zum Erlebnis. </p><p><span style=\"font-weight: bold;\">Angebot </span></p><ul><li>Bedientes Restaurant mit Gartenterrasse </li><li>Tankstelle mit bedienter Kasse und Nachtautomat </li><li>16 GOFAST Schnellladepl\u00e4tze f\u00fcr Elektroautos mit bis 300 kW Leistung </li><li>WC-Anlage mit Dusche und Wickeltisch </li><li>Shop-Kiosk </li><li>Viamala Markt mit lokalen Qualit\u00e4tsprodukten </li><li>Tourismusinformation </li><li>Internet und WirelessLan </li><li>Bancomat </li><li>Public-Telefon</li></ul><p><br></p><p><span style=\"font-weight: bold;\">Anzahl Sitzpl\u00e4tze</span></p><ul><li>Restaurant: 160 Pl\u00e4tze </li><li>Gartenrestaurant: 80 Pl\u00e4tze</li></ul>", "url": "https://viamala-raststaette.ch/essen-trinken/", "image": "https://viatpimtsoch.sos-ch-dk-2.exoscale-cdn.com/catalog/6/0/6/0/6060b92b7f0865170cfc583d3f7c867bbcf826c2_restaurant_raststaette_viamala_thusis_viamala_tourismus.jpg", "openstreetmap_id": "node/5284912625"}, "geometry": {"type": "Point", "coordinates": ["9.445331", "46.712041"]}}, {"type": "Feature", "properties": {"identifier": "f12efcea-3097-45fa-ad22-a97714f3a6e4", "name": "\u00d6ffentliche Toilette Feldis", "description": "<p>Die Toilette hat durchgehend ge\u00f6ffnet und verf\u00fcgt \u00fcber:</p>\n<ul>\n<li>Waschbecken</li>\n<li>Desinfektionsstation</li>\n<li>zwei normale Toiletten</li>\n<li>one wheelchair-accessible toilet</li>\n</ul>", "url": "https://viamala.ch", "image": "https://viatpimtsoch.sos-ch-dk-2.exoscale-cdn.com/catalog/8/d/6/9/8d69e57699dd941b6f1e4049e289f35fb8c086c3_oeffentliche_toilette_volg_feldis.jpg", "openstreetmap_id": "way/362853874"}, "geometry": {"type": "Point", "coordinates": ["9.4340983", "46.7947485"]}}, {"type": "Feature", "properties": {"identifier": "f25d6238-2833-4ebd-8c95-46db51ff7955", "name": "F\u00fcrstenau", "description": "<p>Die Stadt F\u00fcrstenau nennt sich kleinste Stadt der Welt. Sie liegt mitten im Domleschg auf 650 m \u00fc.M. und z\u00e4hlt rund 350 Einwohner. Zur Gemeinde geh\u00f6rt auch der Ortsteil F\u00fcrstenaubruck.</p>\n<ul>\n<li><a href=\"https://www.fuerstenau.ch/\">Website Stadt F\u00fcrstenau</a></li>\n<li><a href=\"http://www.hls-dhs-dss.ch/textes/d/D1473.php\">Link zum historischen Lexikon der Schweiz</a></li>\n<li><a href=\"http://shop.graubuenden.ch/Viamala/ukv/?date_unknown=1&amp;doSearch=1&amp;locationIDs[]=TDS00020010527381530&amp;globalReset=1&amp;persistentParameters=1&amp;lang=de\">Unterk\u00fcnfte im Domleschg</a></li>\n</ul>", "url": "https://www.fuerstenau.ch", "image": "https://viatpimtsoch.sos-ch-dk-2.exoscale-cdn.com/catalog/4/8/f/e/48fe60d193bbe1558a6a716601432a5b376a6e22_fuerstenau_stadt_dorf_schloesser_sommer_demateo.jpg", "openstreetmap_id": "relation/1684084"}, "geometry": {"type": "Point", "coordinates": ["9.445947", "46.72084"]}}, {"type": "Feature", "properties": {"identifier": "f2bca097-123e-4f06-b2c9-03126524ed7d", "name": "Restaurant DrivingGraub\u00fcnden Fahrsicherheitszentrum", "description": "<p>F\u00fcr das Mittagessen ist eine Reservation an <a href=\"tel:+41816323032\">+41 81 632 30 32</a> erforderlich. Das Restaurant ist auch f\u00fcr Events buchbar. </p><p><span style=\"font-weight: bold;\">Anzahl Sitzpl\u00e4tze</span><br>Restaurant: 60 Pl\u00e4tze<br>Gartenrestaurant: 32 Pl\u00e4tze</p>", "url": "https://drivinggraubuenden.ch", "image": "https://viatpimtsoch.sos-ch-dk-2.exoscale-cdn.com/catalog/1/6/b/4/16b4b68453d9f3ab52667e6fc0c6127f164c9c34_drivinggraubuenden_cazis_fahrsicherheitszentrum_hauptgebaeude_abend.jpg", "openstreetmap_id": "node/12142021243"}, "geometry": {"type": "Point", "coordinates": ["9.420465", "46.761473"]}}, {"type": "Feature", "properties": {"identifier": "f3156fe3-7e4c-437c-95e8-ec4947b6df48", "name": "Stoffelhaus", "description": "<p>Hier haben sich Wandmalereien aus der Zeit um 1400 erhalten. Zu sehen sind nebst der h&ouml;fischen Hirschjagdszene auch Fragmente einer alttestamentarischen Geschichte, des Kampfes von Samson mit dem L&ouml;wen. Weitere Fragmente zeigen Bauern, K&uuml;he und eine Schafherde, vermutlich ein Viehraub. Der Ausstellungsbesuch l&auml;sst sich mit einer F&uuml;hrung durch F&uuml;rstenau, die kleinste Stadt der Welt, verbinden.</p>\n<p><strong>Stadtf&uuml;hrungen mit Besichtigung der Wandmalereien</strong><br>Im Juli und August findet jeden Dienstag eine Stadtf&uuml;hrung mit Besichtigung der mittelalterlichen Wandmalereien und der Sonderausstellung&nbsp;im Stoffelhaus in F&uuml;rstenau statt. Treffpunkt ist um 17.30 Uhr beim Stoffelhaus. Die F&uuml;hrung dauert ca. 1.5 Stunden. Ap&eacute;ro offeriert durch die Stadt und zubereitet&nbsp;durch die&nbsp;Casa Caminada in F&uuml;rstenau. Die Kosten pro Person betragen CHF 10.00. Anmeldung erforderlich. Die Termine finden Sie im&nbsp;<a href=\"https://viamala.ch/de/informieren/aktuelles/events.html\">Viamala&nbsp;Online-Veranstaltungskalender</a>.</p>\n<p><strong>Gruppenf&uuml;hrungen f&uuml;r Firmen und Vereine<br></strong>Das Stoffelhaus ist in Kombination mit einer Stadtf&uuml;hrung durch F&uuml;rstenau perfekt f&uuml;r eine Firmen- oder Vereinsreise geeignet.</p>", "image": "https://viatpimtsoch.sos-ch-dk-2.exoscale-cdn.com/catalog/5/8/a/0/58a0bd8eafd9ca253a1aa1c55549f58a7b6f6512_stoffelhaus_fuerstenau_domleschg_sommer_demateo.com.jpg", "openstreetmap_id": "way/136763946"}, "geometry": {"type": "Point", "coordinates": ["9.44639", "46.72096"]}}, {"type": "Feature", "properties": {"identifier": "f4b5f7a2-d3ef-4c6c-bf0b-399fe874524d", "name": "Story Mietcenter Oberurmein", "description": "<p>Du willst ein paar Stunden auf die Skier oder eine ganze Saison auf das Snowboard? Du findest&nbsp;im Mietcenter f\u00fcr jedes Niveau und jeden Einsatzbereich das passende Material. Die Kids wachsen so schnell, ein Kauf lohnt sich nicht. Da kommt das Mietmaterial wie gerufen.</p>\n<p>Um dich perfekt auszur\u00fcsten,&nbsp;hat die Sportwerkstatt ein kundenfreundliches Mietsystem entwickelt: Skimiete, Snowboardmiete, Skitourenmiete und noch viel mehr. Reserviere dein Sportger\u00e4t direkt \u00fcber den <a href=\"https://story-thusis.ch/mietmaterial-winter/\">Online-Shop</a>. Da kannst du auch ausw\u00e4hlen, ob du dieses in Oberurmein oder in Thusis abholen wirst. Die Bezahlung erfolgt dann vor Ort anhand des effektiven Mietpreises.</p>\n<p>Und f\u00fcr deine Kids hat die Sportwerkstatt die \"3-Jahre-Sorglos-Miete\" entwickelt. So bist auch du jede Saison mit dem passenden Material unterwegs.</p>", "url": "https://story-thusis.ch/mietmaterial-winter/", "image": "https://viatpimtsoch.sos-ch-dk-2.exoscale-cdn.com/catalog/3/4/2/3/34234f77b4706150f4150b04a3b2d7cb2e776d75_mietcenter_oberurmein_story_thusis_winter_heinzenberg.jpg", "openstreetmap_id": "node/12112302228"}, "geometry": {"type": "Point", "coordinates": ["9.385854005813599", "46.697754219097824"]}}, {"type": "Feature", "properties": {"identifier": "f577ce14-852d-4d85-a0aa-980bd7ddf3ff", "name": "Mountain Lover Bar - Oberurmein", "description": "<p>Die Mountain Lover Bar liegt malerisch in Oberurmein, direkt am Patrutgsee, inmitten der beeindruckenden Landschaft des Heinzenbergs. Sie ist ein beliebter Treffpunkt f\u00fcr Sportbegeisterte und Naturliebhaber und verwandelt sich in der Wintersaison in einen lebhaften Hotspot. </p><p>Nach einem Tag auf den Pisten des Skigebiets Tschappina oder beim Eisstockschiessen und Eislaufen auf dem <a href=\"https://www.maps.viamala.ch/s/GEfbx\" target=\"_blank\">Natureisfeld Patrutgsee</a> bietet die Bar eine warme, einladende Atmosph\u00e4re, die zum Entspannen einl\u00e4dt. Hier k\u00f6nnt ihr eine Auswahl an feinen Drinks und gutem Bier geniessen, w\u00e4hrend Live-DJs f\u00fcr Stimmung sorgen \u2013 sei es beim Plaudern mit Freunden oder Tanzen zu eing\u00e4ngiger Musik. </p><p>Egal ob leidenschaftliche Outdoorsportler oder Liebhaber der winterlichen Natur, die Mountain Lover Bar ist der perfekte Ort, um die Erlebnisse des Tages Revue passieren zu lassen und neue Energie zu tanken.</p>", "url": "https://www.mountain-lover.ch", "image": "https://viatpimtsoch.sos-ch-dk-2.exoscale-cdn.com/catalog/2/d/f/1/2df1dd5157677826acba5326f462c5b42ed6c4f7_oberurmein_im_winter.jpg", "openstreetmap_id": "way/38415023"}, "geometry": {"type": "Point", "coordinates": ["9.384233", "46.702047"]}}, {"type": "Feature", "properties": {"identifier": "f5a94de6-d32f-4559-85f9-e679f41c9c12", "name": "Restaurant Sch\u00e4fli", "description": "Die Spezialit\u00e4t sind Tapas, kleine Appetith\u00e4ppchen oder Vorspeisen, die im Sch\u00e4fli zu Bier und Wein empfohlen werden.", "url": "https://sch\u00e4fli-thusis.ch", "image": "https://viatpimtsoch.sos-ch-dk-2.exoscale-cdn.com/catalog/d/7/b/9/d7b9b3515dfd5cf8e678697fb7f4135e6f64a6de_restaurant_schaefli_thusis_sommer.jpg", "openstreetmap_id": "node/3676232677"}, "geometry": {"type": "Point", "coordinates": ["9.438058", "46.694193"]}}, {"type": "Feature", "properties": {"identifier": "f5e17fc4-8621-4b34-a421-cb2813600a70", "name": "Restaurant Kunterbunt", "description": "<p>T&auml;glich werden zwei frisch zubereitete Men&uuml;s mit Salat oder Suppe angeboten, die Familien zu einem attraktiven Pauschalpreis von CHF 50.00 bis CHF 60.00 inklusive Getr&auml;nke geniessen k&ouml;nnen.</p><p>Ein integrierter Indoorspielplatz mit Mal-, Spiel- und B&uuml;cherecke sorgt daf&uuml;r, dass sich Kinder wohlf&uuml;hlen und Eltern den Restaurantbesuch entspannt geniessen k&ouml;nnen.</p><p>An der Kunterbunt Bar beim Restauranteingang l&auml;dt Snowli ab dem 26. Dezember t&auml;glich um 15.30 Uhr zur Minidisco ein. So kommen auch die kleinen Pistenflitzer:innen voll auf ihre Kosten.</p><p>Direkt neben dem Restaurant Kunterbunt befindet sich zudem ein Gruppenrestaurant, das sich ideal f&uuml;r Reservationen von Gruppen eignet.</p>", "url": "https://www.spluegen.ch/gastronomie", "image": "https://viatpimtsoch.sos-ch-dk-2.exoscale-cdn.com/catalog/7/e/4/7/7e47497c4f789cc538c7fc85b7760d2bd538fb57_Talrestaurant_Kunterbund_Spluegen_Rheinwald_Winter.jpg", "openstreetmap_id": "node/12144069887"}, "geometry": {"type": "Point", "coordinates": ["9.320554", "46.548967"]}}, {"type": "Feature", "properties": {"identifier": "f7f43650-04ae-4b02-91e9-21bea3f12d03", "name": "Burgruine Cagliatscha", "description": "Das Burgplateau ist im Westen durch einen Graben begrenzt. Die Burg wurde um 1266 vermutlich durch lokale Dienstleute der Freiherren von\u00a0Vaz\u00a0erbaut, schriftliche \u00dcberlieferungen sind aber keine vorhanden. Die Zerst\u00f6rung erfolgte wahrscheinlich w\u00e4hrend der Schamserfehde von 1451/52. In den Jahren 1983/84 wurde die Ruine von den Burgenvereinen Domleschg und Graub\u00fcnden gesichert.", "url": "https://www.viamala.ch", "image": "https://viatpimtsoch.sos-ch-dk-2.exoscale-cdn.com/catalog/c/9/4/d/c94d5b321eecd6b22ecace6a8d07ea69666695c2_burgruine_cagliatscha_andeer_clugin_schams_fruehling_sommer_demateo.com.jpg", "openstreetmap_id": "node/4027345689"}, "geometry": {"type": "Point", "coordinates": ["9.422254264354706", "46.613746879985364"]}}, {"type": "Feature", "properties": {"identifier": "f804033f-412e-46cb-8d8e-8fe52643b6bc", "name": "Aussichtspunkt Crap Carschenna", "description": "Von hier aus hat man eine herrliche Aussicht auf das Domleschg, Thusis und den Heinzenberg. In unmittelbarer N\u00e4he befinden sich eine gut ausgestattete&nbsp;<a href=\"https://mybusiness.outdooractive.com/de/r/8864786/\" target=\"_blank\">Feuerstelle </a>und die geheimnisvollen <a href=\"https://www.hohenraetien.ch/felszeichnungen-von-carschenna.html#1\" target=\"_blank\">Felszeichnungen von Carschenna</a>.", "url": "https://www.viamala.ch", "image": "https://viatpimtsoch.sos-ch-dk-2.exoscale-cdn.com/catalog/6/f/9/8/6f98d976481d5724ddf0313d8779fcf1028d6984_aussicht_auf_das_domleschg_vom_aussichtspunkt_crap_carschenna.jpg", "openstreetmap_id": "node/12083236869"}, "geometry": {"type": "Point", "coordinates": ["9.457844495773315", "46.693383188995696"]}}, {"type": "Feature", "properties": {"identifier": "f95cda6a-f8a2-41dd-8c11-4d3f03bdbb81", "name": "Sunna Bar", "description": "Die Sunna Bar liegt auf rund 1800 m \u00fc. M. im wundersch\u00f6nen Skigebiet Tschappina, direkt am Fusse des Piz Beverins. Die Sunna Bar befindet sich direkt in der Mittelstation zwischen dem Tschappiner und dem L\u00fcscher Lift.", "url": "https://www.sunnabar.ch", "image": "https://viatpimtsoch.sos-ch-dk-2.exoscale-cdn.com/catalog/5/1/9/9/5199d3967f80dbfa45e2b1e8545343bdc1c3edbe_die_sunna_bar_im_skigebiet_tschappina_heinzenberg_1.jpg", "openstreetmap_id": "node/12144127650"}, "geometry": {"type": "Point", "coordinates": ["9.360926", "46.692205"]}}, {"type": "Feature", "properties": {"identifier": "f9856d8a-a8b1-447f-bbfb-96e4405772ed", "name": "Burg Obertagstein", "description": "Dass gerade hier jemand eine Burg bauen wollte, kann nicht allein an der sch\u00f6nen Aussicht gelegen haben. Wer hier gebaut hat, weiss man nicht. Ein Adelsgeschlecht mit Namen von Tagstein ist n\u00e4mlich nicht bekannt. In ihrer ersten Erw\u00e4hnung 1322 nannte man die Burg noch Taxstein, was auf einen Ort, wo Dachse leben, schliessen l\u00e4sst. Genauso gut k\u00f6nnte der alte Vorname Dago zu Gevatter gestanden sein. Die Anlage liegt hinter einer m\u00e4chtigen Schildmauer und ist in mindestens zwei Phasen erbaut worden. Dies l\u00e4sst auf eine l\u00e4nger dauernde Bewohnung schliessen. Ihre Mauern sind aus lagerhaften Bruchsteinen errichtet, vereinzelt in Opus spicatum. Opus spicatum ist ein Mauerwerk aus Steinen, die in Lagen hochkant abwechselnd schr\u00e4g gegeneinander versetzt angeordnet werden und so ein \u00e4hrenartiges Muster bilden.", "url": "https://www.viamala.ch", "image": "https://viatpimtsoch.sos-ch-dk-2.exoscale-cdn.com/catalog/3/4/b/4/34b43b9483d0b6cc9368f5d3a87e23887a42cfeb_burg_obertagstein_thusis_masein_sommer_viamala_tourismus.jpg", "openstreetmap_id": "node/1573128624"}, "geometry": {"type": "Point", "coordinates": ["9.427672989420557", "46.68508009183633"]}}, {"type": "Feature", "properties": {"identifier": "fb588193-52fe-4b40-b579-3503df767b5a", "name": "Walserweg Graub\u00fcnden, Thusis - Mulegns", "description": "<h3>Komfort in den &Uuml;bernachtungsorten</h3><ul><li><strong>Thusis:&nbsp;</strong>Zimmer mit Bad</li><li><strong>Obermutten:</strong>&nbsp;Zimmer mit Bad</li><li><strong>Andeer:</strong>&nbsp;Zimmer mit Bad inkl. Bade-Eintritt 3h</li><li><strong>Innerferrera:</strong>&nbsp;Zimmer mit Bad /&nbsp; <strong>Ausserferrera:</strong> Zimmer mit Etagenbad</li><li><strong>Avers Juppa:</strong>&nbsp;Zimmer mit Bad</li></ul><h3>Programm</h3><p><strong>Tag 1</strong><br>Individuelle Anreise in das kleine St&auml;dtchen Thusis am Eingangstor zur ber&uuml;hmten Viamala-Schlucht, wo Sie nach einem feinen Abendessen die erste Nacht verbringen.</p><p><strong>Tag 2</strong><br>Thusis - Carschenna - Crocs - Obermutten Wanderzeit ca. 5.5 Stunden</p><p><strong>Tag 3</strong><br>Obermutten - Samest - Zillis - Andeer Wanderzeit ca. 4 Stunden</p><p><strong>Tag 4</strong><br>Andeer -Rofflaschlucht - lnnerferrera Wanderzeit ca. 4.5 Stunden</p><p><strong>Tag 5</strong><br>lnnerferrera - Campsut - Cr&ouml;t - Avers Juf Wanderzeit ca. 6 Stunden</p><p><strong>Tag 6</strong><br>Avers Juf - Stallerberg - Fallerfurgga - Tga Faller - Mulegns - Alp Flix Wanderzeit ca. 5.5 Stunden</p><p>Die markierten Wanderwege sind durchgehend mit der Routen-Nummer 35 signalisiert.<br><br></p><h3><strong>Leistungen</strong></h3><ul><li>5 &Uuml;bernachtungen mit Abendessen und Fr&uuml;hst&uuml;ck, wo m&ouml;glich mit regionalen Produkten</li><li>5&times; Tagesproviant</li><li>5&times; Gep&auml;cktransport zwischen den Etappenorten</li><li>Buch &laquo;Walserweg Graub&uuml;nden&raquo; von Irene Schuler, herausgegeben vom Rotpunktverlag, 5. Auflage</li><li>Reisedokumentation mit wertvollen Tipps und Vouchern</li><li>Zus&auml;tzlich bestellbar: &Ouml;V-Ticket: Mulegns - Thusis, pro Person CHF 14.-<br><br></li></ul><p><strong>Preis:</strong> Einzelperson, Jugendliche und Kinder auf Anfrage.</p><p>Zusatzn&auml;chte w&auml;hrend oder am Ende der Tour auf Anfrage m&ouml;glich.</p><p>Auch Hunde sind herzlich willkommen.</p>", "url": "https://www.walserweg.ch/", "image": "https://viatpimtsoch.sos-ch-dk-2.exoscale-cdn.com/catalog/5/2/6/1/52615164da890a8129285fe1223d71bcde8aa8fc_Avers_im_Sommer_Wegweiser.jpg"}, "geometry": {"type": "Point", "coordinates": ["9.439492821693422", "46.69598465616598"]}}, {"type": "Feature", "properties": {"identifier": "fc6425fa-30e6-49c2-b1d1-2d254dba1034", "name": "Mazza Cula", "description": "<p>In Masein eingef\u00fchrt wurde das Spiel von zugezogenen Leuten aus Tschappina. Pikanterweise ist dort die Tradition in der Zwischenzeit verloren gegangen. Einzig im Nachbardorf Flerden ist Mazza Cula noch heute verankert. Und auch im Unterengadin wird diese seltene Sportart noch praktiziert.</p>\n<p>Zur Ausr\u00fcstung geh\u00f6rt der Mazza-Schl\u00e4ger. Die Mazza besteht aus einem Holzstecken (vorzugsweise Haselstaude) von ca. 1,5 m L\u00e4nge. Vorne befindet sich ein Holzklotz aus Birken-, Eschen- oder Buchenholz von ca. 25 cm L\u00e4nge. Sein Durchmesser betr\u00e4gt ca. 5-10 cm, er ist konisch und auf der einen Seite abgeflacht. Die Cula (Kugel) ist eine runde Holzkugel (Strumpfkugel) von 5 cm Durchmesser, welche zur besseren Sichtbarkeit mit Markierfarbe eingef\u00e4rbt wird.</p>\n<p>Die Regeln sind simpel: Es spielen 2 Mannschaften, bestehend aus 2 bis 3 Personen gegeneinander. Statt wie beim Golfspiel ist jeweils nicht ein Loch im Green das Ziel, sondern eine vorhandene nat\u00fcrliche oder k\u00fcnstliche Auff\u00e4lligkeit im Gel\u00e4nde. Das kann ein markanter Stein, ein Baum oder auch ein Scheunentor sein. Diejenige Mannschaft die mit weniger Schl\u00e4gen das jeweils vorgegebene Ziel trifft, erh\u00e4lt einen Punkt.</p>\n<p>Die Cula (Kugel) muss beim Schlag immer mit der Mazza (Schl\u00e4ger) geschlagen werden. Sie darf nicht von Hand geworfen werden. Die Kugel darf auch nicht von Mitspielern aufgehalten werden. Bei ungerader Spielerzahl kann der \u00dcberz\u00e4hlige als sogenannter Rodox gew\u00e4hlt werden. Der Rodox schl\u00e4gt f\u00fcr beide Mannschaften. Die Kugel, die der Rodox schl\u00e4gt, darf entgegen der normalen Spielregeln von Mitspielern gehalten werden (z.B. in Zieln\u00e4he). Am Schluss wird abgerechnet. Pro Punkt Vorsprung erh\u00e4lt jeder Spieler der siegreichen Mannschaft vom direkten Gegenspieler 20 Rappen.</p>\n<p>Gespielt wird im Fr\u00fchling nach der Schneeschmelze und sobald es die Witterungs- und Terrainverh\u00e4ltnisse erlauben bis ca. Ende April sowie im Herbst nach dem Abweiden bis zum Wintereinbruch. Die Strecke f\u00fchrt von Masein nach Flerden. Dort wird eine St\u00e4rkungspause eingelegt, ehe es \u00fcber eine andere Route wieder nach Masein zur\u00fcckgeht.</p>\n<p>Die Mazza-Cula Spieler sind nicht in einem Verein organisiert. Je nach Zeit, Lust und Laune trifft man sich am Sonntagnachmittag um 13.00 Uhr am Ausgangspunkt oberhalb des Dorfes.</p>", "url": "https://www.masein.ch/Dorfleben/Brauchtum/", "image": "https://viatpimtsoch.sos-ch-dk-2.exoscale-cdn.com/catalog/b/0/e/9/b0e9b2470dc500151138eebd9cd39bc91404b110_24147626.jpg", "openstreetmap_id": "undefined/undefined"}, "geometry": {"type": "Point", "coordinates": ["9.4287744", "46.7007932"]}}, {"type": "Feature", "properties": {"identifier": "fcd0e7aa-e377-473b-86b0-da1dca2bc753", "name": "Bodmen Bar", "description": "<p>Frisch zubereitete Sandwiches auf hausgebackenem Brot sowie herzhafte Mandelgipfel sorgen f&uuml;r neue Energie vor der n&auml;chsten Abfahrt, Winterwanderung oder Schlittenfahrt.</p>", "url": "https://www.spluegen.ch/gastronomie", "image": "https://viatpimtsoch.sos-ch-dk-2.exoscale-cdn.com/catalog/b/0/b/7/b0b741f811fc68a677f97667a8936e176a8a07d1_bodmen_bar_spluegen_rheinwald_winter_skigebiet_spluegen_tambo.jpg", "openstreetmap_id": "node/12144112687"}, "geometry": {"type": "Point", "coordinates": ["9.32927", "46.524914"]}}, {"type": "Feature", "properties": {"identifier": "fd1393a9-1d26-4b3e-9c21-cd79947a66f7", "name": "Restaurant Evang. Pflege- und Altersheim Thusis", "description": "F\u00fcr Gruppen\u00a0(ab 10 Personen) werden\u00a0Sie auf Anfrage auch ausserhalb der \u00d6ffnungszeiten bedient.", "url": "https://www.epat-thusis.ch/essen-und-trinken", "image": "https://viatpimtsoch.sos-ch-dk-2.exoscale-cdn.com/catalog/4/1/7/0/417004e7270d4b71ae78d5dc9cc0e8ce1d284642_restaurant_evang_plege_und_altersheim_thusis.jpeg", "openstreetmap_id": "node/12144265026"}, "geometry": {"type": "Point", "coordinates": ["9.441510707220687", "46.699369350290716"]}}, {"type": "Feature", "properties": {"identifier": "fd24c0f2-51a8-484f-b333-d6a4c524791c", "name": "Rongellen", "description": "<p>Rongellen z\u00e4hlt 51 Einwohner und ist seit jeher das einzige deutschsprachige Dorf im Schams. Es ist allerdings unklar, ob dies auf eine Walser-Vergangenheit zur\u00fcck zu f\u00fchren ist.</p>\n<ul>\n<li><a href=\"https://rongellen.ch/\">Website Gemeinde Rongellen</a></li>\n<li><a href=\"http://www.hls-dhs-dss.ch/textes/d/D1511.php\">Link zum historischen Lexikon der Schweiz</a></li>\n<li><a href=\"http://shop.graubuenden.ch/Viamala/ukv/?date_unknown=1&amp;doSearch=1&amp;locationIDs[]=WBX00020010000145701&amp;globalReset=1&amp;persistentParameters=1&amp;lang=de\">Unterk\u00fcnfte in Thusis</a> / <a href=\"http://shop.graubuenden.ch/Viamala/ukv/?date_unknown=1&amp;doSearch=1&amp;locationIDs[]=TDS00020010527381593&amp;globalReset=1&amp;persistentParameters=1&amp;lang=de\">Unterk\u00fcnfte im Schams</a></li>\n</ul>", "url": "https://rongellen.ch", "image": "https://viatpimtsoch.sos-ch-dk-2.exoscale-cdn.com/catalog/0/e/4/2/0e425161564652b32d8334d2ec65c64d095fbf30_rongellen_sommer.jpg", "openstreetmap_id": "relation/1684139"}, "geometry": {"type": "Point", "coordinates": ["9.447763", "46.67793"]}}, {"type": "Feature", "properties": {"identifier": "fd8921bc-827d-40ab-b33a-2df2810a5c45", "name": "Hotel Avers", "description": "Im Restaurant mit viel Ambiente oder auf der Sonnenterrasse gibt es feine Speisen und erlesene Weine. Die K\u00fcche bietet saisonale und regionale Produkte.", "url": "https://www.hotel-avers.com", "image": "https://viatpimtsoch.sos-ch-dk-2.exoscale-cdn.com/catalog/3/6/3/c/363c204129d4017e9559b18d37f022324d5952e4_hotel_avers_cresta_im_sommer.jpg", "openstreetmap_id": "node/3028837058"}, "geometry": {"type": "Point", "coordinates": ["9.55368", "46.44988"]}}, {"type": "Feature", "properties": {"identifier": "fdaa7771-deeb-491c-9024-e8e33d0453bc", "name": "E-Bike-Ladestation Wergenstein", "description": "<p><span style=\"font-weight: bold;\">Vorhandene Anschl\u00fcsse </span></p><ul><li>Bosch</li><li>Yamaha</li><li>Impulse-Brose</li><li>Shimano 1 &amp; 2</li><li>Panasonic-Flyer 1 &amp; 2</li><li>Schweizer Steckdose&nbsp;T13</li></ul><p><br></p><p><span style=\"font-weight: bold;\">Unsere Tipps f\u00fcr Sie w\u00e4hrend der Wartezeit </span></p><p>St\u00e4rken Sie sich im Restaurant Capricorns. Besuchen Sie die Capricorn-Ausstellung (Capricorn = Steinbock) im selben Geb\u00e4ude.</p><p>M\u00f6chten Sie in Wergenstein \u00fcbernachten, stehen Ihnen verschiedene Unterk\u00fcnfte zur Wahl:</p><ul><li><a href=\"http://capricorns.ch/de/\">Hotel Restaurant Capricorns</a> </li><li><a href=\"http://www.pension-muntanella.ch/\">Pension Muntanella</a></li><li> <a href=\"https://tportal.tomas.travel/Viamala/ukv/?date_unknown=1&amp;%3FdoSearch=1&amp;ukv_result_order=1&amp;serviceProviderTypes%5B0%5D=WBX00020010000100218&amp;locationIDs%5B0%5D=TDS00020010527381593&amp;reset=1\">Ferienwohnungen</a></li></ul>", "url": "https://www.capricorns.ch", "image": "https://viatpimtsoch.sos-ch-dk-2.exoscale-cdn.com/catalog/d/3/d/5/d3d5be8d6b78fb1357b1d6d84abef7d891233f98_e_bike_ladestation_wergenstein_naturpark_beverin.jpg", "openstreetmap_id": "node/6315754729"}, "geometry": {"type": "Point", "coordinates": ["9.407830739753535", "46.62644193709288"]}}]}